code_insee,Médecin,Infirmier,Masseur-Kinésithérapeute,Psychologue,Pharmacien,Chirurgien-Dentiste,Sage-Femme,Orthophoniste,Autres professions,Tous
00000,0,0,5,0,0,0,0,0,0,5
01001,0,0,0,0,0,0,0,0,1,1
01002,0,0,0,1,0,0,0,0,0,1
01004,102,161,23,24,16,14,22,8,149,519
01005,1,5,4,0,2,2,0,2,13,29
01007,3,11,0,5,2,0,0,1,6,28
01010,0,2,1,0,0,0,0,0,0,3
01014,2,8,6,0,5,2,0,1,25,49
01015,0,0,0,0,0,0,0,1,0,1
01021,4,3,0,2,2,0,0,1,2,14
01022,5,4,4,1,3,0,1,1,1,20
01024,4,7,2,0,3,1,0,0,16,33
01025,0,5,5,2,3,0,0,2,3,20
01026,1,6,0,1,0,0,1,3,4,16
01027,0,4,5,0,0,0,0,1,0,10
01029,1,2,0,2,0,0,0,0,46,51
01030,0,0,0,0,0,0,0,0,1,1
01031,2,12,2,0,2,8,0,0,7,33
01032,1,19,9,0,3,3,0,1,6,42
01033,22,68,9,24,19,12,3,2,73,232
01034,71,163,26,26,17,7,13,7,150,480
01037,0,0,1,0,0,0,0,0,0,1
01040,0,1,0,0,0,0,0,0,0,1
01041,0,2,0,0,0,0,0,0,0,2
01043,8,12,8,3,4,3,2,3,35,78
01044,0,0,0,0,0,0,0,0,1,1
01046,1,2,1,0,0,0,0,0,0,4
01047,0,4,2,0,0,0,0,0,0,6
01049,3,4,7,0,2,4,0,0,9,29
01053,280,877,64,172,56,43,28,37,551,2108
01055,0,0,2,0,0,0,0,0,0,2
01058,0,5,0,0,0,0,0,0,1,6
01060,0,3,2,0,0,0,0,0,0,5
01062,0,0,0,0,0,0,0,0,1,1
01063,0,0,1,0,0,0,0,0,1,2
01064,0,0,0,0,0,0,0,0,2,2
01065,1,3,1,0,2,0,0,1,2,10
01068,0,4,0,0,0,0,0,0,1,5
01069,0,3,1,0,0,0,0,0,0,4
01071,3,0,1,1,2,8,0,1,4,20
01072,5,14,5,6,5,1,2,2,18,58
01073,1,0,0,0,0,0,0,0,1,2
01074,3,15,1,4,2,3,0,3,9,40
01075,1,4,1,0,0,0,0,0,6,12
01078,2,6,0,0,0,0,0,0,0,8
01079,1,13,2,0,2,0,0,2,4,24
01082,3,18,0,7,0,0,0,0,9,37
01083,1,3,0,0,0,0,0,1,1,6
01088,1,4,0,1,0,0,0,0,0,6
01089,4,4,4,1,0,0,0,0,4,17
01091,7,1,0,0,0,0,0,0,0,8
01092,1,4,0,1,0,0,0,1,1,8
01093,20,46,7,7,21,5,4,3,59,172
01095,0,2,2,0,0,0,0,0,3,7
01098,0,5,0,1,0,0,0,0,0,6
01099,0,8,1,0,0,0,1,0,3,13
01103,1,0,0,0,0,0,0,1,2,4
01104,0,0,0,0,0,0,0,1,0,1
01105,2,3,2,4,0,0,0,4,13,28
01108,3,14,1,1,4,0,0,1,1,25
01109,2,5,1,1,4,0,0,1,2,16
01112,0,0,3,0,0,0,0,0,1,4
01113,0,4,0,0,0,0,0,0,0,4
01114,2,4,0,0,0,0,0,0,3,9
01115,0,2,0,0,0,0,0,0,0,2
01118,0,5,0,0,0,0,0,0,8,13
01123,2,0,0,0,0,0,0,0,1,3
01130,0,2,0,1,0,0,0,0,1,4
01134,0,0,3,1,0,0,0,1,3,8
01135,0,0,1,1,0,0,1,0,2,5
01138,4,9,10,1,2,1,1,1,9,38
01140,2,3,0,0,0,0,0,0,2,7
01142,17,13,7,9,7,6,1,6,19,85
01143,20,5,20,5,6,22,2,1,43,124
01145,0,1,0,0,0,0,0,0,1,2
01147,0,1,0,0,0,0,0,0,1,2
01148,1,4,0,0,2,0,0,0,1,8
01154,1,0,0,0,0,0,0,0,0,1
01155,0,0,2,0,0,0,0,0,0,2
01156,0,0,0,0,0,0,0,0,1,1
01157,0,4,3,3,2,1,0,1,6,20
01159,3,17,7,3,4,2,1,2,11,50
01160,12,18,15,17,13,29,2,3,88,197
01163,0,3,1,1,0,0,0,0,1,6
01165,0,0,0,1,0,0,0,0,0,1
01166,2,2,1,2,0,0,0,1,1,9
01169,0,0,1,0,0,0,0,0,0,1
01170,0,0,0,1,0,0,0,0,0,1
01173,31,53,12,10,10,1,2,2,50,171
01179,0,2,3,0,2,1,1,1,4,14
01180,0,0,0,1,0,2,0,0,0,3
01181,1,3,0,1,0,0,0,0,3,8
01183,0,3,0,0,0,0,0,0,1,4
01185,29,140,38,26,9,1,2,8,75,328
01187,0,1,2,0,0,0,0,0,1,4
01189,0,0,2,0,0,0,0,0,1,3
01192,1,2,1,0,2,0,0,0,6,12
01194,6,17,5,3,8,7,3,5,28,82
01195,1,12,1,2,0,0,0,0,0,16
01197,0,0,1,0,0,0,0,0,0,1
01199,2,11,2,1,3,1,0,1,6,27
01202,10,30,9,4,6,9,4,4,30,106
01207,0,0,1,0,0,0,0,0,0,1
01211,3,5,1,1,3,0,0,2,3,18
01213,0,3,0,0,0,0,0,0,0,3
01216,1,8,0,2,0,0,0,0,0,11
01224,1,3,1,1,2,2,0,1,10,21
01227,0,0,1,1,0,0,0,0,1,3
01228,0,5,3,0,0,0,0,0,0,8
01229,0,0,0,0,0,0,0,0,1,1
01230,0,0,0,0,0,0,0,0,1,1
01231,4,7,3,0,3,0,0,0,1,18
01232,4,6,2,1,2,1,0,2,13,31
01235,0,5,0,0,0,0,0,0,0,5
01236,0,0,0,0,0,0,0,0,1,1
01237,0,2,1,0,0,0,0,0,0,3
01238,4,4,3,2,3,0,0,2,10,28
01240,0,0,0,0,0,0,0,0,1,1
01241,3,9,1,1,0,0,0,0,8,22
01243,0,2,0,0,0,0,0,0,2,4
01244,34,43,19,7,12,8,3,10,53,189
01245,0,1,0,0,0,0,0,0,1,2
01246,1,4,4,0,3,1,0,0,1,14
01247,0,0,0,1,0,0,0,0,0,1
01248,4,4,2,0,2,1,0,3,7,23
01249,26,43,27,26,12,6,2,18,74,234
01250,0,1,0,0,1,0,0,0,3,5
01254,4,7,8,1,0,1,0,0,5,26
01258,0,3,0,0,0,0,0,0,1,4
01259,0,0,0,0,0,0,0,0,1,1
01261,0,0,0,0,0,0,0,0,1,1
01262,18,26,13,8,7,7,4,3,39,125
01263,4,11,4,2,2,4,0,2,13,42
01264,0,3,0,0,0,0,0,0,0,3
01265,2,6,3,2,5,3,3,1,22,47
01266,6,29,10,3,5,3,1,1,26,84
01267,0,2,0,0,0,0,0,0,1,3
01268,0,2,0,0,0,0,0,0,0,2
01269,2,7,2,2,1,2,0,0,15,31
01272,3,5,0,0,3,0,0,2,2,15
01273,0,2,0,0,0,0,0,0,0,2
01274,0,0,0,1,0,0,0,0,0,1
01275,1,3,8,0,2,0,3,1,5,23
01276,0,5,0,1,0,0,0,0,0,6
01281,3,11,2,0,1,2,0,0,13,32
01283,95,177,21,19,27,29,28,4,157,557
01284,0,0,1,0,0,0,0,0,1,2
01285,0,0,0,0,0,0,0,0,1,1
01288,0,3,0,3,4,0,0,0,13,23
01289,11,37,8,16,8,5,0,6,83,174
01290,3,0,0,1,0,0,0,1,5,10
01293,0,0,0,0,0,0,0,0,1,1
01294,1,1,1,1,0,0,0,0,2,6
01296,0,0,0,1,0,0,0,0,0,1
01297,0,0,0,0,0,0,0,1,0,1
01301,6,5,2,0,2,0,0,1,8,24
01303,2,8,0,0,3,3,1,1,11,29
01304,14,15,3,2,4,3,0,2,13,56
01305,5,30,2,1,7,2,1,1,16,65
01306,10,48,2,2,4,1,0,0,9,76
01307,0,0,2,1,0,0,0,0,7,10
01310,1,2,0,0,0,0,0,0,1,4
01313,38,8,0,5,3,10,0,1,38,103
01314,3,6,1,0,3,0,0,0,1,14
01320,3,5,1,1,3,3,1,0,15,32
01322,6,20,2,4,2,4,0,4,20,62
01323,0,0,1,0,0,0,0,0,1,2
01328,0,12,1,2,0,0,0,0,5,20
01330,0,0,0,1,0,0,0,1,0,2
01333,4,11,8,2,6,3,2,5,21,62
01336,0,2,0,0,0,0,0,0,0,2
01338,1,2,0,0,0,0,0,0,2,5
01339,0,7,2,1,0,0,0,0,1,11
01343,2,8,1,0,0,0,1,0,1,13
01344,11,15,25,10,8,10,4,6,55,144
01345,0,4,4,1,2,0,0,0,6,17
01347,0,2,2,0,0,0,0,1,1,6
01348,3,5,6,1,4,1,1,2,7,30
01350,6,6,2,1,4,0,2,1,9,31
01351,0,3,0,0,0,0,0,0,1,4
01353,0,0,0,0,0,0,0,0,1,1
01354,47,17,6,14,14,25,10,3,70,206
01357,0,0,1,0,0,0,0,0,1,2
01360,2,2,1,2,0,0,0,0,9,16
01361,1,3,0,0,0,0,1,0,0,5
01362,0,2,1,0,0,0,0,0,0,3
01363,2,4,0,2,0,2,0,1,17,28
01366,0,11,0,0,0,0,0,0,0,11
01367,0,5,0,0,2,0,0,0,1,8
01369,0,10,5,1,0,0,0,2,5,23
01370,0,10,0,4,1,0,0,2,6,23
01372,1,0,0,1,0,0,0,0,1,3
01373,10,5,2,3,3,0,0,1,4,28
01374,0,0,0,0,0,0,0,0,1,1
01376,39,16,7,2,4,3,1,2,9,83
01378,4,3,1,1,2,1,0,0,4,16
01379,0,2,1,0,0,0,0,0,0,3
01380,0,1,0,0,0,0,0,0,1,2
01382,0,0,0,0,0,0,0,0,1,1
01383,0,6,2,1,0,0,1,2,14,26
01384,2,12,2,1,2,3,0,2,9,33
01385,0,0,1,0,0,0,0,0,0,1
01386,1,4,0,0,0,0,0,0,0,5
01388,4,17,1,1,3,0,1,2,10,39
01389,1,14,2,1,2,0,0,1,2,23
01390,1,16,1,3,5,1,0,0,6,33
01396,0,4,0,0,2,0,0,1,0,7
01397,0,0,0,0,0,0,0,0,1,1
01398,0,2,0,0,0,0,0,0,3,5
01399,0,0,4,0,3,0,0,0,11,18
01401,1,0,1,0,0,0,0,0,0,2
01402,0,0,0,0,0,0,0,1,0,1
01403,3,4,1,0,2,0,0,0,2,12
01407,1,2,1,1,3,0,0,0,2,10
01408,0,0,0,0,0,0,0,0,1,1
01410,0,0,0,0,0,0,0,1,0,1
01412,0,0,0,0,0,0,0,0,2,2
01415,1,8,1,2,0,0,0,0,9,21
01416,1,10,3,0,1,0,0,0,0,15
01418,0,0,1,0,0,0,0,0,0,1
01419,2,1,1,3,6,0,2,4,26,45
01420,6,22,5,0,5,2,0,1,12,53
01422,3,3,1,1,2,0,0,1,6,17
01423,0,0,0,0,0,0,0,0,1,1
01424,1,10,5,1,0,0,0,0,6,23
01426,2,8,2,0,2,2,0,0,10,26
01427,44,107,20,18,11,6,3,11,52,272
01431,0,2,2,0,0,0,0,0,1,5
01433,0,1,0,0,0,0,0,0,2,3
01435,1,3,7,0,2,0,1,4,2,20
01443,11,23,10,8,8,7,3,6,43,119
01446,0,0,0,1,0,0,0,0,0,1
01447,4,15,2,7,1,0,0,2,14,45
01449,0,1,0,0,0,0,0,0,1,2
01450,5,4,2,0,4,0,1,2,5,23
01451,225,420,21,27,27,5,62,4,337,1128
01452,1,9,1,0,2,1,0,2,7,23
01453,1,1,0,1,0,0,0,0,11,14
01454,1,3,0,0,0,0,0,0,5,9
01457,2,7,1,0,3,2,1,3,5,24
02002,0,1,0,0,0,0,0,0,0,1
02003,0,2,0,0,0,0,0,0,0,2
02011,2,1,0,0,2,0,0,0,1,6
02014,0,1,0,0,0,0,0,0,0,1
02017,0,2,0,0,0,0,0,0,0,2
02018,5,11,4,0,2,0,0,0,6,28
02025,0,1,0,0,0,0,0,0,0,1
02028,1,7,6,6,3,0,0,0,7,30
02031,0,6,2,0,0,0,0,0,3,11
02037,0,2,0,1,2,0,0,0,0,5
02057,4,19,0,2,2,0,0,0,2,29
02058,1,8,3,1,2,3,0,0,9,27
02059,2,9,3,0,6,0,0,0,12,32
02063,0,2,0,1,0,0,0,0,0,3
02064,3,10,2,3,5,1,4,1,8,37
02065,1,0,0,0,0,0,0,0,0,1
02077,0,1,0,0,0,0,0,0,0,1
02080,0,2,0,0,0,0,0,0,0,2
02083,0,3,0,0,0,0,0,0,0,3
02085,0,2,0,0,1,2,0,0,0,5
02089,0,3,1,1,0,0,0,0,0,5
02093,2,6,0,1,2,0,0,1,3,15
02094,0,0,2,0,0,0,0,0,0,2
02095,6,28,4,1,6,0,1,2,13,61
02102,0,1,0,0,0,0,0,0,0,1
02103,1,6,0,0,2,0,0,1,0,10
02106,2,9,0,3,2,0,0,0,1,17
02110,6,16,1,0,6,3,0,1,11,44
02111,0,12,0,0,0,0,0,0,0,12
02114,3,24,0,2,0,0,0,0,2,31
02126,0,2,0,0,3,1,0,0,0,6
02127,0,0,0,0,0,0,0,0,1,1
02128,2,4,6,0,3,0,0,0,3,18
02131,1,12,3,1,4,2,0,2,2,27
02132,0,0,0,0,0,0,0,0,1,1
02135,2,8,0,0,1,0,0,0,1,12
02141,5,15,9,2,3,1,1,1,4,41
02143,0,2,0,0,2,0,0,0,0,4
02151,0,2,0,0,0,0,0,0,0,2
02153,0,3,0,0,0,0,0,1,0,4
02157,0,2,0,6,0,0,0,3,0,11
02163,5,16,6,2,2,2,0,0,10,43
02165,0,2,0,0,1,0,0,0,0,3
02167,0,1,0,0,0,0,0,0,0,1
02168,183,224,19,22,22,28,26,5,157,686
02172,0,4,0,0,0,0,0,0,0,4
02173,58,228,6,11,16,9,17,2,94,441
02184,0,6,0,0,0,0,0,0,0,6
02186,4,13,3,2,2,2,0,0,4,30
02187,0,1,0,0,0,0,0,0,6,7
02190,0,0,0,0,0,0,0,0,1,1
02191,0,1,2,0,0,0,0,0,0,3
02195,0,2,0,0,0,0,0,0,0,2
02201,0,16,0,1,0,0,0,0,0,17
02203,1,1,0,0,3,0,0,0,0,5
02209,1,3,1,1,2,3,1,0,2,14
02212,0,1,0,0,0,0,0,0,1,2
02215,3,7,0,1,4,0,0,0,4,19
02217,3,15,2,0,2,1,0,1,3,27
02220,0,0,0,0,0,0,0,0,1,1
02226,0,2,0,0,0,0,0,0,0,2
02228,0,2,0,0,0,0,0,0,0,2
02231,0,1,0,0,0,0,0,0,0,1
02232,1,14,0,3,0,0,0,0,31,49
02237,3,15,2,0,4,0,1,3,4,32
02238,0,7,1,0,1,0,0,1,0,10
02239,1,3,0,0,4,0,0,0,2,10
02243,2,14,1,3,3,1,0,0,6,30
02245,2,6,0,0,2,2,0,0,2,14
02259,0,0,2,0,0,0,0,0,0,2
02261,0,1,0,0,0,0,0,0,0,1
02264,1,2,0,0,1,1,0,1,2,8
02269,0,0,0,0,0,0,0,0,1,1
02279,0,0,0,1,0,0,0,0,0,1
02286,0,2,0,0,0,0,0,0,0,2
02287,0,2,1,0,2,0,0,0,0,5
02290,3,4,0,1,3,0,0,0,1,12
02292,0,4,0,2,2,0,0,0,1,9
02295,0,1,0,0,1,0,0,0,0,2
02296,3,12,1,1,4,0,0,0,1,22
02298,4,7,2,0,2,0,0,0,0,15
02300,0,2,0,0,0,0,0,0,1,3
02303,0,0,0,0,0,0,0,0,24,24
02304,11,70,2,4,8,4,0,1,5,105
02305,3,24,4,5,6,0,1,2,14,59
02306,0,1,0,0,0,0,0,0,0,1
02307,4,9,1,1,2,3,0,0,8,28
02309,0,2,0,0,0,0,0,0,0,2
02310,0,1,0,0,0,0,0,0,0,1
02312,0,1,0,0,0,0,0,0,0,1
02315,3,19,2,1,4,0,0,0,0,29
02318,3,4,1,0,2,0,0,0,2,12
02321,0,3,0,0,0,0,0,0,0,3
02334,3,6,3,0,5,4,0,0,5,26
02336,1,2,0,0,0,0,0,0,0,3
02338,0,2,0,0,0,0,0,0,0,2
02339,1,1,0,0,0,0,0,0,0,2
02340,4,20,3,8,4,3,0,1,14,57
02352,0,1,0,0,0,0,0,0,0,1
02355,0,0,0,0,0,0,0,0,2,2
02359,0,2,0,0,0,0,0,0,0,2
02360,4,10,4,1,3,2,1,4,7,36
02361,21,81,6,8,10,0,1,1,41,169
02370,0,2,0,0,0,0,0,0,0,2
02371,0,1,0,0,4,0,0,0,4,9
02372,0,0,1,0,0,0,0,0,1,2
02374,0,1,0,0,0,0,0,0,0,1
02381,39,86,12,10,9,6,3,2,56,223
02382,0,2,5,2,2,0,0,2,2,15
02383,2,4,1,1,2,0,0,0,0,10
02387,0,7,1,0,0,0,1,0,0,9
02388,0,3,0,0,0,0,0,0,0,3
02389,4,5,2,0,2,0,0,2,4,19
02397,1,0,0,0,0,0,0,0,1,2
02408,248,424,28,64,30,22,35,6,237,1094
02419,0,0,0,0,0,0,0,0,2,2
02420,0,4,0,0,1,0,0,0,0,5
02426,0,1,0,0,0,0,0,0,0,1
02430,1,18,1,7,1,0,0,1,12,41
02455,0,0,1,0,0,0,0,0,0,1
02456,0,0,0,0,0,0,0,0,1,1
02468,4,13,3,2,6,2,0,1,9,40
02469,3,5,1,0,1,0,1,0,1,12
02476,1,0,0,0,0,0,0,0,0,1
02477,1,2,0,1,0,0,0,0,0,4
02483,0,2,0,0,0,0,0,0,0,2
02487,1,3,0,1,0,0,0,0,0,5
02495,0,1,0,0,0,0,0,0,0,1
02497,3,3,1,0,2,1,0,0,1,11
02498,0,0,0,0,0,0,0,1,0,1
02500,0,2,0,0,0,0,0,0,1,3
02502,3,8,1,0,4,1,1,0,9,27
02503,0,1,0,0,0,0,0,0,0,1
02504,0,5,0,0,3,0,0,0,1,9
02514,1,4,0,0,0,0,0,0,0,5
02520,0,3,0,0,0,0,0,0,0,3
02521,1,5,1,0,2,0,0,0,1,10
02527,0,1,0,0,0,0,0,0,0,1
02532,8,7,2,0,2,2,0,0,1,22
02533,0,0,1,0,0,0,0,0,0,1
02539,0,1,1,0,0,1,0,0,0,3
02540,0,1,1,0,0,0,0,0,0,2
02541,0,0,1,0,0,0,0,0,0,1
02543,1,9,0,0,3,0,0,1,4,18
02545,0,1,0,1,0,0,0,0,11,13
02549,0,2,0,0,0,0,0,0,0,2
02554,0,1,0,0,0,0,0,0,0,1
02555,2,8,2,3,1,0,1,0,3,20
02558,10,33,2,1,2,0,1,3,20,72
02559,0,1,0,0,0,0,0,0,0,1
02560,0,4,0,0,0,0,0,0,0,4
02566,0,1,0,0,2,0,0,0,0,3
02572,0,0,0,0,0,0,0,0,1,1
02574,1,8,0,0,2,0,0,0,0,11
02575,3,5,2,4,1,0,0,0,6,21
02580,1,7,0,2,2,0,0,0,3,15
02587,0,0,0,0,0,0,0,0,1,1
02589,0,1,0,0,0,0,0,0,0,1
02593,0,1,0,0,0,0,0,0,0,1
02598,0,4,0,0,0,0,0,0,0,4
02600,0,1,0,0,0,0,0,0,0,1
02602,0,8,0,1,3,2,0,1,4,19
02605,0,2,0,0,0,0,0,0,0,2
02608,1,2,0,0,0,0,0,0,0,3
02610,0,3,0,0,0,0,0,0,1,4
02614,0,2,0,0,0,0,0,0,0,2
02617,0,3,0,0,0,0,0,0,0,3
02618,0,2,0,0,0,0,0,0,0,2
02619,34,243,0,23,1,0,0,1,36,338
02620,0,1,0,0,0,0,0,0,0,1
02624,0,8,0,0,0,0,0,0,2,10
02630,0,1,0,0,0,0,0,0,0,1
02631,0,0,1,0,0,0,0,0,0,1
02643,0,3,0,1,0,0,0,0,0,4
02648,5,7,2,0,3,1,0,0,6,24
02658,0,0,0,0,0,0,0,1,0,1
02659,0,3,0,0,0,0,0,0,0,3
02662,0,0,0,1,0,0,0,0,0,1
02666,2,8,1,2,2,1,0,2,3,21
02668,2,9,1,0,2,0,0,0,2,16
02673,0,0,0,0,0,0,0,0,1,1
02676,5,14,4,1,2,0,2,0,12,40
02680,9,63,26,5,2,0,0,2,31,138
02684,3,21,4,6,4,0,1,1,38,78
02691,404,1063,60,87,93,55,40,22,408,2232
02694,0,0,2,0,0,0,0,0,1,3
02700,0,1,0,0,0,0,0,0,0,1
02703,0,7,0,0,1,0,0,0,0,8
02706,0,1,0,0,0,0,0,0,0,1
02710,0,2,0,0,0,0,0,0,1,3
02719,7,4,4,2,3,0,1,1,9,31
02720,2,9,2,3,4,3,0,0,4,27
02722,227,486,30,52,45,30,26,17,206,1119
02727,0,0,0,0,0,0,0,0,1,1
02737,0,2,0,0,0,0,0,0,1,3
02738,41,57,3,4,8,6,1,3,15,138
02741,0,1,0,0,0,0,0,0,0,1
02747,0,0,0,0,0,0,0,0,3,3
02750,0,3,0,0,0,0,0,0,0,3
02753,0,1,0,0,0,0,0,0,0,1
02755,3,2,2,1,1,0,0,0,5,14
02756,0,3,0,0,0,0,0,0,0,3
02758,3,9,7,1,5,1,1,1,4,32
02759,1,8,0,3,0,0,0,0,0,12
02765,0,0,0,0,0,0,0,0,1,1
02767,0,1,0,0,0,0,0,1,0,2
02769,3,13,0,0,0,0,0,0,1,17
02770,0,3,0,0,0,0,0,0,9,12
02775,1,13,0,0,0,0,0,0,0,14
02776,1,2,0,1,0,0,0,0,0,4
02780,1,3,1,0,2,0,0,0,0,7
02785,1,6,0,1,2,0,1,0,0,11
02788,0,4,0,0,0,0,0,0,0,4
02789,10,29,7,1,4,4,1,4,14,74
02792,0,0,1,0,0,0,0,0,0,1
02795,1,7,4,0,3,1,0,2,3,21
02798,0,3,0,0,0,0,0,0,0,3
02799,0,0,1,0,0,0,0,0,0,1
02805,5,10,1,0,2,0,1,0,6,25
02807,0,4,0,0,0,0,0,0,0,4
02808,0,2,0,0,0,0,0,0,0,2
02810,11,28,8,9,8,14,1,1,35,115
02812,0,3,0,0,0,0,0,0,0,3
02816,1,0,0,0,0,0,0,0,0,1
02818,21,116,19,9,1,1,0,2,55,224
02820,3,5,3,0,2,0,0,0,9,22
02822,3,0,0,1,0,0,0,0,0,4
02826,0,3,0,0,0,0,0,0,0,3
02830,1,6,0,0,1,0,0,0,1,9
02834,0,0,1,0,0,0,0,1,0,2
03001,4,8,5,2,3,0,0,0,5,27
03003,9,37,2,6,4,1,0,0,14,73
03006,0,1,1,0,0,0,0,0,1,3
03008,0,0,1,0,0,0,0,0,0,1
03009,0,1,0,3,0,0,0,0,2,6
03013,1,5,3,1,4,0,0,0,9,23
03015,0,0,0,0,0,0,0,1,0,1
03019,2,3,1,0,2,0,0,2,0,10
03022,2,6,2,1,2,2,0,0,7,22
03023,20,40,26,5,10,4,1,3,64,173
03025,1,0,1,0,0,0,0,0,2,4
03026,1,1,0,1,1,0,0,1,1,6
03027,0,2,0,0,0,0,0,0,0,2
03030,0,2,0,0,0,0,0,0,1,3
03031,0,2,0,0,0,0,0,0,1,3
03036,9,41,6,2,6,2,1,1,12,80
03038,0,0,0,0,0,0,0,0,1,1
03040,0,2,0,0,0,0,0,0,1,3
03042,0,2,0,0,0,0,0,0,0,2
03043,4,3,3,0,1,0,0,0,3,14
03044,0,0,0,0,0,0,0,1,2,3
03045,0,2,0,0,0,0,0,0,2,4
03046,1,1,0,1,1,0,0,0,1,5
03047,0,5,2,0,0,0,0,0,0,7
03048,1,11,2,1,2,2,0,0,2,21
03052,0,1,0,0,0,0,0,0,0,1
03053,3,13,0,3,1,0,1,0,8,29
03055,1,5,0,0,2,0,0,1,1,10
03060,0,4,1,0,0,0,0,0,5,10
03063,0,3,0,0,0,0,0,0,0,3
03065,0,3,0,0,0,0,0,0,0,3
03066,1,0,0,0,0,0,0,0,0,1
03068,0,0,1,0,0,0,0,0,0,1
03072,0,1,0,4,0,0,0,0,0,5
03074,4,3,0,0,2,2,0,0,5,16
03076,0,0,0,0,0,0,0,0,1,1
03080,0,1,2,0,0,0,0,0,0,3
03082,5,23,3,1,4,3,1,0,26,66
03084,4,19,2,1,3,1,0,0,36,66
03085,0,1,0,3,0,0,0,2,4,10
03090,0,0,0,1,0,0,0,1,0,2
03092,0,3,0,0,0,0,0,0,0,3
03093,1,1,0,2,0,0,0,0,5,9
03094,3,5,5,0,2,1,3,0,0,19
03095,31,61,21,10,20,4,0,5,84,236
03096,0,0,0,0,0,0,0,0,2,2
03098,51,106,6,8,5,2,1,0,12,191
03099,0,0,1,0,0,0,0,0,0,1
03100,0,3,1,0,1,0,0,0,1,6
03101,4,24,9,0,5,5,0,0,20,67
03102,5,13,4,1,5,2,1,2,14,47
03103,4,13,1,1,3,1,0,0,5,28
03104,1,0,1,0,1,0,0,0,0,3
03106,0,5,0,0,0,0,0,0,0,5
03107,10,21,7,2,3,1,0,0,4,48
03108,1,7,1,1,0,0,0,0,1,11
03109,1,2,0,0,0,1,0,0,0,4
03110,0,0,0,1,0,0,0,0,1,2
03111,2,3,3,0,3,0,0,0,1,12
03113,0,4,1,0,2,0,0,0,0,7
03117,0,0,0,1,0,0,0,0,0,1
03118,8,35,15,4,17,6,2,8,46,141
03122,1,3,0,0,0,0,0,0,0,4
03126,0,2,0,0,0,0,0,0,0,2
03127,1,9,2,2,0,0,0,0,3,17
03128,5,3,1,0,2,0,0,0,3,14
03131,0,1,0,0,0,0,0,0,0,1
03132,0,7,0,0,2,0,0,0,2,11
03133,0,3,0,1,0,0,0,0,1,5
03138,10,35,10,3,5,3,2,0,17,85
03140,0,5,1,3,0,0,0,0,2,11
03142,0,0,1,0,0,0,0,0,0,1
03145,0,1,1,0,0,0,0,0,0,2
03153,1,0,1,0,0,0,0,0,0,2
03155,1,10,3,1,2,2,1,0,6,26
03156,1,2,1,1,1,0,0,0,5,11
03158,0,2,1,4,0,0,0,0,2,9
03159,0,2,2,1,3,0,0,0,1,9
03160,0,1,0,0,0,0,0,0,1,2
03161,6,4,4,0,2,0,0,0,2,18
03162,0,0,0,0,0,0,0,0,1,1
03163,0,2,0,0,0,0,0,0,0,2
03165,6,15,4,1,4,1,0,0,6,37
03168,2,2,1,0,1,1,0,0,0,7
03173,0,0,0,1,2,0,0,0,1,4
03174,0,2,2,0,0,0,0,0,1,5
03176,0,0,0,0,0,0,0,0,1,1
03183,1,7,0,2,1,0,0,0,1,12
03185,173,637,38,54,43,19,34,9,351,1358
03186,4,16,7,2,2,3,1,1,7,43
03187,2,13,2,3,1,0,0,0,2,23
03189,0,4,1,0,0,0,0,0,3,8
03190,253,685,30,46,53,27,43,10,410,1557
03192,0,2,0,2,0,0,0,0,1,5
03195,6,20,8,3,2,2,0,1,16,58
03196,0,1,0,0,0,0,0,0,0,1
03197,4,5,2,0,2,0,0,0,9,22
03200,1,5,0,1,0,0,0,1,0,8
03202,1,3,1,0,1,0,0,0,2,8
03203,0,3,0,0,0,0,0,0,0,3
03208,0,0,0,1,0,0,0,0,0,1
03210,0,0,1,0,0,0,0,0,0,1
03211,3,13,2,1,1,3,0,1,6,30
03212,0,4,0,0,0,0,0,0,3,7
03217,1,0,0,4,0,1,0,0,8,14
03218,0,0,0,0,0,0,0,0,2,2
03220,0,0,0,1,0,0,0,0,0,1
03221,1,6,1,0,0,0,0,0,2,10
03227,0,0,0,1,0,0,0,0,0,1
03230,0,1,0,0,0,0,0,0,0,1
03232,0,0,1,0,0,0,0,0,0,1
03235,4,13,1,2,1,0,0,0,6,27
03236,8,11,10,1,4,2,0,0,13,49
03238,0,2,0,0,0,0,0,0,36,38
03240,2,1,0,0,0,0,0,0,0,3
03244,1,0,0,0,0,0,0,0,0,1
03246,1,2,1,0,0,0,0,0,0,4
03247,0,4,2,3,0,0,1,1,1,12
03250,0,2,0,0,0,0,0,0,0,2
03252,0,1,0,1,0,0,0,0,1,3
03253,0,0,1,0,0,0,0,0,1,2
03254,23,36,13,1,8,7,2,1,65,156
03256,0,0,0,1,0,0,0,0,0,1
03258,1,3,4,1,2,1,0,1,0,13
03261,0,0,0,0,0,0,0,0,1,1
03262,3,5,2,1,6,0,0,1,3,21
03264,8,9,14,1,3,1,2,0,8,46
03265,0,2,0,0,0,0,0,0,0,2
03271,0,0,0,1,0,0,0,0,2,3
03273,0,0,0,0,0,0,0,0,3,3
03275,4,6,4,0,2,2,0,0,3,21
03281,0,0,0,0,0,0,0,0,1,1
03282,0,0,1,0,0,0,0,0,0,1
03283,0,2,0,0,0,0,0,0,0,2
03286,1,2,0,0,0,0,0,1,0,4
03288,0,2,0,0,0,0,0,0,0,2
03289,0,0,1,0,0,0,0,0,0,1
03290,1,2,1,1,0,0,0,0,4,9
03292,12,63,7,4,2,0,0,0,10,98
03297,1,11,4,0,2,1,0,0,8,27
03298,9,7,5,1,8,6,1,1,26,64
03300,0,1,0,0,0,0,0,0,0,1
03301,0,5,0,0,0,0,0,0,1,6
03304,0,9,1,0,2,0,1,0,3,16
03305,0,0,0,0,1,0,0,0,0,1
03306,1,5,9,0,1,0,0,0,2,18
03307,0,0,0,0,0,0,0,0,1,1
03309,1,2,0,0,1,0,0,0,2,6
03310,255,594,74,60,44,35,32,11,328,1433
03313,0,1,0,0,0,0,0,0,0,1
03314,1,4,4,1,0,0,0,0,2,12
03315,2,6,0,0,1,0,0,0,2,11
03316,2,4,1,0,1,0,0,0,2,10
03320,0,0,1,0,0,0,0,0,0,1
03321,20,111,18,11,12,4,4,2,71,253
04001,9,25,8,1,1,0,1,4,11,60
04006,2,1,3,1,2,0,0,0,2,11
04008,4,6,2,0,1,0,0,0,6,19
04012,0,0,1,0,0,0,0,0,0,1
04013,0,3,0,0,0,0,0,0,2,5
04018,2,8,3,0,1,0,0,1,1,16
04019,16,23,17,4,6,5,1,4,18,94
04020,0,1,0,0,0,0,0,0,0,1
04021,1,0,0,0,0,0,0,0,0,1
04022,1,2,1,0,0,0,0,1,2,7
04023,0,1,0,0,0,0,0,0,0,1
04025,0,0,0,0,0,0,0,0,1,1
04033,1,5,2,2,0,0,0,0,1,11
04034,3,3,0,2,0,0,0,0,6,14
04035,0,0,0,0,0,0,0,0,1,1
04036,14,3,0,2,0,0,0,0,3,22
04039,7,13,6,3,1,2,1,2,2,37
04045,4,8,3,3,2,1,0,1,1,23
04047,1,12,0,3,0,0,0,1,8,25
04049,7,28,2,12,3,4,2,7,49,114
04053,0,0,1,0,0,0,0,0,0,1
04056,0,0,1,0,0,0,0,0,0,1
04061,2,4,2,0,2,1,0,0,1,12
04062,0,3,0,0,0,0,0,0,0,3
04063,0,2,1,0,0,0,0,0,2,5
04065,0,0,0,0,0,0,0,0,1,1
04068,0,4,0,1,0,0,0,0,0,5
04070,150,383,55,59,19,13,20,10,182,891
04073,2,0,0,1,1,0,0,0,0,4
04076,2,6,2,1,1,0,0,0,0,12
04079,3,0,0,3,0,0,0,0,10,16
04084,1,4,0,0,0,0,0,1,1,7
04086,0,0,0,0,0,0,0,0,1,1
04088,23,41,23,9,8,6,2,9,32,153
04094,18,29,25,2,6,1,0,0,10,91
04096,0,5,4,1,1,0,0,0,10,21
04101,0,0,0,0,0,0,0,0,1,1
04102,1,0,1,0,0,0,0,1,0,3
04106,1,0,0,0,0,0,0,1,1,3
04108,1,13,2,2,1,1,0,0,0,20
04110,0,2,0,0,2,1,0,0,2,7
04111,3,5,5,3,2,0,0,0,5,23
04112,206,423,44,54,52,26,27,13,188,1033
04113,0,2,0,0,0,0,0,0,0,2
04116,1,11,0,5,4,2,0,0,9,32
04121,0,2,2,0,1,0,0,0,1,6
04123,0,2,0,0,0,0,0,0,0,2
04124,0,0,0,1,0,0,0,0,0,1
04126,0,2,4,0,0,0,0,0,3,9
04127,1,2,0,2,0,0,0,0,6,11
04128,0,0,0,0,0,0,1,0,1,2
04134,1,3,3,0,1,1,0,1,1,11
04135,1,0,1,0,2,0,0,0,1,5
04138,0,0,0,0,0,0,0,0,1,1
04139,0,3,2,0,0,0,1,0,1,7
04143,4,41,11,13,10,5,1,0,22,107
04145,2,13,2,2,4,0,0,0,14,37
04149,4,5,6,2,4,2,0,4,9,36
04151,0,2,1,0,0,0,0,1,0,4
04152,3,8,5,3,3,4,0,0,1,27
04155,0,0,0,0,0,0,0,0,1,1
04157,0,7,0,0,0,0,0,1,1,9
04158,0,2,1,0,0,0,0,0,1,4
04159,0,0,0,1,0,0,0,0,0,1
04160,3,3,3,0,0,0,1,1,1,12
04162,1,0,0,0,0,0,1,0,0,2
04163,0,1,0,2,0,0,0,0,0,3
04166,9,25,3,2,5,1,2,1,9,57
04171,0,0,0,0,0,0,0,0,1,1
04172,0,0,2,0,0,0,0,0,0,2
04173,1,11,5,1,1,0,0,2,3,24
04176,0,0,1,0,0,0,0,0,0,1
04178,3,14,2,2,1,1,1,1,3,28
04182,0,0,0,1,0,0,0,0,1,2
04188,0,0,0,0,0,0,0,1,0,1
04189,1,4,2,0,0,0,0,0,2,9
04192,1,0,1,0,0,0,0,1,0,3
04195,0,1,0,0,0,0,0,0,1,2
04196,0,0,0,0,1,0,0,0,0,1
04197,7,10,14,5,3,1,1,1,18,60
04198,0,1,0,0,0,0,0,0,0,1
04199,0,0,0,0,0,0,0,0,1,1
04205,4,17,3,1,3,1,0,2,2,33
04206,1,0,0,0,0,0,0,0,0,1
04208,0,0,0,0,0,0,0,0,1,1
04209,40,75,15,4,16,9,1,3,62,225
04217,0,6,0,3,0,0,0,0,1,10
04218,0,0,0,0,0,0,1,0,0,1
04220,0,0,0,0,0,0,0,0,1,1
04222,1,12,8,1,1,1,0,3,9,36
04226,1,0,0,0,1,0,0,0,2,4
04230,2,9,4,0,2,3,0,0,6,26
04237,0,0,0,0,0,0,0,0,1,1
04242,2,7,3,0,3,1,0,1,6,23
04244,9,9,4,8,1,1,2,2,5,41
04245,6,16,3,2,1,2,0,1,7,38
05002,2,0,2,0,1,0,0,0,0,5
05003,4,11,4,1,4,0,0,1,3,28
05004,4,3,2,0,1,1,0,1,4,16
05006,5,17,13,1,3,1,1,3,15,59
05007,0,0,0,1,0,0,0,0,0,1
05010,2,9,0,1,2,0,0,0,1,15
05012,3,0,1,0,0,0,0,0,8,12
05017,5,6,10,2,3,0,0,1,7,34
05018,0,0,0,0,0,0,0,0,1,1
05023,170,320,79,42,37,22,19,15,228,932
05024,1,0,0,0,0,0,0,0,0,1
05025,0,1,0,0,0,0,0,0,0,1
05026,0,0,0,0,0,0,0,0,1,1
05028,0,0,1,0,0,0,0,0,0,1
05029,0,0,0,0,0,0,0,0,1,1
05033,0,0,1,0,0,0,0,0,0,1
05036,0,2,4,0,0,0,0,1,0,7
05037,0,0,1,0,0,0,0,0,0,1
05039,1,0,0,0,0,0,0,0,1,2
05040,4,12,8,4,4,3,1,1,5,42
05045,0,0,2,0,0,0,0,0,1,3
05046,33,93,43,18,12,13,4,5,57,278
05047,0,0,2,0,0,0,0,0,0,2
05050,3,12,3,3,2,0,0,0,4,27
05052,0,0,2,1,0,0,0,1,1,5
05053,0,1,1,0,0,0,0,0,3,5
05054,1,20,6,1,0,0,0,0,5,33
05056,0,0,0,0,0,0,0,0,1,1
05059,0,3,4,0,0,3,0,0,1,11
05061,484,596,120,77,67,42,41,42,414,1883
05062,0,2,0,0,0,0,0,0,0,2
05063,0,1,0,0,0,0,0,0,3,4
05065,7,26,14,4,6,5,3,3,14,82
05069,0,0,4,0,0,0,0,0,0,4
05070,26,85,12,15,7,4,1,4,45,199
05071,0,3,0,0,0,0,0,0,0,3
05072,0,0,0,0,0,0,0,0,1,1
05077,0,0,0,0,0,0,1,0,2,3
05078,0,0,0,1,0,0,0,0,2,3
05079,3,0,0,0,2,0,0,0,0,5
05082,0,0,1,1,0,0,0,0,0,2
05085,4,0,0,0,2,0,0,0,2,8
05087,0,0,0,0,0,0,0,0,2,2
05089,0,0,0,0,0,0,0,0,1,1
05092,0,1,0,0,0,0,0,0,0,1
05093,0,0,1,0,0,0,0,0,2,3
05096,1,3,1,0,1,0,0,0,0,6
05097,1,2,0,4,0,0,0,3,9,19
05098,1,0,1,0,1,0,0,0,0,3
05100,0,0,2,0,0,0,0,0,1,3
05101,0,2,6,0,3,1,0,1,4,17
05103,0,1,0,0,0,0,0,1,1,3
05107,0,0,2,0,0,0,0,0,1,3
05114,0,0,1,0,0,0,0,0,0,1
05115,0,0,0,0,0,0,0,0,1,1
05116,0,0,2,0,0,0,0,0,0,2
05118,0,4,4,0,0,0,0,1,1,10
05119,1,2,0,0,2,0,0,0,1,6
05121,0,0,0,1,0,0,0,0,0,1
05122,1,0,3,0,0,0,0,0,0,4
05123,5,4,5,2,3,2,0,2,4,27
05126,4,5,0,2,0,0,0,0,1,12
05127,0,2,0,0,0,0,0,0,1,3
05128,0,0,0,1,0,0,0,0,0,1
05129,0,0,0,1,0,0,0,0,1,2
05132,5,7,9,3,5,2,2,2,8,43
05133,17,2,1,0,1,0,0,0,6,27
05136,0,2,6,0,0,0,1,0,12,21
05139,0,6,0,0,0,0,0,0,2,8
05140,0,0,0,1,0,0,0,0,0,1
05142,4,5,8,0,1,0,0,0,3,21
05143,0,0,1,0,0,0,0,0,0,1
05145,6,9,10,0,3,0,0,1,3,32
05146,0,0,0,0,0,0,0,1,0,1
05147,0,3,0,0,0,0,0,0,1,4
05148,0,0,0,0,2,0,0,0,0,2
05149,4,12,6,1,0,0,0,0,0,23
05151,1,0,3,1,0,0,0,0,0,5
05156,0,0,0,1,0,0,0,0,1,2
05161,4,7,2,1,2,0,0,0,5,21
05162,12,32,7,1,3,1,0,0,8,64
05163,0,0,0,0,0,0,0,0,1,1
05164,7,10,2,7,3,2,0,5,8,44
05166,5,14,3,2,2,1,0,1,8,36
05168,0,1,0,2,0,0,0,0,0,3
05170,29,39,17,4,4,7,2,1,6,109
05171,0,0,2,0,0,0,0,0,1,3
05173,0,0,3,0,0,0,0,0,1,4
05175,5,0,4,0,0,0,0,0,0,9
05177,3,1,4,0,1,0,0,0,1,10
05179,7,22,13,1,5,3,2,2,12,67
05181,2,2,2,0,0,0,0,0,1,7
05183,2,13,1,0,0,0,0,0,1,17
06004,553,715,165,88,94,110,43,46,497,2311
06005,0,1,0,3,0,0,0,0,0,4
06006,2,3,5,2,1,2,0,5,2,22
06007,6,13,5,2,3,7,0,0,2,38
06010,3,7,3,3,2,2,0,0,2,22
06011,31,14,5,2,6,5,1,1,18,83
06012,65,38,57,20,12,50,3,10,63,318
06014,0,7,1,4,0,0,0,0,0,12
06015,0,3,0,0,0,0,0,0,1,4
06016,0,0,1,0,0,0,0,0,1,2
06018,20,35,40,15,12,9,0,12,55,198
06019,11,14,5,2,3,5,2,1,15,58
06022,1,0,0,0,0,0,0,0,0,1
06023,8,21,4,6,2,1,1,0,10,53
06025,0,0,1,0,0,0,0,1,0,2
06026,5,13,1,6,2,1,0,1,1,30
06027,341,446,119,56,50,69,26,21,238,1366
06029,572,864,174,88,108,186,40,31,549,2612
06030,135,201,73,30,41,59,5,14,180,738
06031,1,2,0,2,0,0,1,0,4,10
06032,4,5,13,2,3,9,0,0,15,51
06033,51,32,28,16,30,11,5,5,40,218
06034,0,2,0,0,0,2,1,0,1,6
06035,0,0,1,0,0,0,0,0,0,1
06038,6,22,17,8,3,3,0,4,15,78
06039,0,0,0,2,0,0,0,0,0,2
06041,0,2,0,0,0,0,0,0,0,2
06042,0,0,0,0,0,0,0,0,1,1
06043,3,2,0,0,0,0,0,0,0,5
06044,20,26,11,8,5,11,2,11,28,122
06046,19,9,12,4,2,0,1,1,7,55
06048,12,46,8,7,5,7,0,11,22,118
06050,1,2,0,0,0,0,0,0,0,3
06054,10,40,2,2,2,0,1,1,13,71
06057,9,18,8,2,2,3,1,1,11,55
06059,2,1,1,0,1,0,0,0,1,6
06060,3,4,5,0,0,0,0,1,3,16
06061,0,0,0,0,0,0,0,0,1,1
06062,0,2,1,0,0,0,0,0,0,3
06064,3,10,4,2,2,1,0,0,7,29
06065,8,29,8,5,5,5,0,3,22,85
06066,2,7,1,1,1,0,1,0,0,13
06067,1,9,0,2,0,0,0,0,3,15
06069,350,558,109,56,60,53,51,25,239,1501
06071,1,8,1,0,3,0,0,1,2,16
06073,5,0,3,0,1,0,0,0,1,10
06074,1,6,0,3,1,0,0,0,1,12
06075,10,37,9,6,3,0,0,3,12,80
06077,3,3,2,0,0,0,0,1,0,9
06079,106,84,91,10,96,28,4,11,138,568
06081,1,0,0,0,0,0,0,0,0,1
06083,163,247,77,23,43,53,5,11,132,754
06084,40,57,25,22,12,16,4,12,83,271
06085,230,280,43,27,25,36,2,6,169,818
06086,0,1,0,0,0,0,0,0,0,1
06088,2811,4264,850,645,477,581,200,269,2659,12756
06089,1,4,4,0,3,3,1,1,11,28
06090,26,50,12,13,6,4,1,5,31,148
06091,2,13,1,2,0,0,0,0,2,20
06092,0,0,2,1,0,0,0,0,0,3
06094,1,0,1,0,0,0,0,0,0,2
06095,12,18,7,3,5,5,3,4,25,82
06098,0,0,0,0,0,0,0,0,1,1
06099,18,30,5,2,3,1,2,0,6,67
06100,0,4,1,4,0,0,0,0,2,11
06103,18,18,9,3,8,3,2,1,7,69
06104,21,45,34,5,7,14,1,3,37,167
06105,31,18,2,4,6,7,2,6,19,95
06106,2,2,1,0,0,1,1,1,0,8
06108,11,6,14,4,3,4,0,2,18,62
06109,0,3,0,0,2,0,0,0,0,5
06112,6,8,16,4,3,2,1,6,6,52
06113,0,3,0,0,0,0,0,0,1,4
06114,11,20,6,5,4,2,3,1,16,68
06117,1,0,1,1,0,0,1,0,0,4
06118,4,6,5,2,2,2,0,1,7,29
06120,5,18,2,2,3,1,1,1,0,33
06121,5,5,4,0,3,1,0,0,2,20
06122,8,21,12,9,5,1,1,3,12,72
06123,294,470,58,18,60,53,4,12,238,1207
06126,15,12,7,1,4,7,2,1,8,57
06127,0,5,2,0,1,2,0,0,1,11
06128,7,3,2,3,1,1,0,0,8,25
06129,3,1,0,0,0,0,0,0,0,4
06130,8,6,5,2,4,2,1,3,11,42
06132,0,1,1,1,0,0,0,0,0,3
06135,0,0,1,0,0,0,0,0,0,1
06136,11,20,14,2,5,1,0,1,8,62
06137,2,5,5,2,0,2,0,1,2,19
06138,7,6,3,1,1,0,0,0,5,23
06140,2,6,6,1,5,1,0,0,11,32
06143,1,9,11,3,0,0,0,1,2,27
06144,0,3,0,1,0,0,0,0,0,4
06145,0,0,0,1,0,0,0,0,0,1
06147,9,33,9,3,2,1,1,2,16,76
06148,5,9,6,0,1,0,0,4,5,30
06149,43,25,29,5,13,26,5,5,46,197
06150,3,6,9,1,1,2,0,1,10,33
06151,0,1,1,0,0,0,0,0,1,3
06152,54,40,50,30,20,23,3,16,85,321
06153,2,5,1,1,0,0,1,1,1,12
06154,4,5,3,0,0,1,0,1,2,16
06155,60,166,94,20,40,12,6,9,106,513
06157,87,195,62,23,20,19,4,14,95,519
06158,2,3,0,1,0,0,0,1,0,7
06159,12,33,44,3,5,3,1,1,11,113
06161,40,64,29,14,11,10,6,2,56,232
06162,1,8,0,0,0,0,0,0,1,10
06163,8,35,2,5,2,6,0,3,8,69
07002,0,0,1,0,0,0,0,0,0,1
07005,2,5,1,0,1,0,1,1,0,11
07006,0,0,0,1,0,0,0,0,0,1
07007,1,6,2,0,3,2,0,2,3,19
07008,0,2,1,1,0,0,0,0,8,12
07009,2,8,3,1,2,2,0,1,9,28
07010,155,405,28,27,46,8,28,15,171,883
07011,1,7,0,1,2,0,0,0,3,14
07013,0,2,4,2,0,0,0,1,2,11
07014,0,0,0,0,0,0,0,0,1,1
07017,0,0,1,1,0,0,0,0,0,2
07019,155,382,38,42,41,20,23,11,226,938
07022,0,0,1,0,0,0,0,0,0,1
07024,0,2,0,0,0,0,0,0,0,2
07026,0,2,0,0,0,0,0,1,0,3
07027,1,7,0,3,1,1,0,0,4,17
07028,0,2,0,0,0,0,0,0,0,2
07031,0,5,0,0,0,0,0,0,0,5
07035,0,2,0,1,0,0,0,0,0,3
07041,3,5,4,3,2,1,0,0,7,25
07042,11,51,12,7,11,9,3,1,25,130
07044,0,0,0,1,0,0,0,0,0,1
07045,1,7,0,1,0,0,0,0,0,9
07048,0,2,0,0,0,0,0,0,1,3
07050,0,8,0,0,0,0,2,0,2,12
07051,0,0,0,0,5,0,0,0,1,6
07053,0,0,0,0,0,0,1,0,0,1
07055,6,14,3,5,3,6,0,2,10,49
07058,5,11,4,4,0,0,0,1,34,59
07064,12,44,10,3,6,3,0,4,27,109
07066,4,12,6,2,4,2,1,1,8,40
07068,0,2,0,0,0,0,0,1,2,5
07070,0,3,2,0,0,0,0,0,2,7
07071,1,12,2,1,1,0,1,0,7,25
07072,0,0,0,0,0,0,0,0,1,1
07073,1,0,0,0,0,0,0,0,0,1
07076,3,25,2,2,2,3,1,2,5,45
07078,15,22,5,2,5,5,3,0,54,111
07079,0,0,1,0,0,0,0,0,1,2
07084,0,1,0,1,0,0,0,0,1,3
07085,0,0,0,0,0,0,0,0,2,2
07086,4,2,6,1,0,0,0,0,6,19
07089,1,2,0,1,3,0,1,0,5,13
07090,0,3,2,0,0,0,0,0,0,5
07091,0,2,0,0,0,0,0,0,0,2
07094,0,0,0,0,0,0,0,0,1,1
07095,0,0,0,0,0,0,0,0,1,1
07097,0,0,4,0,0,0,0,0,6,10
07099,0,0,0,0,0,0,0,0,1,1
07100,3,13,3,0,0,0,0,0,1,20
07102,205,190,23,17,16,18,9,11,126,615
07107,3,11,2,1,1,0,1,0,3,22
07109,0,0,0,0,0,0,0,0,1,1
07110,9,49,13,3,8,1,0,3,16,102
07113,0,10,0,1,0,0,0,0,0,11
07115,0,0,0,1,0,0,0,0,0,1
07116,2,4,2,1,3,1,0,0,4,17
07117,0,7,2,2,0,0,0,0,9,20
07119,0,6,0,0,0,0,0,0,0,6
07121,0,0,1,0,0,0,0,0,0,1
07122,4,7,6,6,2,4,2,3,20,54
07126,0,0,0,0,0,0,0,0,1,1
07127,2,7,5,4,3,2,0,1,7,31
07128,1,6,0,0,2,0,0,0,0,9
07129,12,37,7,2,5,2,0,2,20,87
07131,0,2,1,0,0,0,0,0,0,3
07132,3,11,4,1,4,0,1,1,7,32
07134,1,3,0,0,1,0,0,1,3,9
07138,3,5,6,1,2,0,0,0,8,25
07141,0,0,0,1,0,0,0,0,0,1
07143,1,0,1,0,0,0,0,1,1,4
07145,1,3,1,0,0,0,0,1,0,6
07146,0,0,0,1,0,0,0,0,1,2
07149,0,9,0,3,2,0,0,0,1,15
07151,0,0,1,0,0,0,0,0,0,1
07152,2,6,2,0,0,0,0,2,5,17
07153,0,0,1,0,0,0,0,0,0,1
07155,0,3,1,0,0,0,0,0,1,5
07156,9,2,10,0,0,0,0,3,7,31
07157,2,5,2,3,0,0,0,1,1,14
07158,0,0,0,0,0,0,0,0,1,1
07161,2,7,0,1,2,0,0,1,1,14
07167,1,6,3,2,1,1,1,0,5,20
07168,0,3,0,0,0,0,0,1,0,4
07171,0,1,0,0,0,0,0,0,2,3
07172,3,4,3,0,3,4,0,0,5,22
07174,0,2,0,0,0,0,0,0,0,2
07177,0,0,1,0,0,0,0,0,0,1
07178,0,2,0,0,0,0,0,0,1,3
07181,5,13,1,1,4,2,1,2,12,41
07182,0,1,0,0,0,0,0,0,0,1
07183,0,2,0,0,0,0,0,0,0,2
07184,0,0,0,1,0,0,0,0,0,1
07186,142,455,10,58,27,14,19,2,181,908
07188,1,4,2,1,2,1,2,4,5,22
07189,0,0,0,0,0,0,0,1,0,1
07191,1,11,1,2,2,0,0,1,4,22
07192,0,0,0,0,0,0,0,0,1,1
07195,0,0,0,0,0,0,0,0,1,1
07197,1,4,7,0,1,3,0,0,13,29
07198,0,3,0,1,0,0,0,0,0,4
07199,0,7,0,0,3,0,0,0,4,14
07200,0,1,0,0,0,0,0,0,0,1
07201,7,27,7,2,7,2,1,2,23,78
07203,0,0,1,0,0,0,0,0,0,1
07204,20,20,4,2,3,0,3,2,10,64
07205,0,0,5,0,0,0,0,1,0,6
07207,0,3,4,0,0,0,0,0,0,7
07211,0,0,0,0,0,0,0,0,1,1
07212,0,3,0,0,0,0,0,0,2,5
07216,0,2,0,2,0,0,0,1,1,6
07217,0,0,0,1,0,0,0,0,0,1
07219,0,0,0,1,0,0,0,0,0,1
07224,2,0,0,0,0,1,0,0,1,4
07225,0,3,0,0,0,0,0,0,0,3
07227,1,3,3,0,0,1,0,1,2,11
07228,0,0,0,1,0,0,0,0,1,2
07229,3,2,7,1,0,0,0,1,8,22
07231,3,7,2,1,4,1,0,1,6,25
07232,1,1,1,0,0,0,0,0,5,8
07235,1,6,0,0,0,0,0,0,0,7
07236,6,28,3,0,4,1,1,1,21,65
07237,0,3,0,0,0,0,0,0,1,4
07240,1,7,0,2,0,0,0,0,7,17
07241,0,0,0,1,0,0,0,0,0,1
07245,11,4,0,1,5,0,0,0,20,41
07247,0,4,0,0,0,0,0,0,0,4
07250,0,3,0,0,0,0,0,0,0,3
07254,0,1,1,0,0,0,0,2,0,4
07255,5,3,4,3,2,1,0,0,1,19
07259,2,0,0,1,3,0,0,0,0,6
07260,0,0,0,1,0,0,0,2,1,4
07261,0,4,0,0,0,1,0,0,1,6
07262,2,1,1,0,0,0,0,0,1,5
07263,0,0,0,0,0,0,0,0,1,1
07264,2,9,3,3,0,0,0,1,4,22
07265,0,0,0,0,0,0,0,0,1,1
07267,0,0,0,0,0,0,0,0,1,1
07268,0,4,0,0,0,0,0,0,1,5
07269,5,16,1,3,3,0,0,2,11,41
07279,0,3,2,0,1,1,0,0,2,9
07280,1,8,3,1,2,0,0,0,1,16
07281,22,41,17,7,4,6,1,2,42,142
07285,0,0,0,1,0,0,0,0,0,1
07286,2,10,1,1,0,0,0,0,0,14
07289,2,9,4,1,2,1,1,0,3,23
07290,0,0,0,1,0,0,0,1,0,2
07291,0,4,0,0,0,0,0,0,1,5
07292,0,2,0,0,0,0,0,0,0,2
07293,0,4,0,1,0,0,0,0,2,7
07294,0,0,1,0,0,0,0,1,0,2
07295,7,14,0,1,2,0,0,0,4,28
07296,0,10,0,1,0,3,0,0,3,17
07298,0,0,0,0,0,0,0,1,0,1
07300,0,0,1,0,0,0,0,0,0,1
07301,0,0,0,0,0,0,0,0,3,3
07302,0,3,2,0,0,0,0,0,0,5
07304,0,3,0,1,0,0,0,0,0,4
07307,0,0,0,1,0,0,0,0,0,1
07308,2,3,13,1,2,0,1,1,6,29
07309,2,17,2,0,3,0,0,1,5,30
07310,0,0,1,0,0,0,0,0,0,1
07313,1,16,1,0,1,2,3,1,4,29
07314,0,0,0,1,0,0,0,0,0,1
07316,3,3,5,1,1,0,0,0,11,24
07319,6,35,9,7,6,6,1,1,28,99
07322,5,19,3,2,2,0,0,1,0,32
07323,0,3,1,1,0,0,0,1,1,7
07324,55,86,24,16,12,10,6,10,94,313
07325,3,8,7,6,0,0,1,2,3,30
07327,0,0,0,0,0,0,0,0,1,1
07328,0,0,1,0,0,2,0,0,1,4
07329,0,5,1,1,0,0,0,0,13,20
07330,10,35,9,4,5,1,0,2,19,85
07331,18,18,10,5,5,1,0,3,22,82
07332,0,2,0,1,0,0,0,0,1,4
07334,13,23,11,6,5,2,1,2,18,81
07336,0,0,0,0,0,0,0,0,1,1
07337,1,4,6,1,1,0,0,1,4,18
07338,7,21,6,3,4,0,1,2,8,52
07339,5,8,1,2,0,0,0,2,6,24
07340,0,5,0,0,0,0,0,1,2,8
07341,9,69,10,8,4,4,2,4,17,127
07342,1,4,1,0,1,0,0,0,0,7
07343,0,1,0,0,0,0,0,0,4,5
07344,0,0,0,0,0,0,0,0,1,1
07345,0,3,1,0,0,0,0,0,0,4
07346,3,16,1,4,2,1,0,1,5,33
07347,0,0,1,0,0,0,0,0,0,1
07348,1,7,3,0,2,0,0,0,3,16
07349,6,21,3,7,7,3,1,2,21,71
08001,0,5,0,0,0,0,0,0,0,5
08003,2,3,2,0,2,0,0,3,6,18
08008,0,2,2,0,0,0,0,1,0,5
08024,5,9,4,0,5,1,1,1,14,40
08025,4,11,2,1,3,2,0,0,4,27
08028,0,0,2,0,0,0,0,0,0,2
08032,0,1,0,0,0,0,0,0,0,1
08036,0,0,0,1,0,0,0,0,0,1
08037,1,12,4,2,2,1,0,2,6,30
08040,1,1,0,0,0,0,0,0,2,4
08043,3,6,3,0,2,0,0,0,4,18
08053,6,13,3,7,3,0,0,3,7,42
08057,0,6,0,11,0,0,0,2,8,27
08060,0,0,1,0,0,0,0,0,0,1
08067,0,5,0,0,2,0,0,0,0,7
08076,1,3,1,0,0,0,0,1,2,8
08078,0,0,0,1,0,0,0,0,0,1
08081,3,19,4,0,4,0,1,2,7,40
08085,0,0,0,0,0,0,0,0,1,1
08089,3,2,2,0,1,0,1,1,1,11
08090,4,18,6,2,4,2,1,3,12,52
08096,0,1,0,0,0,0,0,0,0,1
08097,0,1,0,0,0,0,0,0,0,1
08105,346,1182,97,119,70,35,62,51,477,2439
08107,3,13,7,2,3,0,0,0,2,30
08113,1,4,6,0,2,0,0,0,3,16
08116,3,5,3,1,1,1,0,0,4,18
08122,2,5,0,0,0,0,0,1,1,9
08139,0,2,0,0,1,0,0,0,1,4
08142,1,9,3,1,2,1,0,4,4,25
08145,5,6,4,1,4,1,0,3,2,26
08147,0,1,0,5,0,0,0,3,2,11
08158,0,6,0,0,0,0,0,0,3,9
08160,0,0,1,0,0,0,0,0,0,1
08170,0,0,1,0,0,0,0,0,0,1
08173,4,4,3,1,2,2,0,5,5,26
08174,1,5,2,1,1,0,0,0,1,11
08180,0,2,1,0,2,2,0,2,3,12
08183,0,0,3,0,0,0,0,0,1,4
08185,12,34,3,4,5,1,1,3,7,70
08188,0,1,1,0,1,0,0,0,2,5
08190,21,25,13,3,8,5,1,8,17,101
08194,0,9,2,0,0,0,0,0,1,12
08198,3,5,1,0,2,0,0,0,0,11
08211,1,3,0,0,0,0,0,0,0,4
08214,0,1,0,0,0,0,0,0,0,1
08217,0,1,0,0,0,0,0,0,0,1
08218,2,2,1,0,2,1,0,1,0,9
08222,0,3,3,3,0,0,0,2,5,16
08237,0,1,0,0,0,0,0,0,0,1
08239,2,2,3,1,2,1,1,2,8,22
08248,0,2,0,0,0,1,0,0,1,4
08254,0,9,0,0,2,0,0,0,0,11
08262,1,2,0,0,3,0,0,0,1,7
08263,0,1,0,0,0,0,0,0,0,1
08264,2,4,0,0,0,0,0,0,0,6
08276,1,2,2,0,1,0,0,0,0,6
08282,1,6,1,0,2,0,0,0,3,13
08284,0,2,1,1,0,0,0,1,0,5
08289,0,0,0,0,0,0,0,0,1,1
08298,0,2,0,2,0,0,0,1,3,8
08302,3,10,2,1,3,0,0,1,6,26
08303,1,2,0,0,2,0,0,0,2,7
08311,3,13,4,4,3,1,3,1,3,35
08314,0,0,0,1,0,0,0,0,0,1
08316,1,0,0,0,0,0,0,0,0,1
08322,0,2,1,0,0,0,0,0,2,5
08327,5,7,2,0,3,0,0,2,4,23
08328,2,26,3,1,3,2,1,3,39,80
08329,0,3,0,0,0,0,0,0,0,3
08331,0,1,1,0,0,0,0,0,0,2
08341,3,3,3,0,3,0,1,2,2,17
08343,1,3,3,0,2,0,0,0,1,10
08346,4,8,5,1,8,1,1,0,2,30
08349,0,0,0,0,2,0,0,0,0,2
08352,0,0,0,1,0,0,0,0,0,1
08354,1,4,2,0,3,1,0,0,1,12
08357,0,6,0,0,0,2,0,0,1,9
08361,2,2,4,0,2,2,0,1,4,17
08362,144,127,17,11,24,11,4,4,93,435
08363,6,48,12,5,6,3,2,3,15,100
08365,3,8,4,0,2,2,0,3,3,25
08366,0,1,0,0,0,0,0,0,0,1
08367,3,15,2,3,2,2,3,5,12,47
08370,3,2,4,0,2,0,0,0,0,11
08373,0,2,0,0,0,0,0,0,0,2
08381,2,6,3,2,2,0,0,1,1,17
08385,0,2,0,0,0,0,0,0,0,2
08389,0,2,0,0,0,0,0,0,0,2
08402,2,2,1,0,2,0,0,0,4,11
08403,3,2,2,0,2,0,0,0,4,13
08409,53,189,24,13,21,7,20,8,96,431
08417,0,0,1,0,0,0,0,0,0,1
08419,3,8,4,2,2,3,1,1,4,28
08420,7,8,3,1,3,1,0,1,2,26
08422,0,2,0,0,0,0,0,0,0,2
08429,0,2,0,0,0,0,0,0,1,3
08434,0,0,0,1,0,0,0,0,0,1
08435,3,2,3,0,3,3,1,0,4,19
08436,0,4,0,0,0,0,0,1,0,5
08443,0,1,0,0,0,0,0,0,0,1
08446,0,0,0,0,0,0,0,0,1,1
08449,0,2,0,0,0,0,0,0,0,2
08457,3,3,3,1,3,4,3,0,2,22
08461,0,0,0,1,0,0,0,0,0,1
08480,3,17,8,4,3,2,2,1,19,59
08483,0,1,0,0,0,0,0,0,0,1
08486,2,3,7,0,2,0,0,0,5,19
08487,0,3,1,0,1,1,0,0,0,6
08488,2,8,2,1,3,2,0,0,0,18
08490,17,70,4,5,7,4,1,5,26,139
08491,3,5,5,0,5,1,1,4,7,31
08497,5,3,6,0,3,0,0,0,1,18
08498,0,8,7,2,0,0,0,2,6,25
09002,0,0,1,0,0,0,0,0,0,1
09003,0,0,0,0,0,0,0,0,1,1
09005,0,0,1,0,0,0,0,0,0,1
09015,1,33,4,0,0,0,1,0,2,41
09018,0,0,1,0,0,0,0,0,0,1
09024,0,5,0,0,0,0,0,0,0,5
09027,0,0,0,0,0,0,0,1,0,1
09029,2,0,2,0,0,0,0,0,0,4
09030,0,1,1,0,0,0,0,0,2,4
09032,12,28,14,6,3,4,1,1,14,83
09039,0,3,0,1,0,0,0,0,0,4
09041,0,0,1,0,0,0,0,0,0,1
09042,6,15,4,1,1,1,1,1,12,42
09043,1,11,0,1,0,0,0,0,1,14
09047,0,6,1,5,2,0,0,0,2,16
09049,0,0,0,1,0,0,0,0,0,1
09050,2,9,1,1,0,0,0,0,1,14
09051,0,0,1,0,0,0,0,0,0,1
09052,0,2,0,0,0,0,0,0,0,2
09057,0,0,2,0,0,0,0,0,1,3
09061,1,5,2,0,0,0,0,1,3,12
09062,0,0,1,0,0,0,0,0,0,1
09066,0,5,0,0,0,0,0,0,0,5
09070,3,0,4,0,2,1,1,0,5,16
09073,0,1,0,0,0,0,0,0,0,1
09079,1,4,1,1,0,0,0,1,2,10
09085,5,11,7,0,2,0,1,0,4,30
09091,0,1,0,0,0,0,0,0,0,1
09102,0,0,0,0,0,0,0,0,1,1
09103,0,0,0,0,0,0,0,1,0,1
09105,3,10,3,1,2,0,0,0,2,21
09106,0,3,0,0,0,0,0,0,0,3
09109,0,3,0,0,0,0,0,0,0,3
09113,1,3,0,2,0,0,0,0,0,6
09117,0,2,0,0,0,0,0,0,0,2
09119,1,1,0,1,0,0,0,1,5,9
09120,1,6,3,1,0,0,0,0,1,12
09121,2,5,4,0,0,0,0,0,0,11
09122,73,65,18,37,18,12,10,6,184,423
09124,8,13,4,3,3,2,1,1,8,43
09128,1,1,0,1,0,0,0,0,0,3
09130,0,0,2,1,0,0,0,1,1,5
09131,0,0,0,0,0,0,0,0,1,1
09138,1,4,0,6,0,0,0,2,5,18
09140,0,0,0,0,0,0,0,0,1,1
09149,0,0,1,0,0,0,0,0,0,1
09157,5,10,7,2,1,0,1,0,8,34
09160,19,64,9,8,6,3,0,6,52,167
09161,1,1,0,0,0,0,0,0,5,7
09165,0,1,0,0,0,0,0,0,0,1
09167,4,25,7,4,3,3,2,4,9,61
09171,0,0,1,0,0,0,0,0,0,1
09176,2,4,1,0,0,0,0,0,0,7
09177,0,0,0,1,0,0,0,0,0,1
09181,4,7,2,2,2,2,1,0,6,26
09182,1,6,3,0,1,0,0,0,4,15
09185,7,27,13,9,3,3,1,2,16,81
09187,0,0,0,0,0,0,0,0,2,2
09188,6,0,4,0,0,1,0,1,7,19
09194,6,14,12,3,7,3,1,3,15,64
09201,0,0,0,0,0,0,0,0,1,1
09202,0,1,0,0,0,0,0,0,3,4
09203,0,0,0,0,0,0,0,0,1,1
09207,4,8,7,2,4,4,0,7,11,47
09209,0,0,0,0,0,0,0,0,2,2
09210,0,1,0,0,0,0,0,0,1,2
09217,0,0,0,0,0,0,0,0,1,1
09221,1,1,3,0,0,0,0,0,0,5
09223,0,2,0,1,2,0,0,0,4,9
09224,0,0,0,1,0,0,0,0,0,1
09225,65,116,18,20,15,22,3,7,105,371
09227,0,0,0,0,0,0,0,0,1,1
09229,0,4,0,0,0,0,0,0,0,4
09235,2,12,6,5,2,0,1,0,5,33
09238,1,5,2,0,0,0,0,0,1,9
09239,2,0,0,0,0,0,0,0,0,2
09240,0,0,0,1,0,0,0,0,0,1
09244,0,0,0,0,0,1,0,0,0,1
09245,0,2,1,0,0,0,0,0,0,3
09246,0,0,2,0,0,0,0,0,1,3
09247,0,0,0,0,0,0,0,0,2,2
09257,5,5,1,3,2,0,0,0,2,18
09259,0,0,0,1,0,0,0,0,0,1
09261,23,76,49,13,13,4,2,9,69,258
09262,0,0,6,0,0,0,0,0,0,6
09264,192,428,10,14,10,9,33,0,144,840
09265,9,18,5,7,3,5,0,3,27,77
09268,63,247,1,32,4,1,10,3,102,463
09269,0,1,0,0,0,0,0,0,1,2
09270,0,1,0,0,0,0,0,0,0,1
09272,6,2,2,0,2,2,0,1,3,18
09273,0,0,4,1,0,0,0,0,2,7
09275,0,2,0,0,0,0,0,0,0,2
09277,1,3,0,1,1,0,0,0,0,6
09280,0,0,1,0,0,0,0,0,0,1
09282,19,28,12,4,3,6,1,0,18,91
09283,0,0,0,0,0,0,0,0,1,1
09285,4,10,4,3,0,0,1,1,6,29
09289,0,0,6,0,1,1,0,1,4,13
09290,1,0,0,0,0,0,0,0,0,1
09293,1,7,0,2,0,0,0,0,2,12
09306,3,4,14,3,8,2,0,2,25,61
09309,0,2,0,0,0,0,0,0,0,2
09312,10,12,9,2,6,0,2,3,9,53
09321,1,0,0,0,0,0,0,0,0,1
09324,5,19,9,5,5,2,3,5,13,66
09331,0,2,0,0,0,0,0,0,0,2
09332,5,16,8,1,2,2,0,0,5,39
09334,3,5,1,1,1,0,1,1,1,14
09336,0,11,0,0,1,0,0,0,2,14
09339,0,4,3,0,0,0,0,0,0,7
09340,0,0,0,0,0,0,0,0,1,1
10002,0,0,0,0,0,0,0,0,1,1
10003,4,13,9,1,4,3,0,2,15,51
10006,5,19,6,1,4,2,2,2,23,64
10018,3,4,2,1,2,1,1,0,5,19
10024,0,0,1,0,0,0,0,0,1,2
10030,0,6,3,1,0,0,0,0,8,18
10033,20,51,10,6,7,4,1,2,31,132
10034,11,58,9,7,8,0,2,2,24,121
10035,0,3,0,2,0,0,0,0,0,5
10049,0,1,0,0,0,0,0,0,0,1
10051,4,10,2,1,3,3,0,1,1,25
10056,0,1,0,0,0,0,0,0,0,1
10060,2,14,1,7,3,0,1,2,15,45
10063,0,1,0,0,0,0,0,0,1,2
10064,18,194,2,27,9,3,0,0,51,304
10067,0,2,1,0,0,2,0,0,1,6
10069,0,0,5,0,0,0,0,0,1,6
10080,3,8,4,1,2,0,0,0,7,25
10081,28,58,5,11,14,3,1,1,128,249
10084,1,3,1,0,1,2,0,1,2,11
10094,3,5,4,0,2,0,0,0,3,17
10100,4,4,3,0,0,0,0,3,4,18
10101,0,0,0,0,0,0,0,0,1,1
10106,0,0,1,0,0,0,0,0,0,1
10109,0,0,1,0,0,0,0,0,0,1
10110,0,0,3,0,0,0,0,0,0,3
10115,5,12,9,2,2,2,0,0,7,39
10116,0,0,2,0,0,0,0,0,0,2
10123,2,1,2,1,0,0,1,1,2,10
10124,0,0,0,0,0,0,0,1,0,1
10129,0,0,1,0,0,0,0,0,0,1
10140,1,6,2,3,2,2,0,0,1,17
10141,3,4,2,0,2,1,0,1,1,14
10142,1,4,1,0,3,0,0,0,2,11
10148,0,0,0,1,0,0,0,0,0,1
10151,2,2,0,0,2,3,0,0,3,12
10156,0,1,1,0,0,0,0,0,0,2
10158,0,0,0,1,0,0,0,0,0,1
10173,0,0,0,0,0,0,0,0,1,1
10179,0,2,0,0,0,0,0,0,0,2
10190,0,0,1,0,0,0,0,0,0,1
10191,4,0,1,1,0,1,2,0,7,16
10202,0,1,0,0,0,0,0,0,0,1
10209,6,17,6,3,2,1,1,1,7,44
10216,2,4,0,0,2,0,0,1,1,10
10220,2,9,0,3,2,0,0,2,19,37
10223,0,2,0,0,0,0,0,0,0,2
10224,3,8,2,0,3,0,0,1,6,23
10233,4,10,1,1,4,0,0,0,7,27
10237,0,0,0,2,0,0,0,0,3,5
10238,0,0,0,0,0,0,0,0,1,1
10239,0,0,0,0,0,0,0,0,1,1
10240,0,0,1,0,0,0,0,0,0,1
10246,0,1,0,2,0,0,0,1,2,6
10261,2,6,1,0,2,0,0,0,1,12
10265,3,2,2,2,3,7,0,0,10,29
10267,1,3,1,0,2,0,0,0,0,7
10268,9,41,4,6,6,7,2,3,22,100
10280,0,3,0,0,0,0,0,0,1,4
10282,0,1,0,0,0,0,0,0,2,3
10287,6,9,3,2,3,2,1,1,6,33
10289,1,2,1,0,2,0,0,0,1,7
10297,9,21,0,2,5,4,0,0,11,52
10298,1,6,0,0,1,0,0,0,2,10
10300,0,2,0,0,0,0,0,0,0,2
10306,0,0,0,0,0,0,0,0,1,1
10310,0,0,0,0,0,0,0,0,1,1
10314,2,4,0,1,0,0,0,0,1,8
10317,2,9,1,1,2,2,0,0,2,19
10319,0,0,0,0,0,0,0,0,1,1
10321,5,10,6,2,7,1,1,0,8,40
10323,63,145,13,14,17,13,15,1,78,359
10324,0,1,0,0,0,0,0,0,0,1
10325,18,34,8,8,5,1,1,1,41,117
10328,0,0,0,1,0,0,0,0,0,1
10329,1,4,0,5,0,0,0,1,12,23
10333,66,122,27,5,14,5,1,7,90,337
10334,0,0,1,0,0,0,0,0,0,1
10336,0,0,1,0,0,0,0,0,0,1
10340,2,0,2,0,2,3,1,2,2,14
10341,0,0,1,0,0,0,0,0,0,1
10343,25,35,7,2,7,3,0,3,9,91
10349,4,3,1,1,3,4,0,2,45,63
10350,0,0,0,0,0,1,0,0,0,1
10352,0,6,3,0,0,0,0,0,1,10
10353,1,0,1,0,0,0,0,0,0,2
10357,8,32,12,12,3,2,0,1,62,132
10358,2,7,3,0,2,2,0,0,3,19
10360,0,0,0,1,0,0,0,0,0,1
10362,15,33,11,9,13,7,0,9,42,139
10363,0,0,0,0,1,0,0,0,0,1
10372,2,6,2,1,0,1,0,0,1,13
10375,0,0,1,0,0,0,0,0,0,1
10377,0,0,0,0,1,0,0,0,1,2
10381,0,2,0,0,0,0,0,0,2,4
10382,3,5,0,2,2,0,0,0,0,12
10387,417,1003,83,125,81,48,73,30,626,2486
10392,0,2,0,0,0,0,0,0,0,2
10401,2,13,2,4,2,1,1,1,26,52
10406,0,3,3,0,3,0,1,0,1,11
10409,0,1,0,0,0,0,0,0,0,1
10412,1,1,5,2,0,1,2,1,5,18
10417,0,0,0,0,0,0,0,2,0,2
10420,2,8,6,2,2,0,0,0,4,24
10423,0,0,3,0,0,0,0,0,0,3
10425,0,2,0,0,0,0,0,0,0,2
10426,0,0,0,0,2,0,0,0,1,3
10429,0,2,0,0,0,0,0,0,0,2
10437,0,0,1,0,0,0,0,0,0,1
10441,0,2,0,0,0,0,0,0,0,2
10444,0,0,0,1,0,0,0,0,0,1
11004,0,2,0,1,0,0,0,0,0,3
11005,1,3,3,0,0,0,0,1,2,10
11007,0,0,0,0,0,0,0,1,0,1
11008,1,0,0,1,0,0,0,0,0,2
11009,5,9,0,0,2,0,0,0,2,18
11011,0,2,0,0,0,0,0,0,0,2
11012,1,2,3,0,2,0,0,0,0,8
11013,0,0,0,0,0,0,0,0,1,1
11014,2,6,4,1,0,0,1,0,3,17
11018,4,5,0,0,1,0,0,0,5,15
11021,3,8,3,0,2,2,0,0,1,19
11022,0,0,2,0,2,0,0,1,1,6
11023,4,19,1,5,1,0,0,0,2,32
11024,0,0,0,0,0,0,0,0,1,1
11026,0,1,0,0,0,0,0,0,0,1
11028,1,5,2,0,0,0,0,1,1,10
11029,0,1,0,0,0,0,0,0,0,1
11033,1,16,2,0,2,1,0,0,3,25
11034,3,11,6,0,1,1,1,0,5,28
11035,0,0,0,0,0,0,0,0,1,1
11036,0,0,0,1,0,0,0,0,0,1
11039,0,0,0,1,0,0,0,0,0,1
11040,0,7,1,1,0,0,0,0,1,10
11041,6,4,3,1,3,2,1,0,6,26
11043,0,1,0,0,0,0,0,0,0,1
11046,0,0,0,0,0,0,0,0,1,1
11048,0,2,0,0,0,0,0,1,0,3
11049,7,20,5,8,3,8,1,3,22,77
11053,0,2,0,0,0,0,0,0,0,2
11056,0,0,0,1,0,0,0,0,1,2
11066,0,0,1,0,0,0,0,0,0,1
11067,3,7,5,1,3,1,1,0,1,22
11068,6,12,1,3,3,4,0,1,11,41
11069,421,875,94,112,89,52,65,17,622,2347
11070,0,0,0,0,0,0,0,0,1,1
11071,0,1,1,0,0,0,1,0,0,3
11074,0,4,0,0,0,0,0,0,0,4
11075,0,1,0,1,0,0,0,0,0,2
11076,69,116,38,17,12,19,6,7,124,408
11078,0,1,0,0,0,0,0,0,0,1
11081,2,10,0,1,2,0,0,0,3,18
11084,0,2,0,0,0,0,0,0,0,2
11085,0,0,0,1,0,0,0,0,0,1
11086,0,1,1,0,0,0,0,0,0,2
11088,5,6,5,0,1,2,0,1,3,23
11089,0,1,0,2,0,0,0,1,4,8
11090,0,0,1,0,0,0,0,0,0,1
11091,6,21,4,4,1,0,1,0,9,46
11095,0,1,0,0,0,0,0,0,0,1
11098,0,5,0,0,0,0,0,0,0,5
11099,8,26,5,2,2,1,0,1,12,57
11103,2,14,5,3,2,0,0,1,3,30
11106,7,25,9,3,4,2,1,1,25,77
11111,0,2,0,0,0,0,0,0,1,3
11115,5,10,3,1,3,1,1,1,6,31
11116,5,20,4,3,5,0,0,0,10,47
11122,2,0,0,0,0,0,0,0,2,4
11124,3,9,2,1,2,1,0,0,6,24
11129,8,20,5,2,3,2,0,2,7,49
11130,0,0,0,0,2,1,0,0,1,4
11131,0,0,0,0,0,0,0,1,0,1
11132,5,4,3,1,3,0,0,1,5,22
11133,1,0,0,0,0,0,0,0,0,1
11136,3,11,1,1,2,0,0,0,1,19
11137,0,0,0,2,0,0,0,0,0,2
11138,0,0,0,1,0,0,0,0,1,2
11140,1,3,3,0,0,0,0,0,0,7
11143,0,1,0,0,0,0,0,1,0,2
11144,5,0,3,0,0,0,1,0,3,12
11145,8,11,9,0,5,0,0,0,2,35
11148,0,0,0,1,0,0,0,0,0,1
11150,0,2,0,0,0,1,0,0,1,4
11164,3,6,6,0,1,0,0,0,5,21
11169,0,0,0,0,0,0,0,1,0,1
11170,7,27,18,1,5,2,1,2,19,82
11172,0,3,0,1,0,0,0,0,2,6
11178,4,4,5,0,2,2,0,0,4,21
11181,0,1,0,0,0,0,0,0,0,1
11182,0,0,1,0,0,0,0,0,0,1
11183,0,2,0,0,0,0,0,1,0,3
11185,1,2,0,0,2,0,0,0,1,6
11187,0,2,0,0,0,0,0,0,0,2
11188,2,3,4,1,2,4,0,0,5,21
11190,1,6,6,0,3,1,0,0,4,21
11191,0,1,0,1,0,0,0,0,0,2
11192,0,0,0,0,0,0,0,0,1,1
11197,0,0,0,1,0,0,0,0,0,1
11198,2,2,0,0,1,0,0,0,2,7
11199,1,2,2,0,0,2,0,0,0,7
11200,0,0,1,0,0,0,0,0,0,1
11201,5,5,3,0,1,0,2,0,3,19
11202,23,25,14,5,6,3,1,2,17,96
11203,49,122,41,16,14,11,3,8,84,348
11206,77,243,27,37,17,15,3,9,146,574
11209,0,0,0,0,0,0,0,0,1,1
11210,1,3,2,0,3,0,0,2,0,11
11212,0,1,0,0,0,0,0,0,0,1
11215,0,2,0,0,0,0,0,1,2,5
11217,3,4,2,0,3,0,2,0,1,15
11220,1,4,0,0,0,0,0,0,1,6
11222,0,2,0,0,0,0,0,0,0,2
11225,0,0,0,1,0,0,0,0,0,1
11233,0,3,2,0,0,0,0,0,2,7
11251,0,0,0,1,1,0,0,0,0,2
11252,0,0,0,1,0,0,0,0,0,1
11253,3,3,1,3,3,0,0,2,7,22
11254,2,14,1,2,1,1,0,0,6,27
11255,104,244,26,7,7,1,1,0,41,431
11256,0,0,0,0,0,0,0,1,0,1
11258,0,6,5,0,0,0,0,0,0,11
11261,1,2,0,0,1,0,0,1,0,5
11262,333,668,129,118,98,79,31,34,586,2076
11264,0,1,4,0,0,0,0,1,3,9
11266,15,37,17,2,6,3,1,3,28,112
11267,1,2,2,0,1,0,0,0,1,7
11269,2,7,5,2,3,1,1,0,6,27
11270,1,0,1,0,0,0,0,0,0,2
11272,3,6,3,1,2,0,0,1,3,19
11273,0,2,0,0,0,0,0,0,1,3
11279,8,20,3,2,3,2,0,0,13,51
11280,0,8,1,1,2,0,1,0,5,18
11281,0,0,0,0,0,0,0,0,1,1
11285,2,4,5,0,1,0,0,0,0,12
11286,1,4,3,0,2,0,1,0,3,14
11288,1,3,5,0,2,1,0,1,1,14
11289,0,1,0,1,0,0,0,0,0,2
11291,0,0,1,0,0,0,0,0,0,1
11295,1,6,4,0,2,0,0,0,1,14
11297,0,0,0,1,0,0,0,0,1,2
11301,0,3,1,0,2,1,0,0,1,8
11302,0,1,0,0,0,0,0,0,0,1
11304,16,19,6,4,4,4,1,2,28,84
11307,0,0,1,0,0,0,0,0,1,2
11310,1,2,2,1,0,0,0,0,0,6
11311,0,5,0,3,0,0,0,0,17,25
11314,0,1,0,0,0,0,0,0,0,1
11315,0,7,0,1,3,2,0,2,27,42
11322,0,0,1,0,0,0,0,0,0,1
11324,0,1,0,0,0,0,0,0,0,1
11325,0,3,0,0,0,0,0,0,0,3
11327,0,0,0,1,0,0,0,0,0,1
11328,1,0,0,0,0,0,0,0,0,1
11332,1,3,1,0,1,0,0,1,3,10
11336,0,0,1,0,0,0,0,0,1,2
11337,0,0,1,0,0,0,0,0,0,1
11339,0,0,0,1,0,0,0,0,0,1
11343,0,0,0,0,0,0,0,0,1,1
11344,2,2,2,0,1,0,0,0,1,8
11348,1,0,0,0,0,0,0,0,0,1
11351,0,2,2,0,1,0,0,0,2,7
11353,6,7,2,1,4,2,0,1,10,33
11356,0,3,3,0,0,0,0,0,1,7
11357,0,0,1,0,0,0,0,0,0,1
11360,0,2,2,0,0,0,0,0,1,5
11361,1,4,0,0,1,0,1,0,0,7
11364,0,0,0,0,0,0,0,0,1,1
11367,3,10,1,0,2,0,0,1,1,18
11369,5,11,7,4,2,3,0,2,6,40
11370,2,17,8,0,3,0,0,1,7,38
11371,2,9,2,0,2,1,1,2,4,23
11378,2,1,0,0,0,0,0,0,1,4
11379,13,26,8,3,5,9,1,2,25,92
11382,0,0,0,1,0,0,0,0,1,2
11383,0,0,1,0,0,0,0,0,0,1
11386,0,6,0,1,0,0,0,1,4,12
11387,0,1,0,0,0,0,0,0,0,1
11390,0,0,0,1,0,0,0,0,0,1
11397,11,31,14,5,9,7,2,1,36,116
11399,1,0,0,0,0,0,0,0,0,1
11400,0,0,0,1,0,0,0,0,0,1
11401,10,9,5,1,1,1,0,0,0,27
11404,0,3,1,1,0,0,0,0,2,7
11405,0,2,1,0,0,0,0,0,0,3
11410,1,6,0,2,3,0,1,1,0,14
11415,0,1,0,0,0,0,0,0,0,1
11416,0,0,0,0,0,0,0,0,1,1
11418,2,4,1,1,1,0,0,1,5,15
11421,0,1,0,0,0,0,0,0,0,1
11425,3,5,2,1,2,1,0,0,1,15
11426,1,2,3,0,0,0,1,2,3,12
11429,4,7,7,2,4,0,2,2,15,43
11430,0,5,0,0,0,0,0,0,0,5
11432,0,0,0,1,0,0,0,0,0,1
11433,0,2,0,0,3,0,0,0,1,6
11434,2,10,1,0,2,2,0,1,1,19
11435,1,2,0,0,0,0,0,0,0,3
11436,0,0,0,1,0,0,0,0,1,2
11437,0,2,0,0,0,0,0,0,0,2
11438,0,3,1,0,0,0,0,0,1,5
11439,0,0,0,1,0,0,0,0,0,1
11441,0,2,6,1,2,1,0,1,4,17
12001,0,6,0,0,0,0,0,0,0,6
12002,1,5,2,0,3,0,0,0,3,14
12006,0,0,1,0,0,0,0,0,0,1
12011,0,3,0,0,0,0,0,0,0,3
12012,0,1,0,1,0,0,0,0,0,2
12013,3,28,2,0,4,2,0,0,11,50
12016,0,2,0,2,0,0,0,0,8,12
12021,4,2,0,0,0,0,0,0,3,9
12024,0,0,0,0,0,0,0,0,1,1
12025,4,16,2,2,2,0,2,0,5,33
12026,0,0,4,3,0,0,0,0,2,9
12028,0,3,0,0,0,0,0,0,0,3
12030,0,2,0,0,0,0,0,0,0,2
12033,5,22,8,1,2,3,1,3,13,58
12034,0,0,0,1,0,0,0,0,0,1
12036,0,0,0,0,0,0,0,0,1,1
12037,0,7,1,1,0,0,0,0,1,10
12039,0,0,1,0,0,0,0,0,0,1
12043,5,37,7,3,0,0,0,0,18,70
12044,2,9,3,0,3,2,0,0,3,22
12047,0,0,0,0,0,0,0,0,1,1
12049,0,7,0,0,0,0,0,0,0,7
12052,9,37,6,5,6,6,0,3,18,90
12056,8,30,8,2,7,3,0,3,26,87
12057,1,15,2,0,2,0,0,1,5,26
12061,0,0,0,0,0,0,0,0,1,1
12062,0,0,0,0,0,0,0,0,1,1
12063,5,9,3,0,2,0,1,2,3,25
12066,0,6,0,0,0,0,0,0,10,16
12068,0,2,0,0,0,0,0,0,0,2
12070,0,0,1,0,0,0,0,0,0,1
12072,0,0,0,0,0,0,0,0,2,2
12076,0,7,0,0,2,0,0,0,1,10
12077,0,5,1,0,0,0,0,0,2,8
12079,0,0,0,0,0,0,0,0,1,1
12080,1,5,0,0,1,1,0,0,2,10
12083,2,7,1,2,2,1,0,0,18,33
12084,3,5,1,0,0,0,0,0,1,10
12086,0,0,0,1,0,0,0,0,0,1
12089,33,102,11,4,7,4,3,5,91,260
12090,3,5,6,2,4,4,2,1,4,31
12092,0,5,0,0,0,0,0,0,0,5
12094,3,13,4,1,2,0,0,1,5,29
12096,16,82,20,6,11,6,2,5,53,201
12098,1,8,0,0,3,1,0,0,2,15
12100,1,10,0,1,4,0,0,0,5,21
12101,0,10,0,0,0,0,0,0,4,14
12102,4,5,2,1,2,5,0,0,2,21
12105,2,10,4,2,3,0,1,1,3,26
12106,0,1,0,0,0,0,0,0,0,1
12107,0,1,0,0,0,0,0,0,0,1
12113,2,7,0,0,0,0,0,0,0,9
12114,0,2,0,0,0,0,0,0,0,2
12116,0,0,0,0,0,0,0,0,1,1
12118,0,4,0,1,0,0,0,0,0,5
12119,7,20,2,0,5,3,0,1,8,46
12120,5,25,6,6,3,1,1,6,21,74
12121,4,9,4,1,1,0,0,0,5,24
12125,0,0,0,0,0,0,0,0,1,1
12127,1,2,9,0,1,0,0,0,1,14
12130,1,8,1,2,1,0,2,0,2,17
12131,0,3,0,0,0,0,0,0,2,5
12133,10,19,11,3,8,3,3,2,47,106
12134,0,1,0,1,0,0,0,0,0,2
12135,1,5,0,0,0,0,0,0,0,6
12136,0,0,0,1,0,0,0,0,0,1
12138,4,24,5,2,4,6,2,1,14,62
12139,0,0,1,0,0,0,0,0,0,1
12140,0,3,0,0,0,0,0,0,9,12
12144,0,0,0,0,0,0,0,0,1,1
12145,102,234,54,30,34,22,18,20,210,724
12146,4,6,3,0,2,0,0,0,5,20
12148,3,16,5,1,3,1,0,2,6,37
12149,0,0,1,0,0,0,0,0,0,1
12150,1,0,0,0,0,0,0,0,0,1
12154,0,4,0,0,0,0,0,0,0,4
12155,0,0,0,1,0,0,0,0,0,1
12157,2,5,6,0,3,0,0,0,0,16
12159,0,0,0,0,0,0,0,0,1,1
12161,0,0,0,0,0,0,0,0,2,2
12162,0,0,0,1,0,0,0,0,0,1
12164,2,17,1,1,3,1,0,0,44,69
12167,0,2,4,0,0,0,0,0,5,11
12168,6,17,3,4,0,0,0,0,6,36
12169,5,23,4,2,3,2,2,1,11,53
12171,1,0,3,0,0,0,0,0,0,4
12174,20,31,4,3,5,1,0,1,10,75
12176,14,37,31,10,10,11,3,4,118,238
12177,0,2,0,0,0,0,0,0,0,2
12178,0,0,0,0,0,0,0,0,1,1
12185,5,34,4,2,3,1,1,0,51,101
12188,0,2,0,0,0,0,0,0,0,2
12191,0,0,0,1,0,0,0,0,0,1
12193,0,1,0,0,0,0,0,0,0,1
12197,3,32,3,2,3,0,1,0,14,58
12198,2,27,7,2,4,1,0,2,15,60
12199,4,29,8,5,2,2,1,1,10,62
12200,2,3,0,0,0,0,0,0,0,5
12201,0,0,0,0,0,0,0,0,1,1
12202,291,966,78,97,57,33,49,27,599,2197
12203,0,0,0,0,1,0,0,0,0,1
12204,0,0,0,0,0,0,0,0,1,1
12205,0,2,0,0,0,0,0,0,0,2
12208,32,119,22,11,19,7,14,2,74,300
12209,3,12,2,0,2,0,0,1,4,24
12213,1,6,1,0,0,1,0,1,1,11
12214,2,10,3,1,3,0,0,0,0,19
12215,3,2,2,2,3,0,0,4,3,19
12216,1,19,7,2,2,0,0,2,13,46
12217,0,0,0,0,0,0,0,0,1,1
12218,2,4,1,1,0,0,0,0,3,11
12223,2,9,4,1,3,3,1,1,4,28
12224,3,38,4,4,5,1,0,1,22,78
12225,27,3,3,0,3,0,0,2,9,47
12230,6,30,4,1,2,0,0,1,14,58
12231,0,6,2,0,2,0,0,0,1,11
12236,0,0,0,0,0,0,0,1,0,1
12237,1,3,0,5,1,0,0,2,2,14
12238,1,6,0,2,0,0,0,1,5,15
12240,0,4,0,0,0,0,0,0,0,4
12241,1,5,2,1,0,1,1,0,2,13
12242,0,1,0,0,0,0,0,0,0,1
12243,2,3,2,1,0,0,2,2,0,12
12244,2,10,2,0,1,0,0,0,0,15
12246,0,2,0,0,0,0,0,1,0,3
12248,2,16,4,0,2,0,1,0,1,26
12251,0,3,1,0,0,0,0,0,0,4
12253,2,6,4,0,2,0,0,1,5,20
12254,1,15,2,1,3,0,0,0,1,23
12255,3,5,0,0,0,0,0,1,3,12
12257,0,2,0,0,0,0,0,0,0,2
12258,2,8,1,1,1,1,0,0,4,18
12259,0,4,0,0,0,0,0,0,0,4
12262,1,7,3,4,1,0,0,2,4,22
12264,5,11,14,0,2,3,2,3,40,80
12270,6,38,7,1,6,2,1,2,24,87
12280,0,0,0,0,1,0,0,0,0,1
12281,0,2,5,0,0,0,0,0,0,7
12282,0,2,2,0,0,0,0,0,0,4
12284,0,1,0,0,0,0,0,0,1,2
12285,0,2,0,0,0,0,0,0,0,2
12286,0,4,1,0,2,0,0,0,2,9
12287,0,2,0,0,0,0,0,0,0,2
12288,0,3,0,0,0,0,0,0,0,3
12291,3,16,1,0,1,1,0,0,1,23
12294,1,3,2,0,1,0,0,0,0,7
12298,1,9,2,1,2,1,0,0,1,17
12299,2,14,4,0,1,0,1,0,3,25
12300,59,227,18,23,21,9,21,6,149,533
12301,7,17,4,4,4,4,0,2,10,52
12305,0,8,0,0,0,0,0,0,2,10
13001,1441,2342,354,446,214,243,129,131,1387,6687
13002,74,155,42,23,29,25,2,17,93,460
13003,4,6,2,0,1,2,0,1,3,19
13004,277,593,69,69,66,39,28,21,296,1458
13005,537,819,150,56,77,75,48,47,416,2225
13006,1,4,2,0,0,0,0,0,1,8
13007,24,49,20,12,15,11,3,8,46,188
13009,0,3,2,0,0,0,0,0,2,7
13010,3,12,9,1,3,1,0,0,6,35
13012,0,6,1,2,0,0,0,0,3,12
13013,3,15,2,1,0,2,0,1,7,31
13014,14,27,7,2,9,11,2,3,32,107
13015,58,104,49,17,20,9,2,10,90,359
13016,9,30,15,5,8,1,0,5,22,95
13017,1,0,5,4,2,3,2,3,4,24
13018,4,14,2,3,5,2,0,1,12,43
13019,13,33,36,1,3,7,12,4,41,150
13020,6,10,3,0,3,0,1,4,4,31
13021,24,27,30,6,5,6,1,4,27,130
13022,48,30,21,5,13,2,0,5,38,162
13023,10,28,6,1,3,3,1,4,12,68
13024,2,11,1,1,2,1,0,1,5,24
13025,2,6,14,1,1,3,0,1,8,36
13026,20,60,17,5,11,22,4,5,70,214
13027,25,58,26,8,12,17,2,8,59,215
13028,295,320,144,41,65,60,26,29,211,1191
13029,1,3,0,1,0,0,0,0,0,5
13030,4,14,7,0,2,1,0,2,3,33
13031,48,83,25,3,4,4,3,11,38,219
13032,126,48,41,16,9,10,1,5,58,314
13033,15,11,9,2,5,5,0,2,8,57
13034,3,4,3,0,2,3,0,2,4,21
13035,26,43,13,4,6,1,0,3,24,120
13036,3,21,3,1,2,4,2,2,55,93
13037,11,85,22,8,11,9,0,6,34,186
13038,7,21,6,7,4,5,0,2,9,61
13039,15,64,12,7,13,2,0,3,29,145
13040,36,30,30,11,7,14,2,8,42,180
13041,101,128,38,20,28,4,5,19,125,468
13042,24,44,26,2,9,2,0,3,26,136
13043,13,29,15,4,7,9,1,7,14,99
13044,6,25,9,5,2,3,2,4,11,67
13045,4,16,3,1,4,1,0,0,6,35
13046,9,23,8,4,6,1,0,4,31,86
13047,128,206,72,29,33,30,8,17,154,677
13048,4,13,3,0,2,4,0,3,9,38
13049,2,7,4,1,2,1,0,0,0,17
13050,16,28,30,8,6,8,0,4,42,142
13051,13,19,16,5,9,7,0,6,21,96
13052,1,7,2,1,2,0,0,1,30,44
13053,8,20,5,4,6,3,4,3,26,79
13054,225,300,44,18,51,38,4,8,172,860
13055,3254,48,2,15,45,0,0,1,53,3418
13056,322,660,115,69,52,32,47,16,339,1652
13057,0,0,2,0,0,1,0,1,2,6
13058,12,15,10,7,3,3,1,4,13,68
13059,2,8,4,0,3,1,0,1,7,26
13060,6,38,13,5,2,6,1,6,26,103
13062,18,51,22,3,7,4,1,6,37,149
13063,50,112,32,7,23,18,1,7,56,306
13064,3,5,4,3,2,0,0,0,8,25
13065,5,7,18,0,2,4,0,2,9,47
13066,4,14,3,3,5,1,2,1,14,47
13067,5,13,3,0,2,0,0,2,9,34
13068,3,2,6,1,0,2,0,0,3,17
13069,14,40,20,8,10,7,2,8,45,154
13070,24,67,23,11,8,3,1,10,31,178
13071,60,82,29,12,28,16,1,11,84,323
13072,6,8,11,4,2,9,1,5,19,65
13073,5,28,8,1,6,4,1,1,13,67
13074,8,10,9,0,2,3,1,1,10,44
13075,55,72,20,9,11,12,6,8,70,263
13076,7,16,2,2,2,2,1,0,5,37
13077,34,177,12,2,20,17,3,1,42,308
13078,10,36,14,0,6,2,1,2,32,103
13079,3,10,3,1,0,0,0,0,1,18
13080,10,58,7,10,6,3,1,4,18,117
13081,15,35,25,7,11,8,1,7,35,144
13082,7,30,19,6,3,5,0,0,14,84
13083,7,14,2,6,3,0,1,4,19,56
13084,16,71,10,12,6,2,1,5,41,164
13085,9,54,11,4,7,4,1,2,19,111
13086,12,51,14,7,10,3,1,6,47,151
13087,11,26,16,3,10,1,0,6,25,98
13088,4,21,12,1,3,2,1,4,24,72
13089,3,8,7,0,2,1,0,1,10,32
13091,29,22,11,10,6,12,3,4,28,125
13092,11,66,12,5,5,4,1,6,33,143
13093,0,24,1,1,0,0,0,0,1,27
13094,4,19,7,0,1,0,0,0,2,33
13095,2,7,2,5,0,0,0,0,2,18
13096,5,5,3,0,3,1,0,0,7,24
13097,26,58,18,12,14,20,3,4,38,193
13098,5,21,11,1,3,2,0,2,20,65
13099,0,10,0,0,2,1,0,0,3,16
13100,40,97,22,12,15,6,1,5,59,257
13101,4,10,4,1,3,1,0,0,5,28
13102,29,61,15,6,7,11,1,2,46,178
13103,285,573,74,60,79,54,45,35,332,1537
13104,27,27,22,4,5,2,2,1,29,119
13105,15,34,18,3,5,3,1,3,26,108
13106,8,49,19,7,10,10,5,8,29,145
13107,34,26,5,3,6,6,1,2,33,116
13108,17,107,23,9,12,4,1,6,41,220
13109,9,16,7,6,5,8,2,1,36,90
13110,41,42,32,10,9,11,4,3,49,201
13111,3,8,1,2,0,0,0,1,4,19
13112,19,30,18,8,11,8,2,5,34,135
13113,48,16,40,11,11,20,3,14,82,245
13114,15,14,20,5,5,9,0,6,12,86
13115,1,1,7,1,0,0,0,0,3,13
13116,3,2,0,0,3,0,0,0,5,13
13117,166,144,52,19,36,45,28,14,160,664
13118,14,7,11,1,11,1,1,2,6,54
13119,15,23,33,7,7,5,2,5,33,130
13201,102,130,147,105,66,82,11,42,253,938
13202,117,133,31,33,43,55,9,7,119,547
13203,331,618,85,21,57,50,46,6,267,1481
13204,58,246,89,58,49,78,8,69,267,922
13205,1417,2831,120,132,217,125,105,51,1225,6223
13206,195,451,132,141,109,109,49,72,564,1822
13207,23,148,105,53,43,47,8,27,177,631
13208,497,1422,313,145,140,219,126,89,826,3777
13209,609,1571,245,119,147,75,14,72,1060,3912
13210,18,354,235,30,49,46,5,40,214,991
13211,96,501,97,81,60,48,4,45,332,1264
13212,309,982,346,74,140,74,49,47,502,2523
13213,206,816,259,58,177,74,16,34,447,2087
13214,43,596,97,29,109,63,9,23,201,1170
13215,529,1283,79,68,83,63,82,18,446,2651
13216,15,200,106,15,32,15,7,12,61,463
14006,0,0,0,0,0,0,0,0,1,1
14009,2,3,2,0,0,0,0,1,2,10
14015,2,0,0,0,0,1,0,0,1,4
14016,0,2,0,0,0,0,0,0,1,3
14020,7,20,5,2,5,7,2,4,13,65
14021,1,4,1,1,1,0,0,1,2,11
14022,0,3,0,1,0,0,0,0,0,4
14024,0,0,0,1,0,0,0,0,0,1
14026,0,0,0,0,0,0,0,0,1,1
14027,17,23,10,8,5,0,3,7,37,110
14030,0,0,0,1,0,0,0,0,1,2
14033,0,0,0,0,0,0,0,0,1,1
14034,0,0,1,0,0,0,0,0,0,1
14035,1,3,1,1,2,0,0,1,1,10
14038,0,0,0,1,0,0,0,0,0,1
14039,0,0,1,0,0,0,0,0,0,1
14042,2,2,0,4,0,0,0,0,12,20
14044,0,0,1,0,0,0,0,0,0,1
14046,2,3,1,0,1,0,0,1,5,13
14047,200,455,33,33,33,22,26,17,207,1026
14055,0,0,0,1,0,0,0,0,1,2
14057,1,1,1,0,0,1,0,0,1,5
14059,0,0,0,1,0,0,0,0,1,2
14060,4,2,5,1,3,0,1,0,6,22
14061,3,9,1,1,5,0,0,2,6,27
14066,2,2,0,0,2,0,0,0,3,9
14068,4,16,8,6,2,12,0,2,5,55
14069,0,1,0,0,0,0,0,0,0,1
14076,6,9,6,1,5,6,0,1,10,44
14077,2,3,3,0,0,0,0,0,0,8
14079,1,1,2,1,2,0,0,2,0,9
14081,0,0,1,0,0,0,0,0,0,1
14083,2,0,2,0,2,0,0,0,1,7
14090,0,1,0,1,0,0,0,0,0,2
14092,2,18,0,0,1,0,0,1,2,24
14098,7,9,11,3,5,1,2,6,18,62
14100,6,9,4,3,3,1,0,2,7,35
14101,9,12,16,17,4,2,0,7,29,96
14102,2,6,0,4,0,0,0,0,1,13
14106,0,0,0,0,0,0,0,0,1,1
14107,0,0,0,1,0,0,0,0,0,1
14110,1,0,0,0,0,0,0,0,0,1
14117,7,21,9,2,6,2,0,2,22,71
14118,1900,3682,252,390,248,151,169,107,1625,8524
14119,2,14,2,1,2,0,0,0,6,27
14120,1,0,0,0,1,0,0,0,0,2
14123,1,2,3,3,0,0,0,0,0,9
14124,2,0,0,0,2,0,0,0,1,5
14125,0,3,1,0,0,0,0,0,3,7
14126,6,4,1,0,1,0,0,1,5,18
14135,0,0,0,0,0,0,0,0,1,1
14137,6,14,1,1,10,4,0,2,14,52
14143,5,18,1,3,3,2,0,2,4,38
14150,1,4,0,3,0,0,0,0,5,13
14157,2,2,3,0,0,0,0,0,1,8
14158,0,0,4,0,0,0,0,0,0,4
14162,3,7,0,1,2,0,0,2,2,17
14163,0,0,0,0,0,0,0,0,1,1
14166,3,3,4,1,3,2,0,3,1,20
14167,10,27,12,6,8,0,0,3,14,80
14170,0,0,3,0,0,0,0,0,0,3
14174,19,32,11,5,5,3,1,3,30,109
14181,6,15,5,7,29,0,0,0,31,93
14184,1,0,0,0,0,0,0,0,0,1
14185,0,0,0,0,0,1,0,0,0,1
14191,14,31,4,6,7,2,0,2,26,92
14195,0,0,0,0,0,0,0,0,1,1
14200,6,5,7,0,3,2,0,2,5,30
14201,0,0,1,0,0,0,0,0,0,1
14202,103,126,3,10,2,0,2,0,21,267
14215,1,2,2,0,0,0,0,0,1,6
14220,52,43,20,11,9,15,1,5,32,188
14221,9,7,5,4,2,0,0,2,13,42
14225,11,29,7,4,7,5,3,1,33,100
14228,13,24,15,3,9,4,1,4,44,117
14229,5,28,6,4,4,1,2,2,24,76
14236,0,5,0,2,0,0,0,0,2,9
14241,0,0,1,0,0,0,0,0,0,1
14242,15,44,8,3,6,9,1,2,16,104
14243,5,9,0,0,0,0,0,0,2,16
14244,0,0,0,0,0,0,0,0,1,1
14246,0,0,0,1,0,0,0,0,1,2
14251,0,1,0,0,0,2,0,0,0,3
14254,1,3,5,1,0,0,0,2,1,13
14256,0,0,0,1,0,0,0,0,0,1
14257,7,19,12,2,2,4,3,6,16,71
14258,76,178,14,14,24,12,6,7,101,432
14260,0,0,0,0,0,0,0,0,1,1
14265,1,0,0,0,0,0,0,0,0,1
14266,2,2,4,1,0,0,0,1,4,14
14270,0,1,0,0,0,0,0,0,0,1
14271,21,24,9,13,7,1,8,10,26,119
14274,6,2,2,1,3,2,0,3,2,21
14277,2,0,0,0,2,0,0,0,2,6
14278,1,5,0,0,0,0,0,0,0,6
14287,0,2,0,1,0,0,0,4,0,7
14288,0,0,1,0,0,0,0,0,0,1
14290,0,0,0,0,0,0,0,0,1,1
14297,0,0,0,1,0,0,0,0,2,3
14301,8,6,12,0,4,1,2,4,11,48
14303,0,3,0,0,0,0,0,0,2,5
14305,0,0,0,0,0,0,0,0,1,1
14309,1,0,0,0,0,0,0,0,0,1
14310,0,3,0,0,0,0,0,2,0,5
14311,1,7,1,1,0,0,0,0,1,11
14312,2,6,1,1,2,2,0,0,1,15
14317,3,2,0,0,0,0,0,0,0,5
14318,1,9,0,6,0,0,0,1,13,30
14319,0,1,5,0,0,0,0,0,0,6
14320,0,0,0,0,0,0,0,0,2,2
14325,2,3,4,0,3,1,1,0,7,21
14327,164,140,68,36,55,14,1,23,137,638
14328,0,1,0,0,0,0,0,0,0,1
14331,0,0,1,0,0,0,0,0,0,1
14332,0,0,0,0,0,0,0,0,1,1
14333,27,43,10,7,11,9,4,3,41,155
14334,0,1,0,0,0,0,0,0,0,1
14338,1,4,5,0,1,0,2,1,3,17
14341,21,78,9,17,15,3,2,5,65,215
14342,8,16,3,2,6,1,0,3,13,52
14349,0,3,0,0,0,0,0,1,0,4
14352,0,3,0,0,1,0,0,0,3,7
14354,3,2,1,1,2,0,0,1,2,12
14357,0,1,0,0,0,0,0,0,0,1
14364,0,0,1,1,0,0,0,0,0,2
14365,2,5,2,1,3,0,0,1,4,18
14366,240,355,30,55,51,27,34,13,270,1075
14370,8,15,1,5,3,4,1,1,5,43
14371,3,14,2,3,5,1,1,0,3,32
14377,0,1,0,0,0,0,0,0,0,1
14380,0,2,0,0,0,0,0,0,0,2
14383,10,19,8,4,4,1,0,0,28,74
14384,3,13,1,5,3,1,0,0,5,31
14390,0,0,1,0,0,0,0,0,0,1
14393,0,0,0,1,0,0,0,0,0,1
14396,0,1,0,0,0,0,0,0,0,1
14406,0,0,0,0,0,0,0,0,1,1
14407,2,3,4,2,3,0,0,1,4,19
14408,2,2,5,1,6,0,0,1,11,28
14409,2,6,1,1,3,2,2,1,3,21
14410,0,0,1,0,0,0,0,0,2,3
14412,0,2,0,0,0,0,0,0,0,2
14421,0,2,0,1,0,0,0,0,0,3
14431,6,19,7,2,8,0,2,2,18,64
14436,0,0,0,0,0,0,0,0,1,1
14437,11,40,12,7,13,2,11,3,98,197
14452,5,4,0,1,2,0,0,1,1,14
14454,0,3,0,0,1,3,0,4,1,12
14456,1,2,0,0,3,0,0,0,3,9
14458,1,4,0,2,0,0,0,0,1,8
14460,3,5,2,0,2,1,0,1,0,14
14475,5,7,5,3,3,0,0,5,9,37
14478,5,16,5,2,4,2,1,0,12,47
14488,22,35,19,6,17,7,1,5,45,157
14491,0,0,0,0,0,0,0,1,0,1
14514,11,35,5,7,25,4,1,3,42,133
14515,4,16,1,2,4,0,0,1,7,35
14516,3,10,1,1,4,2,0,0,8,29
14520,0,2,0,0,0,0,0,0,0,2
14530,3,2,4,1,3,0,2,1,8,24
14534,0,0,0,0,0,0,0,0,1,1
14536,2,7,3,3,3,0,1,0,3,22
14538,0,0,0,1,1,0,0,0,1,3
14540,0,3,0,0,0,0,0,0,0,3
14542,0,0,1,0,0,0,0,0,1,2
14543,8,3,2,3,2,0,0,2,25,45
14552,1,0,0,0,0,0,0,0,0,1
14554,0,1,0,2,0,0,0,0,0,3
14556,0,2,0,2,0,4,0,0,7,15
14557,4,4,3,2,0,9,0,0,4,26
14558,0,2,0,0,0,0,0,0,0,2
14562,3,2,4,0,2,0,1,1,0,13
14566,41,7,4,5,3,19,0,4,43,126
14570,0,9,1,2,0,0,0,0,1,13
14574,0,10,2,2,0,0,0,0,0,14
14575,0,0,0,0,0,0,0,0,1,1
14578,2,5,1,1,2,2,0,1,1,15
14584,0,0,1,0,0,0,0,0,0,1
14585,1,0,0,0,0,0,0,0,0,1
14587,4,2,3,0,3,0,0,1,3,16
14592,2,3,0,0,2,0,0,0,2,9
14597,1,0,0,0,0,0,0,0,0,1
14600,1,0,0,0,0,0,0,0,0,1
14603,4,1,5,0,3,0,0,0,2,15
14605,1,0,0,0,0,0,0,0,0,1
14609,0,0,0,0,0,0,0,0,1,1
14610,0,0,0,1,0,0,0,0,1,2
14614,0,5,0,0,0,0,0,0,1,6
14623,5,6,2,1,0,1,0,1,4,20
14625,0,2,0,1,3,0,0,0,2,8
14629,1,2,0,0,0,0,0,0,0,3
14630,0,1,0,1,0,0,0,0,1,3
14635,0,0,0,0,0,0,0,0,1,1
14646,0,0,0,1,0,0,0,0,0,1
14654,6,22,2,5,6,1,1,5,29,77
14656,3,1,0,3,1,0,0,0,3,11
14658,3,10,3,4,1,0,0,0,8,29
14659,4,2,1,1,2,0,1,2,7,20
14663,7,14,2,13,4,0,0,2,27,69
14666,3,3,0,0,2,0,0,0,0,8
14675,2,1,3,0,3,1,1,2,5,18
14676,0,3,3,0,0,0,0,0,0,6
14678,2,0,0,1,0,0,0,3,1,7
14685,5,5,5,1,3,0,1,0,3,23
14689,8,15,5,3,5,3,1,7,17,64
14692,7,9,3,2,3,0,2,2,4,32
14699,4,7,2,1,8,0,0,1,2,25
14700,0,4,0,0,0,0,0,0,0,4
14702,1,0,0,0,0,0,0,0,0,1
14707,0,3,2,0,1,0,0,0,0,6
14711,3,15,0,0,5,0,1,2,6,32
14712,4,15,4,8,3,2,0,4,15,55
14713,0,0,1,0,0,0,0,0,0,1
14714,0,2,0,0,0,0,0,0,1,3
14715,7,19,4,7,9,1,0,2,40,89
14720,0,0,0,0,0,0,0,1,0,1
14724,2,2,4,0,0,0,0,0,3,11
14726,6,12,0,2,2,2,0,0,3,27
14728,2,1,7,3,0,0,0,2,12,27
14738,6,16,5,7,4,2,2,1,17,60
14739,0,5,1,0,2,0,0,0,4,12
14751,0,1,0,0,0,0,0,0,0,1
14752,11,22,12,11,6,2,2,3,26,95
14754,9,14,3,2,4,5,1,0,14,52
14755,0,1,0,0,0,0,0,1,0,2
14758,1,0,1,0,0,0,0,2,0,4
14761,0,0,1,0,0,0,0,0,0,1
14762,80,268,23,34,21,21,10,6,136,599
14764,8,6,1,0,2,0,1,1,6,25
15001,1,6,2,0,1,0,0,0,2,12
15003,0,6,2,0,1,0,0,0,0,9
15004,0,0,0,0,0,0,0,0,1,1
15011,0,1,0,0,0,0,0,0,0,1
15012,9,10,8,0,6,3,1,1,10,48
15014,256,680,50,59,68,31,36,8,379,1567
15016,0,2,0,0,0,0,0,0,0,2
15021,1,0,0,0,0,0,0,0,2,3
15027,3,6,6,0,1,0,0,0,2,18
15037,0,0,0,0,1,0,0,0,0,1
15038,0,3,1,0,1,0,0,0,1,6
15041,0,0,0,1,0,0,0,0,0,1
15045,5,20,7,2,1,0,0,1,8,44
15054,5,19,2,2,3,0,0,0,4,35
15059,0,0,1,0,0,0,0,0,0,1
15074,0,0,0,1,0,0,0,0,0,1
15083,3,9,1,1,2,0,0,0,5,21
15085,0,4,0,0,0,0,0,0,0,4
15086,0,3,0,0,0,0,0,0,0,3
15087,1,0,0,0,0,0,0,0,0,1
15088,0,2,0,1,0,0,0,0,0,3
15090,0,6,1,0,2,0,0,0,3,12
15092,1,5,0,0,1,1,0,0,3,11
15094,4,19,1,1,2,1,0,2,1,31
15099,0,0,1,0,0,0,0,0,0,1
15101,9,1,0,0,0,0,0,0,0,10
15107,1,0,0,0,0,0,0,0,0,1
15108,0,0,0,0,0,0,0,0,1,1
15114,0,3,0,1,2,0,0,0,1,7
15117,0,2,0,0,0,0,0,0,0,2
15118,0,5,1,0,0,0,0,1,5,12
15119,3,13,3,2,4,7,0,1,10,43
15120,22,58,5,3,9,3,2,1,53,156
15122,9,23,8,2,4,0,1,1,9,57
15124,0,0,0,0,0,0,0,0,1,1
15134,2,10,0,1,1,0,0,0,3,17
15135,0,0,0,1,0,0,0,0,0,1
15138,7,26,2,2,3,2,1,1,12,56
15140,1,5,6,2,5,0,0,2,0,21
15141,4,10,0,1,2,1,0,0,2,20
15142,3,10,4,1,3,1,0,0,6,28
15147,0,0,0,0,0,0,0,0,1,1
15149,1,4,0,0,0,0,0,0,0,5
15152,2,11,2,2,1,0,0,0,3,21
15153,3,17,2,0,1,0,0,0,2,25
15154,1,6,3,1,2,0,0,3,1,17
15157,0,0,0,1,0,0,0,0,2,3
15159,0,5,0,0,0,0,0,0,0,5
15160,0,4,0,0,0,0,0,0,0,4
15162,16,51,8,4,3,2,0,0,25,109
15163,0,0,0,0,0,0,1,0,1,2
15168,3,6,3,0,2,0,0,0,2,16
15169,2,10,0,0,2,0,0,0,1,15
15170,1,0,0,0,0,0,0,0,0,1
15173,0,0,0,0,0,0,0,1,0,1
15175,5,4,2,1,1,0,0,0,4,17
15178,1,1,0,0,0,0,0,0,0,2
15181,0,0,0,0,0,0,0,0,1,1
15184,0,1,0,0,0,0,0,1,1,3
15186,1,0,1,0,0,0,0,0,0,2
15187,41,158,12,10,15,8,17,4,94,359
15188,0,1,0,0,0,0,0,1,2,4
15191,2,11,0,0,0,0,0,0,6,19
15196,6,6,6,0,3,0,0,0,5,26
15202,3,7,1,0,1,2,0,0,1,15
15204,4,5,3,1,3,0,0,1,2,19
15207,0,3,0,0,0,0,0,0,0,3
15215,5,5,7,0,2,0,0,0,0,19
15216,1,2,0,0,0,0,0,0,0,3
15219,3,5,0,0,1,0,0,0,0,9
15221,1,2,0,0,2,0,0,0,2,7
15225,0,3,0,0,0,0,0,0,0,3
15233,0,0,0,1,0,0,0,0,0,1
15236,2,0,0,0,2,0,0,0,0,4
15237,0,3,0,0,0,0,0,0,0,3
15243,0,2,0,0,1,0,0,0,0,3
15244,0,0,0,0,3,0,0,0,0,3
15248,2,5,2,1,1,0,0,0,2,13
15255,0,5,6,0,0,0,0,0,1,12
15258,5,20,3,4,2,1,1,0,7,43
15265,7,15,2,0,2,2,1,1,5,35
15266,0,0,1,0,0,0,0,0,0,1
15267,4,12,3,0,4,1,0,0,6,30
15268,3,14,2,0,3,2,0,1,3,28
16001,0,1,0,0,0,0,0,0,0,1
16005,5,15,2,2,2,2,1,0,8,37
16007,1,0,0,0,0,0,0,0,0,1
16010,0,0,1,0,0,0,0,0,0,1
16011,0,0,0,0,0,0,0,0,1,1
16015,192,229,26,78,44,38,13,20,237,877
16016,0,0,0,1,1,0,0,0,0,2
16018,1,2,1,0,2,0,0,0,4,10
16019,0,0,0,0,0,0,0,0,1,1
16020,3,7,0,0,2,0,0,1,0,13
16023,4,0,4,0,2,0,0,0,2,12
16025,2,9,3,2,2,2,0,1,3,24
16026,1,0,0,0,1,0,0,0,3,5
16028,49,136,18,16,12,15,0,5,77,328
16039,0,0,0,0,0,0,0,0,1,1
16046,7,7,3,2,1,2,0,0,3,25
16056,1,5,0,0,0,0,0,0,0,6
16058,0,2,1,0,0,0,0,0,1,4
16061,5,5,5,0,2,2,0,1,3,23
16064,3,6,2,0,2,0,0,0,5,18
16065,2,3,0,1,1,0,0,0,1,8
16066,0,2,0,1,1,0,0,0,1,5
16070,5,13,11,1,3,2,0,0,5,40
16072,0,0,1,0,0,0,0,0,0,1
16073,6,10,5,3,2,2,0,0,10,38
16076,1,9,1,2,3,0,0,0,0,16
16078,2,5,2,2,7,1,0,2,27,48
16085,8,13,7,4,3,5,1,3,11,55
16086,0,1,0,0,0,0,0,0,0,1
16089,32,26,3,10,9,6,1,0,68,155
16090,17,21,7,6,7,3,0,0,18,79
16093,3,3,1,1,2,0,1,0,4,15
16097,5,3,2,1,3,1,0,0,5,20
16101,0,3,2,0,0,0,0,0,0,5
16102,83,191,23,37,23,20,25,17,119,538
16104,0,0,1,0,0,0,0,0,1,2
16105,0,0,0,0,0,0,0,1,0,1
16106,32,92,6,3,8,2,1,1,47,192
16107,0,0,0,1,0,0,0,0,0,1
16109,0,1,4,1,0,0,0,0,6,12
16113,48,308,8,61,16,0,2,10,91,544
16119,6,6,3,0,3,1,1,0,4,24
16120,1,5,0,1,0,0,0,1,2,10
16121,0,0,0,3,0,0,0,0,1,4
16132,0,9,0,1,0,0,0,0,3,13
16134,0,0,0,0,2,0,0,0,0,2
16136,0,0,0,1,0,0,0,0,0,1
16138,5,6,1,2,2,0,0,0,11,27
16146,1,3,6,0,3,0,1,1,3,18
16147,0,0,0,0,0,0,0,0,1,1
16148,0,0,1,1,0,0,0,0,0,2
16150,2,4,1,1,2,0,0,0,3,13
16151,0,0,1,0,0,0,0,0,0,1
16153,1,0,0,0,0,0,0,0,0,1
16154,2,17,10,2,4,2,0,2,14,53
16162,0,0,0,1,0,0,0,0,0,1
16163,4,12,1,1,2,1,0,0,5,26
16166,32,43,1,8,16,0,0,2,18,120
16167,6,39,7,0,5,4,2,2,34,99
16170,0,0,0,0,0,0,0,0,1,1
16175,1,7,2,2,0,2,2,0,3,19
16186,0,4,0,1,1,0,0,0,4,10
16187,3,4,0,0,4,1,2,1,2,17
16192,8,14,6,0,3,1,1,0,5,38
16193,0,0,1,0,0,0,0,0,0,1
16196,3,6,0,0,2,0,1,0,3,15
16198,0,0,0,0,0,0,0,1,0,1
16199,0,3,0,3,3,0,0,1,7,17
16206,4,15,4,3,3,0,0,4,21,54
16207,0,0,0,1,0,0,0,0,0,1
16211,1,2,0,1,2,1,0,0,2,9
16212,1,2,1,0,1,0,0,0,3,8
16216,3,10,2,3,2,0,0,0,4,24
16217,0,3,2,0,0,0,0,0,1,6
16223,4,20,4,0,5,1,0,0,4,38
16225,0,1,1,0,1,3,0,0,2,8
16226,0,2,0,0,0,0,0,1,0,3
16230,12,17,2,10,2,2,0,1,9,55
16231,0,0,0,1,0,0,0,0,0,1
16232,0,3,1,0,1,0,0,2,1,8
16236,3,4,2,1,2,0,0,0,3,15
16242,1,2,1,0,2,0,0,0,2,8
16243,0,3,0,0,1,0,0,0,0,4
16244,2,5,2,1,2,0,0,0,6,18
16254,0,0,0,0,0,0,0,0,1,1
16269,1,0,0,0,0,0,0,0,0,1
16270,0,1,0,1,0,0,0,0,0,2
16271,3,1,3,2,1,2,0,1,2,15
16272,0,4,0,0,0,0,0,0,0,4
16276,0,0,1,0,0,0,0,0,0,1
16280,5,15,0,1,3,4,1,1,13,43
16281,12,63,12,5,6,0,0,0,44,142
16282,0,0,0,0,0,0,0,0,1,1
16283,0,0,0,2,0,0,0,0,0,2
16286,9,24,8,4,3,2,1,0,24,75
16287,8,28,14,3,2,0,0,2,31,88
16289,0,0,0,0,0,0,0,0,2,2
16290,0,0,0,1,0,0,0,0,0,1
16291,8,17,7,6,5,2,1,2,24,72
16292,17,77,4,8,6,4,1,2,54,173
16295,5,9,4,2,2,0,0,0,1,23
16300,3,10,2,1,3,0,1,0,0,20
16304,0,0,1,0,0,0,0,1,1,3
16306,0,2,0,0,0,0,0,0,0,2
16308,0,3,0,0,1,0,0,0,3,7
16316,0,2,0,2,2,9,0,0,0,15
16318,1,5,0,0,0,0,0,0,2,8
16320,0,2,1,0,0,0,0,0,1,4
16329,1,2,0,0,0,0,0,0,0,3
16337,1,0,0,0,0,0,0,0,0,1
16340,0,3,0,0,1,1,0,1,1,7
16341,222,519,11,19,16,12,46,4,235,1084
16348,0,2,0,0,0,0,0,0,1,3
16349,0,0,1,0,0,0,0,0,0,1
16350,1,2,2,0,2,0,0,0,1,8
16358,8,20,6,7,8,1,0,2,30,82
16359,4,3,1,0,0,0,0,0,2,10
16360,0,1,0,0,0,0,0,0,0,1
16366,4,8,2,1,2,2,0,1,17,37
16368,0,2,2,0,0,0,0,0,0,4
16369,5,0,0,0,2,0,0,0,1,8
16370,2,1,1,3,0,0,0,0,2,9
16372,0,0,0,1,0,0,0,0,0,1
16374,76,200,22,20,20,14,25,6,94,477
16375,0,0,0,0,0,0,0,0,1,1
16379,0,3,3,0,0,0,0,1,0,7
16384,4,0,0,0,0,0,0,0,3,7
16385,0,0,1,0,0,0,0,0,3,4
16388,1,2,2,1,0,0,0,0,2,8
16392,0,0,0,0,1,0,0,0,0,1
16393,5,3,4,0,3,3,2,1,8,29
16400,1,2,0,0,1,0,0,0,0,4
16405,0,0,0,0,0,0,0,0,1,1
16408,3,8,2,3,2,2,0,1,6,27
16409,1,10,3,2,2,1,1,0,2,22
16412,0,0,0,0,0,0,0,0,1,1
16413,0,0,0,0,0,0,0,1,0,1
16415,0,3,0,0,0,0,0,0,0,3
16416,0,1,0,0,0,0,0,0,0,1
16418,1,1,1,0,2,0,0,0,1,6
16419,0,0,0,1,0,0,0,0,0,1
16422,0,2,0,0,0,0,0,0,1,3
16424,0,2,0,1,0,0,0,0,0,3
16425,0,0,0,1,0,0,0,0,0,1
17003,5,13,15,2,6,5,3,2,21,72
17004,5,1,0,0,0,1,0,2,0,9
17008,3,4,7,1,3,2,0,2,2,24
17009,4,3,3,0,0,0,0,0,0,10
17010,9,30,15,4,4,3,0,2,50,117
17011,0,5,2,0,0,0,0,0,1,8
17016,3,8,0,2,4,0,2,0,4,23
17018,0,1,0,0,0,0,0,0,1,2
17019,4,11,1,2,3,0,0,1,6,28
17020,0,0,0,0,0,0,0,0,1,1
17021,6,18,7,6,4,3,1,2,21,68
17024,3,10,3,1,0,0,0,0,6,23
17025,0,4,0,0,0,0,0,0,0,4
17028,24,36,31,10,12,11,0,4,60,188
17037,2,4,1,0,3,0,0,0,0,10
17038,0,1,0,0,0,0,0,0,0,1
17041,2,6,0,1,0,0,0,0,4,13
17043,2,6,0,2,0,0,0,0,1,11
17044,0,3,1,0,0,0,0,2,5,11
17045,0,0,0,2,0,0,0,1,4,7
17046,0,0,0,1,0,0,0,0,0,1
17051,3,4,7,0,3,3,0,1,11,32
17053,3,4,2,0,2,0,0,1,3,15
17055,3,19,1,2,1,0,0,0,6,32
17057,0,3,2,0,0,0,0,0,1,6
17058,4,12,2,2,3,0,0,1,11,35
17059,2,2,0,1,0,0,0,0,2,7
17064,2,9,8,3,3,0,0,1,7,33
17065,1,3,4,0,0,3,1,1,3,16
17070,3,5,0,1,3,0,0,0,3,15
17072,4,4,2,0,1,0,0,1,3,15
17073,1,3,1,3,0,0,0,0,2,10
17074,3,3,1,2,0,0,0,0,1,10
17075,0,5,0,0,0,0,0,2,1,8
17077,0,2,1,0,1,1,0,0,5,10
17078,0,0,0,1,0,0,0,0,0,1
17079,0,0,0,0,0,0,0,0,1,1
17080,3,3,2,1,0,0,0,0,0,9
17084,0,5,0,0,0,0,0,1,0,6
17086,4,7,3,1,3,0,0,0,4,22
17089,0,3,1,3,0,0,0,0,3,10
17091,3,6,4,3,2,3,0,1,6,28
17093,8,20,12,2,4,2,0,2,16,66
17094,12,22,9,5,6,8,1,3,24,90
17099,0,0,1,0,0,0,0,0,0,1
17100,0,2,1,0,2,0,0,0,2,7
17102,0,4,2,0,0,0,0,0,0,6
17104,4,3,4,0,3,4,1,0,3,22
17107,4,2,1,0,3,0,0,0,3,13
17109,0,1,4,0,0,0,0,0,0,5
17110,0,0,0,0,0,0,0,2,1,3
17111,0,1,0,0,0,0,0,0,0,1
17112,0,1,0,0,0,0,0,0,1,2
17113,1,2,0,0,0,1,0,0,1,5
17116,0,0,0,1,0,0,0,0,0,1
17119,0,1,0,0,0,0,0,0,0,1
17120,6,14,3,4,4,3,2,3,6,45
17121,6,3,4,0,3,0,0,1,3,20
17125,0,0,0,1,0,0,0,0,0,1
17127,4,12,8,1,2,0,0,0,7,34
17128,0,0,0,1,0,0,0,0,0,1
17130,0,2,1,0,0,0,0,0,1,4
17131,4,10,1,2,5,1,1,1,12,37
17133,0,3,0,1,0,0,0,0,1,5
17136,0,2,3,1,0,0,0,0,0,6
17140,13,9,4,3,3,3,0,0,21,56
17141,0,0,0,1,0,0,0,0,0,1
17142,6,18,12,4,3,4,0,2,9,58
17146,5,7,0,1,3,1,0,0,14,31
17147,0,2,0,0,0,0,1,0,0,3
17148,0,0,0,1,0,0,0,0,0,1
17151,0,1,0,0,0,0,0,0,0,1
17152,1,6,0,0,0,0,0,0,0,7
17153,2,9,1,2,1,2,0,2,0,19
17155,4,13,5,1,3,0,0,0,9,35
17158,0,3,3,0,0,0,2,0,5,13
17159,0,0,1,0,0,0,0,0,0,1
17160,0,4,0,0,0,0,0,0,2,6
17161,6,6,10,1,3,2,1,1,16,46
17164,1,10,2,2,3,1,1,0,2,22
17166,0,0,1,0,0,0,0,2,1,4
17168,6,19,8,6,3,1,0,0,18,61
17172,6,25,0,4,3,2,0,1,18,59
17179,3,6,6,3,2,4,1,0,5,30
17181,0,0,0,0,0,0,0,1,0,1
17185,5,11,5,3,3,1,1,1,11,41
17186,0,0,0,1,0,0,0,0,0,1
17187,0,0,1,0,0,0,0,0,0,1
17190,4,10,9,0,2,0,0,0,7,32
17192,3,3,1,0,2,0,0,0,1,10
17193,5,10,7,2,3,3,1,1,5,37
17194,4,5,5,1,3,1,0,3,6,28
17197,77,210,15,49,14,6,4,7,125,507
17200,51,47,25,12,5,16,1,9,56,222
17202,0,1,0,0,0,0,0,0,0,1
17203,0,1,0,0,0,0,0,0,0,1
17204,0,0,0,1,0,0,0,0,0,1
17207,3,0,0,0,0,0,0,0,1,4
17211,5,10,0,1,2,0,0,0,5,23
17216,0,2,0,1,0,0,0,0,0,3
17218,12,15,6,4,5,1,1,2,15,61
17219,17,35,7,5,7,3,1,0,31,106
17220,0,1,0,0,0,0,0,0,0,1
17221,0,2,0,0,1,0,0,0,0,3
17222,5,2,2,2,2,1,1,0,9,24
17224,6,17,7,5,6,1,1,0,21,64
17225,1,6,1,0,4,0,0,0,6,18
17226,0,2,0,0,0,0,0,0,0,2
17228,1,1,3,1,2,0,0,0,7,15
17229,0,0,0,0,1,0,0,0,0,1
17230,6,8,7,7,2,0,0,1,8,39
17231,0,0,0,0,0,0,0,0,1,1
17232,1,2,5,0,3,0,0,0,0,11
17233,0,2,0,0,0,0,0,0,0,2
17235,0,2,0,0,0,0,0,1,0,3
17236,4,8,3,3,3,3,0,0,14,38
17237,0,4,0,0,0,0,0,0,0,4
17240,3,12,6,2,5,2,1,1,24,56
17241,3,6,2,2,3,2,1,0,4,23
17243,2,23,1,8,2,0,0,2,13,51
17244,2,3,2,0,0,1,0,0,2,10
17247,0,0,0,2,0,0,0,0,0,2
17248,1,2,2,0,3,1,0,0,0,9
17252,0,0,0,0,0,0,0,1,0,1
17253,1,2,1,0,1,0,0,2,2,9
17255,0,1,0,0,0,0,0,0,0,1
17257,2,9,1,0,1,0,0,0,1,14
17262,0,0,0,0,0,0,0,0,1,1
17264,9,12,10,3,6,7,0,4,16,67
17265,0,1,3,1,0,0,1,1,1,8
17266,0,0,0,0,0,0,0,0,1,1
17267,3,1,0,1,1,0,0,3,6,15
17270,0,3,0,0,2,0,0,0,4,9
17273,2,3,5,1,2,0,1,0,1,15
17274,18,84,13,7,13,3,0,6,30,174
17275,0,3,1,0,0,0,0,1,1,6
17277,0,0,2,0,0,0,0,0,0,2
17278,5,2,1,1,4,0,1,0,2,16
17279,0,1,0,0,0,1,0,0,0,2
17280,0,1,1,0,0,0,0,0,1,3
17283,12,33,4,8,6,4,3,2,16,88
17284,6,8,7,0,6,1,0,3,12,43
17285,0,2,0,1,0,0,0,0,0,3
17286,1,2,0,0,2,0,0,0,1,6
17288,0,0,0,0,0,1,0,0,0,1
17291,169,171,40,10,12,15,2,1,98,518
17293,0,1,0,0,0,0,0,0,1,2
17295,0,2,0,0,0,0,0,0,1,3
17296,0,2,0,0,0,0,0,0,0,2
17297,1,4,5,3,2,0,0,0,5,20
17298,0,0,0,1,0,0,0,0,0,1
17299,254,355,75,50,39,29,37,27,239,1105
17300,848,1247,248,183,117,91,92,78,822,3726
17303,0,2,0,0,2,0,0,0,0,4
17306,159,309,36,34,43,25,6,6,241,859
17307,0,2,0,0,0,0,0,0,0,2
17308,4,18,4,2,2,2,0,0,6,38
17309,3,5,1,0,2,1,0,0,8,20
17310,0,0,2,0,0,0,0,0,0,2
17311,1,8,4,1,0,0,0,1,2,17
17312,1,5,1,2,1,1,1,0,3,15
17314,0,2,0,0,0,0,0,0,0,2
17315,0,0,0,0,0,0,0,0,1,1
17317,1,2,1,0,2,0,0,0,1,7
17318,0,0,1,0,0,0,0,0,0,1
17322,1,1,0,2,0,0,0,0,1,5
17323,3,8,3,0,3,0,0,1,5,23
17328,3,6,3,0,2,2,0,0,3,19
17330,0,3,1,2,0,0,0,0,1,7
17331,4,12,2,4,2,0,0,2,9,35
17333,62,88,18,8,9,2,1,3,29,220
17336,7,13,4,7,4,2,1,4,30,72
17337,3,10,3,0,3,0,0,0,7,26
17338,4,3,3,0,1,0,0,0,0,11
17339,6,0,4,0,0,1,0,0,0,11
17340,3,6,4,0,2,0,0,1,3,19
17344,3,5,1,0,1,0,0,1,12,23
17346,0,2,0,0,0,0,0,0,0,2
17347,44,105,22,11,14,7,2,2,85,292
17348,1,8,0,0,0,0,0,0,0,9
17349,7,8,4,2,2,0,0,1,2,26
17350,1,0,2,0,2,0,0,0,4,9
17351,3,9,3,1,2,0,0,0,9,27
17353,4,4,3,1,4,5,0,2,3,26
17354,0,1,0,0,0,0,0,0,0,1
17355,0,0,3,0,0,0,0,0,0,3
17356,0,0,0,1,0,0,0,0,0,1
17357,0,0,0,1,0,0,0,0,0,1
17359,0,0,0,1,0,0,0,0,0,1
17360,7,9,5,1,3,2,0,1,14,42
17363,0,1,1,1,0,0,0,0,2,5
17365,2,1,2,0,0,0,0,0,1,6
17366,0,3,0,0,0,0,0,0,0,3
17369,28,11,3,2,5,2,0,0,33,84
17373,3,10,3,0,1,0,0,1,6,24
17374,0,0,0,1,0,0,0,0,0,1
17375,0,0,5,1,0,0,0,0,2,8
17376,1,6,2,3,0,0,0,6,7,25
17380,7,13,3,3,3,0,1,0,9,39
17385,11,33,19,11,10,4,1,2,39,130
17386,0,0,0,0,0,0,0,0,1,1
17387,4,8,4,2,3,4,3,1,9,38
17389,0,0,0,1,0,0,0,0,0,1
17391,8,13,4,0,2,1,0,0,9,37
17393,1,5,1,1,0,0,0,0,4,12
17394,0,5,0,1,0,0,0,0,1,7
17395,0,3,0,0,0,0,0,0,0,3
17396,6,12,5,2,2,3,0,2,6,38
17397,4,20,0,5,4,2,0,1,26,62
17400,2,2,0,1,0,0,0,0,3,8
17403,0,1,0,0,0,0,0,0,0,1
17405,0,3,0,0,0,0,0,0,0,3
17407,6,4,10,4,3,7,2,0,7,43
17409,8,9,7,1,3,2,1,0,12,43
17411,10,32,14,7,4,0,1,1,21,90
17413,1,8,6,1,1,1,1,3,9,31
17414,6,12,8,3,3,3,0,0,9,44
17415,331,648,85,88,79,35,43,20,359,1688
17418,0,1,0,1,0,0,0,0,0,2
17420,3,2,2,0,4,2,0,0,5,18
17421,35,54,21,10,11,1,0,3,36,171
17425,2,3,4,1,1,1,0,0,2,14
17427,0,1,0,0,0,0,0,0,0,1
17429,3,13,4,0,2,0,0,2,6,30
17434,44,25,8,5,8,4,3,4,66,167
17436,2,2,0,0,2,0,0,0,2,8
17440,1,0,0,0,0,0,0,0,0,1
17441,2,4,1,0,3,0,1,0,4,15
17443,0,5,0,0,0,0,0,0,2,7
17444,1,5,0,1,0,0,0,0,2,9
17445,0,0,0,1,0,0,0,0,0,1
17447,5,2,6,0,0,0,0,3,4,20
17448,3,11,2,2,2,1,0,0,3,24
17449,15,21,13,5,7,3,3,2,32,101
17451,1,2,0,1,0,0,0,0,2,6
17452,7,14,2,3,7,2,1,3,20,59
17453,0,6,0,1,0,0,0,0,1,8
17455,0,2,0,0,0,0,0,0,0,2
17457,0,2,0,0,0,0,0,0,0,2
17459,1,2,4,0,0,0,0,0,1,8
17460,0,0,0,0,0,0,0,0,1,1
17461,19,21,12,1,6,3,0,2,24,88
17465,0,0,0,3,3,0,0,0,2,8
17466,0,2,6,0,0,0,0,4,3,15
17472,2,3,2,0,0,0,0,2,2,11
17474,0,7,0,0,2,1,0,0,1,11
17482,0,0,5,1,0,0,0,0,0,6
17483,0,0,0,0,0,0,0,0,3,3
17484,1,2,0,1,2,0,0,0,2,8
17485,2,6,0,1,2,2,0,0,2,15
17486,0,3,1,0,0,0,0,0,0,4
18002,0,2,0,0,0,0,0,0,0,2
18003,0,7,1,1,2,1,1,1,12,26
18004,0,0,0,0,0,0,0,1,0,1
18005,0,1,0,0,0,0,0,0,0,1
18010,0,0,0,0,0,0,0,0,1,1
18011,0,10,2,1,2,0,0,1,4,20
18015,7,19,5,4,5,3,0,0,27,70
18018,2,9,4,0,2,1,1,1,11,31
18022,0,0,0,0,0,0,0,0,1,1
18023,1,6,2,0,2,0,0,0,1,12
18025,1,1,1,0,0,0,0,1,1,5
18026,0,8,0,0,0,0,0,0,1,9
18028,0,2,0,0,0,0,0,0,1,3
18030,0,2,0,0,0,0,0,0,0,2
18031,0,2,0,0,1,0,0,0,1,4
18032,0,3,4,2,0,0,0,0,1,10
18033,305,1005,76,175,68,47,45,30,656,2407
18034,0,0,0,0,0,0,0,0,1,1
18037,1,2,1,0,2,0,0,0,1,7
18038,1,1,0,0,0,0,0,0,0,2
18040,1,0,3,0,0,0,0,0,0,4
18042,0,1,0,0,0,0,0,0,0,1
18047,2,1,2,0,1,0,0,1,0,7
18050,3,5,1,2,1,2,0,0,3,17
18052,37,4,1,0,3,0,0,0,1,46
18055,2,3,0,0,1,0,0,0,1,7
18057,1,11,3,1,6,0,0,0,4,26
18058,3,7,1,4,4,0,0,0,5,24
18059,1,10,1,0,1,0,0,0,3,16
18065,3,5,0,2,1,0,0,0,3,14
18067,0,2,0,0,0,0,0,0,0,2
18075,0,3,1,0,0,0,0,0,0,4
18078,0,0,0,0,0,0,0,0,1,1
18082,0,2,0,0,0,0,0,0,0,2
18083,1,5,2,0,1,1,0,1,3,14
18087,4,26,1,1,2,3,0,0,5,42
18092,1,0,0,0,0,0,0,0,0,1
18094,0,1,0,0,0,0,0,0,0,1
18096,1,4,1,1,2,0,0,0,2,11
18097,1,9,4,1,2,0,0,1,3,21
18100,1,0,0,0,0,0,0,0,0,1
18101,0,0,1,0,0,0,0,0,0,1
18103,1,12,0,4,1,0,0,0,3,21
18108,4,14,3,1,2,1,1,1,6,33
18109,2,16,2,2,3,2,0,1,4,32
18110,0,2,0,0,0,0,0,0,0,2
18115,0,0,1,0,0,0,0,0,0,1
18117,0,2,1,0,0,0,0,0,1,4
18118,0,3,1,1,2,1,0,0,1,9
18125,4,2,5,0,1,1,0,0,2,15
18126,5,2,2,1,1,1,1,1,6,20
18127,1,7,1,1,1,0,0,0,5,16
18132,0,1,0,0,0,0,0,0,0,1
18134,3,2,0,0,0,0,0,0,0,5
18137,1,2,0,0,0,0,0,0,1,4
18138,2,3,0,0,3,0,0,0,6,14
18139,0,1,0,1,2,0,1,0,1,6
18140,2,3,0,4,1,0,0,0,0,10
18141,7,21,7,3,5,3,3,2,19,70
18145,2,5,1,0,1,0,0,0,1,10
18148,5,27,2,3,1,4,1,0,8,51
18152,0,0,1,0,0,0,0,0,0,1
18157,0,0,0,1,0,0,0,0,0,1
18158,0,3,0,0,0,0,0,0,0,3
18160,2,13,0,2,2,0,0,0,11,30
18162,0,2,0,0,0,0,0,0,0,2
18165,2,5,4,2,2,0,0,0,9,24
18166,1,7,0,2,0,0,0,0,1,11
18169,0,0,1,0,0,0,0,0,0,1
18172,0,1,1,2,3,0,0,0,4,11
18174,0,4,0,3,0,0,0,0,1,8
18179,0,0,0,0,0,0,0,0,1,1
18180,1,2,2,1,2,0,0,0,3,11
18184,0,2,0,1,0,0,0,0,1,4
18187,0,0,0,0,0,0,0,0,1,1
18191,0,2,0,0,0,0,0,0,0,2
18194,0,2,0,0,0,0,0,0,1,3
18197,30,122,5,12,12,6,9,1,122,319
18205,111,144,21,8,15,9,12,5,113,438
18206,1,0,0,0,2,0,0,0,0,3
18207,6,25,4,7,5,6,0,1,37,91
18210,1,3,0,1,0,0,0,0,0,5
18212,0,0,0,0,0,0,0,0,1,1
18213,4,7,4,0,8,0,0,0,33,56
18218,0,2,0,0,0,0,0,0,0,2
18223,2,9,3,0,2,2,2,0,13,33
18228,0,0,0,0,0,0,0,0,1,1
18233,1,4,1,3,3,1,0,0,6,19
18235,2,2,1,0,1,1,0,0,0,7
18240,3,3,1,0,1,1,1,0,3,13
18241,53,36,6,5,3,0,1,0,12,116
18242,4,12,3,1,2,5,0,0,17,44
18245,0,0,0,0,0,0,0,0,9,9
18246,2,4,3,0,1,0,0,0,2,12
18255,0,3,0,0,0,0,0,0,0,3
18259,0,0,0,0,0,0,0,0,1,1
18265,2,0,0,0,0,0,0,0,0,2
18266,0,0,0,1,0,0,0,0,0,1
18267,3,5,6,4,1,2,0,5,19,45
18269,1,3,4,0,2,1,0,0,4,15
18270,0,2,0,0,0,0,0,0,1,3
18271,0,0,0,1,0,0,0,0,0,1
18272,1,4,0,1,2,0,1,0,2,11
18278,1,0,0,1,0,0,0,0,0,2
18279,79,232,26,27,21,15,14,9,130,553
18281,1,2,0,0,1,0,0,0,2,6
18284,0,0,0,0,0,0,0,0,1,1
18290,0,0,1,2,0,0,0,0,0,3
19004,0,4,0,0,0,0,0,0,0,4
19005,3,14,2,0,4,0,0,0,11,34
19006,0,0,0,0,0,0,0,0,1,1
19007,0,0,4,0,0,2,0,0,1,7
19010,5,30,8,2,5,1,1,2,13,67
19011,7,21,3,1,3,2,0,1,4,42
19013,0,2,0,0,1,0,0,0,0,3
19014,0,0,1,0,0,0,0,0,0,1
19015,1,6,2,0,2,0,0,0,1,12
19019,4,23,2,0,4,0,1,2,3,39
19023,4,18,6,0,2,1,1,2,4,38
19024,0,0,0,1,0,0,0,0,0,1
19025,0,1,0,0,0,0,0,0,0,1
19028,5,50,7,2,6,3,1,0,17,91
19030,0,2,0,0,0,0,0,1,0,3
19031,449,1081,88,83,76,41,46,33,471,2368
19033,3,9,3,1,2,0,0,0,2,20
19035,0,1,0,0,0,0,0,0,0,1
19036,2,17,3,0,2,1,0,2,3,30
19037,1,7,0,0,0,0,0,0,6,14
19038,0,1,3,0,0,0,0,1,0,5
19042,0,3,0,1,0,0,0,0,0,4
19043,0,3,2,0,0,0,0,0,0,5
19044,0,3,0,0,0,0,0,0,0,3
19045,1,0,0,0,0,0,0,0,0,1
19048,0,2,0,0,0,0,0,0,0,2
19052,0,0,0,1,0,0,0,0,0,1
19057,1,0,0,0,0,0,0,0,1,2
19060,1,2,0,0,0,0,0,0,0,3
19061,3,16,1,2,3,0,0,1,5,31
19062,4,17,4,1,1,1,0,0,3,31
19063,2,13,3,1,2,0,0,0,5,26
19066,0,4,0,0,2,1,0,0,0,7
19068,0,3,0,0,0,0,0,0,0,3
19072,7,14,4,0,2,0,0,0,3,30
19073,21,30,11,4,6,1,1,1,8,83
19075,0,0,0,0,0,0,0,0,1,1
19076,0,1,0,0,0,0,0,0,1,2
19079,0,1,0,0,0,0,0,0,0,1
19080,1,3,0,0,1,0,0,0,1,6
19081,0,3,0,0,0,0,0,0,1,4
19082,0,4,0,0,0,0,1,0,1,6
19083,0,1,0,0,0,0,0,0,0,1
19084,0,1,0,0,0,0,0,0,0,1
19089,1,0,0,0,0,0,0,0,0,1
19090,0,0,0,0,0,0,0,0,1,1
19093,1,2,0,1,0,0,0,1,2,7
19094,2,10,1,1,2,0,0,0,4,20
19098,1,5,0,0,0,0,0,0,0,6
19100,1,6,0,0,0,3,0,1,1,12
19101,1,2,0,0,3,0,0,0,8,14
19102,0,0,0,0,0,0,0,0,1,1
19105,0,0,0,0,0,0,0,0,1,1
19106,1,1,0,0,0,0,0,0,0,2
19107,1,6,6,1,2,0,0,1,3,20
19109,0,0,2,0,0,0,0,1,0,3
19113,1,4,0,4,0,0,0,0,0,9
19115,0,0,0,1,0,0,0,0,0,1
19117,0,0,0,0,0,0,0,0,2,2
19118,1,7,1,0,0,0,1,0,1,11
19121,6,19,4,1,4,4,0,0,12,50
19123,20,29,24,8,10,10,2,3,45,151
19124,1,8,0,0,3,0,0,0,5,17
19125,3,8,1,0,2,0,0,0,0,14
19128,0,1,0,0,0,0,0,0,0,1
19129,2,7,1,0,2,0,0,0,1,13
19133,1,5,0,2,0,0,0,0,0,8
19134,3,7,1,1,2,0,0,0,1,15
19136,0,17,7,1,5,2,0,0,9,41
19138,5,18,7,4,4,4,0,6,5,53
19140,2,0,0,0,0,0,0,0,0,2
19141,6,169,0,13,2,1,0,0,16,207
19146,4,8,2,4,2,2,0,0,3,25
19147,1,3,0,0,0,0,0,0,0,4
19148,3,18,3,3,2,1,0,0,5,35
19151,0,3,1,1,0,0,0,0,0,5
19153,5,24,11,3,6,1,0,1,26,77
19154,0,0,0,0,0,0,0,0,1,1
19158,0,0,0,1,0,0,0,0,0,1
19162,2,11,2,0,3,1,1,0,1,21
19164,4,9,4,1,1,0,0,1,1,21
19173,0,0,1,2,0,0,0,0,0,3
19174,1,0,0,0,0,0,0,0,0,1
19176,3,0,0,0,0,1,0,0,1,5
19178,0,2,0,0,0,0,0,0,0,2
19180,0,0,2,0,0,0,0,0,0,2
19181,0,0,0,0,1,0,0,0,0,1
19182,1,2,0,0,1,0,0,0,0,4
19187,1,2,0,0,0,0,0,0,0,3
19191,0,0,1,0,0,0,0,0,0,1
19192,0,3,1,0,0,0,0,0,0,4
19194,0,2,0,0,0,0,0,0,2,4
19202,2,6,2,0,2,0,0,0,3,15
19203,3,11,0,1,2,1,0,2,7,27
19207,0,0,2,1,0,0,0,3,0,6
19211,1,5,2,0,0,0,0,0,2,10
19213,0,0,0,1,0,0,0,0,0,1
19220,0,4,0,0,0,0,0,0,0,4
19222,0,7,0,0,0,0,0,0,0,7
19227,4,5,6,0,2,0,0,0,7,24
19229,6,9,2,1,4,2,1,1,6,32
19230,0,0,0,1,0,0,0,0,0,1
19233,0,4,0,0,0,0,0,0,0,4
19234,0,0,0,0,2,0,0,0,0,2
19236,0,2,0,0,0,0,0,0,0,2
19237,4,12,2,1,2,0,0,0,4,25
19239,0,1,0,0,0,0,0,0,0,1
19241,0,1,0,1,0,0,0,0,1,3
19242,0,3,0,0,1,0,0,0,0,4
19243,0,0,1,0,0,0,0,0,11,12
19246,0,5,4,0,3,0,0,0,0,12
19247,0,3,0,0,0,0,0,0,0,3
19248,2,0,1,0,0,0,0,0,0,3
19255,6,19,5,1,4,1,0,1,18,55
19257,0,0,0,0,0,0,0,0,1,1
19258,2,13,5,3,2,0,0,0,4,29
19261,2,14,0,1,1,0,0,0,1,19
19262,0,1,0,4,0,0,0,0,0,5
19264,1,2,0,0,0,0,0,0,0,3
19269,2,18,2,1,3,1,1,0,14,42
19272,153,393,29,22,25,16,26,11,198,873
19273,0,1,0,0,3,0,0,0,0,4
19274,2,8,3,1,4,2,0,1,2,23
19275,86,198,15,16,8,8,10,6,75,422
19276,4,32,2,1,6,2,1,2,18,68
19278,3,22,0,2,2,3,0,2,3,37
19285,2,18,3,2,3,2,0,1,2,33
19289,0,2,1,0,0,0,0,0,0,3
20004,0,0,0,3,1,0,0,3,5,12
20020,0,0,0,0,0,0,0,0,1,1
20033,0,0,0,2,2,0,0,1,3,8
20037,0,0,0,0,0,0,0,0,1,1
20042,0,0,0,0,4,0,0,0,5,9
20047,0,0,0,0,1,0,0,0,0,1
20083,0,0,0,0,0,0,0,0,1,1
20093,0,0,0,0,0,0,0,1,0,1
20096,0,1,0,1,0,0,0,0,0,2
20120,0,0,0,0,0,0,0,2,2,4
20123,0,0,0,0,0,0,0,0,1,1
20130,0,0,0,0,0,0,0,2,0,2
20134,0,0,0,0,0,0,0,1,1,2
20148,0,0,0,4,4,0,0,0,0,8
20152,0,0,0,0,0,0,0,0,1,1
20185,0,0,0,0,0,0,0,1,0,1
20205,0,0,0,1,0,0,0,0,0,1
20207,0,0,0,0,0,0,0,2,0,2
20247,0,0,0,2,7,0,0,2,1,12
20251,0,0,0,0,8,0,0,0,2,10
20269,0,0,0,0,0,0,0,0,1,1
20271,0,0,0,0,0,0,0,0,2,2
20272,0,0,0,0,3,0,0,0,0,3
20303,0,0,0,0,3,0,0,0,0,3
20305,0,0,0,1,0,0,0,0,0,1
20309,0,0,0,0,0,0,0,1,0,1
20313,0,0,0,0,2,0,0,0,0,2
20324,0,0,0,0,0,0,0,1,0,1
20346,0,0,0,1,0,0,0,0,0,1
20362,0,0,0,0,5,0,0,0,1,6
21001,1,3,0,0,0,0,0,0,1,5
21002,0,0,1,0,0,0,0,0,0,1
21003,3,10,0,3,0,1,0,0,11,28
21004,0,0,0,0,1,0,1,1,3,6
21005,4,7,1,2,3,0,0,0,8,25
21006,1,1,0,1,0,0,0,0,0,3
21008,0,12,1,1,0,0,0,0,0,14
21016,0,0,0,0,0,0,1,0,0,1
21021,4,2,5,1,3,1,0,1,8,25
21023,5,13,4,1,3,2,0,2,13,43
21027,2,0,3,1,0,0,0,1,0,7
21028,0,4,1,0,0,0,0,0,0,5
21038,86,46,14,8,14,0,4,0,30,202
21043,0,0,0,0,1,0,1,0,5,7
21046,0,0,0,1,0,0,0,0,0,1
21048,0,0,0,1,0,0,0,0,0,1
21052,0,0,1,0,0,0,0,0,0,1
21054,231,276,47,28,36,15,28,12,240,913
21056,2,1,0,0,0,0,0,1,51,55
21059,3,3,2,0,0,0,0,1,2,11
21060,2,4,5,1,2,3,0,1,2,20
21071,1,2,0,0,0,0,0,0,0,3
21072,1,3,0,0,0,0,0,0,2,6
21076,0,1,0,1,0,0,0,0,0,2
21080,0,0,4,0,0,0,0,0,1,5
21086,0,0,2,1,0,0,0,1,0,4
21087,4,6,4,3,3,0,0,1,4,25
21088,1,0,0,0,0,0,0,0,0,1
21103,6,8,5,1,3,4,0,2,13,42
21105,1,2,0,0,0,0,0,0,0,3
21106,0,0,0,0,2,0,0,0,1,3
21110,1,5,0,0,0,0,0,0,4,10
21114,0,2,0,0,0,0,0,0,0,2
21120,0,0,1,0,0,0,0,0,0,1
21127,0,0,0,1,0,0,0,0,0,1
21132,0,0,0,0,0,0,0,0,1,1
21137,0,0,0,0,0,0,0,0,1,1
21154,42,67,9,6,11,7,2,5,48,197
21162,0,0,0,0,0,0,0,1,0,1
21166,75,33,27,25,34,8,3,21,200,426
21169,0,0,0,0,0,0,0,0,1,1
21171,29,20,16,4,20,4,1,6,36,136
21189,0,2,0,0,0,0,0,0,0,2
21191,0,0,1,0,0,0,0,0,0,1
21194,3,1,0,0,0,0,0,0,0,4
21196,0,2,0,0,0,0,0,0,0,2
21200,2,2,1,0,6,0,0,0,1,12
21202,0,2,0,0,0,0,0,0,0,2
21209,1,2,5,1,0,0,0,1,1,11
21210,0,0,0,0,0,0,0,2,3,5
21213,0,0,0,0,0,0,0,0,1,1
21221,0,0,0,0,0,0,0,0,1,1
21223,7,8,3,4,0,0,0,0,1,23
21227,6,12,1,3,0,0,0,0,2,24
21231,1899,3403,416,364,314,163,129,112,2243,9043
21238,0,0,0,0,0,0,1,0,0,1
21247,2,15,1,1,2,0,0,0,4,25
21251,2,3,0,2,0,0,0,1,2,10
21253,0,3,0,0,0,0,0,0,0,3
21254,2,0,0,0,0,0,0,0,4,6
21255,0,0,0,1,0,0,0,0,1,2
21256,0,2,0,0,0,0,0,0,0,2
21259,1,0,0,0,2,0,0,0,0,3
21261,1,0,0,0,0,0,0,0,0,1
21263,3,2,5,4,0,0,0,0,2,16
21273,4,11,3,0,3,3,0,1,11,36
21277,4,10,4,1,3,0,0,2,2,26
21278,45,71,35,13,25,12,3,4,68,276
21287,0,0,0,1,0,0,0,0,0,1
21290,0,2,0,0,0,0,0,0,1,3
21292,13,14,13,2,8,0,1,3,24,78
21294,0,2,0,0,0,0,0,0,1,3
21295,8,14,13,3,5,2,2,2,44,93
21297,1,2,3,0,0,0,0,0,1,7
21299,0,0,0,1,0,0,0,0,0,1
21300,1,2,2,0,0,0,0,0,1,6
21304,1,0,0,0,0,0,0,0,0,1
21315,3,2,1,1,0,0,0,0,1,8
21317,13,34,9,4,7,3,2,3,31,106
21319,0,0,1,0,0,0,0,0,1,2
21320,0,1,0,0,0,0,0,0,0,1
21332,0,2,0,0,0,0,0,0,5,7
21334,1,3,0,0,0,0,0,0,0,4
21336,1,8,1,0,2,0,0,0,3,15
21337,1,2,4,0,3,0,0,0,6,16
21338,0,0,1,0,0,0,0,0,0,1
21339,0,0,0,1,0,0,0,0,1,2
21351,0,3,0,0,0,0,0,0,0,3
21352,1,2,0,0,3,0,0,0,0,6
21353,0,2,4,0,0,0,0,0,0,6
21355,11,19,16,11,14,6,1,3,20,101
21356,0,0,0,1,0,0,0,0,0,1
21361,0,0,1,0,0,0,0,0,0,1
21362,0,0,1,0,0,0,0,0,0,1
21369,0,0,0,0,0,0,0,0,1,1
21383,4,0,3,1,4,0,1,1,6,20
21387,0,3,0,0,0,0,0,0,0,3
21390,6,11,13,0,8,4,0,0,53,95
21391,2,3,3,0,0,0,1,0,2,11
21398,0,0,0,0,0,1,0,0,0,1
21404,0,0,1,0,0,0,0,0,0,1
21405,0,0,1,0,0,0,0,0,0,1
21406,0,0,1,0,0,0,0,0,0,1
21407,1,0,1,0,0,0,0,1,0,3
21408,16,56,7,6,4,0,0,0,24,113
21409,0,2,0,1,0,0,0,1,1,5
21411,1,0,0,0,0,0,0,0,0,1
21412,4,4,3,1,3,1,0,1,5,22
21416,3,12,4,1,3,0,1,3,15,42
21423,3,2,0,0,0,0,0,0,1,6
21425,23,62,7,5,9,4,1,3,46,160
21432,1,2,0,0,1,0,0,0,0,4
21442,0,2,0,0,0,0,0,0,0,2
21446,0,4,0,0,0,0,0,0,0,4
21452,5,8,1,2,3,0,0,0,3,22
21458,1,3,1,0,0,0,1,0,1,7
21460,0,0,0,1,0,0,0,0,0,1
21461,5,7,3,3,2,1,0,1,6,28
21462,0,1,0,0,0,0,0,0,0,1
21464,67,27,15,8,10,3,1,3,43,177
21473,0,1,3,0,6,0,0,0,0,10
21481,3,3,4,2,0,0,0,2,5,19
21485,3,3,2,1,3,2,0,0,7,21
21492,1,0,0,0,0,0,0,0,0,1
21496,5,3,4,1,2,1,0,1,2,19
21497,0,0,0,1,0,0,0,0,0,1
21500,0,0,0,1,0,0,0,0,0,1
21501,5,22,9,3,6,1,2,4,15,67
21502,0,0,5,0,0,0,0,0,0,5
21505,3,7,1,0,3,0,0,0,1,15
21508,0,1,0,0,0,0,0,0,0,1
21515,72,36,15,17,36,2,4,6,102,290
21518,0,0,0,1,0,0,0,0,0,1
21519,1,5,0,0,0,0,0,0,2,8
21520,0,0,0,1,0,0,0,0,0,1
21522,0,1,0,0,0,0,0,0,1,2
21525,2,0,2,1,0,0,0,0,0,5
21531,1,3,2,0,1,0,0,0,0,7
21532,6,2,2,0,0,0,0,0,0,10
21534,0,0,0,1,0,0,0,0,0,1
21535,1,3,8,0,0,2,0,0,2,16
21540,9,9,22,5,13,2,2,3,52,117
21541,0,0,0,0,0,0,0,0,1,1
21545,1,0,0,0,0,0,0,0,0,1
21554,8,22,5,0,4,2,1,1,72,115
21555,6,7,9,0,5,4,0,4,11,46
21557,0,2,0,0,0,0,0,0,0,2
21558,0,1,0,0,0,0,0,0,3,4
21559,1,1,4,0,2,0,0,0,1,9
21572,0,0,0,0,0,2,0,0,1,3
21573,4,8,5,2,3,0,0,1,6,29
21576,0,2,0,0,0,0,0,0,0,2
21579,0,6,0,0,4,0,0,0,5,15
21582,3,9,2,4,1,0,0,0,2,21
21584,11,33,5,3,5,1,0,2,14,74
21585,2,2,3,0,2,1,0,0,8,18
21586,0,0,4,0,0,0,0,0,0,4
21587,0,0,0,0,0,0,0,0,1,1
21590,3,4,3,3,2,1,0,2,4,22
21591,1,0,0,0,0,0,0,0,1,2
21594,0,0,0,0,0,0,0,0,1,1
21599,21,11,0,0,2,2,0,1,10,47
21600,0,0,0,1,0,0,0,0,0,1
21603,107,215,9,18,13,5,18,4,74,463
21605,3,2,8,0,6,2,0,1,5,27
21606,3,2,5,0,2,3,1,1,3,20
21607,9,23,5,0,7,6,1,1,13,65
21611,4,9,3,1,3,2,1,1,7,31
21617,153,181,27,9,23,3,3,8,28,435
21623,0,1,1,0,0,0,0,0,0,2
21625,1,0,0,0,0,0,0,0,0,1
21632,5,2,3,1,2,2,1,1,5,22
21638,1,2,6,0,0,0,0,1,1,11
21639,0,0,0,0,0,0,0,0,1,1
21643,0,2,0,0,0,0,0,0,0,2
21651,0,0,0,0,0,0,0,0,1,1
21657,2,2,2,0,4,0,0,0,5,15
21661,2,3,4,5,0,0,2,2,3,21
21663,3,12,7,0,6,1,1,1,9,40
21666,0,0,0,1,0,0,0,0,0,1
21670,0,3,0,0,0,0,0,0,0,3
21680,0,0,0,1,0,0,0,0,0,1
21683,0,0,0,0,0,0,0,1,0,1
21684,4,8,1,0,0,0,0,0,1,14
21685,1,3,0,0,0,0,0,0,0,4
21699,1,2,1,0,0,0,0,0,1,5
21710,4,51,8,9,3,1,0,0,11,87
21714,0,0,0,0,0,0,0,0,1,1
21716,1,0,0,0,0,0,0,0,1,2
22002,0,0,0,0,0,0,0,0,1,1
22003,0,0,1,0,0,0,0,0,0,1
22004,36,135,11,35,6,0,2,6,45,276
22005,1,12,0,0,2,1,0,1,3,20
22007,3,2,9,0,0,3,0,0,5,22
22008,0,1,2,0,0,0,0,0,0,3
22011,0,3,0,1,0,0,0,0,0,4
22012,0,2,0,1,0,0,0,0,0,3
22013,3,15,3,2,2,0,0,1,4,30
22014,1,2,1,0,0,0,0,0,3,7
22015,3,3,0,0,1,0,0,2,5,14
22016,1,1,0,0,0,0,0,0,0,2
22020,5,43,4,6,5,5,1,2,28,99
22025,2,23,2,6,3,0,0,1,13,50
22026,0,0,0,2,0,0,0,0,0,2
22029,0,1,0,0,0,0,0,0,0,1
22030,0,2,0,0,0,0,0,0,0,2
22031,0,2,0,0,0,0,0,1,0,3
22032,5,11,7,2,4,3,0,1,8,41
22034,3,3,4,1,3,2,2,0,4,22
22038,5,3,3,0,0,0,0,0,0,11
22039,3,4,0,0,1,0,1,0,1,10
22044,0,2,1,1,0,0,0,2,0,6
22046,7,22,1,1,4,1,1,2,4,43
22047,2,11,0,0,2,2,0,0,6,23
22048,2,3,1,0,2,0,0,0,5,13
22049,4,13,3,4,2,0,0,1,3,30
22050,173,364,29,66,26,20,15,21,280,994
22053,1,3,0,0,0,0,0,0,0,4
22054,8,21,6,1,5,2,0,2,5,50
22055,8,12,3,4,10,5,0,3,20,65
22056,8,14,4,2,3,2,1,2,6,42
22057,0,4,0,0,0,0,0,0,0,4
22061,1,2,0,3,1,0,0,1,2,10
22063,0,0,0,0,0,0,0,0,1,1
22064,2,16,1,1,2,1,0,0,5,28
22065,0,2,2,0,0,0,0,0,2,6
22066,1,0,0,0,0,0,0,0,0,1
22067,0,5,1,1,3,0,0,0,6,16
22070,50,61,8,10,8,9,0,3,85,234
22073,0,0,0,0,0,0,0,1,0,1
22075,0,1,1,0,0,0,0,0,0,2
22076,0,1,4,1,3,0,0,0,2,11
22079,0,5,1,0,1,0,0,0,1,8
22081,5,26,3,4,10,5,0,1,11,65
22082,1,2,0,0,0,0,0,0,0,3
22084,7,8,1,3,3,1,2,1,10,36
22087,0,0,0,0,0,0,0,0,1,1
22090,0,1,3,1,0,0,1,2,0,8
22091,0,2,0,0,0,0,0,0,0,2
22093,54,127,25,17,21,16,6,11,147,424
22094,1,0,3,1,2,0,0,1,4,12
22098,0,2,0,0,0,0,0,0,2,4
22100,0,3,0,0,0,0,0,0,0,3
22101,0,5,1,0,0,0,0,1,0,7
22103,1,2,1,2,0,0,0,0,0,6
22104,1,5,0,1,0,0,0,0,0,7
22105,0,0,1,0,0,0,0,0,0,1
22106,7,10,7,7,7,2,1,0,74,115
22107,0,5,2,2,0,0,0,1,0,10
22113,167,311,32,52,29,17,25,20,223,876
22116,0,4,0,0,0,0,0,0,1,5
22117,0,2,1,1,0,0,0,1,0,5
22118,12,17,9,4,7,28,3,4,10,94
22119,0,1,0,0,0,0,0,0,0,1
22121,5,15,2,3,5,2,0,3,14,49
22124,0,0,0,0,0,0,1,0,0,1
22127,0,4,4,0,3,0,0,1,6,18
22131,1,4,1,1,1,0,0,0,0,8
22134,1,10,5,3,4,1,1,1,16,42
22135,4,8,3,1,1,0,2,1,4,24
22136,22,63,12,11,7,3,2,5,64,189
22137,8,16,1,1,2,0,0,2,7,37
22143,3,8,3,1,2,1,1,4,14,37
22144,0,2,1,0,0,0,0,0,0,3
22146,0,0,0,0,0,0,0,1,0,1
22147,6,13,2,2,4,6,1,2,18,54
22150,0,3,0,0,0,0,0,0,0,3
22152,2,12,1,4,0,0,1,1,5,26
22153,4,19,3,6,3,1,0,0,11,47
22154,0,3,0,0,0,0,0,0,0,3
22155,1,5,0,1,2,0,0,0,1,10
22156,0,0,0,0,0,0,0,0,1,1
22157,0,0,0,1,0,0,0,0,0,1
22158,3,8,2,1,1,2,0,3,6,26
22161,70,179,16,8,11,0,14,7,80,385
22162,60,127,21,9,16,2,5,7,121,368
22163,0,0,0,1,0,0,0,0,0,1
22164,2,3,0,0,0,0,0,0,0,5
22166,6,11,4,2,2,0,0,1,8,34
22168,8,33,10,4,11,5,1,2,42,116
22170,0,1,0,0,0,0,0,0,0,1
22171,5,13,4,10,2,6,1,2,15,58
22172,27,30,15,7,6,5,2,3,23,118
22173,1,0,5,0,0,1,0,0,1,8
22175,0,5,2,0,0,0,0,0,2,9
22176,3,13,6,3,2,2,1,4,6,40
22177,0,2,0,1,0,0,0,1,0,4
22178,0,4,0,0,0,0,0,0,1,5
22179,2,4,3,1,2,0,0,1,1,14
22180,1,4,2,2,3,0,0,1,4,17
22182,2,8,1,0,2,2,1,1,0,17
22183,5,10,4,3,2,1,0,0,11,36
22185,3,12,2,4,2,0,0,3,8,34
22186,4,18,5,4,8,2,0,2,25,68
22187,179,233,36,36,18,30,24,13,228,797
22189,0,0,1,0,0,0,0,0,0,1
22190,5,10,5,2,2,4,0,0,7,35
22191,1,0,1,0,0,0,0,0,0,2
22193,0,2,0,2,0,0,0,0,1,5
22194,4,32,3,5,5,4,0,2,11,66
22195,1,10,2,1,3,0,0,0,2,19
22196,0,2,0,0,0,0,0,0,0,2
22197,4,9,7,0,3,3,0,2,9,37
22198,0,10,2,3,4,0,1,2,2,24
22199,4,11,3,1,0,0,0,5,6,30
22201,0,2,0,0,0,0,0,0,0,2
22202,0,2,0,0,0,0,0,0,0,2
22203,3,13,3,4,2,2,0,1,10,38
22204,2,0,4,0,0,2,0,0,4,12
22205,0,0,0,0,0,0,0,0,1,1
22206,3,23,3,8,4,0,0,4,25,70
22207,1,8,4,0,3,0,0,0,12,28
22208,2,3,0,1,2,4,0,0,4,16
22209,6,21,5,5,5,5,2,4,17,70
22210,1,3,3,1,2,1,0,0,2,13
22211,2,3,2,0,3,2,0,2,7,21
22212,0,1,0,0,0,0,0,0,0,1
22213,2,9,3,3,4,3,0,5,16,45
22214,4,8,3,0,2,0,0,0,3,20
22215,9,40,21,12,9,6,2,6,46,151
22216,0,0,1,0,0,0,0,0,0,1
22218,1,1,2,2,1,0,0,0,0,7
22219,1,4,3,0,2,1,0,2,5,18
22220,28,130,0,28,4,0,0,5,69,264
22221,1,0,1,0,0,0,0,0,1,3
22222,8,34,5,3,4,3,2,1,18,78
22223,1,8,0,2,1,0,0,0,1,13
22224,0,2,1,0,2,1,0,1,0,7
22225,5,15,3,3,3,5,4,3,14,55
22226,1,8,0,2,2,1,0,1,6,21
22227,0,1,0,0,0,0,0,0,0,1
22228,0,2,1,0,0,0,0,0,1,4
22229,1,1,1,0,0,0,0,0,0,3
22232,0,5,3,1,0,0,0,2,3,14
22233,1,5,0,0,0,0,0,0,1,7
22234,0,2,0,0,0,0,0,0,0,2
22237,0,5,2,0,2,0,0,1,2,12
22238,0,2,1,0,0,0,0,0,0,3
22239,4,1,0,1,1,0,0,0,3,10
22240,0,0,0,1,0,0,0,0,0,1
22241,0,4,0,0,0,1,0,0,0,5
22242,1,4,0,1,2,0,2,0,3,13
22245,0,3,0,0,0,0,0,0,0,3
22246,0,2,3,0,0,0,2,0,1,8
22247,1,0,1,0,0,0,0,0,0,2
22248,3,12,4,1,2,1,1,0,4,28
22249,0,2,0,0,0,0,0,0,0,2
22250,2,16,0,0,6,0,0,0,1,25
22251,9,23,5,2,5,3,1,4,21,73
22254,0,2,0,0,0,0,0,0,0,2
22258,2,7,2,0,2,0,0,0,5,18
22259,11,12,7,2,7,1,0,3,26,69
22260,1,9,1,1,0,0,0,0,2,14
22262,11,35,3,3,8,0,1,2,24,87
22264,4,6,0,2,2,0,0,1,19,34
22265,1,4,2,0,0,0,0,0,2,9
22266,6,18,3,4,3,0,0,4,18,56
22268,0,0,0,0,0,0,0,0,1,1
22269,0,2,0,0,0,0,0,0,0,2
22272,3,25,2,0,3,3,0,1,18,55
22273,5,4,8,1,3,0,0,2,5,28
22275,1,0,0,0,0,0,0,0,0,1
22277,4,3,2,0,2,2,0,0,9,22
22278,558,1096,58,142,73,43,83,28,551,2632
22279,1,6,0,0,1,0,0,0,1,9
22280,0,2,0,0,0,0,0,0,0,2
22281,1,2,0,0,0,0,0,0,0,3
22282,5,16,3,9,6,1,0,0,17,57
22283,0,5,0,0,0,0,0,0,0,5
22284,0,2,0,0,0,0,0,0,0,2
22286,0,1,0,0,0,0,0,0,0,1
22287,0,2,0,0,0,0,0,1,0,3
22295,0,4,0,0,0,0,0,0,1,5
22296,0,2,0,0,0,0,0,0,0,2
22299,0,0,0,2,0,0,0,0,0,2
22300,0,0,1,0,0,0,0,0,0,1
22302,0,2,2,1,1,0,0,2,0,8
22304,1,7,0,1,0,0,0,0,0,9
22306,0,0,1,0,0,0,0,0,0,1
22307,0,2,4,1,1,2,0,4,3,17
22319,0,2,1,1,0,0,0,0,0,4
22321,1,5,0,2,2,0,0,0,10,20
22323,0,2,0,1,0,0,0,0,0,3
22324,4,6,3,0,0,0,0,3,26,42
22325,6,9,4,5,4,1,1,0,22,52
22327,1,3,3,1,0,0,0,0,3,11
22331,0,1,0,0,0,0,0,0,0,1
22337,0,3,0,0,0,0,0,0,0,3
22338,0,0,1,0,0,0,0,0,0,1
22339,13,9,1,5,3,7,2,1,13,54
22340,0,3,0,0,0,0,0,0,0,3
22341,0,1,0,1,0,0,0,0,0,2
22343,5,10,2,0,2,1,1,1,6,28
22344,0,4,0,1,0,0,0,0,0,5
22345,0,5,0,0,0,0,0,0,0,5
22346,1,1,0,1,0,0,0,0,0,3
22347,0,4,0,0,0,0,0,0,0,4
22348,0,2,0,0,0,0,0,0,1,3
22349,1,4,1,0,0,0,0,0,1,7
22353,8,13,3,1,5,3,0,0,4,37
22354,0,1,0,0,0,0,0,0,0,1
22360,11,41,5,7,4,1,0,6,47,122
22362,17,93,6,12,10,4,0,4,46,192
22363,0,10,1,0,0,0,0,0,2,13
22364,0,5,9,1,2,0,0,0,2,19
22365,0,4,0,0,0,0,0,0,0,4
22367,0,0,0,0,0,0,0,1,0,1
22369,0,0,0,0,0,0,0,0,1,1
22371,0,1,0,0,0,0,0,0,0,1
22372,1,12,2,2,3,0,0,0,15,35
22375,0,0,1,0,0,0,0,0,0,1
22376,0,2,0,0,0,0,0,0,0,2
22377,0,2,2,1,0,0,0,0,1,6
22379,13,3,11,8,3,0,0,6,22,66
22380,1,0,0,0,0,0,0,0,0,1
22384,0,5,4,1,3,2,0,0,5,20
22385,0,4,0,1,0,0,0,0,0,5
22386,0,0,0,0,0,0,0,0,1,1
22387,7,4,0,3,0,0,1,1,7,23
22388,6,1,2,0,0,2,0,1,5,17
22389,24,30,3,5,5,4,1,2,25,99
22391,0,2,0,0,0,0,0,0,0,2
23001,2,11,0,1,1,1,0,0,2,18
23002,57,19,0,0,4,0,0,0,4,84
23004,0,3,0,0,0,0,0,0,0,3
23005,1,1,0,0,0,0,0,0,0,2
23008,21,76,7,11,12,4,0,2,44,177
23013,1,15,0,1,1,0,0,2,3,23
23015,1,15,0,0,1,0,0,0,3,20
23020,70,9,1,2,1,0,0,0,2,85
23021,2,10,3,2,1,1,0,0,0,19
23022,0,0,2,0,0,0,0,0,0,2
23024,0,0,0,1,0,0,0,0,0,1
23025,1,14,4,1,2,0,0,0,7,29
23026,0,0,0,1,0,0,0,0,0,1
23030,13,47,7,3,5,2,0,0,10,87
23031,4,24,4,1,4,1,0,0,4,42
23032,1,0,0,0,0,0,0,0,1,2
23035,1,10,0,2,0,0,0,0,1,14
23036,0,8,0,2,2,0,0,0,3,15
23038,0,1,0,0,0,0,0,0,0,1
23039,3,5,1,0,0,0,0,0,1,10
23041,0,3,0,0,0,0,0,0,0,3
23045,2,16,5,1,2,0,0,0,1,27
23052,0,3,0,0,0,0,0,0,0,3
23056,0,3,0,0,0,0,0,0,0,3
23057,0,5,0,0,1,0,0,0,0,6
23061,1,8,1,0,3,0,0,0,2,15
23064,1,9,0,0,1,0,0,0,1,12
23065,0,0,0,0,0,0,0,0,1,1
23067,1,8,1,2,1,1,0,0,1,15
23069,3,4,0,1,1,0,0,2,1,12
23075,2,16,2,1,6,0,0,0,5,32
23076,5,40,4,2,5,1,0,2,21,80
23077,1,0,2,2,1,1,0,0,0,7
23079,4,20,8,1,3,0,1,0,8,45
23085,0,0,2,0,0,0,0,0,0,2
23089,1,6,2,0,2,0,0,0,2,13
23090,0,6,0,1,0,0,0,0,0,7
23093,3,19,0,1,5,2,0,0,11,41
23095,1,7,4,1,1,0,0,0,1,15
23096,172,278,18,29,30,17,23,5,185,757
23099,0,2,0,0,0,0,0,0,0,2
23100,1,4,3,0,1,1,0,1,3,14
23101,0,0,1,0,0,0,0,0,0,1
23105,1,3,2,1,2,0,0,0,1,10
23111,0,1,0,0,0,0,0,0,0,1
23116,2,9,0,1,0,0,0,0,0,12
23117,0,1,0,0,0,0,0,0,0,1
23124,3,5,2,0,2,0,0,1,6,19
23130,0,0,0,0,0,0,0,0,1,1
23131,1,3,3,0,1,0,0,0,0,8
23132,0,3,0,0,0,0,0,0,0,3
23134,0,0,0,0,0,0,0,0,1,1
23136,0,4,0,0,0,0,0,0,0,4
23137,0,3,0,0,2,0,0,0,0,5
23139,0,0,1,0,0,0,0,0,0,1
23140,3,3,0,0,0,0,0,0,1,7
23143,7,30,5,5,1,0,0,3,13,64
23146,0,0,0,0,0,0,0,0,1,1
23151,1,1,0,1,0,0,0,0,0,3
23154,0,0,0,0,0,0,0,0,7,7
23155,0,2,0,0,2,0,0,0,0,4
23165,1,10,1,1,1,0,1,0,1,16
23167,0,0,2,0,0,0,0,0,0,2
23168,1,5,0,1,1,0,0,0,0,8
23169,0,0,4,0,0,0,0,0,0,4
23176,31,55,9,9,7,2,1,7,44,165
23177,0,0,1,0,0,0,0,0,1,2
23189,0,6,0,0,1,0,0,1,1,9
23192,2,10,1,1,1,0,0,1,3,19
23193,24,84,5,5,4,1,0,2,13,138
23195,0,2,0,0,0,0,0,0,0,2
23197,1,2,0,0,1,0,0,0,1,5
23199,0,0,2,0,0,0,0,0,1,3
23202,0,0,1,0,0,0,0,0,0,1
23208,0,3,1,0,0,0,0,0,0,4
23213,0,0,0,0,0,0,0,0,1,1
23227,1,0,0,0,0,0,0,0,0,1
23228,0,0,0,0,0,0,0,0,1,1
23231,1,2,0,0,0,0,0,0,0,3
23239,1,2,0,0,1,0,0,0,0,4
23245,1,14,1,1,2,0,0,0,1,20
23246,1,2,0,0,0,0,0,0,0,3
23247,16,160,4,24,3,0,0,1,14,222
23257,0,4,1,2,2,0,0,0,0,9
23261,4,12,0,1,0,0,0,0,0,17
23263,0,1,0,0,0,0,0,0,0,1
24001,0,0,1,0,0,0,0,0,0,1
24002,7,10,1,2,3,0,0,0,9,32
24008,0,0,1,0,0,0,0,0,0,1
24010,7,29,6,9,1,0,0,2,25,79
24011,8,37,12,3,2,0,0,2,7,71
24013,0,0,2,0,0,0,0,0,1,3
24018,0,0,0,1,0,0,0,0,0,1
24019,0,1,0,0,0,0,0,0,0,1
24020,4,5,2,1,1,1,0,1,3,18
24021,0,2,0,0,0,0,0,0,0,2
24022,0,2,0,0,0,0,0,0,0,2
24023,0,1,0,0,0,0,0,0,0,1
24026,2,16,0,3,2,0,0,1,1,25
24028,6,12,3,1,1,1,0,2,10,36
24031,0,0,0,1,0,0,0,0,0,1
24034,0,1,0,2,0,0,0,0,0,3
24035,4,25,4,1,3,2,1,0,11,51
24037,140,344,33,62,38,47,29,10,252,955
24040,1,0,0,0,1,0,0,0,1,3
24042,0,3,0,0,0,0,0,0,1,4
24053,13,25,10,13,6,5,2,10,34,118
24054,1,3,3,0,0,0,0,0,3,10
24055,1,11,1,3,0,0,0,0,6,22
24062,0,0,0,0,0,0,0,1,0,1
24064,7,31,13,4,1,5,0,3,18,82
24065,0,0,1,0,0,0,0,0,0,1
24067,6,19,6,2,4,1,1,1,20,60
24068,4,12,3,3,2,1,0,1,5,31
24071,1,0,0,1,0,0,0,0,0,2
24077,0,0,0,0,0,0,0,0,1,1
24080,0,5,1,1,0,0,0,0,1,8
24081,2,2,0,1,0,0,0,0,4,9
24082,3,6,4,1,1,1,0,1,6,23
24083,0,1,0,0,0,0,0,0,1,2
24085,0,0,0,1,0,0,0,0,0,1
24086,0,1,0,1,0,0,0,0,0,2
24087,0,5,0,3,0,0,0,0,0,8
24091,3,4,3,1,2,0,0,0,3,16
24096,3,8,1,0,2,0,1,0,3,18
24098,6,10,2,3,1,4,0,1,17,44
24101,0,0,1,0,0,0,0,0,0,1
24102,6,6,6,3,4,8,0,2,26,61
24104,0,1,0,0,0,0,0,0,0,1
24107,0,0,0,1,0,0,0,0,0,1
24108,0,0,0,0,0,0,0,0,1,1
24110,0,2,0,0,0,0,0,0,0,2
24115,2,3,1,0,2,1,0,0,5,14
24117,0,2,0,0,0,0,0,1,3,6
24120,1,0,0,0,2,0,0,0,0,3
24130,0,4,0,0,0,0,0,0,1,5
24133,4,18,1,1,3,0,0,0,8,35
24134,2,0,1,0,2,0,0,0,0,5
24137,0,2,0,0,0,0,0,0,1,3
24138,10,20,8,10,5,2,0,3,15,73
24139,0,5,1,0,1,0,0,1,2,10
24140,0,3,0,0,0,0,0,0,0,3
24142,0,0,0,0,0,0,0,0,1,1
24143,0,1,1,0,2,0,0,0,1,5
24145,8,4,4,1,5,1,2,1,23,49
24147,2,2,0,0,2,0,0,1,2,9
24150,0,5,0,0,0,0,0,1,0,6
24152,4,16,2,1,2,0,0,0,2,27
24156,0,2,0,1,0,0,0,0,1,4
24157,0,0,0,0,0,0,0,0,1,1
24159,0,0,1,0,0,0,0,0,0,1
24160,1,4,1,0,0,0,0,0,1,7
24164,11,35,4,1,4,1,1,0,6,63
24167,5,14,5,1,2,5,1,0,17,50
24171,1,0,0,0,0,0,0,0,0,1
24172,3,2,2,0,2,0,0,0,3,12
24177,0,4,1,0,0,0,0,0,2,7
24179,0,0,0,0,0,0,0,0,1,1
24182,1,7,4,1,2,1,0,0,6,22
24186,0,1,0,0,0,0,0,0,1,2
24188,1,1,1,0,0,0,1,0,2,6
24194,1,5,2,2,2,0,0,2,5,19
24196,1,2,0,0,1,0,0,0,1,5
24197,0,2,0,0,0,0,0,0,0,2
24199,1,4,1,0,0,0,0,0,2,8
24203,0,1,0,0,0,0,0,0,0,1
24205,0,2,0,0,0,0,0,0,1,3
24207,2,2,0,0,0,1,0,0,4,9
24208,0,0,0,0,0,0,0,0,1,1
24210,2,14,6,3,1,0,0,0,8,34
24211,0,2,0,0,0,0,0,2,0,4
24212,2,8,3,1,2,0,0,0,4,20
24214,0,3,0,0,1,0,0,2,2,8
24217,0,0,0,1,0,0,0,0,0,1
24218,0,5,6,0,1,0,0,0,2,14
24220,0,0,0,0,0,0,0,0,1,1
24221,0,1,0,0,0,0,0,0,0,1
24222,18,70,5,10,4,2,2,1,22,134
24223,5,21,6,3,4,2,0,1,25,67
24224,0,0,0,0,0,0,0,0,1,1
24225,2,5,1,0,1,0,0,2,5,16
24226,0,8,0,2,0,1,0,1,2,14
24227,4,8,2,2,2,0,0,1,4,23
24229,6,7,1,1,1,2,2,1,3,24
24237,1,1,4,0,3,0,0,0,1,10
24243,1,3,0,1,2,1,1,0,2,11
24244,4,14,2,1,0,0,0,0,0,21
24246,0,2,0,0,0,0,0,0,0,2
24251,1,3,0,0,0,0,0,0,1,5
24252,0,0,0,1,0,0,0,0,0,1
24253,3,10,1,1,3,1,0,1,8,28
24255,0,3,0,1,0,0,0,0,0,4
24256,5,8,1,2,4,2,0,2,18,42
24259,0,4,2,0,0,0,0,0,0,6
24260,0,0,1,0,0,0,0,0,1,2
24263,0,2,0,0,0,0,0,0,0,2
24264,0,1,0,0,0,0,0,0,1,2
24266,0,1,2,0,0,0,0,0,0,3
24267,0,0,0,0,0,0,0,0,1,1
24269,0,0,5,0,0,1,0,1,0,7
24272,0,0,0,0,0,0,0,0,1,1
24274,0,4,0,0,0,1,0,0,1,6
24276,0,0,1,1,0,0,0,0,0,2
24280,0,7,2,0,2,0,0,0,2,13
24285,0,3,0,1,0,0,0,0,0,4
24286,1,6,2,0,0,0,0,0,0,9
24289,0,5,2,1,0,0,0,0,2,10
24291,9,20,2,4,6,3,1,0,15,60
24294,39,169,10,40,8,7,0,5,83,361
24295,0,2,0,0,0,0,0,0,0,2
24296,1,4,0,1,3,1,0,1,2,13
24297,0,4,0,1,0,0,0,0,1,6
24299,9,23,5,6,7,5,1,0,31,87
24302,1,0,0,0,0,0,0,0,1,2
24308,0,4,0,1,0,0,0,0,0,5
24309,4,14,3,6,3,3,1,1,27,62
24311,12,58,3,6,4,3,1,1,35,123
24312,15,24,5,4,18,1,2,2,55,126
24320,1,8,0,3,1,0,0,0,1,14
24321,0,0,0,0,0,0,0,0,1,1
24322,435,1121,39,99,56,47,63,18,397,2275
24325,0,2,0,0,0,0,0,0,0,2
24328,3,6,2,0,3,1,0,1,4,20
24329,3,5,1,0,4,0,0,0,4,17
24330,1,3,1,0,0,0,0,0,4,9
24335,2,11,1,4,2,2,0,0,3,25
24336,0,1,0,0,0,0,0,0,3,4
24339,0,0,2,0,0,0,0,0,0,2
24340,7,16,2,5,2,0,0,1,19,52
24341,0,0,0,1,0,1,0,0,0,2
24350,2,5,3,1,3,0,1,0,3,18
24351,3,3,2,1,0,0,0,0,0,9
24352,37,93,10,5,4,1,1,3,44,198
24353,0,0,0,1,0,0,0,0,0,1
24354,2,17,0,1,2,1,0,0,6,29
24356,3,4,2,0,2,1,0,0,3,15
24362,3,4,2,2,2,0,0,1,3,17
24366,0,0,3,0,0,0,0,0,0,3
24367,0,2,0,0,0,0,0,0,0,2
24370,0,6,1,2,2,0,0,1,5,17
24372,14,52,11,6,6,5,1,1,50,146
24374,0,2,1,0,0,0,0,0,0,3
24376,5,12,6,1,2,0,0,2,5,33
24381,0,0,0,0,0,0,0,0,1,1
24386,0,0,1,0,0,0,0,0,0,1
24395,0,0,4,0,0,0,0,0,1,5
24396,5,12,3,2,2,1,1,0,13,39
24398,0,0,0,0,0,0,0,0,1,1
24401,0,0,1,0,0,0,0,0,0,1
24405,0,1,0,1,0,0,0,0,0,2
24406,0,2,0,1,0,0,0,0,0,3
24409,0,1,5,0,0,0,0,0,0,6
24410,0,1,0,0,0,0,0,0,0,1
24412,1,0,2,0,0,0,0,2,1,6
24414,1,3,1,0,0,0,0,0,0,5
24418,0,0,1,0,0,0,0,0,0,1
24419,0,0,0,0,0,0,0,1,0,1
24425,1,2,0,0,1,0,0,0,0,4
24428,0,0,2,1,0,0,0,0,0,3
24432,1,5,1,1,1,0,0,0,0,9
24436,0,4,1,0,0,0,0,0,0,5
24437,0,0,0,1,0,0,0,0,0,1
24438,1,0,0,0,0,0,0,0,0,1
24442,0,11,1,0,3,0,0,0,5,20
24443,0,3,1,0,0,0,0,0,2,6
24448,0,0,0,0,0,0,0,1,1,2
24449,0,1,1,1,0,0,0,0,1,4
24450,0,0,0,1,0,0,0,0,0,1
24454,1,2,3,0,0,0,0,0,1,7
24456,0,0,0,0,0,0,0,0,1,1
24461,3,3,0,0,2,0,0,0,1,9
24462,11,23,4,5,1,0,0,0,4,48
24463,0,0,0,0,0,0,1,1,0,2
24466,0,2,0,0,0,0,0,0,0,2
24472,0,1,1,2,0,0,0,0,1,5
24479,15,4,4,3,3,1,0,1,3,34
24481,0,0,0,0,0,0,0,0,1,1
24484,3,8,2,1,2,0,0,2,1,19
24486,0,0,2,1,0,0,0,0,1,4
24487,0,6,0,0,0,0,0,0,0,6
24488,0,0,0,0,1,0,0,0,0,1
24489,0,0,0,0,0,0,0,1,0,1
24490,1,2,1,0,0,0,0,0,1,5
24492,0,0,0,0,0,0,0,1,0,1
24493,0,0,0,0,3,0,0,0,2,5
24494,0,0,1,0,0,0,0,0,2,3
24498,0,2,1,0,0,0,0,0,1,4
24499,0,2,0,0,0,0,0,0,0,2
24509,0,5,0,0,0,0,0,0,0,5
24512,0,0,0,1,0,0,0,0,0,1
24515,5,15,0,5,0,0,0,0,6,31
24516,4,20,1,1,2,1,0,0,4,33
24520,45,177,15,29,7,4,9,6,140,432
24521,0,1,0,0,3,0,0,0,1,5
24523,0,1,0,0,0,0,0,0,0,1
24527,2,2,1,1,1,0,0,1,1,9
24534,3,7,2,4,4,1,1,1,8,31
24538,2,5,1,0,2,1,0,0,6,17
24540,1,2,3,0,1,1,0,1,3,12
24543,0,0,1,0,0,0,0,0,0,1
24547,23,41,13,2,5,3,0,1,38,126
24550,3,9,2,1,3,0,1,0,5,24
24551,23,25,4,4,5,3,0,1,23,88
24553,2,9,5,1,3,0,0,1,5,26
24554,2,12,4,1,2,0,0,0,2,23
24555,0,1,0,1,0,0,0,0,0,2
24557,18,29,10,9,7,3,0,3,54,133
24559,0,0,0,1,0,0,0,0,0,1
24563,0,0,1,0,0,0,0,0,0,1
24564,0,1,0,0,0,0,0,0,0,1
24568,1,2,4,0,1,2,2,0,7,19
24571,6,11,2,1,6,2,1,2,16,47
24573,1,4,1,0,3,0,0,0,1,10
24576,0,0,0,1,0,0,0,0,1,2
24581,4,8,3,1,3,0,1,1,1,22
24582,0,4,0,0,0,0,0,0,0,4
24584,1,3,1,0,2,0,0,0,1,8
24585,2,9,5,0,1,1,0,0,1,19
24586,0,0,0,0,0,0,0,0,2,2
24587,4,0,0,1,0,3,0,2,9,19
25004,0,1,0,0,0,0,0,0,0,1
25013,0,3,0,0,0,0,0,0,0,3
25014,0,2,0,0,0,0,0,0,1,3
25015,3,14,3,0,2,2,0,1,3,28
25018,3,0,4,0,0,0,0,0,1,8
25020,1,0,0,0,0,0,0,0,9,10
25021,4,6,3,1,7,0,0,2,4,27
25022,7,7,2,0,2,2,0,2,3,25
25025,2,0,0,0,0,0,0,0,0,2
25029,0,1,0,0,0,0,0,0,0,1
25030,1,3,0,0,0,0,0,0,0,4
25031,38,77,15,6,8,6,3,2,56,211
25032,0,2,0,0,0,0,0,0,0,2
25033,0,1,0,0,0,0,0,0,0,1
25034,0,1,0,0,0,0,0,0,0,1
25035,3,5,2,2,2,1,0,1,3,19
25036,8,32,7,0,2,0,0,2,13,64
25039,3,7,0,1,2,0,0,0,1,14
25040,2,2,0,0,0,0,0,0,0,4
25043,4,12,0,1,2,1,0,0,1,21
25046,0,0,0,1,0,0,0,0,0,1
25047,46,47,14,6,13,8,3,4,39,180
25048,0,6,2,0,2,2,0,0,1,13
25051,1,4,0,0,2,0,0,0,2,9
25055,0,0,0,0,0,0,0,0,1,1
25056,1436,2036,276,357,260,114,122,105,1677,6383
25057,6,10,0,1,2,1,0,0,16,36
25058,6,4,7,4,3,2,1,0,4,31
25060,0,0,0,0,2,0,0,1,0,3
25063,1,27,0,3,3,0,1,0,0,35
25070,0,0,0,1,0,0,0,0,0,1
25074,0,8,1,0,4,0,0,0,2,15
25078,3,3,3,0,4,1,0,0,3,17
25084,2,3,4,0,0,0,0,1,0,10
25090,0,0,0,1,0,0,0,0,0,1
25094,0,1,0,0,0,0,0,0,0,1
25096,0,0,6,0,0,0,0,0,0,6
25097,2,18,0,0,0,0,0,0,3,23
25098,0,0,0,0,0,0,0,0,1,1
25101,0,0,1,0,0,0,0,0,0,1
25105,0,2,0,0,0,0,1,0,0,3
25111,0,2,0,0,0,0,0,0,0,2
25112,3,0,0,1,0,0,0,0,10,14
25121,0,0,0,0,0,0,0,1,0,1
25127,13,7,0,1,3,2,2,0,2,30
25133,6,16,0,0,6,0,0,0,7,35
25147,1,3,4,2,5,0,0,0,5,20
25155,0,0,0,0,0,0,0,0,1,1
25156,4,6,4,0,3,0,0,1,2,20
25157,6,5,0,0,2,2,1,0,6,22
25159,2,5,0,0,2,1,0,0,3,13
25170,0,2,0,0,0,3,0,0,5,10
25184,0,2,0,0,0,0,0,0,0,2
25186,2,2,3,0,3,1,0,0,1,12
25190,0,4,0,0,1,3,0,0,3,11
25193,0,4,0,0,3,0,1,0,0,8
25194,0,0,0,1,0,0,0,0,0,1
25195,2,2,5,1,0,0,0,1,4,15
25196,1,2,0,1,1,1,1,0,1,8
25198,0,12,4,0,0,0,0,0,1,17
25200,4,8,3,1,4,4,0,0,9,33
25201,0,0,0,0,0,0,0,0,1,1
25204,5,23,1,1,4,7,0,0,65,106
25209,0,0,1,0,0,0,0,0,0,1
25212,5,9,4,1,4,4,1,3,92,123
25213,0,0,0,1,0,0,0,0,0,1
25214,0,1,0,0,0,0,0,0,0,1
25216,0,1,0,0,0,0,0,0,0,1
25217,3,2,2,0,3,0,0,1,0,11
25219,0,0,0,0,0,0,0,0,1,1
25220,3,1,2,1,4,2,0,1,1,15
25222,5,5,5,0,2,0,0,0,4,21
25228,1,13,0,2,5,1,0,0,5,27
25230,3,6,0,3,4,0,0,0,7,23
25236,0,0,0,0,0,0,0,1,0,1
25237,1,5,0,0,3,1,0,0,2,12
25240,0,2,8,0,2,3,0,0,13,28
25243,1,5,0,1,0,0,0,0,2,9
25245,0,2,5,2,0,0,0,0,0,9
25254,0,0,0,2,0,0,0,0,1,3
25255,0,0,0,0,0,0,0,0,2,2
25258,8,3,11,3,4,0,0,2,8,39
25259,4,10,2,1,4,1,1,2,9,34
25262,0,0,0,0,0,0,0,0,1,1
25263,0,1,0,0,0,0,0,0,0,1
25265,1,1,4,0,0,0,1,0,1,8
25270,0,0,1,0,0,0,0,0,0,1
25271,3,4,6,0,4,1,1,1,5,25
25278,0,0,0,0,0,0,0,0,1,1
25282,3,1,2,0,0,0,1,0,0,7
25284,5,21,5,5,4,2,0,2,16,60
25285,1,2,0,0,3,1,0,0,2,9
25287,2,2,0,2,0,0,2,1,2,11
25293,3,1,1,1,0,0,0,0,3,9
25304,0,34,1,3,3,3,0,3,19,66
25305,0,0,0,0,0,0,0,1,0,1
25307,1,2,1,1,3,0,1,1,1,11
25309,0,0,2,0,3,0,0,1,10,16
25315,9,21,2,1,3,0,1,2,12,51
25318,1,0,0,0,0,9,0,0,6,16
25320,2,7,1,2,4,1,0,0,6,23
25321,4,2,1,2,4,1,1,0,7,22
25323,0,0,0,1,0,0,0,0,0,1
25333,0,0,0,0,0,0,0,0,1,1
25334,3,10,2,1,2,3,1,2,6,30
25339,0,1,0,0,0,0,0,0,0,1
25345,0,0,3,0,0,0,0,0,0,3
25348,0,0,0,1,0,0,0,0,0,1
25349,0,0,0,0,0,0,0,0,1,1
25350,0,0,0,0,0,0,0,0,1,1
25356,9,22,6,5,6,5,0,1,26,80
25357,0,0,0,0,0,0,0,0,1,1
25361,0,0,0,0,0,0,0,0,2,2
25364,3,21,4,0,6,0,1,2,5,42
25367,0,34,1,2,3,1,0,0,3,44
25368,0,4,2,1,0,0,0,1,5,13
25370,1,4,1,0,2,2,0,0,5,15
25371,0,0,0,1,0,0,0,0,0,1
25377,0,0,0,0,0,0,0,0,1,1
25378,0,0,0,1,0,0,0,0,0,1
25379,0,0,0,1,0,0,0,0,0,1
25380,1,2,0,0,3,0,0,0,10,16
25381,5,7,4,3,5,1,0,3,5,33
25385,0,0,0,0,0,0,0,0,1,1
25388,134,284,30,63,32,27,10,13,401,994
25389,0,0,0,0,0,0,0,0,1,1
25390,0,2,0,0,0,0,0,0,0,2
25394,4,2,1,1,1,0,0,0,2,11
25395,0,2,5,0,0,0,1,2,1,11
25397,4,18,6,3,3,0,1,1,2,38
25398,0,1,0,0,0,0,0,0,0,1
25403,0,1,0,0,0,0,0,0,1,2
25405,0,0,2,1,0,0,0,0,2,5
25406,1,0,0,1,0,0,0,0,0,2
25410,2,1,0,1,2,0,0,0,0,6
25411,48,52,9,9,11,4,4,4,64,205
25413,4,20,2,1,2,1,2,3,15,50
25416,1,0,0,0,0,0,0,0,0,1
25418,1,3,0,0,0,0,0,0,0,4
25424,4,2,2,0,2,0,0,0,2,12
25426,0,1,0,0,0,0,0,0,0,1
25427,0,2,0,0,0,0,0,0,0,2
25428,1,3,1,0,2,0,0,0,4,11
25429,60,186,0,45,6,2,2,4,42,347
25432,4,5,3,1,3,3,1,2,5,27
25434,16,45,9,6,6,4,1,2,20,109
25437,1,0,0,0,0,0,0,0,0,1
25442,3,0,2,0,0,0,0,1,1,7
25444,0,0,0,0,0,0,0,0,1,1
25448,2,3,2,1,0,0,0,0,2,10
25453,2,4,3,0,2,1,0,1,2,15
25454,4,3,12,1,5,7,1,1,5,39
25455,0,0,1,0,0,0,0,0,0,1
25456,0,0,0,0,0,0,0,0,1,1
25460,1,1,0,0,0,0,0,1,4,7
25462,161,370,30,42,30,25,39,8,209,914
25463,3,45,1,1,4,2,0,0,24,80
25467,3,3,5,1,3,5,1,0,4,25
25468,0,0,0,1,0,0,0,0,0,1
25469,0,3,0,0,0,0,0,0,0,3
25473,3,3,2,0,0,0,1,2,1,12
25475,15,50,15,4,3,0,1,8,24,120
25482,3,2,2,1,3,0,0,0,3,14
25490,4,4,3,1,5,0,0,0,1,18
25495,7,4,8,2,3,2,1,3,8,38
25497,0,0,0,1,0,0,0,0,0,1
25502,0,0,0,1,0,0,0,0,0,1
25505,6,20,2,2,2,1,0,0,9,42
25508,3,4,4,1,3,0,0,0,3,18
25512,2,8,4,2,3,3,0,2,8,32
25513,0,0,1,0,0,0,0,0,0,1
25514,0,0,1,0,0,0,0,0,1,2
25519,2,7,0,0,2,1,0,0,3,15
25523,0,1,0,0,0,0,0,0,0,1
25526,2,3,2,1,2,0,0,0,0,10
25527,12,17,10,2,8,6,1,1,47,104
25529,1,29,2,0,3,2,0,0,3,40
25532,13,11,9,3,4,10,2,1,14,67
25539,5,36,3,1,5,4,0,3,26,83
25542,6,4,4,1,0,1,0,2,2,20
25547,2,10,0,1,12,2,1,0,8,36
25549,0,0,0,0,0,0,0,0,1,1
25555,0,2,0,0,0,0,0,4,61,67
25558,1,3,5,0,0,0,0,0,2,11
25560,5,11,4,1,4,0,0,2,5,32
25569,0,0,0,0,0,0,0,1,0,1
25571,0,0,0,0,0,1,0,0,0,1
25575,0,2,1,0,0,0,0,0,0,3
25578,40,16,13,2,8,8,4,1,40,132
25580,8,49,4,5,6,2,0,0,14,88
25586,0,0,0,0,0,0,0,0,1,1
25588,0,1,0,1,0,0,0,0,2,4
25590,0,2,0,0,0,0,0,0,0,2
25601,3,5,0,1,3,0,0,0,0,12
25605,0,0,2,0,0,0,0,0,0,2
25608,0,0,0,1,0,0,0,0,0,1
25609,0,0,0,0,0,2,0,0,0,2
25614,1,7,2,0,2,2,1,0,0,15
25620,0,0,0,1,0,0,0,0,0,1
25621,0,5,0,0,0,0,0,0,5,10
25626,0,0,1,0,0,0,0,0,0,1
25628,0,0,0,0,0,0,0,0,1,1
25632,6,8,9,0,3,2,1,0,14,43
25633,2,0,2,0,2,2,0,0,1,9
26001,0,3,0,1,0,0,0,0,1,5
26002,0,3,0,1,0,0,0,0,3,7
26004,3,7,4,1,2,0,0,2,5,24
26005,3,6,4,0,0,0,0,1,2,16
26006,2,4,7,2,2,1,0,3,4,25
26008,0,2,0,0,0,0,0,0,0,2
26010,3,7,2,2,5,4,0,2,30,55
26011,7,20,11,7,4,0,0,4,18,71
26014,0,0,0,0,0,0,0,0,1,1
26016,0,0,0,0,0,0,1,0,0,1
26023,0,0,1,1,0,0,0,0,1,3
26025,0,0,0,0,0,0,0,0,1,1
26031,0,4,1,0,0,0,2,1,4,12
26033,1,5,0,2,0,0,1,0,0,9
26034,5,0,10,1,0,0,1,0,1,18
26035,1,3,0,0,0,0,0,1,0,5
26037,3,10,9,0,3,3,0,2,14,44
26038,3,2,3,0,0,1,0,0,3,12
26039,0,4,1,0,0,0,0,0,0,5
26040,1,0,0,0,0,0,0,0,0,1
26041,0,2,1,0,0,0,0,0,1,4
26042,5,4,2,1,2,2,1,2,0,19
26045,3,3,3,0,4,0,1,1,12,27
26049,0,15,3,2,2,0,0,0,6,28
26054,2,2,1,0,0,0,0,0,2,7
26055,0,0,0,0,0,0,0,0,3,3
26056,4,5,3,2,2,0,1,0,4,21
26057,47,78,5,7,15,9,2,8,49,220
26058,16,48,19,14,16,11,3,14,96,237
26061,0,0,1,0,0,0,0,0,1,2
26063,5,25,7,1,3,1,1,3,15,61
26064,9,20,10,5,4,4,0,6,26,84
26065,0,1,0,0,0,0,0,0,2,3
26070,0,1,1,0,0,0,0,0,0,2
26071,0,2,1,0,0,0,0,0,1,4
26072,0,3,0,0,0,0,0,0,1,4
26074,5,3,3,0,1,0,0,0,1,13
26078,1,5,1,1,0,0,0,0,1,9
26079,1,1,1,0,0,0,0,0,0,3
26081,0,0,1,0,0,0,0,0,0,1
26083,5,18,5,3,3,4,3,2,18,61
26084,6,11,3,0,2,1,0,2,12,37
26085,4,5,2,0,3,0,0,1,9,24
26086,4,9,0,0,1,0,1,0,4,19
26087,5,6,0,2,4,2,1,0,10,30
26088,16,8,12,2,2,3,1,8,38,90
26094,0,3,1,0,0,0,0,1,2,7
26095,13,11,10,3,5,2,1,3,25,73
26096,1,4,4,1,3,0,0,1,2,16
26097,0,3,0,0,0,0,0,0,0,3
26098,0,0,1,0,0,0,0,0,0,1
26099,1,1,0,1,0,0,0,1,1,5
26101,0,0,0,0,0,0,0,0,1,1
26102,0,1,0,0,0,0,0,0,0,1
26103,1,4,0,2,0,0,0,0,0,7
26105,0,0,0,0,0,1,0,0,0,1
26106,0,2,0,0,0,0,0,0,1,3
26108,39,129,37,25,13,10,6,7,146,412
26110,0,0,0,1,0,0,0,0,0,1
26112,2,9,0,0,0,0,0,0,0,11
26113,20,53,18,6,9,6,2,3,36,153
26114,21,51,17,20,14,2,4,1,26,156
26115,0,3,0,0,0,0,0,0,1,4
26116,2,12,6,1,4,3,0,1,7,36
26118,0,1,0,0,0,0,0,0,0,1
26119,0,3,0,0,0,0,0,0,0,3
26121,1,3,4,0,0,0,0,0,0,8
26124,7,20,6,1,3,2,1,2,12,54
26125,1,2,1,2,0,0,1,0,11,18
26129,0,1,0,0,0,0,0,0,1,2
26138,0,1,0,0,0,0,0,0,1,2
26139,6,17,9,5,3,0,0,2,22,64
26140,1,1,1,2,0,0,0,0,1,6
26143,3,4,1,3,3,0,0,0,2,16
26144,2,7,3,1,2,0,0,2,9,26
26145,1,1,0,0,0,0,0,1,1,4
26146,4,10,7,2,2,2,0,0,7,34
26148,1,10,5,0,1,0,0,1,6,24
26149,0,2,3,0,0,0,0,0,1,6
26154,0,0,2,0,0,0,0,0,0,2
26160,0,0,3,0,0,5,0,0,2,10
26162,0,3,1,0,0,0,0,0,0,4
26165,23,32,8,3,13,5,3,3,33,123
26166,3,21,6,3,5,2,0,1,35,76
26167,2,8,0,0,2,0,0,0,2,14
26168,1,5,1,0,0,0,0,0,2,9
26169,1,3,3,0,0,0,4,1,2,14
26170,6,6,3,0,2,7,0,0,7,31
26171,0,0,0,0,0,1,0,0,0,1
26173,5,0,2,0,0,0,0,0,1,8
26174,0,3,0,0,0,0,0,0,1,4
26175,0,0,0,0,0,0,0,0,1,1
26176,2,11,1,0,0,0,0,1,3,18
26177,0,3,0,1,0,0,0,0,0,4
26179,2,5,2,0,3,2,2,1,3,20
26182,2,4,2,1,3,1,0,1,6,20
26183,1,5,0,0,0,0,0,0,2,8
26185,0,1,0,0,0,0,0,0,0,1
26187,0,0,1,0,0,0,0,0,0,1
26188,0,6,6,0,0,1,0,0,1,14
26189,0,1,0,0,0,0,0,0,0,1
26191,5,7,10,1,2,1,0,0,7,33
26193,2,5,2,0,1,0,0,1,3,14
26194,0,0,0,0,0,0,0,0,1,1
26196,54,245,1,42,4,0,0,6,86,438
26197,12,20,7,5,4,0,1,1,33,83
26198,279,720,78,57,67,45,64,21,498,1829
26200,2,0,0,0,0,0,0,0,0,2
26202,0,0,0,0,0,0,0,2,0,2
26206,3,5,5,1,4,2,0,4,5,29
26207,0,0,1,0,0,0,0,0,0,1
26208,7,6,5,1,0,0,1,1,5,26
26211,1,3,3,0,0,1,0,0,1,9
26212,1,4,2,0,0,0,1,1,2,11
26213,0,0,0,1,0,0,0,0,0,1
26215,1,3,1,0,0,0,1,0,2,8
26216,0,0,1,0,0,0,0,0,0,1
26217,0,0,1,0,0,0,0,0,0,1
26218,5,14,14,1,3,4,1,3,18,63
26220,25,81,17,12,17,9,2,8,40,211
26224,0,0,0,1,0,0,0,0,1,2
26225,1,7,0,0,0,0,0,0,0,8
26231,3,10,0,2,2,0,0,3,10,30
26234,0,0,1,0,0,0,0,0,1,2
26235,20,59,12,12,9,6,3,7,71,199
26240,0,0,0,0,0,0,0,0,1,1
26243,2,3,4,0,1,1,0,1,7,19
26249,0,0,0,1,0,0,0,0,1,2
26250,0,3,3,0,5,2,0,1,8,22
26252,6,42,13,4,9,6,4,7,42,133
26256,0,0,0,0,0,0,0,0,1,1
26258,0,2,2,0,0,0,0,0,1,5
26261,0,6,1,0,0,0,0,1,2,10
26262,0,1,0,1,0,0,0,0,0,2
26263,0,0,1,0,0,0,0,0,0,1
26264,1,3,1,0,1,0,0,0,2,8
26271,4,13,0,3,4,4,0,0,4,32
26273,2,0,1,0,0,0,0,1,1,5
26275,1,3,4,0,0,1,0,1,2,12
26277,0,0,0,0,0,0,0,1,0,1
26281,196,543,45,71,83,30,48,20,340,1376
26287,0,0,0,0,0,0,0,0,3,3
26289,3,5,4,3,2,0,0,2,2,21
26292,1,0,2,0,0,0,0,0,0,3
26293,1,0,0,0,0,0,0,0,0,1
26295,1,6,0,0,0,1,0,0,1,9
26298,0,0,0,0,0,0,0,0,1,1
26301,9,20,10,5,6,2,2,4,31,89
26305,0,2,1,0,0,0,0,0,0,3
26306,0,0,0,0,0,0,0,0,1,1
26307,9,35,4,3,2,2,1,2,17,75
26309,0,0,1,1,0,0,0,0,0,2
26310,0,0,2,0,0,0,0,1,0,3
26311,7,13,1,9,3,1,0,3,13,50
26312,1,0,3,1,0,0,0,1,2,8
26313,7,19,10,2,4,4,2,5,42,95
26315,0,0,1,0,0,0,1,2,1,5
26317,0,3,0,0,0,0,0,0,0,3
26319,0,0,0,0,0,0,0,0,1,1
26320,0,4,0,1,3,0,0,0,2,10
26321,0,0,1,0,0,0,0,0,0,1
26322,0,1,0,1,0,0,0,0,5,7
26323,1,2,0,0,0,0,0,0,13,16
26324,15,39,20,7,9,9,2,10,40,151
26325,8,32,1,2,5,7,1,4,9,69
26326,4,2,0,1,2,0,0,0,5,14
26330,2,11,2,3,4,1,0,0,5,28
26331,2,12,1,4,1,1,0,0,7,28
26332,6,5,2,0,2,2,0,2,12,31
26333,11,57,7,16,7,5,1,3,63,170
26336,0,1,2,0,0,0,0,0,1,4
26337,2,6,2,1,6,0,0,0,10,27
26338,4,4,3,1,3,6,0,1,7,29
26339,0,5,0,1,0,0,0,0,0,6
26340,1,4,1,0,0,0,0,1,1,8
26341,0,4,0,1,0,0,0,0,0,5
26345,1,5,1,1,2,1,0,0,4,15
26347,26,101,9,13,6,7,0,8,58,228
26348,2,10,6,6,2,0,0,0,14,40
26353,1,1,0,1,0,0,0,0,0,3
26355,1,0,0,2,0,0,0,1,3,7
26357,6,6,1,1,2,6,0,0,8,30
26358,1,6,2,0,2,0,0,0,4,15
26360,0,0,1,0,0,0,0,0,11,12
26362,624,1287,135,159,112,66,101,40,915,3439
26365,0,1,0,0,0,0,0,0,0,1
26367,0,0,0,0,0,0,0,0,6,6
26368,0,0,0,2,0,0,0,0,0,2
26373,0,0,0,0,0,0,0,0,1,1
26376,0,0,1,0,0,0,0,0,0,1
26377,1,3,0,0,0,0,0,0,2,6
26379,1,1,4,0,0,0,0,0,2,8
26381,0,0,0,1,0,0,0,0,0,1
26382,0,0,0,0,0,0,0,0,1,1
27003,1,7,2,1,3,0,0,0,3,17
27008,1,2,4,1,0,1,0,0,1,10
27011,0,0,1,0,2,0,0,1,6,10
27015,0,4,0,1,0,0,0,0,0,5
27016,17,36,5,13,9,3,3,2,51,139
27017,0,1,1,1,4,0,0,0,0,7
27022,1,1,4,2,6,1,0,1,5,21
27023,0,0,0,1,0,0,0,0,0,1
27031,0,0,0,0,0,0,0,0,1,1
27032,0,0,0,1,0,0,0,0,0,1
27041,2,1,1,0,0,0,0,0,0,4
27044,0,1,0,0,0,0,0,0,1,2
27048,0,1,0,0,0,0,0,0,0,1
27049,0,9,0,3,2,0,0,0,4,18
27051,7,8,4,0,5,1,0,2,13,40
27052,1,0,0,0,0,0,0,0,0,1
27054,0,5,0,2,0,0,0,0,0,7
27056,56,146,15,21,16,8,11,4,114,391
27064,0,0,0,0,0,0,0,0,1,1
27065,3,19,5,0,7,3,0,2,8,47
27067,0,0,0,0,0,2,0,0,1,3
27073,0,3,1,0,0,0,0,0,0,4
27074,0,0,0,0,0,0,0,0,1,1
27076,0,0,0,0,0,0,0,0,1,1
27077,0,3,0,0,2,0,0,0,0,5
27079,0,1,0,0,0,0,0,0,0,1
27082,2,2,4,0,2,2,0,1,4,17
27085,0,1,0,0,0,0,0,0,0,1
27089,0,0,0,0,0,0,0,0,1,1
27090,5,9,1,1,2,3,0,0,1,22
27099,0,0,1,0,0,0,0,0,0,1
27100,0,3,0,0,0,0,1,1,0,5
27101,0,0,1,0,0,0,0,0,0,1
27103,9,27,11,6,9,2,2,4,28,98
27105,4,10,7,1,4,2,2,1,19,50
27107,1,3,0,1,2,0,1,0,6,14
27108,4,1,1,0,1,0,0,0,3,10
27112,2,27,2,6,4,3,0,0,26,70
27114,0,0,0,0,1,0,0,0,0,1
27116,5,22,2,2,6,0,0,2,11,50
27117,1,7,2,0,1,0,0,0,1,12
27118,2,15,0,3,0,0,0,0,4,24
27119,2,7,1,3,4,0,0,1,1,19
27123,0,0,0,0,0,0,0,0,1,1
27138,0,0,0,0,0,0,1,0,1,2
27147,0,0,0,0,0,0,0,1,0,1
27148,0,0,1,0,0,0,0,0,0,1
27151,28,11,11,1,3,0,1,3,17,75
27152,4,1,2,1,2,0,0,1,3,14
27155,1,1,0,0,0,0,0,0,0,2
27158,0,0,0,0,0,0,0,0,1,1
27161,1,2,3,0,0,0,0,0,0,6
27164,0,0,1,0,0,0,0,0,0,1
27165,6,12,6,4,6,1,1,2,25,63
27169,0,3,0,0,0,0,0,0,0,3
27170,4,4,7,1,2,2,2,2,9,33
27172,0,0,2,0,0,0,0,0,0,2
27174,0,2,0,0,0,0,0,0,0,2
27180,5,2,6,0,3,4,1,0,8,29
27183,4,7,0,2,2,0,0,1,4,20
27185,0,0,0,0,0,0,0,0,1,1
27188,0,5,1,0,0,0,0,0,2,8
27191,4,3,2,0,2,0,0,0,2,13
27193,2,2,1,0,0,0,0,0,0,5
27196,10,27,1,3,1,0,0,0,0,42
27198,2,7,2,3,5,2,1,2,9,33
27201,0,0,0,0,0,0,0,0,1,1
27213,0,5,2,0,2,0,0,0,8,17
27214,1,8,0,4,1,0,0,1,5,20
27218,1,6,2,2,3,1,0,0,5,20
27226,7,15,5,3,5,1,1,2,23,62
27229,489,1190,45,152,140,64,59,10,507,2656
27230,3,7,2,0,3,0,1,0,14,30
27233,0,0,0,0,0,0,0,0,1,1
27234,0,1,0,0,0,0,0,0,0,1
27238,1,2,4,1,0,0,1,0,1,10
27240,0,5,1,1,1,0,0,0,1,9
27242,0,0,0,1,0,0,0,0,1,2
27244,0,1,0,0,0,0,0,0,0,1
27246,3,8,3,0,3,1,0,0,8,26
27254,0,2,0,0,0,0,0,0,0,2
27256,0,0,1,0,0,0,0,0,0,1
27261,0,4,2,0,0,0,0,1,1,8
27263,2,2,0,1,0,0,0,0,2,7
27270,0,0,2,0,0,0,0,0,0,2
27275,31,21,5,7,2,5,1,3,41,116
27278,1,0,1,0,0,0,0,0,0,2
27279,2,4,0,1,2,1,0,1,5,16
27280,0,2,0,0,0,0,0,0,0,2
27281,0,0,0,0,0,0,0,0,1,1
27282,0,0,0,1,0,0,0,0,0,1
27284,68,153,20,12,19,3,12,1,87,375
27287,0,0,0,0,0,0,0,0,1,1
27290,0,0,0,0,0,0,0,0,1,1
27299,1,7,5,0,3,5,0,1,9,31
27302,2,3,3,2,0,0,0,0,4,14
27306,19,7,1,6,5,4,1,5,38,86
27311,2,18,1,1,2,1,0,0,3,28
27313,0,2,0,0,0,0,0,0,0,2
27316,0,0,1,0,0,0,0,0,1,2
27321,0,0,0,0,0,0,0,0,1,1
27322,1,3,0,0,3,0,0,2,0,9
27332,6,6,2,0,15,0,0,0,3,32
27335,0,1,0,1,0,0,0,0,1,3
27337,0,0,0,0,0,0,0,0,1,1
27338,0,0,0,0,0,0,0,0,1,1
27339,0,1,1,0,2,0,0,0,2,6
27342,1,0,0,0,0,0,0,0,0,1
27348,2,2,5,0,5,0,0,0,2,16
27350,0,5,1,0,0,0,0,2,0,8
27351,1,1,5,0,0,0,0,0,6,13
27355,3,9,1,1,3,1,0,3,4,25
27358,0,0,0,0,0,0,0,0,1,1
27365,2,2,1,0,2,0,1,0,5,13
27367,2,5,1,0,3,0,0,1,4,16
27369,0,0,0,0,0,0,0,0,1,1
27374,0,0,0,0,0,0,0,1,0,1
27375,72,131,21,21,31,13,4,8,110,411
27377,4,12,1,0,2,0,0,4,3,26
27378,3,6,2,0,1,1,0,0,5,18
27379,0,2,0,0,0,0,0,0,0,2
27384,0,0,0,1,0,0,0,0,0,1
27385,0,1,0,0,0,0,0,0,0,1
27386,0,0,1,0,0,0,0,0,0,1
27390,0,0,0,0,0,0,0,0,1,1
27391,1,4,0,0,3,0,0,0,4,12
27394,0,1,0,0,0,0,0,0,0,1
27397,3,3,0,0,3,0,0,0,2,11
27398,0,0,0,0,0,0,0,0,8,8
27406,0,3,1,0,0,0,0,0,2,6
27410,0,1,0,0,0,0,0,0,2,3
27412,0,0,3,0,0,0,0,0,1,4
27413,3,4,1,0,3,1,0,0,1,13
27414,0,3,0,0,2,0,0,0,0,5
27421,0,0,0,0,0,0,0,2,0,2
27422,1,0,1,0,0,0,0,0,0,2
27423,0,0,0,0,0,0,0,1,1,2
27425,1,5,0,0,0,0,0,0,1,7
27427,0,0,0,1,0,0,0,0,0,1
27428,17,42,11,8,5,6,2,6,43,140
27431,0,1,0,0,1,0,0,0,0,2
27432,0,1,0,1,0,0,0,0,1,3
27438,0,3,1,2,1,0,0,0,5,12
27439,2,0,0,0,6,2,0,0,12,22
27445,3,21,5,1,1,0,0,0,5,36
27448,5,29,10,5,13,4,1,5,40,112
27453,1,12,0,0,2,0,0,0,4,19
27458,4,5,3,0,2,2,2,0,10,28
27464,0,2,0,0,0,0,0,0,0,2
27467,100,143,20,24,20,7,3,10,124,451
27468,1,9,1,0,2,0,0,0,0,13
27469,9,18,10,1,3,0,0,4,21,66
27470,0,7,2,1,3,1,0,0,4,18
27471,0,0,0,0,0,0,0,0,1,1
27473,0,2,1,0,0,0,0,0,0,3
27474,0,2,0,0,0,0,0,0,0,2
27476,0,2,0,0,0,0,0,0,0,2
27477,0,4,0,0,0,0,0,1,0,5
27478,0,2,1,0,1,0,0,0,0,4
27485,0,3,2,1,1,0,0,0,1,8
27486,1,3,3,0,0,0,1,0,2,10
27493,8,5,0,1,3,1,0,2,7,27
27495,0,0,0,0,0,0,0,0,1,1
27496,0,0,0,0,0,0,0,0,1,1
27497,0,0,0,1,0,0,0,0,0,1
27500,6,6,0,0,3,2,0,0,5,22
27502,2,18,1,0,2,3,0,0,9,35
27507,8,28,11,5,5,4,0,0,33,94
27510,0,1,0,0,0,0,0,0,0,1
27511,0,2,0,1,0,0,0,0,0,3
27512,0,0,0,1,0,0,0,0,0,1
27516,0,5,0,2,0,0,0,0,0,7
27517,0,0,1,0,0,0,0,0,0,1
27518,0,0,0,0,0,0,0,1,0,1
27524,1,0,0,0,0,0,0,0,0,1
27528,6,17,10,1,2,0,0,0,10,46
27533,0,0,0,1,0,0,0,0,0,1
27534,0,0,0,0,0,0,0,0,1,1
27537,0,0,0,1,0,0,0,0,0,1
27542,3,4,0,1,3,0,0,0,1,12
27543,1,5,0,2,0,0,0,0,3,11
27549,0,2,2,0,0,0,0,0,0,4
27553,0,0,0,1,0,0,0,0,0,1
27554,0,0,0,0,0,0,0,0,1,1
27558,0,0,1,0,0,0,0,0,0,1
27561,0,1,0,0,0,0,0,0,0,1
27562,6,13,11,2,7,2,0,2,27,70
27565,0,3,0,0,0,0,0,0,1,4
27568,0,0,0,0,0,0,0,1,0,1
27577,0,0,0,0,0,0,2,0,0,2
27580,5,7,4,0,3,2,0,0,9,30
27582,2,13,1,0,6,1,0,1,7,31
27587,0,0,1,0,0,0,0,0,0,1
27588,0,0,2,0,0,0,0,0,0,2
27593,0,2,2,0,0,1,0,1,4,10
27595,0,7,1,2,0,0,0,0,2,12
27598,1,0,0,0,3,0,0,0,1,5
27602,48,133,50,19,3,5,0,3,80,341
27615,0,0,0,0,0,0,0,0,1,1
27616,6,2,0,0,2,4,0,0,7,21
27621,0,0,0,1,0,0,0,0,0,1
27622,3,5,2,5,2,1,0,1,12,31
27624,0,0,0,0,0,0,1,0,0,1
27629,4,10,5,0,5,0,0,2,8,34
27630,0,0,0,1,0,0,0,0,2,3
27638,1,8,5,2,2,0,1,1,2,22
27641,0,0,0,0,0,0,0,0,1,1
27643,2,3,0,0,2,0,0,0,0,7
27644,2,4,0,1,0,0,0,0,9,16
27653,0,0,1,0,0,1,0,0,1,3
27654,0,0,1,0,0,0,0,0,0,1
27656,0,2,0,0,0,0,0,1,0,3
27668,0,2,0,0,0,0,0,0,1,3
27672,1,0,0,0,0,0,0,0,0,1
27676,0,7,2,1,0,0,0,0,4,14
27677,0,0,0,1,0,0,0,0,3,4
27678,0,1,0,0,0,0,0,0,1,2
27679,34,85,15,12,13,10,3,5,59,236
27681,92,124,29,38,27,39,17,10,194,570
27684,14,2,2,0,0,5,0,1,6,30
27685,0,1,0,1,0,0,0,0,0,2
27689,0,0,0,1,0,0,0,0,0,1
27693,0,0,0,3,0,0,0,1,4,8
27696,0,0,0,0,0,0,0,2,0,2
27701,17,26,8,6,126,4,1,2,20,210
28001,4,10,1,3,0,0,0,0,8,26
28005,0,0,0,0,0,0,0,0,8,8
28006,1,2,1,1,1,0,0,0,7,13
28007,2,10,1,2,4,0,0,0,13,32
28012,1,5,0,0,3,0,0,0,4,13
28013,0,2,0,0,0,0,0,0,2,4
28015,2,17,1,6,4,4,0,2,22,58
28018,2,9,4,0,2,0,0,1,3,21
28021,1,4,0,1,2,0,0,0,4,12
28022,2,3,2,0,0,0,0,0,1,8
28024,10,1,2,1,1,0,0,1,31,47
28027,1,9,1,1,3,0,0,1,1,17
28031,1,0,0,0,0,0,0,0,1,2
28032,0,0,0,0,0,0,0,0,1,1
28033,0,0,2,0,0,7,0,0,0,9
28034,0,1,0,0,0,0,0,0,1,2
28036,0,0,0,0,0,0,0,0,1,1
28039,1,3,1,1,2,0,0,0,2,10
28041,3,14,10,2,1,0,0,1,8,39
28047,0,0,0,1,0,0,0,0,0,1
28048,0,0,0,0,0,0,0,0,1,1
28051,28,162,4,28,9,3,0,2,52,288
28055,0,0,0,1,0,0,0,0,0,1
28056,0,0,1,1,0,0,0,0,1,3
28058,0,0,0,0,0,0,0,0,1,1
28059,3,11,4,0,3,1,0,1,4,27
28061,6,20,3,2,4,2,0,0,29,66
28062,0,0,0,0,0,0,0,1,0,1
28064,6,4,1,2,3,0,0,1,7,24
28070,3,9,4,13,2,2,0,1,15,49
28079,1,0,0,0,0,0,0,0,0,1
28084,0,0,3,0,0,0,0,0,0,3
28085,155,627,42,97,85,55,23,27,339,1450
28087,0,0,0,0,0,0,0,0,1,1
28088,64,166,11,18,14,16,7,1,101,398
28089,6,17,1,0,17,0,0,0,11,52
28094,0,0,1,1,0,0,0,2,3,7
28096,0,2,0,1,0,0,0,0,0,3
28098,8,5,0,1,2,0,0,0,11,27
28099,0,0,0,1,0,0,0,0,0,1
28101,0,3,0,0,0,0,0,0,0,3
28103,3,14,7,2,3,1,0,0,13,43
28110,240,317,11,13,11,10,53,6,209,870
28113,3,2,2,0,0,0,2,0,7,16
28115,1,0,0,0,0,0,0,0,0,1
28116,2,22,1,2,4,0,1,3,8,43
28122,0,2,0,0,0,0,0,0,0,2
28127,1,1,0,0,0,0,0,0,0,2
28128,0,0,1,0,0,0,0,0,0,1
28129,0,0,0,1,0,0,0,0,0,1
28134,231,580,22,51,58,45,36,5,252,1280
28135,0,0,0,0,3,0,0,0,1,4
28136,0,0,0,0,0,0,0,0,1,1
28140,11,19,10,2,14,5,0,2,18,81
28149,2,0,0,3,1,1,0,0,6,13
28154,3,4,2,0,3,2,0,0,7,21
28156,0,0,0,1,0,0,0,0,0,1
28158,3,2,0,2,0,0,0,0,1,8
28161,0,0,0,1,0,0,0,0,0,1
28164,0,0,2,0,0,0,0,0,1,3
28168,4,8,3,4,7,3,0,1,14,44
28171,0,1,0,0,0,0,0,0,0,1
28173,1,12,1,0,0,0,0,0,2,16
28177,0,1,0,0,1,2,0,0,0,4
28184,0,1,0,0,0,0,0,0,0,1
28185,0,0,1,1,0,0,0,0,0,2
28187,0,3,0,1,0,0,0,0,0,4
28188,0,2,1,1,0,0,0,0,0,4
28191,0,2,1,1,1,0,0,0,10,15
28196,5,32,2,9,5,1,1,1,9,65
28197,0,0,0,1,0,0,0,0,0,1
28198,0,0,0,0,0,0,0,0,1,1
28199,3,14,3,2,2,0,1,1,12,38
28201,0,2,1,4,2,0,0,0,1,10
28202,0,2,1,0,0,0,0,0,0,3
28206,1,0,0,0,0,0,0,0,0,1
28208,0,0,0,0,0,0,0,0,1,1
28209,7,34,2,8,4,2,2,4,23,86
28211,1,2,0,0,0,0,0,0,1,4
28214,6,38,6,2,7,2,1,0,21,83
28218,24,38,5,18,12,6,0,3,33,139
28219,1,0,1,0,0,1,0,0,3,6
28220,12,16,10,12,5,6,1,9,31,102
28223,0,0,0,1,0,0,0,0,0,1
28226,0,0,0,0,0,0,0,0,1,1
28227,7,11,2,5,3,8,1,0,21,58
28229,106,133,8,8,9,8,2,0,50,324
28230,0,0,0,0,0,0,0,0,1,1
28232,0,2,0,4,0,0,0,0,1,7
28233,2,3,0,0,0,0,0,0,2,7
28236,0,3,4,0,0,0,0,0,4,11
28248,0,0,0,1,0,0,0,0,0,1
28251,0,3,0,0,0,0,0,0,1,4
28253,0,0,0,1,1,0,0,0,2,4
28267,0,0,0,1,0,0,0,1,0,2
28269,6,21,0,3,1,0,0,1,8,40
28278,6,24,3,2,3,2,1,1,7,49
28279,0,14,4,1,3,1,0,0,17,40
28280,61,101,6,18,15,5,2,3,79,290
28287,1,8,1,2,3,1,0,1,3,20
28291,1,2,2,0,0,0,0,0,0,5
28293,0,0,0,0,0,0,0,0,1,1
28298,0,0,1,1,3,0,0,0,0,5
28301,0,1,1,1,0,0,0,0,3,6
28302,1,0,0,0,0,0,0,0,0,1
28304,0,0,0,0,0,0,0,1,0,1
28309,0,2,0,0,3,0,0,0,0,5
28313,0,1,0,0,0,0,0,0,0,1
28319,0,0,0,0,0,0,0,0,1,1
28325,1,0,0,0,0,0,0,0,1,2
28330,1,0,0,0,0,0,0,0,0,1
28334,1,8,1,0,3,0,0,0,13,26
28337,3,5,3,0,3,0,1,2,13,30
28347,0,2,0,0,0,0,0,1,0,3
28348,2,7,2,2,4,3,0,0,14,34
28354,0,1,0,5,0,0,0,0,2,8
28357,0,5,0,0,2,0,0,0,2,9
28358,3,4,6,0,2,0,0,0,0,15
28359,1,4,1,1,12,9,0,0,10,38
28361,4,3,4,0,0,0,0,0,0,11
28363,1,2,1,0,1,0,1,0,7,13
28364,0,2,0,0,1,0,0,0,0,3
28366,0,0,0,0,0,0,0,0,1,1
28371,0,0,1,0,0,0,0,1,2,4
28372,0,0,0,0,0,0,0,0,1,1
28373,10,19,5,6,2,1,2,0,15,60
28377,1,0,5,0,0,0,0,0,0,6
28380,3,3,4,0,2,0,0,0,2,14
28382,1,0,0,0,0,0,0,0,0,1
28387,2,14,2,2,2,3,0,0,7,32
28388,2,3,2,0,2,0,1,0,5,15
28391,3,5,1,1,3,1,0,0,4,18
28393,2,3,2,3,2,1,0,2,3,18
28394,2,3,4,1,2,1,0,0,1,14
28395,0,0,0,1,0,0,0,0,0,1
28403,0,0,0,0,0,0,0,0,1,1
28404,21,61,16,13,35,0,0,4,42,192
28415,5,3,3,0,2,0,1,1,7,22
28417,0,0,0,2,0,0,0,0,0,2
28422,7,11,4,2,4,1,1,2,11,43
28423,0,0,0,1,0,0,0,0,1,2
28424,1,3,4,1,3,0,0,1,1,14
28426,0,1,0,0,0,0,0,0,1,2
29001,2,2,4,0,0,0,0,4,1,13
29002,1,19,2,1,1,1,0,0,2,27
29003,4,32,8,1,3,0,0,2,28,78
29004,6,21,7,1,1,2,1,2,26,67
29005,1,1,0,0,0,0,1,0,3,6
29006,13,60,15,3,9,0,0,2,39,141
29007,0,2,0,2,0,0,0,0,0,4
29008,0,3,1,1,0,0,0,0,8,13
29010,0,1,1,0,0,0,0,0,1,3
29011,65,141,11,16,3,0,0,0,29,265
29013,0,0,0,0,0,0,0,0,1,1
29015,5,28,3,3,2,2,0,1,5,49
29016,0,5,0,0,0,0,0,0,1,6
29017,0,0,0,0,0,0,0,1,1,2
29018,0,5,0,0,0,0,0,0,1,6
29019,1462,2370,214,229,178,164,131,93,1322,6163
29020,12,45,7,13,6,0,1,4,255,343
29021,0,9,0,1,1,0,0,0,2,13
29022,5,13,5,1,2,0,0,0,2,28
29023,1,16,4,1,3,1,0,0,8,34
29024,63,132,15,10,12,6,4,4,134,380
29025,1,4,1,1,1,0,0,0,3,11
29026,30,94,8,19,28,3,4,6,99,291
29027,15,39,7,2,3,3,0,2,28,99
29028,1,10,1,1,0,0,0,0,3,16
29029,1,3,0,1,0,0,0,0,1,6
29030,6,14,5,0,3,0,0,0,10,38
29031,7,18,10,3,3,4,0,2,12,59
29032,1,2,4,2,0,3,0,2,6,20
29035,0,2,0,0,0,0,0,0,0,2
29037,2,14,5,1,4,3,0,1,10,40
29038,0,4,1,0,0,0,0,2,0,7
29039,75,109,37,15,24,13,4,8,171,456
29040,6,18,4,1,3,0,0,3,4,39
29041,4,10,5,2,2,2,0,0,0,25
29042,11,51,13,5,7,6,3,2,48,146
29043,4,7,3,5,3,5,1,4,13,45
29044,2,13,0,0,1,0,0,0,58,74
29045,3,7,8,2,0,0,0,3,8,31
29046,93,214,43,20,17,4,6,10,101,508
29047,2,5,0,1,2,0,0,2,1,13
29048,2,8,1,0,3,0,0,0,0,14
29049,4,16,3,1,2,3,0,0,4,33
29051,19,19,11,7,9,5,4,3,21,98
29052,8,0,0,0,0,0,0,0,1,9
29053,29,15,5,3,4,0,2,1,21,80
29054,0,3,0,0,0,0,0,0,0,3
29055,7,7,5,1,2,4,0,0,19,45
29056,3,3,0,0,3,0,0,1,2,12
29057,7,6,3,2,2,2,0,0,5,27
29058,32,30,21,4,8,12,1,6,46,160
29059,0,2,0,0,0,0,0,0,0,2
29060,4,5,2,1,2,0,0,1,1,16
29061,21,23,9,9,5,17,1,4,40,129
29063,0,2,0,0,0,0,0,0,0,2
29064,1,0,0,0,0,0,0,0,1,2
29065,0,2,0,0,0,0,0,0,0,2
29066,1,9,2,0,0,0,0,0,3,15
29067,4,14,2,2,2,0,0,1,13,38
29068,4,9,0,1,1,0,1,1,5,22
29069,19,43,11,5,7,7,1,5,21,119
29070,0,3,1,0,0,0,0,3,0,7
29072,4,14,8,0,2,2,0,0,15,45
29075,61,85,24,22,9,12,3,17,101,334
29076,0,8,0,3,3,0,0,4,29,47
29077,4,14,0,0,2,2,0,0,1,23
29078,3,3,3,2,0,0,0,1,1,13
29079,5,2,1,0,1,0,0,0,2,11
29080,2,3,8,3,2,0,0,1,6,25
29081,1,26,2,1,3,1,0,0,6,40
29082,0,4,0,0,0,0,0,0,0,4
29083,2,0,0,0,0,0,0,0,0,2
29084,2,7,0,0,0,0,0,0,0,9
29085,0,2,1,0,0,0,0,0,1,4
29086,1,4,0,0,0,0,0,0,0,5
29087,0,2,0,0,0,1,0,0,1,4
29090,0,0,0,1,0,0,0,2,0,3
29091,3,8,3,2,2,0,1,1,3,23
29093,0,0,4,0,0,0,0,0,0,4
29095,2,2,1,1,0,0,0,0,0,6
29097,0,7,4,2,0,0,0,0,1,14
29098,2,3,0,0,2,0,0,0,4,11
29099,0,0,0,0,0,0,0,0,1,1
29100,0,0,0,0,0,0,0,1,0,1
29101,2,9,10,0,3,0,0,2,1,27
29102,0,6,0,0,0,0,0,0,0,6
29103,144,279,69,42,20,21,25,15,178,793
29105,13,61,13,9,14,11,4,1,163,289
29106,1,4,0,0,0,0,0,0,0,5
29107,0,0,0,0,0,0,0,0,1,1
29108,2,4,0,1,2,0,0,0,14,23
29109,0,4,3,0,0,0,0,0,0,7
29111,0,3,0,0,0,0,0,0,0,3
29112,4,5,1,0,0,3,0,2,0,15
29113,6,40,4,3,6,3,2,2,18,84
29115,0,0,2,0,0,0,0,0,0,2
29117,11,38,13,10,5,9,2,4,36,128
29119,4,2,2,0,2,0,0,0,1,11
29120,1,4,3,0,1,0,0,0,7,16
29121,0,0,1,0,0,0,0,0,0,1
29124,44,70,17,12,7,5,1,9,153,318
29127,0,0,1,0,0,0,0,0,0,1
29130,5,10,10,2,2,1,2,3,12,47
29132,0,0,0,0,0,0,0,0,1,1
29133,0,6,2,1,1,0,0,0,2,12
29134,4,4,0,1,0,0,0,0,0,9
29135,4,24,6,0,4,1,1,1,6,47
29136,0,1,0,0,0,0,0,0,0,1
29137,2,4,2,0,0,0,0,2,0,10
29139,1,1,0,0,0,0,0,0,0,2
29140,10,20,3,7,3,0,3,1,64,111
29143,0,2,1,0,0,0,0,0,1,4
29146,3,10,3,0,3,1,1,2,3,26
29147,6,5,6,2,2,0,2,2,18,43
29149,3,2,7,0,0,1,1,0,2,16
29150,9,24,11,1,6,4,1,3,20,79
29151,265,649,31,67,24,20,26,27,455,1564
29152,0,2,0,0,0,0,0,0,0,2
29153,4,18,4,1,2,0,0,2,5,36
29155,3,7,2,0,2,1,1,1,0,17
29156,0,3,0,0,0,0,0,0,1,4
29158,10,39,8,3,7,1,1,0,14,83
29159,0,1,0,0,0,0,0,0,0,1
29160,11,45,10,12,7,9,2,8,136,240
29161,5,9,8,2,5,0,1,1,9,40
29162,3,27,5,5,4,3,0,2,21,70
29163,4,17,4,0,3,0,0,4,45,77
29165,5,12,5,0,2,0,1,1,12,38
29167,4,4,7,0,1,0,1,0,5,22
29168,0,5,2,0,3,0,0,0,11,21
29169,7,15,3,2,2,0,1,1,9,40
29170,5,17,10,2,2,2,0,2,36,76
29171,6,8,9,0,2,2,0,0,17,44
29172,3,8,6,1,2,2,0,0,4,26
29173,1,2,0,1,2,0,0,1,13,20
29174,8,22,7,3,4,7,2,5,16,74
29175,3,16,3,2,2,0,1,1,3,31
29176,9,9,4,3,2,2,1,0,4,34
29177,4,10,6,0,2,4,2,4,13,45
29178,15,41,8,4,6,7,1,2,157,241
29179,4,11,4,2,3,0,0,0,5,29
29180,0,5,6,0,0,0,0,0,2,13
29181,3,2,0,0,3,0,0,0,2,10
29182,1,3,2,1,0,0,0,2,5,14
29184,2,5,4,0,3,2,2,1,5,24
29185,4,33,7,1,2,5,1,1,13,67
29186,2,3,2,1,3,0,0,1,1,13
29187,0,0,1,0,0,0,0,0,1,2
29188,10,14,8,0,2,2,0,0,10,46
29189,29,55,18,5,12,16,3,6,76,220
29190,5,14,5,3,4,1,0,1,6,39
29191,9,14,3,3,0,0,0,0,5,34
29192,3,11,1,0,0,0,0,0,2,17
29193,1,20,1,0,0,0,0,0,1,23
29195,6,16,13,1,5,2,0,2,11,56
29196,2,4,2,0,2,2,0,1,2,15
29197,2,22,1,2,3,0,1,1,15,47
29198,0,7,2,0,2,1,0,1,1,14
29199,4,17,4,3,3,0,0,1,13,45
29201,3,10,2,0,3,1,0,2,4,25
29202,2,5,2,1,0,0,1,0,0,11
29203,6,0,4,0,0,0,0,0,0,10
29204,1,2,2,0,1,0,0,0,2,8
29205,0,1,0,0,0,0,0,0,0,1
29206,0,10,1,0,2,0,0,0,2,15
29207,26,52,9,10,6,2,0,6,95,206
29208,0,2,0,0,0,0,0,1,1,4
29209,2,7,5,1,3,0,0,0,3,21
29210,5,16,4,3,2,0,0,2,10,42
29211,0,0,0,1,0,0,0,0,1,2
29212,13,37,16,3,10,10,2,1,36,128
29213,3,6,4,1,3,1,2,2,9,31
29214,0,2,1,0,0,0,0,0,0,3
29215,3,9,7,1,2,2,0,0,4,28
29216,5,10,3,1,4,1,0,1,2,27
29217,4,19,6,2,1,2,0,1,8,43
29218,12,21,5,2,3,0,0,2,29,74
29220,103,193,41,19,10,16,5,10,122,519
29221,2,14,8,2,2,1,0,0,5,34
29222,0,0,0,0,0,0,0,0,2,2
29224,0,6,0,0,0,0,0,0,0,6
29225,10,10,5,6,2,1,1,0,6,41
29226,4,4,2,0,2,0,0,0,0,12
29227,1,5,0,0,1,0,0,0,0,7
29228,0,2,0,0,0,0,0,0,1,3
29230,2,6,2,0,1,1,0,1,0,13
29232,677,1130,132,144,83,72,83,54,631,3006
29233,83,127,23,20,17,10,7,9,107,403
29234,6,3,3,0,2,0,1,2,4,21
29235,21,36,25,16,14,6,2,6,121,247
29236,3,15,2,0,5,4,0,3,14,46
29237,3,18,1,3,1,0,0,1,5,32
29238,0,2,0,1,0,0,0,0,0,3
29239,46,124,40,10,7,8,0,8,63,306
29240,0,0,1,0,0,0,0,0,0,1
29241,11,53,9,5,6,2,4,4,28,122
29243,0,0,1,0,0,0,0,0,0,1
29244,0,2,0,0,0,0,0,0,0,2
29245,2,2,3,0,0,0,0,0,1,8
29247,3,11,6,0,2,1,0,1,5,29
29249,0,0,0,1,0,0,0,0,0,1
29251,0,0,0,1,0,0,0,0,0,1
29254,9,22,5,6,4,3,1,2,67,119
29256,0,2,0,0,0,0,0,0,0,2
29257,2,5,2,0,1,0,0,0,1,11
29259,9,44,21,7,7,5,2,6,75,176
29260,42,62,15,8,6,8,4,7,89,241
29264,0,2,0,1,0,0,0,0,0,3
29265,0,2,0,0,0,0,0,0,0,2
29266,8,18,1,1,3,3,0,2,8,44
29267,0,2,0,1,0,0,0,0,0,3
29268,1,3,1,0,0,0,0,0,0,5
29269,0,0,0,0,0,0,0,0,1,1
29270,3,4,1,0,0,0,0,0,0,8
29271,1,0,0,0,0,0,0,0,0,1
29272,3,14,2,1,2,0,0,0,6,28
29273,3,4,7,0,2,1,0,2,3,22
29274,6,33,8,1,3,2,0,0,11,64
29275,0,2,0,1,0,0,0,0,0,3
29276,0,2,1,1,0,0,0,1,0,5
29277,5,20,1,2,3,2,1,0,16,50
29278,1,8,0,0,1,0,0,0,0,10
29279,3,38,4,1,2,0,1,1,84,134
29280,2,10,5,1,2,1,0,2,3,26
29284,1,7,2,0,2,0,0,0,3,15
29288,0,0,0,1,0,0,0,0,0,1
29291,1,2,0,0,2,0,0,2,5,12
29293,9,12,10,0,9,2,2,3,33,80
29294,0,0,0,1,0,0,0,0,0,1
29295,0,0,0,1,0,0,0,0,0,1
29296,0,3,1,0,0,0,0,0,0,4
29297,1,3,0,0,2,0,0,0,3,9
29300,0,2,0,0,0,0,0,0,0,2
29302,6,10,2,2,1,2,0,1,2,26
2A001,4,25,5,1,1,2,0,0,9,47
2A004,459,893,168,77,111,68,12,47,579,2414
2A006,0,22,21,0,4,0,0,0,4,51
2A008,2,0,6,1,4,0,0,0,0,13
2A011,0,0,1,0,0,0,0,0,0,1
2A017,0,3,3,1,0,0,0,0,0,7
2A019,0,0,0,0,0,0,0,0,1,1
2A021,0,10,0,0,0,0,0,0,0,10
2A031,1,2,0,0,0,0,0,0,0,3
2A032,5,31,12,0,3,2,1,0,83,137
2A041,17,27,9,1,4,2,1,1,6,68
2A048,2,4,6,0,2,0,0,0,0,14
2A065,9,9,6,0,2,2,0,1,3,32
2A070,0,0,3,0,0,0,0,1,1,5
2A085,1,6,0,0,0,2,0,1,5,15
2A090,3,3,0,0,0,0,0,0,0,6
2A092,0,0,1,0,0,0,0,0,0,1
2A098,1,0,0,0,0,0,0,0,1,2
2A099,1,6,0,0,1,0,0,0,0,8
2A103,0,2,1,0,0,0,0,0,8,11
2A104,2,3,8,0,0,0,0,0,2,15
2A114,1,6,1,0,2,0,0,0,4,14
2A130,11,40,19,1,5,7,0,5,21,109
2A139,5,5,0,0,0,0,0,0,0,10
2A142,7,10,0,0,2,0,0,0,4,23
2A163,0,2,0,0,0,0,0,0,0,2
2A181,2,6,1,3,0,0,0,0,3,15
2A189,1,0,0,0,2,0,0,0,0,3
2A197,0,0,0,0,0,0,0,0,1,1
2A198,2,2,4,0,1,0,0,0,0,9
2A204,1,0,0,0,0,0,0,0,0,1
2A209,3,26,3,0,3,3,0,0,10,48
2A211,2,0,1,0,1,0,0,0,0,4
2A212,0,1,0,0,0,0,0,0,1,2
2A215,2,4,4,0,0,0,0,1,3,14
2A228,1,0,3,0,2,2,0,0,1,9
2A232,0,0,1,0,0,0,0,0,0,1
2A240,0,4,0,1,0,0,0,0,22,27
2A247,87,94,46,11,22,23,15,6,90,394
2A249,19,27,17,2,7,6,1,1,18,98
2A254,0,0,0,0,0,0,0,0,1,1
2A269,7,4,4,0,3,2,0,1,6,27
2A271,6,62,20,2,6,5,0,2,29,132
2A272,19,38,4,4,2,2,0,2,21,92
2A276,2,0,0,0,1,0,0,0,1,4
2A288,2,4,1,0,0,1,0,1,2,11
2A300,0,0,1,0,0,0,0,0,0,1
2A308,2,0,2,0,1,0,0,0,0,5
2A312,3,5,8,0,3,2,0,0,3,24
2A336,0,2,0,0,0,0,0,0,0,2
2A348,4,12,2,0,3,0,0,1,21,43
2A349,0,0,0,0,0,0,0,0,1,1
2A359,2,0,0,0,0,0,0,0,1,3
2A362,10,15,8,2,0,1,1,0,8,45
2B007,0,3,0,0,0,0,0,0,0,3
2B009,7,16,6,2,4,4,0,3,12,54
2B010,0,2,3,0,0,0,0,0,1,6
2B020,3,0,1,0,0,0,0,0,2,6
2B030,0,1,0,0,0,0,0,0,0,1
2B033,387,886,108,79,73,51,52,36,455,2127
2B034,0,3,1,0,1,1,2,1,0,9
2B037,17,29,18,10,16,3,0,5,99,197
2B042,31,68,20,12,8,2,0,5,53,199
2B043,2,10,4,2,2,1,1,2,1,25
2B047,1,2,0,0,0,0,0,0,0,3
2B049,3,12,4,0,1,0,0,0,2,22
2B050,34,40,21,2,7,5,0,4,26,139
2B058,0,1,0,0,0,0,0,0,0,1
2B074,0,4,0,1,0,0,0,0,0,5
2B077,0,1,0,0,0,0,0,1,0,2
2B079,0,2,0,0,0,0,0,0,0,2
2B086,1,0,0,0,0,0,0,0,0,1
2B087,1,17,1,0,2,1,0,0,0,22
2B093,0,0,2,0,0,0,0,1,0,3
2B096,29,89,22,5,10,8,0,3,51,217
2B107,0,1,0,0,0,0,0,0,0,1
2B112,0,1,0,0,0,0,0,0,0,1
2B120,48,70,28,6,17,14,0,1,34,218
2B123,3,16,5,2,4,4,0,1,22,57
2B134,25,43,12,4,9,7,0,1,35,136
2B135,0,0,0,0,0,0,0,0,1,1
2B136,0,0,0,0,0,0,0,1,1,2
2B143,0,6,0,0,0,0,0,1,1,8
2B145,0,1,0,0,0,0,0,0,0,1
2B148,9,49,28,4,4,5,0,3,30,132
2B150,2,3,2,1,2,0,0,0,2,12
2B152,3,13,12,0,1,0,0,1,4,34
2B162,0,0,0,0,0,0,0,0,1,1
2B166,0,1,0,0,0,0,0,0,0,1
2B168,1,1,3,0,0,0,0,1,3,9
2B169,2,23,4,2,7,0,0,0,10,48
2B172,0,8,2,0,1,0,0,0,0,11
2B175,0,1,0,0,0,0,0,0,0,1
2B178,0,0,0,0,0,0,0,0,1,1
2B185,8,9,2,0,0,0,0,0,7,26
2B187,0,0,0,0,0,0,0,0,1,1
2B188,0,0,0,0,0,0,0,0,2,2
2B193,0,2,0,0,0,0,0,0,0,2
2B205,5,3,2,0,0,0,0,1,2,13
2B207,16,40,21,2,5,7,0,2,20,113
2B220,0,5,5,0,0,0,0,0,2,12
2B223,0,0,0,0,0,0,0,0,1,1
2B224,1,17,0,1,0,0,0,0,0,19
2B242,0,1,0,0,0,0,0,1,0,2
2B251,10,33,7,2,0,2,0,1,21,76
2B261,3,11,0,0,1,1,0,0,3,19
2B265,0,3,0,0,0,0,0,0,0,3
2B280,0,0,0,1,0,0,0,0,0,1
2B281,0,0,0,0,0,0,0,0,1,1
2B283,0,0,4,0,0,0,0,0,0,4
2B286,0,0,1,0,0,0,0,0,0,1
2B290,0,0,0,0,0,0,0,0,1,1
2B296,0,0,0,0,0,0,0,0,1,1
2B298,4,18,18,1,5,2,0,1,12,61
2B303,1,0,1,0,0,0,0,0,4,6
2B305,3,19,1,0,2,1,0,0,7,33
2B307,1,5,1,0,0,0,0,0,1,8
2B309,4,10,13,4,2,0,0,0,9,42
2B311,0,0,0,0,0,7,0,0,0,7
2B313,4,30,6,1,0,0,0,0,7,48
2B315,0,1,0,0,0,0,0,0,0,1
2B316,1,0,0,0,0,0,0,1,9,11
2B318,0,1,0,0,0,0,0,0,0,1
2B319,0,0,1,0,0,0,0,0,1,2
2B327,0,7,0,0,0,0,0,0,0,7
2B329,0,2,0,0,0,0,0,0,0,2
2B333,0,1,0,0,0,0,0,0,0,1
2B335,2,5,10,0,0,1,0,0,2,20
2B337,0,0,0,0,0,0,0,0,1,1
2B341,1,3,0,0,1,0,0,0,1,6
2B342,2,7,2,0,3,0,1,0,4,19
2B343,6,9,1,0,2,0,0,0,1,19
2B346,7,5,1,1,4,0,1,1,4,24
2B347,0,2,0,0,0,0,0,0,1,3
2B352,1,0,0,0,0,0,0,0,0,1
2B353,8,40,5,4,4,6,0,0,7,74
2B354,1,12,0,0,0,0,0,0,3,16
2B355,1,0,0,0,0,0,0,0,0,1
2B366,0,0,1,0,0,0,0,0,0,1
30001,0,1,0,1,0,0,0,0,0,2
30002,0,2,1,0,0,0,0,0,1,4
30003,12,30,23,4,9,7,2,3,31,121
30004,2,10,6,1,3,1,1,1,1,26
30006,8,16,12,3,4,3,2,3,10,61
30007,375,716,90,85,72,57,41,29,458,1923
30008,4,6,0,0,0,0,0,0,0,10
30010,7,44,7,7,4,4,0,3,31,107
30011,75,70,40,24,13,18,4,12,102,358
30012,2,21,2,0,2,6,0,2,7,42
30013,0,1,0,0,0,0,0,0,0,1
30014,1,3,1,2,0,0,0,0,0,7
30015,0,1,0,0,0,0,0,0,0,1
30016,0,3,0,0,2,0,0,0,0,5
30017,0,1,0,0,0,0,0,0,0,1
30018,0,2,3,0,0,0,0,0,0,5
30019,4,13,6,3,3,3,0,3,14,49
30020,3,7,3,1,6,0,2,1,5,28
30021,0,2,0,1,0,0,0,0,0,3
30023,0,1,2,0,0,0,0,0,1,4
30024,0,1,0,0,0,0,0,0,1,2
30025,0,1,0,0,0,0,0,0,2,3
30026,0,0,3,2,0,0,0,0,2,7
30027,6,6,5,7,3,0,1,0,5,33
30028,129,296,32,52,25,18,24,12,190,778
30029,3,14,2,1,3,0,1,1,15,40
30030,0,0,0,1,0,0,0,0,0,1
30032,12,42,14,4,10,11,1,4,49,147
30033,2,15,6,6,3,1,0,3,9,45
30034,8,19,8,5,6,0,1,1,9,57
30035,0,0,0,0,0,0,0,0,1,1
30036,4,17,8,3,1,4,0,6,8,51
30037,8,35,8,4,1,1,0,2,11,70
30038,1,0,0,0,0,0,0,0,1,2
30039,5,12,5,1,3,1,0,0,6,33
30041,0,1,7,1,0,0,0,0,2,11
30042,2,20,7,1,1,3,0,0,5,39
30043,0,0,2,0,0,0,0,3,0,5
30046,0,1,0,0,0,0,0,0,1,2
30047,23,40,7,7,4,5,1,3,17,107
30051,0,6,1,0,0,0,0,1,2,10
30052,0,1,0,1,0,0,0,0,0,2
30053,1,2,6,0,2,0,0,1,1,13
30055,0,2,0,0,0,0,0,0,0,2
30056,0,0,1,0,0,0,0,0,0,1
30057,0,4,4,1,0,0,0,2,1,12
30059,0,7,6,0,1,3,0,1,5,23
30060,6,41,10,0,5,2,0,1,20,85
30061,7,7,4,1,7,5,2,0,40,73
30062,19,14,10,5,4,7,4,4,30,97
30065,0,2,0,0,0,0,0,0,0,2
30068,0,0,0,1,0,0,0,1,1,3
30069,0,0,0,0,0,0,0,0,1,1
30070,0,2,1,0,0,0,0,1,0,4
30071,1,1,0,0,0,0,0,0,0,2
30073,0,4,4,0,0,0,0,0,5,13
30075,16,55,24,7,7,3,1,4,35,152
30076,1,2,2,0,3,0,1,1,4,14
30077,4,8,2,4,2,1,0,0,1,22
30079,0,1,0,0,0,0,0,0,0,1
30080,3,4,0,0,0,0,0,1,24,32
30081,10,7,4,0,2,0,0,1,3,27
30082,6,14,5,3,2,0,1,2,8,41
30083,1,3,2,1,4,2,0,0,6,19
30084,1,0,0,0,0,0,0,0,1,2
30085,1,4,0,0,0,0,0,1,0,6
30087,0,0,0,0,0,0,0,0,1,1
30088,0,1,0,1,0,0,0,0,0,2
30089,1,3,2,0,0,0,0,0,1,7
30090,0,0,0,1,0,0,0,0,31,32
30091,0,5,6,0,0,0,0,4,3,18
30092,6,8,4,3,3,0,1,1,6,32
30095,0,1,1,0,0,0,0,0,0,2
30096,1,8,4,0,0,1,0,0,2,16
30098,0,0,0,1,0,0,0,0,0,1
30099,0,0,0,1,0,0,0,0,0,1
30100,0,2,0,0,0,0,0,0,0,2
30101,0,0,1,0,0,0,0,0,1,2
30102,0,0,0,1,0,0,0,0,0,1
30103,0,2,0,0,2,0,0,0,1,5
30104,0,3,5,0,0,0,0,0,0,8
30106,0,0,1,0,0,0,0,0,0,1
30107,0,2,0,0,0,0,0,0,1,3
30108,0,7,0,0,0,0,0,0,0,7
30109,0,1,0,0,0,0,0,0,1,2
30112,1,5,2,0,0,0,0,0,0,8
30113,0,2,0,0,0,0,0,0,0,2
30114,0,1,2,0,0,0,0,0,0,3
30115,0,0,0,0,0,1,0,0,0,1
30116,0,0,0,1,0,0,0,0,0,1
30117,2,5,1,2,1,0,0,0,4,15
30120,1,3,2,0,0,0,0,0,0,6
30122,0,2,1,0,0,0,0,0,0,3
30123,19,45,8,6,4,4,2,3,28,119
30125,4,14,3,4,5,2,1,2,8,43
30126,0,0,1,1,0,0,0,0,0,2
30127,0,0,0,0,0,1,0,0,1,2
30128,3,11,6,2,2,4,0,2,14,44
30130,2,11,2,0,1,0,0,1,17,34
30131,4,6,1,3,2,0,0,0,9,25
30132,6,52,10,3,4,2,1,1,28,107
30133,22,101,35,9,13,9,0,10,54,253
30135,5,5,6,1,2,0,1,0,1,21
30136,0,4,2,1,0,0,0,0,0,7
30138,4,4,9,0,3,0,0,0,3,23
30139,0,0,0,0,0,0,0,0,1,1
30140,6,6,5,2,2,1,1,1,3,27
30141,3,17,7,1,5,3,1,3,14,54
30142,0,2,1,0,0,0,0,0,0,3
30144,0,0,0,0,0,0,0,0,2,2
30145,1,3,0,0,0,0,0,0,0,4
30146,2,8,7,0,3,3,0,5,4,32
30147,2,5,4,0,2,3,0,0,9,25
30148,0,1,0,0,0,0,0,0,0,1
30149,0,2,2,0,0,0,0,0,0,4
30151,4,0,0,0,0,0,2,0,0,6
30152,4,3,3,1,4,0,1,0,3,19
30154,0,0,0,0,0,0,1,0,0,1
30155,7,31,11,5,6,5,0,4,23,92
30156,11,41,18,6,6,11,6,4,41,144
30158,0,1,0,0,0,0,0,0,0,1
30159,1,6,0,0,0,0,0,0,1,8
30161,0,1,0,0,0,0,0,0,0,1
30162,0,0,0,0,0,0,0,0,1,1
30163,0,1,0,0,0,0,0,0,0,1
30164,1,2,0,0,0,0,0,0,1,4
30165,1,5,2,2,1,3,0,0,3,17
30166,2,7,1,0,4,3,0,0,7,24
30167,0,0,0,2,0,0,0,0,0,2
30168,0,0,0,0,0,0,0,0,1,1
30169,5,17,11,1,5,5,0,0,18,62
30170,2,10,0,5,0,0,0,0,4,21
30171,2,8,2,3,2,0,0,0,1,18
30172,0,1,0,1,0,0,0,0,1,3
30173,1,5,0,1,2,0,0,0,1,10
30174,2,10,2,0,3,1,0,0,13,31
30177,0,0,2,0,0,0,0,0,0,2
30178,0,4,2,1,0,0,0,0,1,8
30179,5,13,2,2,2,1,0,2,5,32
30181,0,0,0,0,0,0,0,0,1,1
30182,1,11,2,0,0,0,0,1,7,22
30183,1,0,0,0,0,0,0,0,0,1
30184,1,3,2,0,0,0,0,0,1,7
30185,0,5,0,1,0,1,0,0,1,8
30186,0,6,3,0,0,0,0,0,1,10
30188,0,4,0,1,0,0,0,0,0,5
30189,1338,2962,436,349,289,199,137,98,1853,7661
30191,1,6,1,1,0,0,0,1,2,12
30192,0,0,0,1,0,0,0,0,0,1
30193,1,9,0,0,0,0,0,0,0,10
30200,1,6,0,3,0,0,0,0,0,10
30201,5,23,1,2,0,0,1,0,6,38
30202,27,91,11,11,16,5,2,2,57,222
30203,0,2,1,0,0,0,0,0,0,3
30204,0,0,0,0,0,0,0,0,1,1
30206,1,18,9,3,3,0,0,1,3,38
30207,0,0,0,0,0,0,0,1,0,1
30209,2,8,3,3,2,0,0,2,11,31
30210,34,58,21,7,12,8,2,3,28,173
30211,1,15,6,0,2,0,1,0,11,36
30212,12,33,4,4,7,1,2,2,55,120
30214,0,5,1,0,0,1,0,0,2,9
30215,0,0,1,0,0,0,0,0,0,1
30216,0,0,0,0,2,0,0,0,0,2
30217,7,17,9,1,6,3,1,2,22,68
30218,0,1,0,0,0,0,0,0,0,1
30221,8,22,6,3,5,1,0,2,18,65
30223,2,11,0,1,2,0,0,1,7,24
30225,0,2,0,0,0,0,0,0,0,2
30226,1,3,0,2,0,1,0,1,4,12
30227,4,28,4,1,2,1,0,2,14,56
30228,0,9,4,0,0,0,0,0,0,13
30229,0,4,0,0,0,0,0,0,1,5
30231,1,0,0,0,0,0,0,0,0,1
30232,0,0,0,0,0,0,0,0,1,1
30235,0,5,0,1,0,0,0,0,0,6
30237,0,4,0,0,0,0,0,0,1,5
30239,0,0,0,0,0,0,0,0,1,1
30240,0,2,0,0,0,0,0,0,0,2
30241,4,13,6,2,3,3,1,2,11,45
30242,0,0,0,1,0,0,0,0,0,1
30243,7,36,8,5,6,3,1,8,31,105
30245,0,0,0,1,0,0,0,0,0,1
30247,0,0,0,1,0,0,0,0,0,1
30249,0,4,0,0,0,0,1,1,18,24
30251,0,0,0,0,0,0,0,0,1,1
30253,2,4,0,0,2,0,0,0,12,20
30254,1,2,2,0,0,0,0,0,2,7
30255,4,9,3,0,3,3,1,2,6,31
30256,1,1,0,1,0,0,0,0,1,4
30257,0,3,2,0,3,2,0,0,9,19
30258,12,53,14,3,16,7,5,3,36,149
30259,11,19,4,5,5,3,1,1,1,50
30260,2,0,0,0,0,0,0,0,0,2
30263,9,28,14,3,7,3,1,4,19,88
30266,0,6,2,0,2,0,0,0,3,13
30267,0,0,0,1,0,0,0,0,0,1
30269,7,13,7,2,3,2,1,2,9,46
30270,0,15,1,0,1,0,0,1,0,18
30271,1,3,1,0,0,0,0,0,0,5
30273,0,0,2,0,0,0,0,0,0,2
30274,1,11,6,2,1,0,1,2,0,24
30276,4,8,4,0,3,2,0,2,7,30
30278,3,10,5,2,3,0,1,3,7,34
30279,2,6,1,0,0,0,0,0,0,9
30281,2,5,7,2,3,2,1,1,3,26
30282,0,2,2,1,0,0,0,0,1,6
30284,6,16,3,2,3,1,1,1,4,37
30285,1,1,3,0,0,0,0,0,0,5
30286,0,2,0,0,0,0,0,0,0,2
30287,1,2,0,1,0,0,0,0,2,6
30288,0,3,0,0,1,0,0,0,1,5
30290,4,9,1,0,2,0,0,0,2,18
30294,5,35,12,8,7,1,1,3,37,109
30295,4,16,11,5,3,9,1,1,16,66
30298,0,1,0,0,0,0,0,0,0,1
30299,2,2,5,0,0,0,0,1,1,11
30300,0,1,0,0,0,0,0,0,0,1
30301,0,0,0,0,0,0,0,0,1,1
30302,1,5,5,1,2,0,0,2,2,18
30305,2,18,6,5,2,0,0,1,34,68
30306,0,0,1,0,0,0,0,0,0,1
30307,3,27,7,2,4,0,0,0,7,50
30308,1,0,0,3,0,0,0,1,36,41
30309,0,0,0,0,0,0,0,1,0,1
30310,0,8,0,1,0,0,0,0,3,12
30311,6,10,7,5,2,1,0,5,14,50
30312,0,4,2,0,2,0,0,0,6,14
30313,0,4,0,0,0,0,0,1,3,8
30314,0,0,0,0,0,0,0,0,1,1
30315,5,3,0,0,0,0,1,1,7,17
30317,0,4,0,0,0,0,0,0,1,5
30321,46,32,16,8,15,9,4,6,52,188
30324,0,1,0,0,0,0,0,0,1,2
30325,0,3,3,0,2,0,0,1,0,9
30326,1,3,2,0,3,1,0,0,5,15
30328,0,1,0,3,0,0,0,0,0,4
30329,0,2,0,0,0,0,0,0,0,2
30330,0,2,0,0,0,0,0,0,0,2
30331,2,3,2,1,1,0,0,0,4,13
30333,5,13,11,1,4,3,1,3,8,49
30334,99,229,31,36,16,26,4,8,137,586
30336,1,3,2,0,1,0,0,0,1,8
30339,1,7,1,0,1,0,0,1,1,12
30340,0,2,1,0,0,0,0,0,0,3
30341,18,40,28,9,21,6,2,7,57,188
30342,0,1,0,0,0,0,0,1,1,3
30343,0,2,0,0,0,0,0,0,2,4
30344,10,17,11,5,4,8,0,4,30,89
30345,0,0,0,0,1,0,0,0,0,1
30346,1,5,1,1,2,1,0,1,1,13
30347,1,4,1,0,0,0,0,0,0,6
30348,7,9,3,4,3,0,1,3,6,36
30349,0,0,0,1,0,0,0,0,0,1
30350,15,64,18,7,8,4,2,4,25,147
30351,42,71,21,19,6,25,4,4,47,239
30352,1,3,5,2,0,2,1,2,5,21
30354,0,1,0,0,0,0,0,0,0,1
30355,0,3,0,0,0,0,0,0,0,3
30356,2,7,1,1,2,1,0,3,4,21
31002,0,0,0,0,0,0,0,0,1,1
31003,0,1,1,0,0,0,0,0,0,2
31004,4,7,5,4,3,4,0,4,20,51
31008,0,0,0,1,0,0,0,0,0,1
31009,0,2,0,0,0,0,0,0,0,2
31010,0,0,1,0,0,0,0,0,0,1
31013,0,0,6,0,0,0,0,1,0,7
31020,6,18,6,0,2,0,1,2,7,42
31022,24,26,20,10,9,14,3,6,68,180
31025,0,1,0,0,0,0,0,0,0,1
31026,0,4,1,0,0,0,0,1,0,6
31028,7,18,5,8,2,2,1,6,16,65
31029,0,0,0,1,0,0,0,0,0,1
31032,11,17,11,11,5,5,4,6,37,107
31033,23,31,21,17,10,6,2,7,80,197
31035,18,13,10,3,4,10,7,2,22,89
31036,2,1,3,1,1,0,0,1,5,14
31037,4,2,0,1,0,0,0,1,2,10
31038,0,0,1,0,0,0,0,0,0,1
31042,16,38,27,9,10,2,0,2,29,133
31044,43,51,51,44,18,28,2,15,122,374
31045,1,3,2,4,0,0,0,0,0,10
31047,0,1,0,0,0,0,0,0,0,1
31048,7,18,10,4,3,1,0,5,12,60
31049,0,2,0,0,0,0,0,0,0,2
31050,0,10,0,1,0,0,0,0,0,11
31052,0,4,0,2,0,0,0,0,0,6
31053,10,27,0,3,1,0,0,0,2,43
31056,19,10,7,6,7,2,1,5,49,106
31057,0,9,0,3,5,5,1,2,8,33
31065,2,6,5,2,1,3,0,1,5,25
31066,6,34,7,5,8,1,1,4,21,87
31067,0,0,0,0,0,0,0,0,1,1
31069,74,110,59,42,24,41,7,23,257,637
31070,0,0,1,0,0,0,0,0,0,1
31071,0,0,0,1,0,0,0,0,0,1
31073,24,30,2,7,0,0,0,0,18,81
31074,0,0,0,0,0,0,0,0,1,1
31075,1,2,1,2,0,0,0,1,2,9
31076,0,0,0,1,0,0,0,0,0,1
31079,4,6,10,1,4,2,1,0,14,42
31080,5,24,9,1,2,1,1,1,23,67
31082,2,4,1,1,0,0,0,0,0,8
31084,2,5,2,0,0,4,0,1,5,19
31087,0,2,0,1,0,0,0,0,0,3
31088,4,8,4,4,3,2,0,4,27,56
31089,0,2,0,0,0,0,0,0,0,2
31090,0,0,0,1,0,0,0,0,0,1
31091,8,19,11,9,6,5,1,4,36,99
31093,0,2,5,0,0,0,0,0,0,7
31094,1,4,5,0,1,1,0,1,2,15
31097,1,10,0,1,0,0,0,0,0,12
31098,1,13,3,1,4,4,1,2,16,45
31100,1,12,6,8,2,1,1,0,10,41
31101,0,0,0,0,0,0,0,0,1,1
31102,0,0,0,0,0,0,0,0,1,1
31106,5,5,9,5,6,5,0,6,14,55
31107,9,34,21,11,6,8,2,5,44,140
31109,0,0,1,0,0,0,0,0,0,1
31110,0,0,0,1,0,0,0,0,0,1
31113,27,47,40,23,14,6,4,18,90,269
31114,0,0,0,0,0,0,0,0,1,1
31116,12,22,17,12,8,8,1,5,41,126
31117,18,49,17,15,4,6,5,3,38,155
31118,4,16,2,3,7,6,1,4,36,79
31120,0,2,0,0,0,0,0,1,1,4
31128,0,0,0,0,0,0,0,1,0,1
31135,12,27,9,8,7,4,2,3,35,107
31136,6,21,6,3,3,0,0,1,15,55
31139,0,0,3,0,0,0,0,0,0,3
31140,0,1,0,0,0,0,0,0,0,1
31142,0,0,1,0,0,0,0,0,0,1
31144,0,0,3,1,2,1,0,0,4,11
31145,3,10,7,3,3,5,0,2,21,54
31149,116,148,65,56,48,41,4,25,331,834
31150,220,317,35,12,38,8,2,4,157,793
31151,0,2,1,0,0,0,0,0,1,4
31157,36,38,18,26,14,11,3,20,117,283
31159,0,6,0,0,0,0,0,0,1,7
31160,5,2,2,1,0,0,0,1,0,11
31161,2,2,5,0,1,0,0,0,16,26
31162,0,6,7,2,0,0,0,4,3,22
31163,2,8,3,3,6,2,0,2,9,35
31165,8,6,12,2,3,8,2,4,10,55
31167,0,3,0,0,2,0,0,0,1,6
31169,7,14,19,10,8,3,0,3,21,85
31174,0,0,0,0,0,0,0,0,1,1
31175,0,1,0,0,0,0,0,0,13,14
31181,1,2,6,1,0,0,0,1,7,18
31182,8,15,5,10,2,2,0,2,57,101
31184,5,11,5,4,3,3,1,1,24,57
31186,0,2,4,3,2,0,0,3,5,19
31187,14,21,13,11,10,11,0,6,58,144
31188,8,18,16,4,8,3,1,3,41,102
31189,0,0,1,0,0,0,0,0,0,1
31192,0,0,2,0,0,0,0,0,1,3
31193,2,12,4,3,1,2,0,0,13,37
31202,19,37,26,14,5,6,4,5,42,158
31203,9,35,15,4,6,2,0,4,19,94
31205,3,4,9,2,3,5,1,1,15,43
31206,6,35,26,2,1,0,0,6,19,95
31208,0,0,0,0,0,0,0,0,1,1
31210,6,10,4,1,0,3,4,1,9,38
31211,0,0,1,0,0,0,0,0,0,1
31212,1,0,4,3,2,1,0,2,6,19
31213,1,0,0,0,0,0,0,0,0,1
31215,0,0,1,0,0,0,0,0,0,1
31216,0,0,0,0,0,0,0,0,1,1
31217,0,2,0,0,0,0,0,0,0,2
31218,0,0,0,0,0,0,0,0,1,1
31220,0,1,0,0,0,0,0,0,0,1
31224,0,4,5,1,2,10,0,0,8,30
31226,0,0,0,1,0,0,0,0,0,1
31227,0,1,0,1,0,0,0,0,0,2
31228,4,10,9,2,1,4,3,3,7,43
31229,0,1,1,1,0,0,0,2,0,5
31230,5,11,10,5,4,1,1,2,10,49
31231,0,0,1,1,0,0,0,0,0,2
31232,20,36,20,15,23,11,4,5,95,229
31233,0,0,2,0,0,0,0,0,1,3
31237,0,1,0,2,0,0,0,0,1,4
31239,5,26,3,2,3,2,0,1,12,54
31240,0,0,0,2,0,0,0,0,1,3
31246,0,0,14,0,0,0,0,0,0,14
31247,1,4,2,1,1,0,0,0,3,12
31248,16,12,19,4,6,5,1,3,21,87
31249,12,17,2,5,1,1,0,3,3,44
31250,0,2,0,0,0,0,0,0,0,2
31252,6,8,5,1,4,2,0,1,9,36
31253,4,5,4,1,4,6,0,4,13,41
31254,33,41,14,34,6,21,0,8,111,268
31256,0,3,0,0,0,0,0,0,0,3
31259,4,5,7,4,3,2,0,2,7,34
31260,0,0,0,0,0,0,0,1,0,1
31261,0,0,0,1,0,0,1,1,2,5
31262,0,3,0,0,0,0,0,1,0,4
31263,15,47,10,4,3,4,1,2,18,104
31264,0,0,0,1,0,0,0,1,0,2
31265,0,0,0,1,0,0,0,0,0,1
31266,0,8,0,2,0,0,0,0,3,13
31269,0,0,2,0,0,0,0,0,0,2
31270,0,0,0,1,0,0,0,0,5,6
31271,3,6,3,3,3,3,1,0,12,34
31273,5,8,8,2,1,2,0,0,8,34
31277,0,0,1,0,0,0,0,0,0,1
31281,5,2,1,0,0,1,0,0,2,11
31282,4,16,15,6,5,2,0,6,24,78
31284,0,1,3,1,0,2,0,1,2,10
31285,0,1,6,0,0,0,0,0,2,9
31286,0,0,1,1,0,0,0,0,13,15
31287,6,6,6,2,4,0,1,4,22,51
31291,2,33,15,11,8,4,1,7,47,128
31293,3,5,0,3,3,2,1,0,2,19
31297,6,4,6,2,5,2,0,0,15,40
31299,4,15,13,7,3,2,1,0,15,60
31300,0,4,0,0,0,0,0,0,0,4
31301,0,0,0,0,0,0,0,0,1,1
31303,3,4,8,0,3,1,0,0,4,23
31310,0,2,0,3,0,0,0,0,29,34
31311,0,2,3,0,0,3,0,0,1,9
31315,0,5,4,0,4,0,0,0,5,18
31316,2,0,0,0,0,0,1,2,2,7
31317,5,4,0,0,0,0,0,0,0,9
31320,1,5,0,9,0,0,0,0,9,24
31324,4,10,7,2,3,0,1,0,10,37
31334,0,3,1,0,0,0,0,0,5,9
31336,1,2,0,0,1,0,0,0,1,5
31338,0,0,0,0,0,0,0,1,1,2
31339,0,2,1,0,0,0,0,0,0,3
31340,0,0,0,1,0,0,0,0,1,2
31341,6,16,10,2,4,2,2,3,12,57
31344,0,4,0,0,2,0,0,0,1,7
31345,4,8,4,2,3,0,2,2,11,36
31346,0,2,0,1,0,0,0,0,0,3
31349,0,0,0,0,0,0,0,1,1,2
31351,6,9,3,5,7,2,2,0,16,50
31352,4,0,4,0,0,0,0,0,0,8
31355,1,10,2,10,0,1,0,4,16,44
31356,6,3,4,2,3,0,0,0,7,25
31358,10,17,13,6,4,4,4,4,43,105
31360,0,5,1,0,0,0,0,0,2,8
31364,19,27,8,2,3,2,0,0,9,70
31365,0,0,2,1,0,0,1,0,1,5
31374,0,0,0,0,0,0,0,1,1,2
31375,5,14,3,3,3,0,2,2,11,43
31380,0,0,0,0,0,0,0,0,2,2
31381,7,5,6,4,5,4,1,2,24,58
31383,0,0,0,0,0,0,0,0,1,1
31384,0,1,4,2,0,0,0,2,2,11
31389,4,23,6,7,8,4,0,2,27,81
31390,10,23,7,7,5,3,0,0,25,80
31391,1,1,10,10,0,0,0,3,86,111
31395,214,389,65,64,82,31,15,18,289,1167
31396,15,27,11,8,3,3,0,4,30,101
31399,4,3,3,6,3,2,0,2,12,35
31400,0,1,0,0,0,0,0,0,0,1
31401,0,1,0,0,0,0,0,1,0,2
31402,0,1,1,0,0,0,0,0,0,2
31403,0,0,0,0,0,0,0,1,0,1
31406,0,1,0,0,0,0,0,0,0,1
31407,0,0,1,0,0,0,0,0,0,1
31409,2,1,1,0,1,1,0,0,8,14
31410,5,25,17,10,4,2,2,8,40,113
31411,2,3,3,2,0,2,1,1,12,26
31412,0,0,0,0,0,2,0,0,0,2
31413,0,0,0,0,0,0,0,0,2,2
31416,0,5,0,1,0,0,0,0,1,7
31417,14,24,18,15,10,16,2,11,49,159
31418,12,37,0,7,0,0,0,0,10,66
31420,8,4,8,4,4,4,0,1,12,45
31421,8,7,7,8,5,5,0,2,16,58
31424,33,41,53,38,15,21,5,14,91,311
31425,0,3,0,0,0,0,0,0,0,3
31426,0,4,1,3,0,0,0,0,0,8
31427,0,2,0,0,0,0,0,0,0,2
31429,0,1,3,0,0,2,0,1,3,10
31430,0,2,0,0,0,0,0,0,0,2
31433,18,30,14,7,12,17,1,8,70,177
31435,0,5,0,0,0,0,0,1,0,6
31439,1,0,0,1,0,0,0,0,1,3
31445,311,329,34,15,11,19,22,7,174,922
31446,48,70,58,67,16,23,2,74,311,669
31451,45,70,38,16,12,10,3,6,78,278
31454,7,22,8,3,3,2,2,2,29,78
31455,25,35,7,3,3,6,1,1,29,110
31457,0,6,0,0,0,0,0,0,0,6
31458,7,7,5,4,3,1,0,0,19,46
31459,0,0,0,1,0,0,0,0,0,1
31460,5,10,10,3,5,1,2,5,16,57
31461,0,0,0,1,0,0,0,0,0,1
31462,4,10,14,5,4,0,0,0,33,70
31463,0,0,2,0,0,0,0,0,1,3
31464,0,0,1,1,0,0,0,0,0,2
31467,11,25,15,6,8,7,0,2,28,102
31471,3,18,2,0,1,0,0,0,1,25
31474,0,0,0,1,0,0,0,0,0,1
31475,0,5,3,3,0,2,0,0,1,14
31476,0,3,1,0,0,0,0,0,2,6
31478,4,4,3,0,2,0,0,3,5,21
31480,5,7,8,2,0,2,0,3,4,31
31481,6,10,7,2,2,1,0,3,5,36
31483,137,217,34,33,27,21,25,9,205,708
31484,0,3,6,2,3,0,1,2,4,21
31486,1,0,0,1,0,0,0,0,0,2
31487,2,0,0,6,0,0,0,0,4,12
31488,178,301,65,19,16,15,17,8,177,796
31489,0,0,0,1,0,0,0,0,0,1
31490,10,7,5,5,9,7,0,6,27,76
31492,0,10,0,0,0,0,0,0,0,10
31495,2,1,1,0,0,0,0,0,0,4
31497,16,47,6,10,1,4,0,0,15,99
31499,11,49,27,11,8,6,1,5,53,171
31500,0,1,0,0,0,0,0,0,0,1
31501,0,1,0,1,0,0,0,0,1,3
31503,4,15,1,3,3,1,1,0,7,35
31506,48,80,42,17,20,20,3,9,151,390
31507,0,6,1,0,0,0,0,0,3,10
31512,0,3,4,0,0,0,0,1,5,13
31513,0,2,0,0,0,0,0,0,0,2
31516,3,3,11,1,2,0,0,1,2,23
31517,5,11,11,2,2,1,0,3,9,44
31518,0,0,1,2,0,0,0,0,0,3
31523,18,46,18,2,3,3,2,2,24,118
31526,13,13,15,7,5,9,4,6,46,118
31530,0,1,1,0,0,0,0,0,0,2
31533,3,6,3,1,0,2,0,0,2,17
31534,0,0,0,0,0,0,0,0,1,1
31541,5,8,15,4,5,3,2,4,13,59
31542,0,0,0,0,0,0,0,0,3,3
31547,22,54,10,13,11,8,0,8,32,158
31550,1,0,2,0,0,0,0,0,0,3
31553,2,0,0,0,0,0,1,0,0,3
31555,4099,6856,1006,1340,723,629,456,419,4922,20450
31557,44,59,53,35,22,44,3,10,132,402
31558,0,0,0,0,0,0,0,0,1,1
31559,0,0,0,0,0,0,0,0,1,1
31561,58,53,28,24,21,18,6,15,116,339
31563,0,2,2,0,0,0,2,0,0,6
31565,0,2,1,2,0,0,0,0,2,7
31567,1,0,0,0,0,0,0,0,0,1
31571,0,0,0,1,0,0,0,0,0,1
31572,13,9,15,7,5,2,0,8,24,83
31573,7,9,14,2,5,2,1,2,9,51
31574,5,5,9,4,2,5,0,5,40,75
31578,1,0,0,2,0,0,0,0,3,6
31579,0,1,1,0,0,0,0,0,1,3
31580,0,0,0,0,0,1,0,0,1,2
31581,0,1,5,1,0,0,0,1,2,10
31582,110,76,33,11,16,7,0,8,74,335
31583,0,0,0,1,0,0,0,0,1,2
31584,11,30,10,8,9,7,0,5,35,115
31585,0,16,8,3,1,0,1,1,3,33
31587,2,4,0,0,0,0,0,1,1,8
31588,10,31,29,6,8,6,0,8,39,137
31589,4,2,0,0,0,1,1,0,1,9
31592,4,1,3,1,0,0,0,0,2,11
32001,1,5,2,0,4,1,0,0,3,16
32004,0,0,2,0,0,0,0,0,0,2
32005,0,0,1,0,0,0,0,0,0,1
32012,1,6,2,0,1,0,1,0,0,11
32013,317,578,45,100,45,35,31,20,485,1656
32016,0,0,1,0,0,0,0,0,0,1
32019,0,0,0,0,0,0,0,0,1,1
32027,1,4,2,0,0,0,0,0,1,8
32029,0,3,0,0,0,0,0,0,0,3
32032,1,0,1,0,0,0,0,0,0,2
32036,0,1,0,3,0,0,0,1,13,18
32051,1,0,0,0,0,0,0,0,0,1
32054,0,0,1,0,0,0,0,0,1,2
32056,0,1,0,0,0,0,0,0,0,1
32062,0,0,0,1,0,0,0,0,0,1
32069,0,0,0,0,0,0,0,0,1,1
32076,0,1,0,0,0,0,0,0,0,1
32079,1,9,1,0,1,0,0,0,1,13
32083,4,9,3,2,2,0,0,0,2,22
32094,0,0,1,0,0,0,0,0,0,1
32095,0,2,0,0,0,0,0,0,1,3
32096,7,23,7,1,2,2,0,0,6,48
32098,0,3,0,0,0,0,0,0,0,3
32106,2,8,2,2,3,1,0,0,4,22
32107,29,81,10,12,22,6,2,4,76,242
32110,0,0,0,0,0,0,0,0,2,2
32115,0,1,0,0,0,0,0,0,1,2
32116,0,0,1,0,0,0,0,0,0,1
32117,0,0,2,0,0,0,0,0,3,5
32119,11,22,7,5,6,3,1,1,22,78
32121,0,0,3,0,0,0,0,0,0,3
32123,0,0,0,0,0,0,0,0,1,1
32124,0,1,0,0,0,0,0,0,1,2
32127,1,2,1,0,2,0,0,0,1,7
32132,15,54,11,8,11,4,1,2,38,144
32146,0,0,0,0,0,0,0,0,1,1
32147,20,36,8,6,6,6,2,2,27,113
32149,3,2,0,0,2,1,0,0,0,8
32155,2,8,4,4,2,0,0,0,6,26
32156,0,2,0,0,0,0,0,0,0,2
32160,40,34,44,16,9,13,4,10,64,234
32162,1,6,2,0,2,2,0,0,3,16
32165,0,0,0,1,0,0,0,0,0,1
32167,0,0,1,0,0,0,0,0,0,1
32175,1,7,0,2,0,0,0,0,7,17
32180,1,0,0,0,0,0,0,0,0,1
32182,0,0,0,0,0,0,0,1,0,1
32190,0,0,0,0,0,0,0,0,1,1
32196,0,0,0,0,0,0,0,1,0,1
32197,0,0,0,0,0,0,0,0,1,1
32199,0,0,0,1,0,0,0,0,0,1
32200,0,0,0,0,0,0,0,1,0,1
32201,0,0,1,0,0,0,0,0,0,1
32202,0,1,0,0,0,0,0,0,0,1
32208,8,16,8,2,3,4,1,2,23,67
32210,0,1,0,0,1,0,0,0,1,3
32212,0,2,0,0,0,0,0,0,0,2
32213,3,34,8,3,3,1,1,0,21,74
32215,0,0,0,0,0,0,0,1,0,1
32219,0,0,1,0,0,0,0,0,0,1
32221,0,0,0,1,0,0,0,0,0,1
32223,0,1,0,1,0,0,0,0,1,3
32227,2,2,0,0,2,0,0,0,0,6
32233,3,6,3,1,2,0,1,1,12,29
32237,0,0,0,0,0,0,0,0,1,1
32239,0,0,0,0,0,0,0,0,1,1
32240,0,0,0,0,0,0,0,0,1,1
32242,4,21,3,3,2,2,0,2,8,45
32246,0,0,0,0,0,0,0,0,1,1
32247,1,0,0,0,0,0,0,0,0,1
32249,8,31,10,3,5,3,1,2,27,90
32252,4,6,2,1,2,1,0,0,2,18
32253,3,3,1,0,0,0,0,0,1,8
32256,22,34,15,3,4,4,1,2,27,112
32258,1,0,0,0,0,0,0,0,0,1
32268,0,6,0,10,0,0,0,4,12,32
32269,0,0,0,2,0,0,0,0,0,2
32271,1,5,0,1,0,0,0,0,2,9
32278,0,0,1,0,0,0,0,0,0,1
32282,14,27,14,2,1,0,0,1,18,77
32285,1,5,1,0,2,0,1,0,2,12
32286,1,2,6,0,2,0,0,0,0,11
32288,0,0,0,2,0,0,0,0,0,2
32290,1,5,3,1,1,0,0,0,5,16
32292,0,2,0,0,0,0,0,0,0,2
32296,12,31,8,5,5,3,1,0,32,97
32297,0,3,0,0,0,0,0,0,0,3
32301,3,8,1,1,0,0,0,0,3,16
32306,0,1,0,2,0,0,0,0,0,3
32307,7,7,6,3,2,3,0,1,6,35
32312,0,2,0,0,0,0,0,0,0,2
32314,0,0,0,0,0,0,0,0,1,1
32319,9,16,6,1,2,1,1,1,21,58
32328,0,0,0,1,0,0,0,0,0,1
32329,0,0,0,0,0,0,0,0,1,1
32331,4,5,3,1,3,1,0,1,2,20
32333,0,0,1,0,0,0,0,0,0,1
32334,2,3,1,0,2,0,1,2,1,12
32335,0,2,0,0,1,0,0,0,0,3
32340,0,0,0,1,0,0,0,0,0,1
32343,0,0,1,0,0,0,0,0,0,1
32344,7,17,3,4,2,3,1,0,16,53
32345,1,3,2,0,0,0,0,0,2,8
32365,0,6,0,0,0,0,0,1,1,8
32370,4,19,4,5,3,2,0,0,8,45
32372,0,2,0,0,0,0,0,0,0,2
32373,0,0,0,1,0,0,0,0,0,1
32377,0,0,0,0,0,0,0,0,1,1
32378,1,7,0,1,0,0,0,0,2,11
32381,0,1,2,0,0,0,0,0,0,3
32382,1,0,0,0,0,0,0,0,0,1
32389,0,1,0,0,0,0,0,0,0,1
32396,0,1,0,0,0,0,0,0,0,1
32398,0,1,0,2,0,0,0,0,1,4
32404,2,3,1,0,0,0,0,0,0,6
32405,0,2,0,0,0,0,0,0,0,2
32410,7,12,5,5,5,7,3,3,32,79
32412,3,4,2,0,3,2,0,0,3,17
32416,0,0,0,0,0,0,0,0,1,1
32417,0,0,0,0,0,0,1,0,0,1
32426,5,8,4,2,2,1,1,1,5,29
32429,0,2,0,0,0,0,0,0,0,2
32433,2,2,1,2,0,0,0,1,2,10
32436,0,0,0,1,0,0,0,0,0,1
32448,0,0,0,1,0,0,0,0,0,1
32449,0,0,4,0,0,0,0,0,2,6
32459,2,3,4,1,2,0,0,0,2,14
32460,0,0,1,0,0,0,0,0,0,1
32462,14,22,5,4,6,3,1,1,33,89
32463,0,1,0,0,0,0,0,0,1,2
32464,1,4,1,0,1,0,0,0,2,9
33001,0,11,0,3,2,0,0,0,15,31
33002,1,4,3,1,0,0,0,0,3,12
33003,23,31,17,22,11,11,1,7,63,186
33004,3,11,2,0,2,0,0,0,3,21
33005,26,46,43,15,17,9,3,10,70,239
33006,0,2,0,0,0,0,0,0,0,2
33007,0,0,1,0,0,0,0,0,0,1
33009,49,88,23,13,23,10,2,5,79,292
33010,0,2,0,0,0,0,0,0,0,2
33011,96,175,20,14,7,9,11,7,80,419
33012,10,11,6,2,2,0,1,4,8,44
33013,11,19,11,23,10,3,0,9,48,134
33014,0,2,0,1,0,0,0,0,0,3
33015,3,7,2,1,2,1,1,0,8,25
33016,0,0,0,0,0,0,0,0,1,1
33018,3,6,2,1,3,0,0,0,2,17
33019,13,38,10,10,6,7,0,5,51,140
33021,4,6,1,0,3,0,0,0,6,20
33022,2,8,11,1,2,0,1,2,5,32
33023,51,3,0,1,0,0,2,0,9,66
33029,5,23,13,3,4,4,1,0,12,65
33030,2,4,2,1,1,1,0,1,4,16
33032,8,32,7,2,9,13,2,1,24,98
33033,0,0,0,0,0,0,0,0,1,1
33036,19,41,18,11,6,6,1,4,36,142
33037,1,5,2,2,4,3,0,2,9,28
33038,0,5,3,0,2,0,0,0,3,13
33039,84,147,41,46,26,29,3,23,167,566
33040,2,2,6,0,0,0,0,0,5,15
33042,5,21,11,3,5,2,2,6,21,76
33043,0,0,0,0,0,0,0,0,1,1
33046,2,5,7,0,2,1,0,0,0,17
33047,1,0,1,3,2,4,1,1,2,15
33049,33,2,4,0,0,0,0,1,1,41
33051,99,61,27,14,11,8,3,7,118,348
33052,1,5,3,0,0,0,0,0,1,10
33053,0,1,0,0,0,0,0,0,0,1
33055,0,7,0,0,0,0,0,0,25,32
33056,46,57,25,11,19,6,4,7,86,261
33057,3,9,1,1,1,0,0,0,2,17
33058,53,142,12,17,8,8,17,2,93,352
33060,0,0,0,1,0,0,0,0,0,1
33061,0,1,3,0,0,0,0,0,0,4
33062,0,2,0,0,0,0,0,0,0,2
33063,3685,4313,627,905,455,443,299,209,2978,13914
33065,8,14,5,6,2,3,0,2,23,63
33067,7,10,6,4,3,2,0,3,5,40
33069,224,179,46,44,33,33,6,14,155,734
33070,0,1,1,1,0,0,0,0,2,5
33071,3,15,3,1,3,3,0,2,8,38
33073,1,13,2,3,1,1,0,1,15,37
33074,0,1,0,0,0,0,0,0,0,1
33075,294,301,72,42,24,11,17,21,196,978
33076,0,0,4,0,0,0,0,0,0,4
33077,2,5,2,0,0,0,0,0,2,11
33080,9,16,19,6,5,4,1,2,27,89
33081,58,309,6,43,11,0,1,4,65,497
33082,0,2,3,0,0,0,0,0,0,5
33083,0,0,0,1,0,0,0,0,0,1
33084,7,28,0,4,4,0,0,0,4,47
33085,4,17,9,1,3,1,0,2,23,60
33088,0,3,0,0,0,1,0,0,0,4
33089,0,0,1,0,0,0,0,0,0,1
33090,10,35,14,5,13,1,2,3,33,116
33091,4,0,0,0,0,0,0,0,0,4
33093,0,2,0,0,0,0,0,0,0,2
33094,0,0,0,0,0,0,0,0,1,1
33095,4,10,0,3,2,0,0,0,1,20
33096,27,32,22,4,45,5,0,8,23,166
33097,3,6,8,2,2,0,0,1,5,27
33099,5,10,6,5,3,0,0,9,12,50
33100,0,4,1,0,0,0,0,0,13,18
33101,1,5,2,0,1,1,0,0,2,12
33104,67,18,15,3,6,2,3,3,25,142
33106,4,1,1,0,2,0,0,0,4,12
33107,0,0,1,0,0,0,0,0,0,1
33108,3,21,4,3,12,1,0,2,27,73
33109,5,4,5,1,3,3,0,2,9,32
33111,1,10,0,1,1,0,0,1,10,24
33112,0,0,1,0,0,0,0,0,0,1
33114,7,13,6,2,6,5,0,4,23,66
33118,6,18,13,5,2,1,0,7,31,83
33119,182,126,62,41,33,50,2,33,194,723
33120,2,3,3,0,3,4,0,1,11,27
33122,34,64,44,15,16,13,1,9,82,278
33123,0,3,0,0,1,0,0,0,1,5
33125,3,8,2,2,1,2,0,0,7,25
33126,0,2,0,0,0,0,0,0,0,2
33130,0,1,2,1,0,0,0,0,1,5
33138,28,30,11,10,7,8,3,4,55,156
33140,82,29,30,10,7,10,0,5,48,221
33142,0,2,2,0,0,0,0,0,1,5
33143,2,3,6,0,1,6,0,0,2,20
33145,0,0,0,0,0,0,0,1,0,1
33146,0,2,0,0,0,1,0,0,2,5
33151,0,3,0,0,0,0,0,0,0,3
33154,2,7,0,0,2,0,0,0,2,13
33159,4,6,2,1,2,3,0,0,2,20
33160,0,1,0,0,0,0,0,0,0,1
33161,0,3,0,0,0,0,0,0,0,3
33162,102,141,43,48,16,21,7,18,115,511
33164,0,1,0,0,0,0,0,0,2,3
33165,11,17,11,4,3,9,1,5,31,92
33166,0,1,0,0,0,0,0,0,0,1
33167,199,179,30,16,26,13,1,8,105,577
33169,0,0,0,0,0,0,0,0,1,1
33170,0,0,0,0,0,0,0,0,1,1
33174,1,11,0,3,1,0,0,1,5,22
33175,3,4,0,0,1,0,0,0,2,10
33177,1,8,1,2,0,0,0,1,5,18
33178,0,0,0,2,0,0,0,0,0,2
33179,3,10,3,4,4,1,1,1,12,39
33182,3,3,1,1,2,0,1,0,3,14
33183,0,3,0,0,0,0,0,2,2,7
33185,1,1,0,0,0,1,0,0,2,5
33186,3,1,0,1,2,0,0,0,2,9
33187,0,5,0,1,2,2,0,0,4,14
33189,1,2,0,0,2,0,1,0,0,6
33192,97,134,44,60,31,19,3,18,169,575
33193,0,2,1,1,0,0,1,0,0,5
33194,0,0,0,0,0,0,0,0,1,1
33195,5,20,7,2,2,0,0,1,3,40
33196,1,0,0,0,0,0,0,0,0,1
33198,1,7,1,0,4,3,0,0,6,22
33199,48,59,54,18,20,15,3,13,86,316
33200,64,40,20,14,59,6,2,5,111,321
33202,4,2,1,1,3,1,1,1,1,15
33203,16,8,10,4,3,2,0,2,21,66
33204,0,7,1,0,0,0,0,0,3,11
33205,1,7,1,1,0,0,0,0,0,10
33206,0,1,0,0,0,0,0,0,0,1
33207,6,12,13,2,4,1,0,3,8,49
33210,0,2,0,0,0,0,0,0,0,2
33213,9,17,19,8,4,6,1,2,20,86
33214,15,23,28,5,7,7,2,5,19,111
33218,0,2,0,0,0,0,0,0,0,2
33219,2,6,10,3,2,1,1,1,14,40
33220,4,14,6,2,2,0,0,0,7,35
33221,1,5,0,1,2,0,1,0,5,15
33222,0,0,0,0,0,0,0,0,1,1
33223,0,1,0,0,0,0,0,0,0,1
33225,1,8,4,0,2,3,0,0,5,23
33226,12,7,2,4,4,2,0,2,15,48
33227,241,173,41,21,22,17,30,12,192,749
33228,0,1,0,0,0,0,0,0,0,1
33229,9,32,23,12,7,6,1,3,30,123
33230,1,3,0,1,0,0,0,0,0,5
33233,0,5,1,1,3,0,0,0,7,17
33234,9,22,7,6,5,7,3,1,22,82
33236,19,48,30,6,16,9,1,1,39,169
33238,26,30,42,8,10,3,5,12,58,194
33239,0,2,0,0,0,0,0,0,1,3
33240,116,156,11,9,19,9,10,2,80,412
33241,0,0,0,0,0,0,0,0,2,2
33243,422,817,73,89,53,44,44,25,425,1992
33245,0,1,5,0,0,0,0,2,1,9
33248,1,3,5,2,3,0,0,3,8,25
33249,321,286,40,35,28,28,36,11,152,937
33252,6,7,1,0,0,0,0,1,0,15
33253,0,1,0,0,0,0,0,0,1,2
33255,0,1,0,0,0,0,0,0,0,1
33256,4,10,4,3,2,2,0,2,13,40
33259,2,2,0,0,2,0,0,0,1,7
33260,0,2,0,0,0,0,0,0,0,2
33261,3,5,5,4,2,1,0,1,8,29
33262,2,8,7,2,3,1,0,2,3,28
33263,0,0,0,0,0,0,0,0,1,1
33264,3,3,2,1,2,0,1,0,2,14
33266,0,2,0,0,0,0,0,0,0,2
33268,11,4,7,2,3,1,0,1,11,40
33270,0,0,0,0,0,0,0,0,1,1
33272,2,2,0,1,0,0,0,0,0,5
33273,8,26,17,5,7,5,1,5,35,109
33274,5,5,5,0,4,2,0,0,11,32
33277,0,0,0,0,0,0,0,0,2,2
33279,0,0,0,4,0,0,0,0,1,5
33281,357,364,121,91,134,102,14,50,394,1627
33284,11,24,11,8,4,5,2,3,27,95
33287,0,0,0,0,0,0,0,0,3,3
33288,0,0,0,0,0,0,0,0,1,1
33289,6,23,5,1,2,1,0,0,11,49
33290,3,0,1,0,0,0,0,1,5,10
33293,6,3,4,1,2,2,0,1,8,27
33294,0,1,2,0,0,0,0,0,1,4
33296,0,6,0,0,0,0,0,0,0,6
33297,0,3,3,0,0,0,0,3,4,13
33298,2,4,0,0,2,2,0,0,1,11
33300,1,5,2,0,0,0,0,0,0,8
33302,0,1,0,0,0,0,0,0,0,1
33303,0,1,1,0,0,0,0,0,4,6
33305,0,0,0,0,0,0,0,0,1,1
33306,0,1,0,0,0,0,0,0,0,1
33307,0,4,0,0,0,0,0,0,1,5
33309,0,2,0,0,0,0,0,0,0,2
33310,0,0,0,0,0,0,1,0,0,1
33311,1,3,0,0,1,0,0,0,1,6
33312,8,16,12,4,5,4,1,4,19,73
33314,49,21,13,5,6,1,1,2,20,118
33315,0,2,1,0,0,0,0,0,0,3
33316,3,3,1,0,1,0,0,2,1,11
33317,0,2,0,0,0,0,0,0,0,2
33318,914,1279,149,115,125,69,18,45,655,3369
33320,0,2,0,0,0,0,0,0,0,2
33321,5,10,2,4,0,3,0,2,4,30
33322,11,16,5,13,10,9,2,9,46,121
33323,4,4,0,2,0,0,0,1,2,13
33324,4,15,3,2,2,5,0,3,12,46
33325,0,1,0,0,0,0,0,0,1,2
33327,6,40,5,11,4,0,0,2,26,94
33328,0,2,0,0,0,0,0,0,0,2
33329,0,1,0,0,0,0,0,0,0,1
33330,2,5,8,1,2,0,0,3,6,27
33331,0,4,0,0,0,0,0,0,0,4
33332,0,2,1,0,0,0,0,0,0,3
33333,5,11,14,1,4,3,3,1,9,51
33334,5,16,2,1,2,2,0,2,20,50
33335,0,0,0,0,0,0,0,0,1,1
33336,0,4,1,1,1,0,0,0,0,7
33337,12,4,1,4,4,0,1,1,5,32
33339,6,3,1,0,2,1,0,0,1,14
33341,0,7,1,0,4,1,1,1,12,27
33342,1,5,0,1,2,0,1,0,0,10
33344,1,0,0,0,0,0,0,0,0,1
33348,7,3,2,1,3,0,0,0,5,21
33349,2,2,4,2,2,2,0,0,6,20
33350,6,13,1,2,2,2,1,1,4,32
33351,2,2,1,0,4,0,0,0,6,15
33352,17,158,7,13,9,2,1,1,85,293
33355,1,3,0,0,0,0,0,0,2,6
33357,5,3,3,1,0,0,0,0,1,13
33362,0,4,0,0,0,0,0,0,0,4
33363,3,11,4,5,2,1,0,1,3,30
33364,0,0,0,1,0,0,0,0,0,1
33366,130,49,13,21,10,15,11,17,78,344
33369,0,2,0,0,0,0,0,0,0,2
33373,1,2,0,0,0,0,0,0,0,3
33374,0,1,0,0,2,0,0,0,1,4
33376,27,40,13,6,7,7,2,2,50,154
33378,0,1,2,0,0,0,0,0,0,3
33379,0,6,2,1,0,0,0,0,1,10
33380,1,2,0,0,0,0,0,1,0,4
33381,6,11,4,5,3,3,3,2,2,39
33382,4,4,7,0,3,3,0,1,8,30
33384,0,3,0,0,0,0,0,0,1,4
33385,0,5,0,0,0,0,0,0,0,5
33387,0,2,0,1,0,0,0,0,0,3
33388,0,2,0,0,0,0,0,0,0,2
33389,6,13,3,5,2,0,1,2,8,40
33392,0,2,0,0,0,0,1,0,0,3
33393,6,17,7,3,6,2,2,1,27,71
33394,4,4,0,7,1,0,0,3,14,33
33395,1,2,0,0,0,0,0,0,1,4
33397,3,8,10,2,3,1,1,2,24,54
33400,0,2,0,0,0,0,0,0,1,3
33402,17,57,5,7,11,3,1,1,52,154
33405,0,1,0,0,0,0,0,0,0,1
33406,0,0,1,0,0,0,0,0,0,1
33407,0,0,0,1,0,0,0,0,0,1
33408,0,0,0,0,0,0,0,0,1,1
33410,0,1,0,0,0,0,0,0,0,1
33412,0,1,0,0,0,0,0,0,0,1
33413,4,9,8,0,3,3,0,4,3,34
33415,0,2,0,0,1,1,0,0,3,7
33417,6,6,7,3,3,1,0,3,17,46
33418,0,0,0,0,0,0,0,0,1,1
33422,70,31,23,4,6,4,1,4,35,178
33423,0,0,0,0,0,0,0,0,1,1
33424,15,16,9,9,4,5,1,1,29,89
33425,0,3,2,2,0,0,0,0,1,8
33433,15,34,7,5,9,8,0,5,22,105
33434,2,2,5,2,1,1,0,0,1,14
33435,3,7,1,4,2,3,0,2,19,41
33436,2,3,0,0,0,0,0,0,0,5
33437,7,6,8,2,0,0,1,1,9,34
33438,2,0,5,0,0,0,0,1,2,10
33439,1,2,7,0,0,0,0,0,0,10
33441,0,2,0,0,0,0,0,0,5,7
33442,0,4,0,3,0,0,0,0,0,7
33444,0,1,4,0,0,0,0,0,0,5
33447,3,7,2,1,4,1,0,2,3,23
33448,4,5,9,1,1,2,0,0,3,25
33449,80,104,94,24,47,32,4,26,160,571
33451,0,1,0,1,0,0,0,0,1,3
33452,0,1,0,0,0,0,0,0,7,8
33454,0,0,0,0,3,0,0,0,1,4
33463,2,2,0,1,0,0,0,0,1,6
33465,0,1,0,0,0,0,0,0,0,1
33466,2,2,3,1,3,0,1,1,9,22
33473,7,23,5,6,1,0,0,0,18,60
33474,8,32,4,2,4,2,2,3,7,64
33477,1,5,0,0,3,0,0,0,2,11
33478,2,10,2,4,3,1,0,0,14,36
33480,3,2,9,1,2,0,0,0,3,20
33483,7,5,10,2,3,3,2,1,11,44
33484,1,11,1,1,3,1,0,1,4,23
33485,4,18,2,0,1,4,0,0,6,35
33486,0,1,0,0,0,0,0,0,0,1
33487,0,3,0,0,0,0,0,0,0,3
33489,0,2,0,0,0,0,0,0,0,2
33490,1,6,0,2,3,3,0,2,5,22
33492,0,4,0,7,2,1,2,0,2,18
33494,0,2,4,0,0,0,0,0,2,8
33495,0,0,1,0,0,0,0,0,0,1
33496,6,15,10,3,3,1,2,2,20,62
33498,4,19,16,3,5,2,1,4,13,67
33499,0,0,0,0,0,0,0,0,1,1
33501,6,3,6,3,2,2,0,3,6,31
33503,1,0,0,0,0,0,0,0,0,1
33504,2,1,0,0,2,1,0,1,8,15
33505,1,3,8,1,2,0,2,0,18,35
33506,5,11,2,3,3,6,0,1,18,49
33508,0,2,0,0,0,0,0,0,0,2
33510,1,0,0,0,0,0,0,0,0,1
33511,0,2,0,0,0,0,0,0,1,3
33514,4,20,6,3,3,3,0,1,2,42
33515,0,0,0,0,0,0,0,0,1,1
33517,0,3,0,0,0,0,0,0,2,5
33518,1,0,2,0,0,0,0,0,0,3
33519,15,20,35,10,7,9,4,10,32,142
33522,345,1983,99,93,39,36,56,24,261,2936
33523,9,13,8,1,3,3,1,3,4,45
33525,0,1,0,0,0,0,0,0,0,1
33527,16,49,22,10,9,4,1,3,25,139
33528,1,0,0,0,0,0,0,0,0,1
33529,300,359,100,30,43,34,34,9,203,1112
33530,0,2,0,0,0,0,0,0,0,2
33532,0,0,0,1,0,0,0,0,1,2
33533,3,2,7,1,4,1,0,0,7,25
33534,0,0,3,1,0,0,0,0,0,4
33535,20,29,19,12,2,2,1,10,41,136
33537,0,2,0,0,0,0,0,0,0,2
33539,6,13,7,4,4,4,0,2,8,48
33540,6,12,10,1,6,0,0,3,2,40
33541,1,1,3,1,0,0,0,0,2,8
33542,0,3,0,0,0,0,0,0,0,3
33543,1,6,0,5,1,3,0,0,0,16
33544,1,3,1,0,3,0,0,0,2,10
33545,0,3,3,0,0,0,0,0,0,6
33547,2,4,5,1,2,1,0,1,9,25
33548,0,2,0,0,0,0,0,1,2,5
33550,131,252,86,46,36,21,3,20,182,777
33552,0,3,1,0,0,0,0,0,0,4
33553,4,0,0,0,0,0,0,0,0,4
33554,3,10,4,2,2,2,0,3,4,30
33555,6,21,13,4,3,3,0,2,16,68
34001,0,4,2,2,1,0,0,0,5,14
34002,0,6,1,0,0,2,0,0,0,9
34003,84,115,64,17,39,31,6,15,133,504
34006,0,0,1,0,0,0,0,0,0,1
34007,1,4,1,0,0,0,0,0,0,6
34009,1,5,2,1,1,1,0,0,3,14
34010,6,9,13,4,2,4,0,3,6,47
34012,0,0,1,0,0,0,0,0,2,3
34013,3,13,7,1,1,0,0,0,5,30
34014,3,2,2,0,2,0,0,1,6,16
34016,0,0,0,1,0,0,0,0,1,2
34017,0,0,0,0,0,0,0,0,1,1
34018,0,1,4,0,0,0,0,0,1,6
34019,1,1,0,0,0,0,0,0,0,2
34022,8,23,32,7,7,9,2,6,35,129
34023,35,27,63,4,10,4,1,3,20,167
34024,8,8,3,2,4,1,0,2,28,56
34025,1,6,9,2,2,1,0,3,5,29
34027,4,7,5,3,5,0,1,1,4,30
34028,59,73,14,3,10,10,1,1,47,218
34029,0,2,0,0,0,0,0,0,0,2
34030,1,0,0,0,0,0,0,0,0,1
34031,2,21,6,1,4,6,0,0,15,55
34032,524,1456,134,123,122,73,74,39,661,3206
34033,5,12,10,0,2,0,2,1,4,36
34035,0,0,1,0,0,0,0,1,0,2
34036,4,3,7,0,0,0,1,0,1,16
34037,112,202,17,9,6,11,1,6,60,424
34038,3,11,4,0,4,2,0,2,3,29
34039,7,7,4,1,3,0,0,2,5,29
34042,3,2,3,0,0,0,0,1,1,10
34043,0,0,2,1,0,0,0,1,1,5
34045,0,1,0,0,0,0,0,0,1,2
34047,0,2,2,0,0,0,0,0,0,4
34048,0,1,1,0,0,0,0,0,0,2
34050,1,3,2,0,2,0,0,0,0,8
34051,3,10,5,0,5,0,0,1,2,26
34052,9,24,9,4,4,2,2,2,12,68
34054,0,0,0,1,0,0,0,0,0,1
34056,0,1,1,2,0,0,0,1,1,6
34057,317,505,115,60,35,43,6,35,264,1380
34058,51,39,18,7,14,14,4,10,44,201
34059,0,0,0,0,0,0,0,0,1,1
34061,0,1,0,0,0,0,0,0,0,1
34062,0,2,0,0,0,0,0,0,0,2
34063,1,14,5,3,2,1,0,0,4,30
34064,0,2,3,0,0,9,0,0,0,14
34067,0,2,1,0,0,0,0,0,0,3
34068,0,1,0,0,0,0,0,0,0,1
34069,3,10,10,0,5,1,0,1,9,39
34070,0,1,0,0,0,0,0,0,0,1
34071,0,1,0,0,0,0,0,0,0,1
34073,2,15,3,2,2,1,0,0,8,33
34074,7,20,16,1,2,1,1,1,5,54
34076,1,5,0,0,0,0,0,0,2,8
34077,18,26,18,5,5,13,1,6,34,126
34078,5,7,8,1,2,1,1,1,5,31
34079,107,85,28,13,14,10,4,11,194,466
34080,1,0,2,0,0,0,0,0,0,3
34081,75,52,8,1,4,3,1,4,59,207
34082,4,2,3,1,0,0,0,2,2,14
34083,0,0,1,1,0,0,0,0,5,7
34084,1,4,1,0,0,0,0,0,0,6
34085,0,0,0,1,0,0,0,0,1,2
34087,6,13,4,1,4,0,0,1,12,41
34088,6,23,13,3,4,13,1,7,14,84
34089,0,5,4,0,0,1,0,0,0,10
34090,23,26,31,8,15,13,2,14,56,188
34092,1,4,4,0,2,0,0,0,0,11
34094,0,1,0,1,0,0,0,0,0,2
34095,15,13,15,1,9,8,1,8,22,92
34096,0,3,0,0,0,0,0,0,0,3
34101,5,28,7,6,2,2,0,1,22,73
34102,0,0,0,1,0,0,0,0,0,1
34103,2,2,2,2,2,0,0,2,3,15
34108,50,94,49,22,26,28,8,12,93,382
34109,0,3,0,0,2,0,0,0,2,7
34110,0,2,0,0,0,0,0,0,0,2
34111,112,101,19,12,15,6,6,5,54,330
34113,11,20,12,7,3,5,1,7,26,92
34114,40,27,20,15,7,21,4,10,58,202
34116,34,51,18,11,24,5,1,5,45,194
34117,0,11,0,0,2,0,0,0,18,31
34118,0,0,0,0,0,0,0,0,1,1
34119,4,11,4,1,3,0,1,2,6,32
34120,33,26,24,16,18,8,2,9,47,183
34123,29,31,39,15,11,13,4,15,63,220
34124,0,0,0,0,0,0,0,0,1,1
34126,36,93,69,10,6,0,0,4,104,322
34127,5,3,4,7,3,3,1,2,4,32
34128,2,0,1,0,0,0,0,0,1,4
34129,84,48,73,24,23,21,4,14,119,410
34130,6,8,3,2,2,1,1,1,9,33
34131,0,0,5,0,0,0,0,0,0,5
34134,3,9,17,4,3,3,0,3,9,51
34135,2,10,6,0,1,0,1,0,2,22
34136,1,2,0,0,3,0,0,0,2,8
34139,1,3,5,2,0,6,0,0,4,21
34140,5,15,6,3,3,0,0,7,10,49
34141,2,0,0,0,2,0,0,0,1,5
34142,87,90,22,11,13,6,2,8,62,301
34143,1,3,6,1,2,0,0,2,7,22
34144,0,0,0,0,0,0,0,2,0,2
34145,212,221,44,28,37,29,5,21,213,810
34146,1,11,6,1,3,0,2,3,4,31
34147,8,15,20,0,4,2,3,1,21,74
34148,2,17,6,1,3,3,1,0,7,40
34150,9,30,18,4,12,4,0,3,21,101
34151,7,26,10,1,6,3,1,6,12,72
34152,0,0,1,1,0,0,0,0,0,2
34153,4,6,8,4,3,2,0,1,10,38
34154,44,77,53,17,27,14,3,19,95,349
34155,2,5,2,0,2,0,0,0,3,14
34157,13,43,43,7,10,4,3,3,44,170
34159,5,11,5,2,2,2,0,1,2,30
34160,0,1,2,0,0,0,0,0,0,3
34161,2,15,3,3,2,1,0,1,11,38
34162,6,13,14,1,4,0,1,2,8,49
34163,14,28,12,2,5,2,4,5,16,88
34164,0,0,0,1,0,0,0,1,2,4
34165,4,10,10,1,2,1,4,5,5,42
34166,6,14,3,2,2,0,2,0,2,31
34169,27,17,16,10,3,4,1,5,37,120
34170,0,1,0,0,0,0,0,0,0,1
34172,2985,4928,848,780,630,419,281,279,3195,14345
34173,2,2,5,0,0,0,0,0,2,11
34174,0,1,0,0,0,0,0,0,1,2
34176,3,5,6,2,2,0,0,1,6,25
34178,4,13,7,1,3,1,0,0,11,40
34179,3,9,1,1,0,1,0,0,0,15
34180,5,7,7,2,0,0,0,3,3,27
34181,0,4,0,0,0,0,0,1,0,5
34182,0,7,0,2,0,1,0,0,2,12
34183,6,18,15,2,2,0,0,0,13,56
34184,0,3,0,0,0,0,0,1,0,4
34185,0,0,1,0,0,0,0,0,0,1
34186,1,4,3,0,0,0,0,1,0,9
34187,3,14,2,2,1,1,0,1,4,28
34189,4,9,2,0,2,2,1,0,7,27
34191,0,0,0,1,0,0,0,0,0,1
34192,42,67,36,15,8,11,1,32,50,262
34194,7,13,8,1,4,2,2,0,13,50
34197,0,2,2,0,0,0,0,1,0,5
34198,41,46,26,17,15,16,2,8,45,216
34199,99,113,39,11,14,16,3,6,97,398
34202,20,66,25,8,10,9,6,7,25,176
34203,2,7,1,1,0,0,0,0,6,17
34204,1,6,1,3,0,0,2,0,0,13
34205,1,0,0,0,0,0,0,0,1,2
34206,1,2,0,0,0,0,0,0,0,3
34207,1,7,5,0,2,0,1,1,2,19
34208,0,1,0,1,0,0,0,0,0,2
34209,3,8,12,1,4,2,0,1,8,39
34210,3,9,2,1,2,1,0,3,0,21
34211,1,4,1,1,2,1,0,0,1,11
34213,7,13,14,3,4,5,0,3,16,65
34214,4,7,3,1,0,1,1,0,5,22
34215,0,1,0,1,0,0,0,0,2,4
34217,9,27,14,5,4,4,2,7,22,94
34221,0,0,0,0,0,0,0,1,0,1
34223,0,1,0,0,0,0,0,2,2,5
34224,1,3,1,0,0,0,0,0,0,5
34225,4,13,9,2,3,3,0,2,4,40
34226,1,10,6,0,1,0,0,0,4,22
34227,0,0,4,1,0,2,1,3,1,12
34229,0,0,0,0,0,0,0,0,1,1
34233,0,0,0,0,0,0,0,0,1,1
34235,0,1,1,0,0,0,0,0,0,2
34236,0,1,0,0,0,0,0,0,0,1
34237,4,7,3,4,4,3,0,0,14,39
34239,11,25,17,11,5,5,1,9,87,171
34240,6,17,11,5,4,5,3,3,37,91
34241,1,7,1,0,0,0,0,0,1,10
34242,3,3,3,1,0,0,0,1,3,14
34243,6,2,9,0,1,1,0,1,3,23
34244,5,5,12,1,5,3,3,3,12,49
34245,4,26,9,3,4,1,1,2,12,62
34246,14,63,5,6,3,0,0,1,7,99
34247,67,100,24,14,13,12,1,5,54,290
34248,0,0,0,0,0,0,0,1,1,2
34249,3,5,10,1,4,2,0,2,7,34
34251,0,0,3,0,0,0,0,0,0,3
34254,3,3,5,1,0,0,0,0,1,13
34255,59,35,36,22,15,18,3,19,58,265
34256,2,9,5,1,3,2,0,3,1,26
34257,0,0,0,2,0,0,0,0,3,5
34258,0,4,5,1,0,0,0,0,0,10
34259,9,14,15,9,6,8,0,4,7,72
34260,1,12,4,3,1,1,1,0,2,25
34263,0,0,1,0,0,0,0,0,0,1
34265,0,2,0,1,0,0,0,0,1,4
34266,0,0,2,0,0,0,0,1,0,3
34267,2,4,1,0,2,0,0,0,2,11
34268,0,2,2,0,0,0,0,0,0,4
34270,279,284,69,21,18,34,1,13,126,845
34272,8,12,3,0,3,2,0,2,3,33
34274,6,13,13,9,2,1,1,3,15,63
34276,20,44,32,11,7,7,2,10,27,160
34279,0,0,0,0,0,0,0,0,1,1
34281,5,8,2,2,2,3,0,0,4,26
34282,2,3,2,1,0,0,0,1,3,12
34284,6,30,2,7,4,0,1,1,23,74
34285,0,1,0,0,0,0,0,0,0,1
34287,0,0,0,0,0,0,0,1,0,1
34288,0,0,0,1,0,0,0,0,0,1
34289,7,15,8,1,1,1,1,0,36,70
34290,2,3,3,0,0,1,0,2,6,17
34292,0,0,0,1,0,0,0,1,0,2
34293,3,14,2,1,3,0,0,1,34,58
34294,2,2,1,1,0,0,0,1,0,7
34295,2,12,2,1,0,0,0,1,0,18
34296,0,1,1,1,0,0,0,1,2,6
34297,1,0,0,0,0,0,0,0,0,1
34298,6,25,19,6,4,5,0,7,14,86
34299,25,26,28,5,10,2,1,3,55,155
34300,7,17,18,2,7,2,0,1,14,68
34301,342,639,88,58,69,36,38,18,399,1687
34302,1,2,2,0,0,0,0,0,0,5
34304,0,4,3,1,0,0,0,1,2,11
34306,1,0,0,0,0,0,0,0,0,1
34307,2,2,5,1,3,6,1,2,2,24
34308,0,0,0,0,0,0,0,0,2,2
34309,6,21,16,4,7,7,0,3,8,72
34310,3,14,14,0,2,2,1,2,30,68
34311,11,6,9,2,2,1,0,1,7,39
34312,0,0,1,0,0,0,0,0,0,1
34313,0,2,0,0,0,0,0,0,0,2
34314,0,0,4,0,0,0,0,0,0,4
34315,0,1,2,0,0,0,0,0,1,4
34316,0,0,1,0,0,0,0,0,1,2
34318,0,0,0,1,0,0,0,0,0,1
34320,31,85,5,2,11,1,1,1,2,139
34321,3,7,1,0,0,10,0,1,6,28
34322,0,2,1,0,0,0,0,0,0,3
34324,4,20,14,1,8,0,0,0,14,61
34325,0,3,1,1,0,0,0,0,1,6
34327,27,36,21,7,11,10,1,9,42,164
34328,1,3,0,0,0,0,0,0,1,5
34329,1,6,4,2,3,0,0,0,7,23
34330,6,0,0,0,0,0,0,0,0,6
34332,4,17,10,0,6,4,0,1,16,58
34333,3,13,9,0,3,2,0,1,5,36
34334,0,0,0,0,0,0,0,0,1,1
34336,10,13,6,3,9,1,0,0,7,49
34337,22,22,24,6,6,11,1,8,28,128
34340,2,4,2,0,0,0,0,0,0,8
34341,1,14,9,3,2,5,0,6,13,53
34342,0,0,0,1,0,0,0,0,0,1
34343,2,2,7,1,0,0,0,1,5,18
34344,50,75,37,8,14,10,2,6,61,263
35001,6,16,10,4,3,4,2,2,27,74
35002,0,3,3,1,0,0,0,0,0,7
35004,9,40,7,6,7,0,1,8,22,100
35006,3,11,6,1,4,0,0,2,28,55
35008,0,3,0,0,0,0,0,0,0,3
35009,5,19,0,3,0,0,0,0,2,29
35010,0,2,0,0,1,0,0,0,0,3
35012,34,88,13,13,13,10,6,7,95,279
35013,1,3,1,1,1,0,0,0,6,13
35014,1,9,3,0,2,1,0,1,3,20
35015,5,1,2,1,0,0,0,0,2,11
35016,2,2,1,1,2,2,0,0,1,11
35018,0,0,0,0,0,0,0,0,1,1
35019,3,16,1,1,1,0,0,1,4,27
35021,0,0,0,1,1,0,0,0,0,2
35022,3,15,0,3,2,0,0,0,7,30
35023,3,4,5,1,2,3,3,4,28,53
35024,20,38,28,20,9,11,5,10,69,210
35025,0,6,2,1,3,0,0,1,2,15
35027,0,3,0,2,0,0,0,0,0,5
35029,3,6,1,1,1,0,0,0,0,12
35031,4,35,9,3,3,4,1,1,19,79
35032,4,3,5,0,2,0,0,4,5,23
35033,6,13,4,1,3,1,0,1,6,35
35034,1,5,2,0,0,0,0,0,0,8
35037,8,8,7,3,7,3,0,3,25,64
35039,0,2,0,0,0,0,0,0,1,3
35040,4,6,7,1,2,1,2,1,4,28
35047,90,69,24,34,17,16,3,12,144,409
35049,6,32,5,2,7,2,1,4,28,87
35051,231,214,36,50,24,32,9,14,182,792
35054,0,4,1,1,0,0,0,2,2,10
35055,56,90,21,36,10,4,2,9,75,303
35056,0,1,0,0,0,0,0,0,0,1
35057,1,2,0,1,0,2,0,0,0,6
35058,0,6,0,0,0,0,0,0,0,6
35059,7,2,3,4,4,3,2,3,19,47
35061,0,0,1,0,0,0,0,0,0,1
35062,2,4,2,1,1,0,0,1,5,16
35064,0,0,0,0,0,0,0,0,1,1
35065,0,2,1,0,4,0,0,0,1,8
35066,11,54,21,15,7,10,2,9,42,171
35067,0,2,0,0,0,0,0,0,1,3
35068,11,18,17,6,6,8,2,8,39,115
35069,52,18,21,14,7,10,3,7,54,186
35070,5,11,2,4,2,4,0,2,10,40
35072,1,3,0,1,3,0,0,0,1,9
35076,4,13,9,2,3,3,1,3,9,47
35078,1,5,0,1,0,0,0,1,1,9
35079,2,3,2,0,0,3,0,3,4,17
35080,1,2,2,0,0,0,0,1,3,9
35082,0,4,0,1,0,0,0,0,0,5
35085,55,60,16,11,12,5,5,3,79,246
35087,0,2,0,0,0,0,0,0,0,2
35088,4,7,3,2,2,1,0,1,3,23
35090,0,4,6,0,2,3,0,0,2,17
35092,0,3,0,0,0,0,0,0,0,3
35093,52,70,18,11,15,12,3,6,57,244
35094,0,3,0,1,2,0,1,1,1,9
35095,21,35,18,4,12,10,2,9,78,189
35096,2,2,2,1,2,2,1,4,7,23
35097,0,9,3,0,0,0,0,0,1,13
35098,0,0,0,0,0,0,0,0,1,1
35099,4,3,6,2,3,3,0,3,8,32
35104,0,1,0,0,0,0,0,0,0,1
35105,0,1,1,0,0,0,0,0,0,2
35106,3,5,0,0,3,0,0,0,0,11
35107,0,1,0,0,0,0,0,0,1,2
35109,2,12,5,0,4,0,3,1,14,41
35110,0,0,0,1,0,0,0,0,0,1
35115,180,242,45,49,33,26,31,18,313,937
35116,1,6,4,0,3,0,0,1,3,18
35117,0,4,1,1,2,0,0,0,0,8
35118,0,0,0,1,0,0,0,0,0,1
35119,0,5,0,2,0,0,0,0,0,7
35120,8,11,12,5,2,5,0,4,15,62
35121,2,4,2,0,0,0,0,1,2,11
35122,0,3,4,0,0,0,0,0,2,9
35123,4,16,8,1,2,1,1,1,2,36
35124,3,22,5,1,2,1,0,1,10,45
35125,10,26,7,2,8,0,1,2,40,96
35126,10,16,21,12,10,6,0,9,42,126
35127,1,4,4,0,1,4,0,3,3,20
35128,2,6,4,2,0,0,0,0,1,15
35129,2,2,3,0,0,0,1,0,2,10
35130,3,5,3,2,2,1,0,3,5,24
35131,6,8,6,4,3,4,0,5,14,50
35132,0,2,0,0,1,0,0,0,1,4
35133,4,13,3,6,2,2,0,1,15,46
35135,4,3,3,1,2,0,1,3,6,23
35136,25,49,15,6,10,11,2,7,35,160
35137,4,6,0,1,0,0,1,0,2,14
35138,0,4,0,0,0,0,0,0,0,4
35139,3,8,4,2,2,2,3,0,12,36
35140,0,0,0,1,0,0,0,0,0,1
35142,1,3,0,0,1,0,0,0,0,5
35143,0,1,0,0,0,0,0,0,0,1
35144,1,3,0,0,0,0,0,0,0,4
35145,5,8,1,0,0,0,0,2,1,17
35147,0,1,0,0,0,0,0,0,0,1
35149,2,1,1,0,0,0,0,0,0,4
35150,4,6,2,7,1,3,0,0,20,43
35151,0,0,0,0,0,0,0,1,0,1
35152,16,19,21,5,8,9,4,5,54,141
35154,3,6,2,1,2,1,0,1,14,30
35155,0,2,1,0,0,0,0,0,0,3
35156,0,2,0,0,0,0,0,0,0,2
35161,6,3,2,1,2,6,0,3,8,31
35162,1,12,3,1,4,1,1,4,15,42
35163,1,3,0,0,15,0,0,0,2,21
35165,1,7,0,0,1,0,0,0,4,13
35167,3,10,5,1,2,2,1,2,16,42
35168,6,14,4,2,4,2,1,3,14,50
35169,0,5,0,2,0,0,0,0,0,7
35171,3,3,1,0,1,1,0,1,2,12
35172,1,2,0,0,0,0,0,2,1,6
35173,5,16,20,6,8,5,2,2,41,105
35176,2,25,4,6,6,4,0,5,21,73
35177,6,18,16,2,6,1,1,3,9,62
35178,0,2,0,1,0,0,0,0,1,4
35179,4,5,7,1,3,0,2,2,9,33
35181,0,11,5,2,0,0,0,1,4,23
35184,12,14,9,7,5,11,0,4,32,94
35187,0,3,1,2,0,0,0,0,1,7
35188,15,52,15,10,8,8,2,9,51,170
35189,3,14,6,5,3,2,0,1,24,58
35191,5,2,3,0,0,0,0,0,0,10
35193,5,3,1,2,3,3,0,2,4,23
35194,0,0,1,0,0,0,0,0,0,1
35195,1,6,4,2,2,0,1,0,1,17
35196,10,20,27,7,7,5,2,3,53,134
35197,0,0,2,1,0,0,1,0,0,4
35202,0,0,0,0,0,0,0,1,0,1
35204,5,9,6,5,2,2,0,2,14,45
35206,18,73,11,10,45,2,2,2,52,215
35207,8,13,8,7,9,7,0,2,31,85
35208,3,6,7,4,2,0,2,3,14,41
35210,32,59,13,15,15,8,3,9,89,243
35211,2,9,1,2,0,0,0,0,2,16
35212,0,2,0,0,0,0,0,0,1,3
35213,0,0,1,0,0,0,0,0,0,1
35215,0,5,0,0,0,0,0,0,2,7
35216,0,2,2,0,0,0,0,0,0,4
35217,2,8,1,0,1,1,1,0,4,18
35218,0,0,0,0,0,0,0,0,1,1
35219,5,25,7,4,4,1,1,3,22,72
35220,2,6,0,2,2,0,1,1,4,18
35221,5,7,6,3,2,3,0,0,13,39
35222,9,9,0,1,3,0,0,1,3,26
35223,21,11,16,3,7,2,1,6,28,95
35224,5,8,1,1,3,0,1,1,6,26
35226,1,10,8,2,0,0,0,0,0,21
35227,6,7,5,1,3,2,0,2,8,34
35228,9,26,8,10,8,6,2,3,37,109
35229,1,0,0,0,0,0,0,0,1,2
35231,1,0,0,2,0,0,0,0,4,7
35233,0,3,0,0,0,1,0,1,1,6
35234,0,1,0,0,0,0,0,2,2,5
35236,103,209,26,51,14,13,22,15,160,613
35238,2380,3568,536,752,358,258,264,194,2522,10832
35239,6,30,11,2,5,4,0,5,43,106
35240,14,11,26,22,7,6,2,4,22,114
35241,3,8,8,1,5,6,0,2,13,46
35243,0,3,5,1,2,0,0,0,5,16
35245,4,6,7,2,3,2,1,3,15,43
35246,0,3,0,1,0,0,0,0,0,4
35247,0,2,0,1,0,0,0,1,0,4
35248,0,0,0,1,0,0,0,0,0,1
35249,0,0,0,1,0,0,0,0,0,1
35250,1,6,5,0,0,0,0,1,4,17
35251,8,9,11,4,8,7,1,4,34,86
35253,11,17,5,4,7,5,2,6,22,79
35255,0,1,0,0,0,0,0,0,0,1
35256,4,7,6,1,2,0,0,2,4,26
35257,7,16,3,4,7,6,1,4,12,60
35258,0,0,0,1,0,0,0,0,0,1
35259,2,2,4,1,3,0,0,0,1,13
35263,2,2,2,1,2,2,0,1,3,15
35264,0,3,1,0,0,0,0,0,5,9
35265,6,13,5,2,3,4,0,1,5,39
35266,3,3,5,1,3,2,0,3,5,25
35267,0,0,3,0,0,0,0,0,0,3
35270,0,0,0,1,0,0,0,0,0,1
35271,0,14,0,1,1,1,0,0,0,17
35273,0,2,0,1,0,0,0,0,1,4
35274,0,0,1,1,0,0,0,0,0,2
35275,9,9,11,1,4,2,0,4,18,58
35278,327,555,48,31,20,23,28,7,252,1291
35279,0,1,0,0,0,0,0,0,0,1
35280,0,0,0,1,0,0,0,0,0,1
35281,24,23,12,16,10,11,2,7,38,143
35282,0,0,0,1,0,0,0,0,1,2
35283,0,1,0,1,0,0,0,1,0,3
35284,4,8,12,1,3,1,1,3,18,51
35285,0,2,0,0,0,0,0,0,0,2
35287,2,5,4,1,3,1,0,0,5,21
35288,535,723,136,107,107,57,42,47,479,2233
35290,0,0,0,0,0,0,1,0,1,2
35294,1,2,1,0,1,0,0,0,0,5
35296,0,2,1,0,0,0,0,0,1,4
35297,31,37,10,7,11,5,1,6,35,143
35299,4,8,7,4,4,2,1,3,17,50
35300,1,2,3,0,0,0,0,0,2,8
35303,1,0,0,0,0,0,0,0,0,1
35304,4,6,2,2,3,2,1,2,9,31
35306,0,3,3,1,0,0,0,0,1,8
35307,1,5,6,0,0,0,0,0,0,12
35308,5,19,1,3,2,0,0,1,4,35
35310,1,8,0,0,0,0,0,0,6,15
35312,0,0,0,2,0,0,0,0,0,2
35314,0,0,0,0,0,0,0,0,1,1
35315,3,2,4,3,0,0,0,2,9,23
35316,0,0,0,1,0,0,0,0,1,2
35317,0,1,0,0,0,0,0,1,5,7
35318,0,0,0,0,0,0,0,0,2,2
35319,2,2,1,1,0,0,0,2,2,10
35320,0,0,0,0,0,0,0,0,1,1
35321,0,2,0,0,0,0,0,0,0,2
35322,3,7,3,0,0,0,0,1,3,17
35326,3,12,4,5,3,0,1,3,3,34
35327,1,4,4,1,2,1,2,1,7,23
35328,4,9,2,2,2,1,0,0,1,21
35330,0,2,0,0,0,0,0,0,0,2
35331,4,6,1,1,2,0,0,2,7,23
35333,0,5,1,1,0,0,0,0,0,7
35334,14,17,8,13,6,3,2,4,19,86
35337,8,20,9,3,4,3,1,4,46,98
35338,0,2,0,0,1,0,0,0,2,5
35341,3,0,1,0,0,1,0,0,1,6
35342,0,0,0,1,0,0,0,0,0,1
35343,0,4,0,1,0,0,0,0,0,5
35347,5,6,4,0,3,2,0,1,9,30
35351,1,1,2,0,0,0,0,0,1,5
35352,22,26,37,14,12,10,4,7,79,211
35353,10,15,11,4,4,1,1,0,7,53
35355,0,0,0,0,0,0,0,0,1,1
35356,0,4,2,0,0,0,0,0,1,7
35358,0,2,0,0,0,0,0,0,0,2
35360,110,136,33,36,20,19,29,12,190,585
35361,0,2,1,0,0,0,0,0,1,4
35362,1,4,0,1,0,0,0,0,5,11
35363,1,7,2,3,3,2,0,4,7,29
36001,1,6,0,0,4,1,0,0,3,15
36003,0,0,0,0,0,0,0,1,1,2
36005,2,13,3,0,3,0,1,0,7,29
36006,25,31,4,1,7,3,0,3,41,115
36007,0,0,0,1,0,0,0,0,0,1
36009,0,2,0,0,0,0,0,0,0,2
36010,2,4,1,0,1,0,0,0,3,11
36011,1,0,0,0,0,0,0,0,0,1
36016,2,4,2,0,2,0,0,0,0,10
36018,19,80,11,11,12,2,6,0,68,209
36022,0,0,1,0,0,0,0,0,0,1
36025,0,0,1,1,0,0,0,0,0,2
36031,4,19,5,1,3,5,1,1,15,54
36032,0,0,0,1,0,0,0,0,0,1
36034,3,9,1,0,1,1,0,0,6,21
36035,0,5,2,0,1,0,0,0,1,9
36040,0,0,0,1,0,0,0,0,0,1
36042,3,20,0,0,0,0,0,0,7,30
36044,297,681,31,70,41,35,38,15,332,1540
36045,8,43,1,2,5,1,0,0,15,75
36046,30,81,7,6,9,5,1,1,33,173
36055,2,7,0,2,1,0,0,0,2,14
36056,1,5,2,0,1,0,0,0,1,10
36057,0,2,0,0,0,0,0,0,0,2
36058,0,1,0,0,0,0,0,0,0,1
36060,0,2,0,0,0,0,0,0,0,2
36063,5,10,1,4,11,3,1,2,24,61
36064,0,2,0,0,0,0,0,0,0,2
36066,0,3,0,0,0,0,0,0,0,3
36069,2,6,0,0,2,0,0,1,3,14
36070,3,12,3,0,2,1,0,1,2,24
36071,1,0,0,0,3,0,0,0,2,6
36076,0,0,1,0,0,0,0,0,0,1
36084,0,0,2,0,0,0,0,0,0,2
36088,65,87,31,12,10,5,4,4,55,273
36091,0,1,0,0,0,0,0,0,0,1
36093,4,27,6,1,4,1,0,1,6,50
36094,0,2,0,0,0,0,0,0,0,2
36101,2,4,1,0,0,0,0,0,1,8
36103,2,2,1,0,1,2,0,0,1,9
36105,2,6,2,0,0,0,0,0,1,11
36107,0,3,1,0,0,0,0,0,1,5
36109,0,0,0,1,0,0,0,0,0,1
36112,0,2,0,0,0,0,0,0,0,2
36113,1,0,4,0,0,0,0,0,1,6
36114,0,0,1,0,0,0,0,0,1,2
36119,2,6,1,1,0,0,0,0,13,23
36120,0,2,0,0,0,0,0,0,0,2
36123,1,11,3,0,1,0,0,0,4,20
36124,1,0,0,0,0,0,0,0,0,1
36126,0,0,0,0,0,0,0,0,1,1
36127,0,0,3,0,2,0,0,0,5,10
36128,2,8,1,1,7,0,0,0,0,19
36129,0,0,0,0,0,0,0,0,1,1
36134,0,0,0,1,0,0,0,0,0,1
36140,3,2,2,0,2,1,0,0,2,12
36141,5,7,2,0,2,1,0,0,2,19
36142,1,2,1,0,1,1,0,0,1,7
36146,1,6,2,2,2,0,0,0,4,17
36150,0,3,0,0,0,0,0,0,0,3
36152,0,0,0,1,0,0,0,0,0,1
36154,2,0,3,0,4,0,0,0,2,11
36155,2,7,0,4,1,0,0,1,8,23
36156,0,2,0,0,0,0,0,0,1,3
36158,1,4,0,0,0,0,0,0,1,6
36159,2,9,5,1,2,0,0,1,13,33
36161,1,0,2,0,0,0,0,0,0,3
36162,1,2,0,0,2,0,0,0,1,6
36163,9,15,3,1,1,0,0,0,4,33
36165,0,2,0,0,0,2,0,0,0,4
36168,1,0,0,0,0,1,0,0,3,5
36171,34,4,2,0,1,0,0,1,3,45
36180,3,2,2,0,3,0,0,1,3,14
36182,2,3,1,0,1,0,0,0,4,11
36186,1,2,0,0,0,0,0,0,0,3
36189,0,2,2,0,1,0,0,0,0,5
36192,4,17,2,2,3,1,0,0,12,41
36194,0,3,0,0,1,0,0,0,0,4
36198,0,0,5,0,0,0,0,0,0,5
36199,1,0,1,0,0,1,0,0,0,3
36200,0,1,1,1,3,0,0,0,9,15
36202,5,89,4,6,5,4,1,1,31,146
36207,0,1,0,1,0,0,0,0,0,2
36208,3,12,2,0,1,1,0,0,5,24
36210,0,0,0,1,0,0,0,0,0,1
36215,0,0,0,0,0,0,0,0,1,1
36220,0,1,0,0,0,0,0,0,0,1
36224,6,6,3,1,1,0,0,0,1,18
36228,2,25,4,4,5,1,1,1,17,60
36230,1,12,1,2,3,2,0,1,5,27
36231,1,1,3,0,1,0,0,1,2,9
36232,1,4,0,0,1,0,0,0,1,7
36237,1,2,0,0,2,0,0,0,2,7
36241,3,9,4,0,2,1,1,1,6,27
36247,1,2,1,0,0,0,0,0,0,4
37001,1,7,0,1,0,0,0,0,5,14
37002,3,6,2,2,0,0,0,1,3,17
37003,123,179,15,31,16,14,9,11,140,538
37006,4,2,5,1,2,0,1,2,10,27
37008,8,6,1,4,3,0,2,3,6,33
37010,2,5,0,2,0,0,0,0,0,9
37011,8,18,5,7,2,1,2,4,16,63
37012,0,0,0,0,0,0,0,0,1,1
37014,10,23,6,8,6,1,1,2,25,82
37015,2,2,4,0,2,1,0,0,0,11
37016,0,0,0,0,0,0,0,0,1,1
37018,30,50,19,13,11,4,2,12,60,201
37020,2,2,1,11,0,0,0,3,19,38
37021,6,14,1,10,0,0,0,0,8,39
37022,0,0,0,0,2,0,0,0,6,8
37024,0,0,1,1,0,0,1,0,0,3
37027,6,18,5,7,5,2,0,4,32,79
37028,0,1,0,0,0,0,0,1,0,2
37031,3,14,3,2,5,1,0,2,16,46
37036,0,0,0,0,0,0,0,0,1,1
37038,0,0,1,0,0,0,0,0,0,1
37039,0,1,1,1,0,0,0,0,1,4
37042,0,0,1,0,0,0,0,0,0,1
37043,0,2,0,0,0,0,0,0,0,2
37044,1,4,0,2,0,0,0,0,1,8
37045,2,5,0,0,2,0,0,0,1,10
37047,0,0,0,0,0,0,0,1,0,1
37049,1,1,1,0,0,0,0,0,1,4
37050,544,700,47,37,72,6,28,10,443,1887
37051,0,1,0,0,0,0,0,0,0,1
37054,0,3,7,0,4,0,1,2,5,22
37059,1,0,4,0,0,0,0,0,0,5
37060,8,0,0,2,0,0,0,0,1,11
37061,0,0,0,0,0,0,0,0,1,1
37062,7,7,3,4,5,0,1,6,18,51
37063,69,62,7,9,8,1,2,6,55,219
37065,0,3,0,0,0,2,0,0,3,8
37067,2,2,0,0,2,0,0,1,3,10
37068,0,1,0,1,0,0,0,0,1,3
37072,52,120,10,16,10,6,2,8,81,305
37073,1,0,0,0,1,0,0,0,1,3
37074,5,2,0,0,1,1,0,0,1,10
37075,0,3,0,0,0,0,0,0,1,4
37076,0,2,1,0,0,0,0,0,0,3
37077,5,2,3,6,3,4,0,4,1,28
37079,0,0,0,1,0,0,0,0,0,1
37080,0,0,0,0,0,0,0,0,1,1
37081,1,2,1,0,2,1,0,0,1,8
37083,10,10,4,3,4,1,2,1,11,46
37085,0,0,0,1,0,0,0,0,0,1
37089,1,0,0,0,0,0,0,0,0,1
37091,5,8,3,1,2,1,0,2,2,24
37094,0,0,0,1,0,0,0,0,4,5
37096,0,2,0,0,0,0,0,0,0,2
37097,1,0,1,0,0,0,0,0,0,2
37099,0,1,2,1,0,0,0,0,0,4
37104,15,40,10,4,6,1,1,3,7,87
37108,0,0,0,0,0,0,0,0,1,1
37109,25,25,20,9,19,7,3,11,59,178
37110,0,4,0,0,0,0,0,0,0,4
37111,2,4,3,0,2,0,0,0,3,14
37113,1,6,0,0,1,0,0,0,1,9
37115,7,16,3,3,5,3,1,2,19,59
37116,0,3,0,3,2,0,0,1,1,10
37118,0,0,2,0,0,0,0,1,0,3
37119,7,11,1,4,5,2,1,1,5,37
37122,86,115,53,27,43,19,5,22,121,491
37123,18,18,8,3,4,1,2,4,24,82
37124,3,4,3,2,3,1,0,0,2,18
37127,5,14,0,2,0,0,0,0,5,26
37128,0,3,0,0,0,0,0,0,1,4
37129,0,3,0,0,0,0,0,0,1,4
37130,6,18,5,8,3,0,0,4,80,124
37131,0,0,0,1,1,0,0,0,1,3
37132,145,75,7,11,16,5,2,7,80,348
37134,1,0,0,0,0,0,0,1,0,2
37135,0,0,2,0,0,0,0,0,0,2
37138,0,0,0,0,0,0,0,1,0,1
37139,13,40,5,8,5,1,0,5,27,104
37141,1,0,0,0,0,0,0,0,0,1
37143,1,3,1,1,2,0,1,1,1,11
37144,0,2,0,0,0,0,0,0,0,2
37148,0,1,0,1,0,0,0,0,0,2
37150,0,0,1,0,0,0,0,0,0,1
37151,24,65,27,17,5,3,2,12,44,199
37152,4,3,4,8,1,2,0,0,5,27
37153,4,10,5,6,2,1,0,4,14,46
37154,8,6,10,1,2,3,1,4,17,52
37156,15,30,8,9,8,4,3,13,54,144
37157,0,0,0,0,2,0,0,0,2,4
37159,11,17,10,4,14,2,1,5,14,78
37161,0,2,0,2,0,0,0,0,1,5
37163,2,4,6,2,4,2,0,5,4,29
37166,0,0,1,0,0,0,0,0,0,1
37167,4,2,2,0,2,1,1,2,6,20
37170,1,4,1,0,2,0,0,4,4,16
37171,0,2,0,0,0,0,0,0,0,2
37172,6,26,1,3,8,5,0,2,20,71
37173,0,2,0,0,0,0,0,0,0,2
37174,1,3,0,0,2,0,0,0,0,6
37175,0,4,2,1,2,0,1,0,6,16
37178,0,1,3,0,0,0,0,2,3,9
37179,3,17,1,1,3,0,0,3,3,31
37182,2,0,2,0,0,1,0,2,1,8
37183,1,6,2,0,3,0,0,0,3,15
37185,9,9,3,1,23,1,0,1,9,56
37186,0,2,0,0,0,0,0,0,0,2
37189,4,11,2,1,2,1,0,2,3,26
37192,2,2,0,0,1,0,0,0,0,5
37193,4,5,1,1,1,0,0,0,1,13
37194,5,14,0,3,1,0,0,1,10,34
37195,42,132,6,11,13,4,6,7,50,271
37196,4,14,2,4,3,3,1,1,11,43
37200,4,3,1,0,2,0,0,0,3,13
37201,0,2,0,0,0,0,0,0,0,2
37202,0,0,0,0,2,0,0,0,0,2
37203,2,13,1,3,5,1,0,1,5,31
37204,5,2,1,0,2,0,1,3,4,18
37205,1,1,0,0,0,0,0,0,2,4
37206,0,0,1,1,0,0,0,1,2,5
37208,42,39,50,21,12,16,2,8,84,274
37210,87,59,2,15,3,4,20,4,36,230
37211,2,4,6,0,2,0,0,2,4,20
37212,0,0,0,1,0,0,0,0,0,1
37213,1,4,2,1,0,1,0,0,2,11
37214,249,317,48,38,21,24,5,14,197,913
37216,3,3,2,0,3,0,0,1,2,14
37217,1,0,0,0,0,0,0,2,0,3
37218,8,3,1,0,1,0,1,0,4,18
37221,1,0,0,0,0,0,0,0,0,1
37222,1,0,0,0,0,0,0,0,0,1
37224,2,0,0,0,0,0,0,0,0,2
37225,4,4,1,0,3,0,0,1,4,17
37226,16,33,9,4,6,3,1,3,29,104
37228,3,2,0,0,0,0,1,0,1,7
37229,0,0,0,2,0,0,0,0,0,2
37231,1,3,0,0,2,0,0,2,1,9
37232,0,2,0,0,0,0,0,0,0,2
37233,20,35,10,12,15,2,3,12,40,149
37234,0,0,1,0,0,0,0,0,0,1
37237,0,3,0,0,0,0,0,0,0,3
37241,1,3,1,1,2,1,0,2,2,13
37242,0,0,1,0,0,0,0,0,0,1
37243,6,4,6,2,3,0,0,2,8,31
37245,3,11,1,5,2,0,0,0,10,32
37247,0,0,0,0,0,0,0,0,1,1
37248,1,1,0,1,0,0,0,1,4,8
37249,0,4,1,0,0,0,0,0,0,5
37250,5,10,0,2,8,1,0,2,9,37
37251,1,2,0,0,0,0,0,0,0,3
37254,0,0,0,1,0,0,0,0,0,1
37257,2,2,4,1,2,0,0,0,1,12
37261,1216,1425,234,334,251,154,142,184,1364,5304
37263,3,5,1,2,0,0,0,2,9,22
37264,0,0,2,0,0,0,0,0,0,2
37266,6,8,3,2,5,1,0,3,9,37
37267,7,12,7,1,3,1,0,3,10,44
37270,4,9,1,0,3,3,0,2,7,29
37271,0,1,0,0,0,0,0,0,1,2
37273,5,5,11,1,3,1,0,1,14,41
37276,1,2,0,0,1,0,0,0,1,5
37277,0,6,0,3,1,0,0,1,5,16
37280,0,0,0,1,0,0,0,0,0,1
37281,7,12,13,2,12,4,1,4,18,73
37282,1,2,3,0,3,0,0,0,7,16
38001,8,35,7,6,3,1,0,3,22,85
38002,3,3,3,1,1,0,0,1,1,13
38003,0,0,1,0,0,0,0,0,0,1
38004,0,6,0,0,0,0,0,0,0,6
38005,4,5,3,0,2,0,0,2,2,18
38006,8,16,21,0,4,0,0,5,14,68
38009,0,5,9,1,0,0,0,0,0,15
38012,2,10,1,3,3,3,0,0,20,42
38013,6,9,1,2,4,4,1,2,27,56
38014,0,0,1,0,0,0,0,0,0,1
38015,1,3,1,2,0,0,0,1,1,9
38017,0,4,2,0,0,0,2,1,2,11
38019,0,3,2,0,0,0,0,0,2,7
38020,1,0,0,0,0,0,0,0,0,1
38021,1,0,5,0,0,0,0,0,0,6
38022,4,14,3,0,4,1,1,0,25,52
38024,0,0,0,0,0,0,1,0,0,1
38026,0,0,1,0,0,0,0,0,0,1
38027,11,0,4,0,0,0,1,0,0,16
38029,3,4,2,0,3,0,0,0,7,19
38030,0,1,1,1,0,0,0,0,0,3
38034,21,51,2,12,7,3,2,3,48,149
38035,0,2,0,0,0,0,0,0,0,2
38039,4,6,11,0,5,0,1,1,7,35
38043,0,2,0,1,0,0,0,1,1,5
38044,4,5,6,1,3,2,0,1,12,34
38045,3,6,1,3,5,0,0,0,8,26
38046,0,2,0,0,0,0,0,0,0,2
38048,0,0,0,1,0,0,0,0,1,2
38049,0,4,0,0,0,0,0,0,0,4
38050,0,0,0,0,0,0,0,0,1,1
38051,3,4,1,0,0,0,0,3,4,15
38052,6,24,7,2,5,0,1,2,23,70
38053,362,881,98,135,55,35,87,26,705,2384
38055,0,0,0,0,0,0,0,0,2,2
38056,0,0,0,0,0,0,0,0,1,1
38057,1,0,3,0,0,0,0,0,1,5
38058,0,5,0,0,0,1,0,1,1,8
38059,5,15,3,2,2,1,2,2,50,82
38061,5,5,7,0,3,0,1,2,4,27
38062,0,0,0,0,0,0,0,0,1,1
38064,1,0,0,1,1,2,0,0,1,6
38065,3,8,4,0,2,0,1,0,16,34
38067,2,2,2,2,0,0,3,1,3,15
38068,1,1,0,0,0,0,0,0,1,3
38069,0,4,1,1,2,1,1,2,3,15
38070,0,0,4,1,3,0,0,1,4,13
38071,2,0,3,2,3,0,0,0,2,12
38072,10,14,0,0,3,0,1,3,6,37
38075,5,4,5,2,2,4,1,2,10,35
38076,2,6,3,0,0,4,0,1,5,21
38077,0,2,0,0,0,0,0,0,0,2
38078,0,0,1,0,0,0,0,0,0,1
38080,18,4,5,0,0,0,0,0,10,37
38081,1,5,3,1,2,0,0,0,2,14
38082,3,4,6,4,3,1,1,2,12,36
38084,0,2,1,0,0,0,0,0,0,3
38085,9,22,8,2,8,3,4,5,62,123
38087,11,15,3,1,7,1,0,0,34,72
38094,2,4,1,0,2,1,0,0,0,10
38095,3,13,5,1,2,0,0,3,21,48
38097,9,5,1,4,2,2,0,3,5,31
38100,1,5,2,1,3,3,1,1,6,23
38101,0,1,0,0,0,0,0,0,0,1
38102,0,3,0,0,0,0,0,1,1,5
38104,0,2,1,0,0,0,0,2,1,6
38105,2,5,11,1,2,0,2,1,4,28
38107,3,3,3,0,0,0,0,0,5,14
38109,0,4,0,4,0,0,0,0,0,8
38110,0,1,5,0,0,0,1,1,13,21
38111,7,12,9,9,9,6,0,6,29,87
38113,2,4,2,1,0,0,0,1,4,14
38114,0,2,13,0,0,0,0,0,1,16
38115,0,0,1,0,0,0,0,0,1,2
38118,1,6,4,2,0,0,0,0,6,19
38124,0,5,4,1,2,0,0,1,3,16
38126,9,19,6,5,5,0,0,0,3,47
38128,2,6,3,2,2,0,0,1,2,18
38130,27,36,10,5,10,9,2,3,60,162
38131,2,3,0,1,2,3,0,0,3,14
38133,6,17,12,8,2,2,2,6,18,73
38134,0,2,1,0,0,0,0,0,1,4
38135,0,4,1,0,0,0,0,1,0,6
38136,0,0,1,0,0,0,0,0,1,2
38138,11,15,6,7,8,5,1,4,41,98
38139,0,0,0,0,0,0,0,0,1,1
38140,56,36,35,9,10,11,5,4,106,272
38141,0,0,0,0,0,0,0,0,1,1
38144,2,6,7,2,2,1,0,1,7,28
38147,0,0,1,1,0,0,0,0,0,2
38148,1,6,5,3,3,0,0,1,8,27
38149,6,3,4,1,4,4,1,0,7,30
38150,13,27,12,6,14,3,0,6,29,110
38151,279,330,77,27,48,16,32,19,190,1018
38152,0,4,1,0,0,0,0,0,2,7
38153,0,0,0,0,0,0,0,0,1,1
38155,1,10,3,5,3,0,0,1,8,31
38157,3,5,3,0,4,2,0,4,9,30
38158,21,32,13,11,10,8,3,16,104,218
38160,4,5,5,2,2,7,0,2,7,34
38161,4,6,1,2,2,1,0,0,4,20
38162,0,3,1,0,0,0,0,0,1,5
38163,0,0,0,0,0,0,0,0,1,1
38169,40,75,41,28,19,6,3,5,60,277
38170,4,7,7,1,2,4,1,1,10,37
38172,2,3,3,0,0,0,0,1,4,13
38173,0,1,5,0,0,0,0,0,6,12
38174,0,4,1,1,3,0,1,0,3,13
38175,5,13,10,3,2,1,1,2,5,42
38176,1,3,0,2,1,1,0,0,1,9
38178,0,0,0,0,0,0,0,0,2,2
38179,26,17,23,9,10,2,2,3,18,110
38180,0,2,0,0,0,0,0,1,0,3
38181,1,9,7,5,1,1,1,2,18,45
38182,5,17,2,2,4,1,0,2,11,44
38184,1,0,0,0,0,0,0,0,1,2
38185,989,1312,391,371,162,173,103,108,1145,4754
38187,2,3,3,0,2,1,0,0,0,11
38188,3,0,1,0,0,0,0,1,0,5
38189,8,22,9,5,4,5,1,3,37,94
38190,2,0,0,0,0,0,0,0,0,2
38191,4,2,5,1,4,0,0,0,6,22
38193,11,34,8,10,11,6,2,4,73,159
38194,5,7,3,2,3,0,0,1,3,24
38195,0,2,0,0,0,0,0,0,0,2
38197,1,3,1,0,3,0,0,1,1,10
38198,2,3,1,0,2,0,0,0,0,8
38199,2,19,1,5,2,0,0,1,7,37
38200,5,10,10,0,4,4,0,2,12,47
38203,2,0,1,0,0,0,0,0,0,3
38205,10,10,8,4,2,4,3,2,15,58
38206,0,0,2,0,0,0,0,0,1,3
38211,0,0,0,0,0,0,0,0,1,1
38212,1,5,0,0,0,0,0,0,0,6
38214,1,3,2,1,0,2,0,0,1,10
38215,5,5,1,3,0,2,0,0,5,21
38218,0,4,1,1,0,0,0,0,1,7
38219,0,0,0,0,0,0,0,0,5,5
38223,0,0,0,0,0,0,0,0,1,1
38225,2,8,2,2,1,0,0,1,7,23
38226,7,9,5,6,2,0,1,3,8,41
38229,164,135,59,37,68,33,11,16,127,650
38230,1,2,1,2,0,0,1,2,5,14
38231,2,5,0,4,0,0,0,0,52,63
38232,0,0,1,0,0,0,0,0,0,1
38235,0,0,0,0,0,4,0,0,1,5
38236,1,3,1,0,0,0,0,2,5,12
38238,0,3,1,0,0,0,0,1,1,6
38239,29,54,13,8,9,13,1,3,40,170
38240,0,2,0,1,0,0,0,0,1,4
38242,10,11,9,3,4,1,1,2,11,52
38243,0,0,0,0,0,0,0,0,1,1
38244,0,4,0,0,0,0,0,0,0,4
38246,0,0,0,0,0,0,0,0,1,1
38247,8,16,5,1,5,5,1,3,24,68
38248,0,0,0,2,0,0,0,0,0,2
38249,18,38,23,3,6,2,1,8,30,129
38252,0,0,1,0,0,0,0,0,0,1
38253,4,8,4,0,3,0,0,1,10,30
38256,5,6,7,0,4,0,2,1,4,29
38259,0,2,0,0,0,0,0,0,4,6
38261,9,29,13,10,9,0,0,3,35,108
38264,0,3,0,0,0,0,0,0,0,3
38265,3,8,4,0,0,1,0,1,15,32
38267,1,0,0,0,0,0,0,0,0,1
38269,30,76,17,12,10,0,3,6,54,208
38270,6,3,6,1,2,0,0,0,7,25
38271,0,0,0,2,0,0,0,1,1,4
38272,0,0,1,0,0,0,0,0,0,1
38275,0,0,2,0,0,0,0,0,0,2
38276,1,4,0,2,1,0,0,1,7,16
38277,0,1,0,0,0,0,0,0,1,2
38278,1,9,0,2,0,0,0,0,0,12
38280,0,2,0,0,0,0,0,0,0,2
38281,5,3,5,6,2,1,0,1,7,30
38282,0,0,0,1,0,0,0,0,1,2
38284,0,0,0,1,0,0,1,0,0,2
38288,0,3,2,0,0,0,0,0,0,5
38289,0,0,1,0,0,0,0,0,0,1
38290,0,2,0,0,0,0,0,0,8,10
38292,0,2,0,0,0,0,0,2,3,7
38294,0,0,0,0,0,0,0,0,1,1
38296,0,0,1,0,0,0,0,0,1,2
38297,5,6,0,0,0,0,0,0,17,28
38298,22,33,2,6,6,5,0,4,55,133
38299,0,0,0,1,0,0,0,0,0,1
38300,0,1,0,0,0,0,0,0,0,1
38304,0,7,5,2,0,0,0,0,3,17
38305,1,0,3,0,0,0,0,0,0,4
38306,0,0,1,0,0,0,0,0,0,1
38307,0,0,1,0,0,0,0,0,0,1
38309,6,2,8,2,8,0,0,2,14,42
38310,0,1,0,0,0,0,0,0,1,2
38314,19,35,26,7,10,6,2,6,38,149
38315,38,113,16,6,6,3,3,5,52,242
38316,2,10,3,1,6,6,3,1,39,71
38317,17,39,8,2,12,3,3,6,24,114
38318,5,12,6,5,3,3,0,3,14,51
38319,4,7,4,1,0,0,1,1,3,21
38320,0,0,0,1,0,0,0,0,0,1
38321,0,0,0,0,0,0,0,0,1,1
38322,0,0,0,0,0,0,0,0,1,1
38323,0,0,2,0,0,0,0,0,0,2
38328,1,0,2,0,0,0,0,1,4,8
38330,0,0,0,0,0,0,0,1,0,1
38331,0,0,0,0,0,0,0,0,1,1
38332,2,2,4,0,3,1,0,0,2,14
38334,1,0,4,0,0,0,0,0,1,6
38335,0,3,1,1,0,0,1,0,0,6
38336,1,3,3,1,2,0,0,0,5,15
38337,16,54,18,2,8,9,0,4,37,148
38338,0,0,1,0,0,0,0,0,0,1
38339,0,2,1,0,0,0,0,0,1,4
38340,2,2,0,3,2,0,0,0,4,13
38341,0,5,2,0,1,0,0,0,1,9
38343,1,0,3,0,0,0,0,0,2,6
38344,89,63,15,4,8,8,2,1,48,238
38345,0,3,0,0,0,0,0,0,0,3
38347,1,12,0,2,2,3,0,1,1,22
38348,6,12,4,1,5,5,1,0,11,45
38349,1,1,10,2,0,4,0,0,5,23
38350,0,0,0,1,0,0,0,0,0,1
38352,2,6,2,1,3,0,3,0,26,43
38353,4,2,0,1,0,0,0,1,2,10
38357,1,4,1,0,3,0,0,0,9,18
38359,1,5,4,1,1,0,0,1,0,13
38363,0,0,0,0,0,0,0,0,4,4
38368,1,1,0,0,0,0,0,1,1,4
38369,1,4,0,0,0,0,0,0,1,6
38370,0,0,0,0,0,0,0,0,1,1
38372,3,4,0,2,0,0,0,0,0,9
38374,3,18,1,3,3,4,0,2,6,40
38376,0,1,0,1,0,0,0,0,0,2
38377,4,19,2,8,4,0,0,0,24,61
38378,3,12,1,4,5,4,1,2,13,45
38381,2,2,2,0,0,0,0,0,7,13
38382,141,539,34,180,23,14,7,23,273,1234
38383,4,7,6,0,3,3,1,1,5,30
38384,78,25,7,7,4,0,2,0,28,151
38386,9,28,6,1,4,1,0,3,24,76
38388,6,12,5,2,1,2,1,0,2,31
38389,1,7,3,2,5,7,0,2,12,39
38392,0,0,0,1,0,0,0,0,0,1
38393,0,2,0,0,0,0,0,0,2,4
38394,0,0,3,0,0,0,0,0,2,5
38395,3,3,6,2,3,0,0,1,3,21
38397,37,31,36,8,16,17,2,5,68,220
38399,13,27,12,5,8,4,3,0,43,115
38400,6,14,6,2,2,0,1,2,29,62
38401,5,6,0,0,0,0,0,0,20,31
38402,0,0,1,0,0,0,0,0,0,1
38403,0,0,0,0,0,0,0,1,1,2
38405,1,2,0,0,0,1,0,0,5,9
38407,6,20,7,2,1,0,0,0,3,39
38408,4,4,5,0,2,1,0,1,8,25
38409,0,1,0,1,0,0,0,1,6,9
38410,0,4,2,1,0,0,1,1,1,10
38412,15,61,9,7,6,5,1,2,33,139
38413,0,0,0,0,0,0,0,0,2,2
38415,3,0,2,1,0,0,0,0,3,9
38416,47,82,20,16,11,20,8,4,75,283
38417,0,1,0,0,2,0,0,0,0,3
38418,0,1,0,0,0,0,0,0,2,3
38421,307,403,101,56,35,6,45,9,357,1319
38422,18,26,23,6,9,2,2,2,23,111
38423,8,19,14,9,6,2,0,3,47,108
38425,6,17,1,6,6,2,1,1,22,62
38426,0,0,1,0,0,0,0,0,0,1
38427,0,0,0,1,0,0,0,0,1,2
38430,0,0,0,0,0,0,1,0,0,1
38431,3,6,4,0,2,1,0,1,6,23
38432,0,0,0,0,0,0,0,0,1,1
38433,1,0,2,0,0,0,0,0,0,3
38436,0,4,4,2,0,0,0,0,0,10
38439,6,4,3,1,4,2,1,1,9,31
38440,0,1,0,0,0,0,0,0,0,1
38442,2,2,4,1,1,0,1,0,0,11
38446,3,3,3,0,2,0,1,1,0,13
38448,3,12,1,0,1,0,0,0,2,19
38449,5,16,2,7,19,1,1,2,30,83
38450,3,2,4,0,2,0,1,0,1,13
38451,4,5,0,0,2,2,0,1,8,22
38453,1,4,1,1,4,0,0,0,9,20
38454,5,12,1,3,4,0,0,0,4,29
38455,2,4,5,2,2,2,1,3,3,24
38456,0,0,5,0,0,0,0,0,1,6
38457,1,11,2,0,4,0,0,2,0,20
38459,0,1,0,0,0,0,0,0,0,1
38463,1,1,1,0,0,0,0,0,0,3
38464,4,6,0,2,3,2,0,0,6,23
38466,4,7,3,1,0,0,0,1,0,16
38468,14,17,3,0,9,3,0,0,51,97
38470,0,0,1,0,0,0,0,0,0,1
38471,5,1,2,1,0,0,0,0,1,10
38473,0,0,0,0,0,0,0,0,1,1
38474,10,34,17,9,14,6,2,3,31,126
38475,2,3,6,0,2,0,0,2,5,20
38480,1,4,6,2,2,0,0,2,7,24
38483,0,3,4,0,0,0,0,0,0,7
38484,0,0,2,1,0,0,0,1,3,7
38485,26,17,28,10,13,1,2,8,62,167
38486,25,48,19,12,13,1,0,3,68,189
38487,2,4,2,2,0,0,0,0,2,12
38488,0,8,0,0,0,0,0,0,0,8
38490,2,3,0,1,2,0,0,0,8,16
38492,0,2,0,1,0,0,0,0,1,4
38496,2,2,2,0,0,0,0,0,2,8
38497,0,0,0,0,0,0,0,0,1,1
38498,0,0,1,0,0,0,0,0,1,2
38499,0,3,0,2,0,0,0,0,0,5
38501,5,5,3,0,0,0,0,0,2,15
38503,4,14,15,7,3,0,0,3,12,58
38504,2,5,6,4,2,0,0,1,3,23
38507,20,17,8,2,7,3,0,3,33,93
38509,28,46,16,22,8,8,5,5,61,199
38511,10,10,12,1,5,5,2,4,20,69
38512,0,0,0,0,0,0,0,1,0,1
38513,0,0,1,0,0,0,0,0,0,1
38515,6,6,6,1,2,0,0,2,6,29
38516,1171,2113,134,140,150,16,104,25,1005,4858
38517,21,89,31,10,8,3,2,8,56,228
38518,1,4,3,0,0,0,0,1,2,11
38519,0,0,0,1,2,0,0,2,7,12
38520,0,0,0,1,0,0,0,0,0,1
38523,0,2,0,0,0,0,0,0,0,2
38524,7,12,19,8,5,2,3,4,49,109
38526,1,0,0,0,0,0,0,0,0,1
38527,0,0,0,0,0,0,0,0,1,1
38528,0,2,0,1,0,0,1,0,17,21
38529,6,8,9,0,3,3,0,0,4,33
38530,1,5,2,4,2,8,1,1,5,29
38533,0,0,1,1,0,0,0,0,0,2
38534,5,0,1,0,0,0,0,0,0,6
38536,4,4,1,0,0,0,0,1,6,16
38537,5,14,4,5,9,9,1,5,22,74
38538,9,6,19,2,4,1,2,3,7,53
38540,4,5,1,1,0,0,0,2,6,19
38542,0,0,0,0,0,0,0,0,2,2
38543,0,6,6,1,1,9,4,3,12,42
38544,250,515,44,73,39,61,45,29,419,1475
38545,13,20,27,3,8,6,2,5,35,119
38546,0,0,0,1,0,0,0,2,1,4
38547,12,20,11,2,7,6,2,3,17,80
38548,12,23,10,10,6,0,2,4,26,93
38553,51,26,5,15,13,9,5,4,38,166
38554,0,0,0,3,0,1,0,1,6,11
38555,0,3,0,0,0,0,0,0,0,3
38556,0,3,3,0,0,0,0,0,0,6
38557,4,9,7,2,4,4,0,1,12,43
38558,5,3,0,0,4,2,1,2,5,22
38559,5,19,8,3,6,1,1,7,19,69
38560,12,40,3,1,5,2,0,3,11,77
38561,2,7,1,0,1,1,0,0,5,17
38562,19,38,17,9,12,6,2,7,42,152
38563,299,347,62,42,39,28,41,21,214,1093
38564,0,0,0,0,0,0,0,0,1,1
38565,12,31,22,12,9,4,3,6,34,133
38566,1,4,1,7,0,0,0,0,1,14
38567,2,4,0,0,1,0,0,0,0,7
39008,0,0,0,0,0,0,0,0,5,5
39009,1,2,1,0,2,0,0,0,3,9
39013,13,34,8,12,7,1,1,4,36,116
39014,0,0,0,1,0,0,0,0,0,1
39016,2,6,4,1,2,2,1,1,4,23
39017,1,3,0,0,0,0,0,0,0,4
39018,0,8,0,1,0,0,0,0,1,10
39021,0,3,0,0,0,0,0,0,0,3
39022,0,2,1,0,0,0,0,0,0,3
39030,3,2,4,3,2,0,0,2,4,20
39032,0,0,0,1,0,0,0,0,0,1
39037,2,2,5,0,0,2,1,0,4,16
39038,0,0,1,0,0,0,0,0,0,1
39042,5,0,0,0,0,0,0,0,0,5
39043,2,4,1,1,3,0,1,0,2,14
39047,0,0,0,0,0,0,0,0,2,2
39053,0,2,0,0,0,0,0,0,0,2
39056,25,34,5,6,7,0,0,2,21,100
39059,1,1,2,2,2,0,0,0,0,8
39060,0,2,0,0,0,0,0,0,1,3
39066,0,0,0,0,0,0,0,0,1,1
39072,1,5,7,0,0,0,0,0,2,15
39086,0,0,0,1,0,0,0,0,0,1
39093,1,5,0,0,0,0,0,0,1,7
39097,24,54,10,4,9,7,3,5,136,252
39101,3,2,1,0,2,0,0,1,3,12
39113,0,0,2,0,0,0,0,0,0,2
39124,0,2,0,0,2,0,0,0,2,6
39126,0,0,0,0,0,0,0,0,1,1
39128,3,12,5,0,3,0,1,1,11,36
39129,4,1,0,1,2,0,0,0,0,8
39130,0,0,0,1,0,0,0,0,0,1
39141,0,0,0,1,0,0,0,0,0,1
39145,0,0,0,0,0,0,0,0,1,1
39150,1,2,0,0,0,0,0,0,8,11
39153,0,0,1,0,0,0,0,0,0,1
39154,4,11,3,1,1,3,1,1,13,38
39159,0,2,0,0,0,0,0,0,0,2
39160,0,2,0,0,0,0,0,1,0,3
39164,0,1,0,0,0,0,0,0,0,1
39169,0,3,2,0,0,0,0,0,0,5
39170,0,0,0,0,0,0,0,0,1,1
39171,0,0,0,0,0,0,0,0,1,1
39173,4,11,2,1,4,1,0,0,2,25
39177,3,7,3,2,3,2,0,0,7,27
39180,0,0,1,0,0,0,0,0,0,1
39182,0,0,6,0,0,0,0,0,1,7
39183,1,0,1,0,0,0,0,0,0,2
39188,0,0,0,1,0,0,0,0,0,1
39189,12,6,2,1,4,5,0,0,10,40
39190,2,1,2,0,1,0,0,0,1,7
39193,0,2,0,0,0,0,0,0,0,2
39198,322,459,47,84,39,33,22,20,341,1367
39199,0,0,0,0,4,0,0,2,3,9
39201,0,1,0,0,2,0,0,0,0,3
39209,1,0,1,0,0,0,0,0,0,2
39210,1,3,0,1,0,0,0,0,0,5
39218,0,0,1,0,0,0,0,0,0,1
39228,1,3,1,0,0,1,0,0,1,7
39230,0,0,0,0,0,0,0,0,1,1
39233,3,9,6,2,5,0,0,1,11,37
39235,4,10,1,1,2,0,0,4,2,24
39240,0,1,0,0,0,0,0,0,0,1
39241,0,2,0,0,0,0,0,0,0,2
39246,2,0,0,0,0,0,0,0,0,2
39251,0,2,0,0,0,0,0,0,2,4
39254,0,0,1,0,0,0,0,0,0,1
39264,0,0,1,0,0,0,0,0,0,1
39265,0,0,1,0,0,0,0,0,0,1
39270,0,0,0,3,0,0,0,0,2,5
39274,0,2,0,0,0,0,0,0,0,2
39275,0,0,1,0,2,0,0,0,3,6
39285,0,0,0,1,0,0,0,0,0,1
39286,0,1,1,0,2,0,0,0,4,8
39288,0,5,0,2,0,0,0,0,0,7
39297,0,0,0,1,2,0,0,0,0,3
39300,379,505,31,67,42,31,52,8,303,1418
39305,1,0,0,0,0,0,0,0,0,1
39306,2,2,0,0,3,1,0,0,0,8
39308,1,5,0,0,0,0,0,0,2,8
39310,0,0,0,1,0,0,0,0,1,2
39315,0,0,1,0,0,0,0,0,0,1
39319,0,1,0,0,0,0,0,0,0,1
39327,3,3,0,1,3,0,0,0,3,13
39331,1,0,2,1,0,0,0,0,2,6
39333,5,8,7,2,2,1,1,2,16,44
39335,3,7,0,0,2,0,0,1,1,14
39338,0,2,0,0,0,0,0,0,0,2
39339,0,6,0,0,2,0,0,0,1,9
39344,1,2,0,0,0,0,0,1,0,4
39348,0,2,0,2,0,0,0,0,2,6
39349,0,7,0,1,0,0,0,0,0,8
39350,0,1,0,0,0,0,0,0,0,1
39360,2,0,0,0,0,0,0,0,0,2
39362,14,7,5,3,9,0,0,0,26,64
39365,5,11,0,2,3,0,0,0,3,24
39367,1,1,7,0,2,4,0,1,7,23
39368,13,33,3,6,3,1,1,1,29,90
39370,4,10,2,1,3,4,0,1,4,29
39389,0,0,0,0,0,0,0,0,1,1
39391,2,8,1,1,1,1,0,1,3,18
39396,4,5,0,1,2,0,0,0,3,15
39397,6,22,4,0,3,2,1,2,11,51
39398,0,0,1,0,0,0,0,0,0,1
39402,6,3,0,0,2,4,0,2,0,17
39403,0,0,0,0,0,0,0,0,1,1
39405,1,2,0,0,2,0,1,0,3,9
39407,0,2,0,0,0,0,0,0,0,2
39410,0,1,0,0,0,0,0,0,0,1
39411,1,4,2,12,3,0,0,2,14,38
39413,4,4,1,0,0,0,1,0,0,10
39414,0,0,1,0,0,0,0,0,0,1
39415,2,4,2,0,3,0,1,0,6,18
39422,0,1,0,0,0,0,0,0,0,1
39425,0,0,0,1,0,0,0,0,0,1
39426,0,0,0,1,0,0,0,0,1,2
39429,0,2,0,0,0,0,0,0,0,2
39434,8,15,11,5,6,4,0,2,26,77
39435,1,2,7,0,2,0,1,0,1,14
39436,5,30,2,1,1,0,0,0,5,44
39441,0,0,0,1,0,0,0,0,0,1
39442,1,0,0,0,0,0,0,0,0,1
39451,0,0,0,0,0,0,0,0,1,1
39453,0,0,1,0,0,0,0,0,0,1
39456,0,0,0,0,0,0,0,1,1,2
39462,2,8,2,0,0,0,1,0,2,15
39464,1,0,0,0,0,0,0,0,0,1
39470,5,11,12,3,4,3,1,1,20,60
39471,0,0,0,0,0,0,0,0,1,1
39475,7,13,3,1,3,2,2,1,16,48
39476,6,3,3,0,3,2,0,1,4,22
39478,95,87,15,9,9,7,5,3,80,310
39485,0,7,1,0,1,0,0,0,2,11
39486,0,0,1,0,0,0,0,0,0,1
39487,3,8,6,1,3,6,1,0,7,35
39490,0,3,0,0,0,0,0,0,0,3
39491,2,14,6,1,2,0,0,2,10,37
39494,0,0,0,1,0,0,0,1,0,2
39500,23,73,22,17,6,2,0,4,55,202
39501,0,3,0,0,0,0,1,0,0,4
39502,0,1,0,0,0,0,0,0,1,2
39503,0,0,0,0,0,0,0,0,1,1
39508,4,6,0,1,1,0,0,0,3,15
39510,3,0,2,2,0,0,1,0,0,8
39517,0,4,0,0,0,0,0,0,0,4
39522,0,0,1,0,0,0,0,0,0,1
39523,0,0,0,1,0,0,0,0,0,1
39525,0,0,0,0,3,0,0,0,0,3
39526,3,18,3,4,4,3,0,0,17,52
39528,0,0,1,0,0,0,0,0,0,1
39530,1,4,3,0,1,0,0,0,1,10
39535,0,0,0,0,0,0,0,0,1,1
39543,0,1,0,0,0,0,0,0,0,1
39546,0,0,0,0,0,0,2,0,1,3
39552,0,0,1,0,0,0,0,0,0,1
39555,0,0,0,0,0,0,0,0,4,4
39557,0,0,0,0,0,0,0,0,1,1
39569,0,3,0,3,0,0,0,0,3,9
39573,1,3,0,1,0,0,0,0,0,5
39579,3,0,0,0,0,0,0,0,0,3
39582,3,7,3,2,2,1,1,1,3,23
40001,113,119,13,15,20,9,0,1,59,349
40002,8,14,3,1,3,1,1,0,10,41
40004,6,8,8,1,0,3,0,2,7,35
40006,1,0,0,0,0,0,0,0,1,2
40016,0,0,0,0,0,0,0,0,1,1
40018,0,3,0,0,0,0,0,0,0,3
40021,0,5,1,1,0,0,0,0,4,11
40022,0,0,0,0,0,0,0,0,2,2
40024,0,0,0,0,0,0,0,0,1,1
40025,0,0,1,0,0,0,0,0,0,1
40031,2,2,5,1,0,0,0,1,2,13
40033,0,0,0,0,0,0,0,0,1,1
40034,0,2,1,1,0,0,0,0,1,5
40036,12,11,9,5,4,8,0,2,12,63
40037,0,1,2,0,3,1,0,2,5,14
40044,0,2,0,2,0,0,0,3,3,10
40046,47,49,48,18,12,15,3,3,82,277
40048,0,0,3,0,0,0,0,0,0,3
40051,0,3,0,0,0,0,0,0,0,3
40055,2,26,6,3,0,0,0,1,15,53
40059,0,2,0,0,0,0,0,0,1,3
40061,1,0,0,0,0,0,0,0,1,2
40065,137,58,68,16,16,9,3,6,86,399
40066,0,0,0,0,0,0,0,0,2,2
40068,0,1,0,0,0,0,0,0,0,1
40069,0,2,0,0,0,0,0,0,0,2
40070,0,0,0,0,0,0,0,0,2,2
40074,0,0,0,0,0,0,0,0,1,1
40075,5,23,7,4,4,3,1,4,19,70
40077,1,6,0,3,0,0,0,0,2,12
40080,0,5,0,0,0,0,0,0,1,6
40081,0,0,0,1,0,0,0,0,0,1
40084,0,4,0,0,0,0,0,0,1,5
40085,0,0,0,0,0,0,0,0,2,2
40088,486,841,180,69,57,38,32,26,457,2186
40089,0,5,0,0,0,0,0,0,2,7
40094,0,2,4,1,0,0,0,0,0,7
40095,0,0,0,0,0,0,0,0,1,1
40097,3,2,8,0,2,0,3,0,7,25
40099,0,3,0,0,0,0,0,0,0,3
40102,4,10,2,0,3,2,1,1,4,27
40103,1,2,0,0,0,0,0,1,1,5
40104,1,5,4,1,0,2,1,1,6,21
40105,0,0,3,0,0,0,0,0,0,3
40109,0,0,0,0,0,0,0,0,1,1
40110,4,11,2,1,1,0,0,0,3,22
40111,0,0,0,1,0,0,0,0,0,1
40116,0,0,0,0,0,0,0,1,0,1
40117,6,21,6,3,5,7,3,1,15,67
40118,4,4,3,0,3,3,1,1,6,25
40119,7,23,9,5,7,7,4,0,42,104
40122,4,4,1,0,0,0,0,0,1,10
40123,0,4,2,0,0,0,0,0,0,6
40125,0,3,4,0,0,0,0,0,1,8
40126,2,6,5,0,3,1,1,2,5,25
40129,0,2,0,0,1,0,0,0,0,3
40131,0,4,0,0,2,0,0,0,7,13
40132,3,5,5,1,2,0,0,0,3,19
40133,9,45,16,12,10,5,1,5,28,131
40134,4,5,6,2,4,3,2,1,5,32
40135,5,14,2,2,2,0,0,0,5,30
40142,0,2,3,0,0,0,0,0,0,5
40145,0,0,1,1,0,0,0,0,0,2
40149,0,0,0,1,0,0,0,0,0,1
40150,3,4,8,0,3,1,1,1,6,27
40152,0,4,5,0,0,0,0,0,3,12
40155,1,6,3,0,0,0,1,1,1,13
40156,0,0,0,1,0,0,0,0,0,1
40157,3,15,4,2,4,0,1,0,12,41
40160,1,0,0,0,0,0,0,0,0,1
40162,0,2,0,0,0,0,0,0,0,2
40167,1,3,0,1,0,0,0,0,0,5
40168,3,5,3,2,2,3,0,0,5,23
40170,0,0,2,0,0,0,0,0,0,2
40178,0,0,1,0,0,0,0,0,0,1
40179,26,10,12,2,0,4,0,0,10,64
40180,2,1,6,0,2,1,0,1,3,16
40181,1,2,5,0,0,0,1,1,4,14
40182,1,2,1,0,0,0,0,0,1,5
40183,0,5,0,0,0,0,0,0,0,5
40184,39,39,23,10,11,9,1,3,64,199
40187,4,4,3,2,3,2,0,1,5,24
40190,0,0,0,0,0,0,0,1,0,1
40192,364,827,79,127,58,37,51,17,397,1957
40194,13,32,16,5,4,1,0,1,20,92
40197,7,13,4,12,5,4,1,2,23,71
40199,0,1,0,0,0,0,0,0,0,1
40200,0,1,0,1,0,0,0,0,0,2
40201,3,13,4,4,4,2,1,1,14,46
40202,11,198,7,7,4,0,0,2,14,243
40207,2,3,1,0,0,0,0,1,3,10
40209,6,18,11,8,2,9,3,4,20,81
40210,2,6,5,4,1,0,0,1,3,22
40211,0,0,0,1,0,0,0,0,0,1
40212,0,0,0,1,0,0,0,0,0,1
40214,0,2,0,0,0,0,0,0,0,2
40217,16,23,18,9,6,7,2,4,48,133
40222,1,0,2,0,0,0,0,0,1,4
40224,31,34,20,4,13,7,1,1,49,160
40226,1,0,0,0,0,0,0,0,0,1
40227,2,10,3,1,3,1,1,1,4,26
40228,3,15,3,0,2,0,0,2,12,37
40229,4,6,2,1,2,0,0,1,2,18
40230,6,13,6,1,3,3,0,0,5,37
40231,2,5,4,1,0,0,1,0,2,15
40233,6,10,11,3,3,2,2,1,10,48
40235,0,1,0,0,0,0,0,0,0,1
40237,1,2,0,0,0,0,0,0,0,3
40243,4,13,4,1,2,0,0,0,6,30
40244,0,3,7,0,0,0,0,0,1,11
40245,2,17,9,1,4,0,0,1,4,38
40246,4,14,2,1,2,0,0,1,10,34
40248,7,6,3,0,0,0,1,0,4,21
40249,0,0,0,0,0,0,0,0,1,1
40250,1,17,0,0,0,0,0,0,0,18
40251,0,0,0,0,0,0,0,0,1,1
40252,1,0,0,0,0,0,0,0,0,1
40255,0,0,0,0,0,0,0,0,1,1
40257,0,4,0,0,0,0,0,0,1,5
40258,0,0,0,0,0,0,0,0,1,1
40259,0,0,0,0,0,0,0,0,1,1
40260,0,0,0,1,0,0,0,0,0,1
40261,4,9,5,1,3,2,1,1,5,31
40262,0,0,0,0,0,0,0,2,1,3
40264,3,2,3,0,0,0,1,0,3,12
40266,4,5,2,1,3,2,1,1,3,22
40267,2,7,0,0,0,0,1,0,6,16
40269,3,5,6,2,2,2,0,2,7,29
40271,1,0,3,0,0,0,0,0,1,5
40272,2,4,4,1,3,2,0,0,1,17
40273,39,49,29,3,13,3,0,6,31,173
40274,1,7,1,0,2,0,0,0,1,12
40275,0,0,1,0,0,0,0,0,0,1
40277,0,0,0,1,0,0,0,0,0,1
40278,0,4,0,0,0,0,0,0,0,4
40279,32,74,99,23,18,11,5,7,116,385
40280,0,2,2,1,0,0,1,0,1,7
40281,90,49,28,23,8,12,0,4,90,304
40282,23,43,9,8,8,1,2,2,38,134
40283,7,26,12,2,3,4,1,1,8,64
40284,85,31,20,10,7,10,2,7,61,233
40286,5,5,5,2,2,1,0,1,9,30
40287,5,19,8,2,4,0,1,4,13,56
40288,1,3,0,2,0,0,0,0,1,7
40291,1,1,3,0,0,2,0,0,2,9
40292,3,3,4,2,0,0,0,1,6,19
40293,7,4,9,0,3,2,0,0,0,25
40294,0,4,5,2,2,2,0,0,4,19
40295,0,3,0,0,0,0,0,2,1,6
40296,6,13,11,5,3,5,2,1,21,67
40298,0,0,0,0,0,0,0,0,1,1
40300,0,4,6,10,0,0,0,0,5,25
40303,0,0,0,0,0,0,0,1,0,1
40304,39,28,18,10,11,7,0,2,48,163
40306,0,0,3,0,0,0,0,0,0,3
40307,3,5,3,1,3,1,0,0,4,20
40309,1,11,8,0,1,0,0,0,6,27
40310,15,32,21,10,8,6,2,4,51,149
40312,49,56,29,13,11,9,4,6,59,236
40313,9,23,8,4,4,6,3,1,23,81
40314,3,2,3,0,2,1,1,0,8,20
40315,0,0,1,1,0,0,0,1,0,3
40316,0,1,0,0,0,0,0,0,1,2
40317,5,8,6,5,2,2,0,3,10,41
40320,0,2,1,1,0,0,0,0,0,4
40321,0,0,0,0,0,0,0,0,1,1
40326,4,6,4,1,2,1,0,0,9,27
40328,4,4,5,0,3,3,0,1,2,22
40331,8,28,6,0,4,2,0,0,15,63
40332,4,4,6,0,2,1,0,1,5,23
40333,2,5,3,0,3,2,0,0,6,21
40334,0,0,0,1,0,0,0,0,0,1
41002,0,2,1,0,0,0,0,0,1,4
41003,0,1,0,0,0,0,0,0,0,1
41010,1,4,0,2,0,0,0,0,2,9
41018,351,740,82,142,61,44,50,36,494,2000
41023,1,0,0,0,0,0,0,0,0,1
41025,4,12,1,5,1,4,0,0,4,31
41029,0,0,0,1,0,0,0,0,3,4
41031,4,10,2,4,1,2,0,0,5,28
41032,10,36,2,3,3,3,0,1,20,78
41033,0,0,1,0,0,0,0,0,0,1
41039,0,2,0,0,0,0,0,0,0,2
41040,2,4,1,0,2,1,0,0,3,13
41042,0,3,0,2,0,0,0,0,1,6
41043,1,0,0,0,0,0,0,0,1,2
41044,0,10,3,1,2,0,0,0,3,19
41045,2,2,0,1,2,0,0,0,1,8
41046,1,1,0,0,0,0,0,0,0,2
41047,111,206,23,4,22,8,13,0,77,464
41049,4,5,2,0,0,0,0,0,0,11
41050,5,4,0,1,0,0,0,0,0,10
41051,7,26,12,1,2,1,0,3,16,68
41052,0,1,0,0,0,0,0,0,0,1
41055,1,3,3,1,11,0,0,0,3,22
41059,7,17,12,4,6,3,1,5,22,77
41060,0,2,1,0,0,0,0,0,3,6
41061,0,2,0,1,0,0,0,0,0,3
41067,11,42,3,10,6,1,3,2,9,87
41070,1,0,0,0,0,0,0,0,0,1
41071,0,1,0,0,0,0,0,0,1,2
41073,0,2,0,0,0,0,0,0,0,2
41074,3,5,3,0,2,0,0,1,2,16
41075,1,8,1,2,1,0,0,1,1,15
41080,1,1,0,1,2,0,0,1,6,12
41084,1,2,3,0,2,0,0,0,1,9
41087,0,0,0,0,0,0,0,0,1,1
41091,0,2,0,0,0,0,0,0,0,2
41092,0,2,0,0,2,0,0,0,1,5
41094,0,0,0,1,0,0,0,0,0,1
41095,0,0,2,0,0,0,0,0,0,2
41097,0,2,1,0,2,1,0,0,0,6
41101,2,7,1,4,1,0,0,0,0,15
41103,0,0,0,0,0,0,0,0,1,1
41104,7,10,1,5,4,1,0,0,12,40
41105,1,2,0,1,0,0,0,0,0,4
41106,65,61,18,6,6,4,1,2,44,207
41120,0,1,0,2,0,0,0,0,2,5
41123,2,12,0,1,0,0,0,0,2,17
41124,0,0,0,0,0,0,0,0,1,1
41125,0,0,3,0,0,0,0,0,0,3
41126,0,4,0,0,0,0,0,0,2,6
41131,0,0,0,0,2,0,0,0,2,4
41134,1,2,0,0,0,0,0,0,0,3
41135,1,0,0,0,0,0,0,0,1,2
41136,5,16,5,4,3,2,2,1,18,56
41139,5,4,0,0,2,3,0,0,3,17
41142,0,2,2,4,0,0,0,1,1,10
41143,3,9,0,2,3,2,0,0,7,26
41147,3,4,2,1,1,0,0,1,4,16
41148,1,4,0,0,2,0,0,0,3,10
41149,10,38,9,8,4,1,3,4,39,116
41150,4,5,5,1,3,3,0,0,3,24
41151,13,23,9,5,6,1,1,4,29,91
41154,1,9,0,1,1,8,0,0,4,24
41155,3,3,1,2,2,0,0,0,1,12
41156,0,0,0,0,0,0,0,0,1,1
41157,1,3,1,0,1,1,0,0,0,7
41158,3,9,4,2,2,1,0,4,8,33
41159,4,9,1,3,1,0,0,0,5,23
41161,2,6,2,3,0,1,0,0,2,16
41162,0,0,2,0,0,0,0,0,0,2
41164,18,15,4,2,2,4,1,1,8,55
41167,3,9,3,2,4,3,1,1,14,40
41170,0,0,0,0,0,1,0,0,0,1
41171,2,3,0,4,3,1,0,0,2,15
41172,0,0,0,1,0,0,0,0,0,1
41173,5,9,2,1,1,0,0,0,5,23
41175,1,5,0,0,1,0,0,0,1,8
41176,1,3,1,0,0,0,0,0,0,5
41180,4,6,4,4,2,1,0,1,8,30
41182,0,0,0,0,0,0,0,1,0,1
41184,0,2,0,0,0,0,0,0,1,3
41185,4,3,2,0,1,0,0,0,2,12
41189,2,1,0,1,0,0,0,0,2,6
41192,0,0,0,1,0,0,0,0,0,1
41194,97,212,14,22,30,14,21,1,195,606
41198,13,51,8,4,7,0,0,4,29,116
41199,12,9,4,4,1,1,4,2,10,47
41201,1,0,0,0,0,0,0,0,0,1
41203,0,0,0,1,0,0,0,1,5,7
41204,1,0,3,0,0,0,1,0,0,5
41206,0,0,0,1,0,0,0,0,0,1
41207,0,9,2,1,0,0,0,0,0,12
41211,9,11,3,3,1,4,1,1,7,40
41212,16,7,3,1,4,0,0,3,31,65
41214,0,0,0,0,0,0,0,0,1,1
41216,0,0,0,1,0,0,0,0,0,1
41217,1,1,0,1,0,0,0,0,0,3
41220,7,14,0,5,2,0,0,1,4,33
41223,0,0,0,1,0,0,0,0,0,1
41226,8,6,1,1,3,0,0,0,4,23
41229,1,3,0,1,1,0,0,0,0,6
41230,2,4,2,1,2,2,0,1,4,18
41231,1,0,1,0,1,0,0,0,0,3
41232,4,14,3,3,2,4,2,0,17,49
41235,0,3,0,0,0,0,0,0,0,3
41238,0,9,2,3,2,0,0,0,2,18
41239,0,0,0,0,0,0,0,0,2,2
41241,1,6,0,3,0,0,0,0,0,10
41242,8,19,2,3,7,2,1,2,14,58
41243,4,5,0,1,1,0,0,0,3,14
41247,2,4,0,1,1,0,0,2,5,15
41249,2,0,0,0,1,0,0,0,0,3
41250,0,2,0,0,0,0,0,0,0,2
41251,0,2,0,0,0,0,0,0,1,3
41252,16,4,0,0,1,0,0,1,1,23
41255,0,0,0,0,0,0,0,0,1,1
41256,1,1,0,0,1,0,0,0,1,4
41258,2,3,1,1,2,0,0,0,0,9
41259,0,3,0,0,0,0,0,0,2,5
41262,0,0,1,0,0,0,0,0,0,1
41265,0,0,0,1,0,0,0,0,0,1
41267,0,5,1,0,0,0,0,0,4,10
41269,87,248,18,27,24,17,20,7,155,603
41275,1,7,1,1,2,0,0,1,2,15
41276,0,3,0,2,3,0,0,2,16,26
41280,1,4,2,1,1,2,0,0,2,13
41281,0,0,0,1,0,0,0,0,0,1
41282,1,5,0,1,0,0,0,0,0,7
41288,0,0,0,1,0,0,0,0,0,1
41291,0,0,1,0,0,0,0,0,0,1
41294,0,1,1,1,0,0,0,1,1,5
41295,9,26,5,12,9,8,0,4,53,126
41296,2,4,1,6,0,0,0,1,8,22
41297,0,2,0,2,0,0,0,0,0,4
42001,0,3,0,0,0,0,0,0,0,3
42003,3,5,1,1,0,0,1,1,5,17
42005,41,53,21,13,10,14,0,7,83,242
42010,2,2,0,2,0,0,0,0,2,8
42011,4,16,6,4,2,1,1,1,11,46
42013,1,10,3,0,2,0,0,0,3,19
42015,1,17,1,1,1,0,0,0,1,22
42017,0,0,0,1,0,0,0,0,0,1
42019,12,24,4,2,7,8,1,1,18,77
42020,0,3,0,0,0,0,0,0,2,5
42021,0,2,0,0,0,0,0,0,1,3
42022,4,15,10,3,4,2,1,2,13,54
42023,4,29,4,0,4,4,2,0,12,59
42026,0,9,0,1,0,0,0,0,0,10
42027,2,0,1,0,0,0,0,0,0,3
42028,0,0,0,1,0,0,0,0,0,1
42029,0,12,1,0,1,0,0,1,2,17
42030,0,0,0,0,0,0,0,0,1,1
42032,0,4,3,0,0,0,0,0,4,11
42039,2,3,1,0,0,0,1,0,0,7
42042,0,1,0,0,0,0,0,0,0,1
42043,3,1,3,1,0,0,0,0,4,12
42044,19,124,12,13,9,4,0,6,51,238
42046,4,11,9,2,6,0,0,3,20,55
42047,0,0,1,1,0,0,0,0,0,2
42048,0,0,0,0,0,0,0,0,1,1
42049,0,2,0,0,0,0,0,0,1,3
42052,19,39,5,5,7,4,3,2,49,133
42053,1,4,1,0,0,0,0,0,0,6
42054,0,0,0,0,0,0,0,0,2,2
42056,2,5,4,1,1,0,0,1,8,22
42059,14,28,10,2,8,3,2,2,25,94
42060,0,0,1,0,0,0,0,0,0,1
42062,0,2,4,0,0,0,0,0,2,8
42064,0,2,0,0,0,0,0,0,0,2
42065,1,2,0,0,0,0,0,0,1,4
42066,0,2,0,0,0,0,0,0,0,2
42067,0,0,1,0,0,0,0,0,0,1
42069,11,15,1,4,1,0,1,1,5,39
42070,1,2,1,0,0,0,0,2,0,6
42071,33,52,12,5,6,7,0,2,40,157
42074,2,7,1,0,0,0,0,0,0,10
42075,0,2,2,0,0,0,0,0,0,4
42076,0,4,2,0,1,0,0,0,1,8
42077,0,1,0,0,0,0,0,0,0,1
42079,0,2,0,0,0,0,0,0,1,3
42081,2,6,0,0,0,0,0,0,1,9
42083,0,0,1,0,0,0,0,0,0,1
42086,0,0,0,0,0,0,0,1,0,1
42088,0,2,0,0,0,0,0,0,0,2
42089,2,7,1,0,0,0,0,0,0,10
42090,0,0,0,0,0,0,0,0,2,2
42092,19,9,15,0,7,2,0,1,12,65
42093,0,4,0,0,0,0,0,0,1,5
42094,76,97,19,14,11,15,4,3,116,355
42095,137,311,37,26,20,13,42,10,215,811
42097,5,19,7,2,3,4,0,1,17,58
42099,6,8,5,0,3,0,0,0,3,25
42102,0,3,0,0,0,0,0,0,0,3
42103,7,25,12,6,5,5,0,4,29,93
42104,0,1,0,1,0,0,0,1,0,3
42108,0,3,0,0,0,0,0,0,1,4
42110,7,18,8,6,5,1,0,3,13,61
42115,3,8,0,1,0,0,0,1,1,14
42118,3,7,0,0,0,0,0,0,6,16
42119,0,0,0,1,0,0,0,0,0,1
42120,1,3,1,1,2,0,0,0,6,14
42122,0,2,0,0,0,0,0,0,1,3
42123,6,14,4,3,3,3,0,2,10,45
42124,0,0,0,0,0,0,0,0,1,1
42125,0,0,0,1,0,0,0,0,0,1
42126,0,2,1,0,0,0,0,1,1,5
42127,5,15,5,2,9,8,0,1,41,86
42128,0,0,1,0,0,0,0,0,0,1
42129,4,7,5,0,4,0,0,1,7,28
42132,0,0,0,0,0,0,0,1,0,1
42134,0,2,0,0,0,0,0,0,1,3
42135,0,0,0,0,0,0,0,0,1,1
42137,0,0,0,0,0,0,0,0,1,1
42138,0,0,0,0,0,0,0,0,1,1
42139,5,11,3,1,2,2,0,0,3,27
42145,0,6,1,0,1,0,0,0,2,10
42147,161,475,43,54,24,17,23,12,202,1011
42149,29,81,16,11,7,4,3,4,99,254
42150,0,10,0,0,0,0,0,0,2,12
42154,0,1,0,0,0,0,0,0,0,1
42155,0,2,0,0,0,0,0,0,0,2
42156,3,12,0,1,2,2,0,1,8,29
42159,3,18,3,1,2,3,0,0,10,40
42161,0,0,1,0,0,0,0,0,0,1
42162,1,3,1,0,0,0,0,0,2,7
42163,5,9,1,1,1,1,0,0,1,19
42165,3,20,3,4,3,3,0,2,11,49
42168,7,33,8,8,7,0,1,6,13,83
42169,0,0,0,0,0,0,0,0,1,1
42170,4,10,0,0,2,0,0,0,5,21
42172,0,1,0,0,0,0,0,1,0,2
42174,0,2,0,0,0,0,0,0,2,4
42175,0,3,0,0,0,0,0,0,0,3
42176,2,4,1,0,0,0,3,1,2,13
42177,1,9,2,0,3,1,0,2,5,23
42178,0,2,1,0,0,0,0,0,0,3
42179,0,0,1,1,0,0,0,0,0,2
42181,1,8,3,1,1,0,0,2,1,17
42182,3,13,8,5,3,1,1,3,24,61
42183,7,16,0,1,7,0,1,3,7,42
42184,50,38,19,4,10,6,0,4,35,166
42185,0,1,2,0,0,0,0,0,1,4
42186,11,83,12,11,19,11,1,4,65,217
42187,346,877,59,98,57,53,60,22,498,2070
42188,0,0,0,0,0,0,0,0,1,1
42189,13,31,13,7,9,3,1,5,21,103
42192,0,0,0,0,0,0,0,0,1,1
42193,2,5,4,0,2,0,0,0,3,16
42195,0,8,3,0,2,0,0,0,8,21
42197,0,0,0,0,0,0,0,0,1,1
42198,1,8,3,1,0,0,0,2,2,17
42199,3,3,5,1,2,0,0,0,3,17
42200,4,6,1,0,0,0,0,2,0,13
42201,0,1,0,0,0,0,0,0,0,1
42204,6,24,5,2,5,0,1,0,21,64
42205,2,0,1,0,0,0,0,0,3,6
42206,0,2,3,0,0,0,0,0,1,6
42207,120,377,45,25,34,30,24,11,179,845
42208,1,3,1,0,1,0,0,1,2,9
42211,2,4,0,0,1,0,0,1,2,10
42214,0,2,0,1,0,0,0,0,0,3
42215,1,4,0,0,2,0,0,0,4,11
42217,1,2,0,0,0,0,0,0,0,3
42218,856,2486,303,241,160,101,65,72,1261,5545
42219,0,2,0,0,0,0,0,0,0,2
42220,0,0,1,0,0,0,0,0,0,1
42222,13,51,13,16,6,6,1,3,37,146
42223,12,27,9,5,3,5,0,4,11,76
42224,4,13,4,2,3,0,1,2,9,38
42225,5,8,9,3,2,0,0,3,6,36
42227,0,1,0,0,0,0,0,0,0,1
42228,0,0,0,0,0,0,0,0,1,1
42230,2,13,2,1,4,3,1,0,24,50
42231,13,6,4,0,4,2,0,0,5,34
42232,0,1,0,0,0,0,0,0,3,4
42234,6,15,9,1,3,1,0,0,6,41
42236,0,0,1,0,0,0,0,0,0,1
42237,5,23,10,1,4,3,0,4,20,70
42238,0,0,1,0,0,0,0,0,0,1
42239,0,2,0,0,0,0,0,0,1,3
42240,1,14,0,0,0,0,0,1,3,19
42242,0,6,4,1,0,0,1,0,2,14
42245,0,2,0,0,0,0,0,0,1,3
42246,1,8,3,0,2,0,1,1,0,16
42248,0,17,1,2,4,2,1,1,8,36
42249,2,11,3,1,2,0,0,0,1,20
42251,0,2,1,0,0,0,0,0,0,3
42253,0,1,1,0,0,0,0,0,0,2
42254,0,1,0,0,0,0,0,0,24,25
42256,3,16,5,1,3,0,0,0,11,39
42257,2,2,0,0,1,1,0,0,2,8
42259,2,5,4,0,2,3,1,1,12,30
42260,2,3,3,2,0,0,0,1,6,17
42261,3,4,0,0,0,0,0,1,4,12
42262,2,4,6,0,0,0,0,0,0,12
42264,1,0,0,0,0,0,0,1,0,2
42266,0,0,1,0,0,0,0,0,0,1
42267,1,9,1,1,2,0,0,0,7,21
42270,1,5,0,1,0,0,0,0,0,7
42271,9,29,4,1,4,2,1,1,9,60
42272,5,5,7,1,3,2,0,1,7,31
42275,875,1430,74,95,82,13,93,15,800,3477
42279,49,115,37,17,11,22,5,7,82,345
42283,0,2,0,0,0,0,0,0,1,3
42284,5,3,1,0,0,0,1,1,3,14
42285,4,7,5,0,4,0,0,1,13,34
42286,0,2,0,0,0,0,0,0,1,3
42287,2,8,3,0,0,0,0,0,8,21
42289,5,14,3,1,3,1,2,2,7,38
42293,0,1,2,0,0,0,0,0,1,4
42295,1,5,0,2,0,0,0,0,2,10
42297,0,0,0,1,0,0,0,0,1,2
42299,14,12,16,0,4,16,0,1,9,72
42301,3,0,1,0,3,0,0,0,0,7
42302,6,18,13,1,3,3,0,2,10,56
42304,6,8,4,0,5,2,0,3,15,43
42305,21,51,14,12,9,8,4,4,72,195
42307,2,3,0,0,0,0,0,0,0,5
42308,0,2,2,0,0,0,0,0,1,5
42311,1,2,0,1,0,0,0,0,3,7
42312,4,2,0,0,0,0,0,0,5,11
42313,0,3,0,0,0,0,0,0,1,4
42315,1,0,0,0,0,0,0,0,0,1
42316,5,18,11,3,3,1,0,5,7,53
42318,3,17,0,0,3,0,0,0,3,26
42319,0,2,0,0,0,0,0,0,0,2
42320,0,0,0,1,0,0,0,0,0,1
42321,0,0,0,0,0,0,0,0,1,1
42323,19,31,16,6,8,6,2,8,55,151
42327,0,3,0,0,0,0,0,0,0,3
42328,0,2,1,1,0,0,0,0,0,4
42329,0,0,0,1,0,0,0,0,0,1
42330,6,23,16,2,4,4,2,5,22,84
42331,0,1,0,0,0,0,0,0,0,1
42332,15,21,7,3,3,1,1,1,7,59
42333,0,0,0,0,0,0,0,0,1,1
42334,3,4,0,1,1,1,0,0,3,13
42336,0,0,0,0,0,0,0,0,1,1
42338,1,3,3,0,1,0,0,0,4,12
43002,20,23,13,1,6,3,0,1,8,75
43003,4,15,3,1,2,1,0,0,13,39
43012,9,14,12,4,4,2,1,4,19,69
43016,2,3,0,0,2,0,0,0,1,8
43018,1,1,1,0,2,2,0,0,4,11
43020,5,16,4,3,3,1,0,2,11,45
43021,0,10,0,0,0,0,0,0,3,13
43024,1,21,0,0,0,0,0,0,1,23
43025,6,12,4,1,1,0,0,1,6,31
43026,1,0,0,1,0,0,0,0,0,2
43032,4,5,8,0,2,0,0,4,6,29
43033,1,0,0,0,1,0,0,0,0,2
43034,0,0,0,0,0,0,0,0,1,1
43036,0,0,0,0,0,0,0,0,1,1
43038,1,2,0,0,2,0,0,0,1,6
43039,0,3,0,0,0,0,0,0,0,3
43040,58,150,21,11,16,13,1,2,92,364
43041,10,32,5,4,6,8,1,3,56,125
43042,1,11,0,0,0,0,0,0,1,13
43046,6,17,4,1,6,2,1,0,44,81
43048,5,15,1,4,1,0,0,1,7,34
43049,0,2,0,0,0,0,0,0,0,2
43051,12,43,2,16,5,1,1,3,20,103
43052,0,0,0,0,0,0,0,0,1,1
43053,0,0,0,1,0,0,0,0,0,1
43058,0,0,1,1,0,0,0,0,0,2
43062,0,0,3,0,0,0,0,0,3,6
43071,0,0,0,0,0,0,0,0,1,1
43074,2,0,2,0,0,0,0,0,5,9
43076,0,1,0,0,0,0,0,0,0,1
43077,4,16,2,0,1,0,1,0,5,29
43078,4,7,5,1,2,4,0,0,2,25
43079,4,15,4,1,1,0,0,0,3,28
43080,5,57,4,1,7,0,2,1,14,91
43084,0,3,0,0,0,0,0,0,1,4
43087,4,20,6,0,4,1,0,2,21,58
43088,0,0,0,0,0,0,0,0,1,1
43089,6,11,7,4,3,1,0,0,1,33
43092,1,5,0,0,2,0,0,0,0,8
43096,0,2,1,2,0,0,0,0,6,11
43100,0,2,0,0,0,0,0,0,0,2
43101,0,0,0,0,0,0,0,0,1,1
43102,0,3,1,0,0,0,0,0,1,5
43111,2,9,0,0,1,1,0,1,1,15
43112,8,58,4,3,7,1,2,0,97,180
43113,3,5,2,0,2,0,0,0,3,15
43114,1,8,0,0,0,3,0,0,2,14
43115,0,12,1,2,0,0,0,0,2,17
43118,1,4,0,0,1,0,0,0,2,8
43119,2,6,0,0,0,0,0,0,2,10
43120,3,4,6,1,3,0,0,1,2,20
43124,2,5,1,1,2,0,1,1,8,21
43126,0,2,0,0,0,0,0,0,0,2
43130,1,2,0,0,1,1,0,1,8,14
43132,0,0,0,0,0,0,0,0,1,1
43135,5,28,6,1,2,2,0,0,15,59
43137,12,36,23,15,7,13,5,5,97,213
43141,4,4,2,2,3,2,0,1,7,25
43148,1,17,3,0,3,1,0,0,6,31
43150,0,0,0,1,0,0,0,0,0,1
43151,0,2,0,0,0,0,0,0,0,2
43152,4,3,6,0,2,1,0,2,10,28
43153,2,5,2,0,2,1,0,0,0,12
43154,2,9,0,6,1,0,0,0,3,21
43157,309,948,44,88,53,22,38,22,523,2047
43160,0,0,1,0,0,0,0,0,0,1
43162,6,12,4,0,2,1,0,0,7,32
43163,2,14,0,0,3,0,0,0,116,135
43165,3,15,3,2,2,2,1,1,6,35
43170,0,3,0,0,0,0,0,0,0,3
43172,1,0,0,0,0,0,0,0,0,1
43174,0,1,1,0,0,0,0,0,7,9
43177,6,19,5,0,3,0,2,2,7,44
43181,0,0,0,1,0,0,0,0,0,1
43184,3,6,2,0,1,0,0,0,5,17
43185,3,21,3,0,5,3,0,2,9,46
43188,1,0,0,0,0,0,0,0,0,1
43190,5,4,1,0,3,1,0,0,5,19
43193,0,3,0,0,0,0,0,0,0,3
43194,1,5,1,1,0,0,0,0,19,27
43198,1,0,0,0,0,0,0,0,0,1
43199,1,2,1,0,0,0,0,0,1,5
43200,3,11,8,1,3,0,0,0,11,37
43201,0,0,0,0,0,0,0,0,1,1
43205,5,14,4,0,3,2,0,1,12,41
43208,0,0,0,0,3,0,0,0,0,3
43211,8,10,2,0,4,1,0,1,13,39
43212,1,11,1,0,1,0,0,1,2,17
43213,2,7,3,2,1,1,0,1,5,22
43216,4,24,2,3,3,0,0,1,12,49
43218,0,2,0,0,0,0,0,0,1,3
43221,0,2,0,0,0,0,0,0,0,2
43223,0,0,0,0,0,0,0,0,1,1
43224,8,18,4,0,4,1,0,4,61,100
43230,0,0,3,0,0,0,0,0,1,4
43233,0,2,0,0,0,0,0,0,0,2
43234,4,16,2,0,3,2,2,0,14,43
43236,6,4,0,0,0,0,0,0,2,12
43239,1,3,2,0,1,1,0,0,1,9
43241,1,11,1,1,2,1,1,2,3,23
43244,3,25,5,1,2,2,1,1,23,63
43249,0,1,0,0,0,0,0,0,0,1
43251,7,15,5,7,6,2,0,2,38,82
43258,2,4,0,0,2,0,0,0,28,36
43265,3,3,2,1,0,0,2,1,0,12
43267,2,11,1,1,1,0,0,1,4,21
43268,119,62,9,6,11,4,3,5,67,286
44001,1,1,2,0,1,2,0,0,2,9
44002,6,19,4,1,5,0,2,3,14,54
44003,103,140,12,31,18,12,26,13,287,642
44005,6,15,5,2,12,3,1,3,69,116
44006,2,2,2,0,4,0,0,2,2,14
44007,0,3,1,0,2,0,1,0,1,8
44009,17,35,14,13,8,8,0,13,87,195
44010,9,10,4,1,2,0,0,2,8,36
44011,0,2,0,0,0,0,0,0,0,2
44012,5,12,7,2,2,5,0,1,16,50
44013,1,4,2,0,2,0,2,0,3,14
44014,5,5,11,0,4,1,0,4,7,37
44015,38,150,7,36,10,8,4,8,237,498
44018,9,17,12,9,6,2,0,4,42,101
44019,0,0,3,0,0,0,0,0,0,3
44020,77,178,29,53,17,8,2,17,182,563
44021,3,29,4,0,5,0,0,4,9,54
44022,5,8,1,3,2,0,1,0,5,25
44023,1,6,2,1,1,0,0,0,2,13
44024,2,0,3,1,2,5,0,1,1,15
44025,6,15,2,2,2,3,0,4,3,37
44026,34,87,32,33,23,11,4,10,98,332
44027,5,2,4,0,0,1,0,1,1,14
44028,3,12,6,3,4,0,0,2,10,40
44029,15,17,7,5,4,5,1,6,13,73
44030,1,10,5,1,3,3,1,0,11,35
44032,2,3,6,1,2,1,0,2,7,24
44033,3,1,2,0,3,0,0,0,2,11
44035,50,51,49,21,15,21,4,14,130,355
44036,155,268,14,22,39,8,18,8,234,766
44037,2,4,4,3,4,0,0,1,7,25
44038,2,4,2,1,2,0,0,1,2,14
44039,1,1,4,0,0,0,0,0,0,6
44040,0,1,2,0,0,0,1,0,0,4
44041,3,11,6,4,2,3,1,3,12,45
44043,19,53,8,11,8,9,2,8,67,185
44044,0,3,0,0,0,0,0,0,0,3
44045,3,4,1,1,2,0,1,2,4,18
44046,4,3,3,1,1,0,0,0,8,20
44047,17,35,31,10,12,9,2,11,53,180
44048,3,3,7,0,2,0,0,3,6,24
44049,8,15,7,4,3,1,0,4,15,57
44050,1,1,3,1,1,0,0,1,4,12
44051,7,8,6,1,5,2,0,1,14,44
44052,4,14,3,0,4,2,0,3,10,40
44053,1,3,1,1,0,0,0,0,0,6
44054,0,2,1,1,1,0,0,0,1,6
44055,41,55,21,18,18,13,0,7,115,288
44056,3,7,4,0,2,3,0,2,8,29
44057,1,8,0,1,1,0,0,0,4,15
44058,0,0,1,0,0,0,0,0,0,1
44059,0,0,1,0,0,0,0,0,0,1
44061,5,12,0,2,3,0,0,1,3,26
44062,1,2,0,1,2,0,0,0,1,7
44063,6,9,8,3,4,2,0,2,39,73
44064,7,11,7,6,2,3,0,2,5,43
44065,0,0,0,0,0,0,0,0,1,1
44066,9,13,8,4,5,2,3,7,139,190
44067,5,15,6,6,6,6,2,1,25,72
44068,2,12,2,2,4,0,0,0,6,28
44069,99,104,29,32,24,18,7,7,166,486
44070,4,4,7,3,3,1,0,2,23,47
44071,7,22,11,5,5,6,0,5,19,80
44072,11,15,9,6,5,2,1,5,31,85
44073,9,11,8,3,5,0,0,4,21,61
44074,10,20,6,4,3,0,2,2,12,59
44075,1,4,1,2,2,0,0,0,3,13
44077,0,5,1,1,1,4,0,4,2,18
44079,2,2,3,1,2,2,0,0,5,17
44081,7,15,5,5,6,6,2,3,48,97
44082,3,11,3,3,3,4,0,4,15,46
44083,1,8,0,1,0,0,0,0,0,10
44084,20,17,13,6,11,3,2,6,92,170
44087,40,54,12,6,7,11,2,7,45,184
44088,1,0,3,1,0,0,0,2,2,9
44089,1,2,3,1,3,0,0,1,2,13
44090,2,2,2,1,0,0,0,2,0,9
44091,1,5,0,0,0,0,0,0,0,6
44092,0,3,0,1,0,0,0,0,1,5
44094,7,4,5,3,3,4,2,2,11,41
44095,0,3,1,0,1,0,0,0,1,6
44096,4,9,5,3,4,0,1,1,9,36
44097,1,6,1,1,3,0,0,2,2,16
44098,5,12,4,0,4,4,1,2,15,47
44099,5,5,0,1,3,0,0,2,4,20
44100,4,3,2,2,0,0,0,1,1,13
44101,15,13,10,8,6,5,2,7,43,109
44102,3,14,4,1,2,2,0,4,104,134
44103,11,23,7,3,5,7,0,4,13,73
44104,0,0,0,0,0,0,0,0,1,1
44106,1,6,0,1,0,0,0,0,2,10
44107,0,1,1,0,0,0,0,0,0,2
44108,0,2,3,2,2,0,0,3,3,15
44109,2785,3816,612,649,426,289,291,261,2906,12035
44110,19,52,12,7,6,6,4,8,125,239
44111,1,4,3,1,0,0,0,1,1,11
44113,25,124,13,5,6,3,4,4,52,236
44114,60,75,41,26,52,36,1,20,223,534
44115,0,6,2,3,2,3,1,0,2,19
44116,1,4,0,0,4,0,0,1,6,16
44117,2,3,8,1,2,3,0,2,11,32
44118,0,2,0,0,0,0,0,0,0,2
44119,0,3,1,0,2,0,0,0,3,9
44120,6,16,5,1,4,3,2,4,11,52
44122,0,1,5,2,2,0,0,2,8,20
44125,2,5,2,1,3,3,0,1,8,25
44126,4,7,5,1,2,0,1,2,14,36
44127,4,9,3,2,2,0,0,3,5,28
44128,7,16,4,2,3,2,0,1,11,46
44129,30,59,13,6,6,9,2,5,58,188
44130,10,10,8,5,6,3,1,1,20,64
44131,53,97,30,19,19,18,8,14,143,401
44132,19,31,32,10,16,7,3,5,48,171
44133,3,2,3,0,2,0,1,1,6,18
44135,12,25,4,4,8,6,1,1,23,84
44136,2,4,1,1,3,0,0,0,2,13
44137,2,6,2,1,2,3,0,1,3,20
44139,0,0,0,1,0,0,0,0,1,2
44141,0,2,2,0,0,0,0,0,0,4
44142,2,3,1,1,0,1,0,5,7,20
44143,138,173,60,53,45,41,5,39,380,934
44144,3,9,2,1,3,0,0,2,5,25
44145,5,6,2,0,3,1,0,1,5,23
44146,0,24,3,3,0,0,0,2,1,33
44149,0,4,2,1,1,2,0,2,3,15
44150,2,5,6,0,2,0,0,0,5,20
44151,3,12,9,0,3,4,2,2,9,44
44152,4,4,3,0,1,1,0,0,14,27
44153,0,3,0,0,1,0,0,0,1,5
44154,30,67,19,16,14,9,2,7,97,261
44155,2,3,4,0,2,0,0,2,7,20
44156,8,26,3,3,4,2,0,2,4,52
44157,0,2,0,0,0,0,0,0,1,3
44158,11,11,5,2,11,6,1,2,24,73
44159,0,0,2,0,0,0,0,1,2,5
44160,16,2,1,0,0,0,3,0,0,22
44161,5,22,2,3,4,1,0,2,16,55
44162,751,935,120,89,80,55,78,55,875,3038
44163,4,3,3,3,3,0,0,0,1,17
44164,2,6,0,2,0,0,0,3,51,64
44165,0,1,3,0,0,0,0,2,1,7
44166,6,9,4,1,3,0,0,1,6,30
44168,3,21,1,2,2,0,1,2,6,38
44169,6,11,10,2,3,4,2,1,10,49
44170,1,6,1,2,2,0,0,0,0,12
44171,0,0,2,0,0,0,0,0,1,3
44172,23,53,21,15,14,9,3,8,63,209
44173,0,2,0,0,0,0,0,0,1,3
44174,2,2,1,0,0,0,0,1,1,7
44175,3,12,3,1,3,2,1,3,5,33
44176,1,3,0,0,2,1,1,0,8,16
44178,1,2,2,1,2,1,0,1,5,15
44179,2,0,5,1,3,6,1,4,12,34
44180,1,14,9,3,3,2,0,2,9,43
44182,4,9,3,1,6,3,0,0,14,40
44183,3,4,1,0,2,4,0,1,1,16
44184,655,824,143,127,96,56,73,56,636,2666
44185,7,6,3,1,3,0,0,0,21,41
44186,6,9,13,6,5,7,2,6,47,101
44187,7,16,3,1,3,2,0,4,13,49
44188,12,21,12,5,12,6,6,7,42,123
44189,3,7,1,0,2,0,0,1,1,15
44190,58,94,53,28,23,33,7,14,191,501
44192,5,5,4,0,2,2,1,1,3,23
44193,2,4,2,0,1,0,0,0,3,12
44194,12,18,11,5,8,6,1,8,36,105
44195,25,46,11,20,9,6,4,6,78,205
44196,0,1,0,1,3,0,0,1,2,8
44197,1,29,2,1,3,0,0,0,3,39
44198,12,23,13,10,10,0,4,8,101,181
44199,0,3,4,0,0,0,0,0,5,12
44201,8,15,6,8,4,5,0,5,21,72
44202,1,11,1,1,0,0,0,0,1,15
44203,2,2,2,1,1,0,0,0,0,8
44204,18,20,12,6,13,7,1,6,58,141
44205,1,7,2,2,1,0,1,0,7,21
44206,1,7,0,1,1,0,0,0,2,12
44207,1,5,0,0,0,0,0,0,0,6
44209,5,16,21,8,8,9,2,4,32,105
44210,8,28,7,3,6,1,3,5,56,117
44211,5,12,4,2,5,3,1,2,16,50
44212,21,20,5,9,7,4,5,10,140,221
44213,2,18,4,9,5,0,0,5,38,81
44214,0,0,0,2,0,0,0,0,10,12
44215,89,157,69,57,26,14,8,21,280,721
44216,1,9,4,4,6,2,0,2,10,38
44217,14,13,15,2,4,8,2,4,26,88
44220,3,3,1,0,0,2,0,0,2,11
44221,0,2,0,0,0,0,0,0,1,3
44222,0,1,1,0,0,0,0,0,0,2
44223,4,11,6,2,2,3,0,0,12,40
44224,0,0,0,1,0,0,0,0,0,1
45004,135,549,28,31,38,3,34,4,194,1016
45006,11,53,8,1,3,0,2,1,7,86
45008,2,5,4,5,2,0,2,0,6,26
45009,1,2,3,0,0,1,0,0,0,7
45010,0,4,0,0,2,0,0,0,4,10
45018,1,5,1,0,0,0,0,0,2,9
45019,0,0,4,0,0,0,0,0,0,4
45024,1,3,2,3,5,0,0,2,11,27
45025,9,6,1,0,2,3,0,0,6,27
45026,0,0,0,1,0,0,0,0,0,1
45028,10,25,5,8,6,3,2,3,27,89
45029,2,2,0,1,1,0,0,0,3,9
45030,1,16,2,2,4,0,0,0,11,36
45031,7,23,3,2,7,0,0,1,32,75
45034,19,13,4,3,8,1,0,1,16,65
45035,1,0,0,0,0,1,0,0,0,2
45036,0,2,1,0,0,0,0,0,0,3
45039,0,1,0,0,0,0,0,0,0,1
45040,2,12,1,1,3,1,0,0,9,29
45042,0,3,0,2,1,0,0,1,0,7
45049,0,0,1,0,0,0,0,0,0,1
45050,0,0,0,0,2,0,0,0,2,4
45051,0,3,0,0,0,2,0,1,2,8
45053,9,27,6,3,4,1,0,1,28,79
45060,1,0,1,0,0,0,0,0,1,3
45061,3,3,0,0,3,0,0,0,1,10
45062,0,0,3,0,0,0,0,0,0,3
45063,1,3,0,0,1,0,0,0,1,6
45067,13,29,3,5,2,1,0,1,8,62
45068,10,17,5,1,8,4,0,0,23,68
45073,0,3,0,0,0,0,0,0,0,3
45075,19,61,33,6,8,2,7,7,33,176
45077,0,1,0,0,0,0,0,0,0,1
45078,0,0,0,1,0,0,0,0,0,1
45082,10,25,11,4,7,5,2,3,43,110
45083,3,9,2,1,3,1,0,0,3,22
45085,3,14,3,3,3,1,0,1,4,32
45087,4,13,3,4,2,2,1,1,6,36
45089,13,25,9,3,9,5,1,3,56,124
45093,5,9,5,4,3,3,0,3,5,37
45095,1,2,1,0,2,1,0,1,2,10
45097,0,1,0,1,0,0,0,0,0,2
45098,7,6,6,1,3,1,2,1,6,33
45099,0,0,1,0,0,0,0,0,0,1
45102,0,0,0,1,0,0,0,0,0,1
45103,1,2,2,0,1,0,0,0,2,8
45104,1,2,1,0,1,0,0,0,3,8
45108,2,7,2,2,1,0,0,0,2,16
45115,4,15,3,4,4,1,1,2,5,39
45119,0,2,2,1,0,0,0,2,8,15
45120,0,1,0,0,0,0,0,0,0,1
45122,1,10,4,0,0,0,1,0,2,18
45126,4,3,1,0,1,0,0,0,3,12
45127,3,5,0,1,3,0,0,0,7,19
45129,0,6,0,1,2,1,0,0,7,17
45130,1,14,2,1,0,0,0,0,5,23
45133,0,2,0,0,0,0,0,0,0,2
45134,1,2,7,0,0,2,1,0,2,15
45136,0,1,0,0,0,0,0,0,0,1
45137,0,0,0,0,2,0,0,0,0,2
45139,1,0,0,0,0,0,0,0,0,1
45142,1,10,2,1,2,1,0,2,4,23
45144,0,2,0,0,0,0,0,0,1,3
45145,1,11,3,1,3,1,0,2,12,34
45146,10,24,10,3,6,4,1,1,25,84
45147,85,557,8,64,16,5,7,8,139,889
45148,0,0,0,1,0,0,0,0,0,1
45152,0,0,0,0,0,0,0,0,1,1
45153,0,0,0,1,0,0,0,0,0,1
45154,0,4,2,0,35,0,0,0,1,42
45155,67,180,15,15,28,13,18,2,129,467
45157,0,0,1,0,0,0,0,0,0,1
45160,0,2,0,0,0,0,0,0,0,2
45164,0,0,0,0,0,0,0,0,1,1
45167,3,13,0,1,0,0,0,0,2,19
45168,0,0,0,1,0,0,0,0,0,1
45169,12,9,6,6,9,4,1,3,10,60
45173,5,11,6,1,5,1,1,1,17,48
45175,5,1,5,1,2,1,2,2,5,24
45178,0,2,0,0,1,0,0,0,0,3
45179,2,11,4,1,2,0,0,0,1,21
45181,0,0,0,0,0,0,0,0,1,1
45182,0,4,2,0,2,2,0,0,3,13
45186,2,1,0,1,0,0,0,0,1,5
45187,4,23,8,4,3,3,0,1,16,62
45188,2,2,3,0,2,3,0,0,6,18
45189,0,0,0,1,0,0,0,0,0,1
45191,6,15,3,3,4,2,0,2,12,47
45193,0,2,1,0,3,0,0,0,5,11
45194,4,2,3,0,1,1,0,0,1,12
45196,0,0,8,0,0,0,0,0,0,8
45197,2,2,3,0,0,0,0,1,3,11
45200,0,4,0,0,0,1,0,1,0,6
45202,0,2,0,0,0,0,0,0,0,2
45203,11,22,9,2,10,3,0,4,19,80
45205,0,0,0,0,0,0,0,0,1,1
45208,97,137,16,33,30,28,1,6,132,480
45212,0,2,0,0,0,0,0,0,1,3
45213,0,0,0,0,1,0,0,0,0,1
45222,0,2,0,0,0,0,0,1,0,3
45223,0,0,0,0,0,0,0,0,1,1
45224,1,7,4,4,4,1,1,3,22,47
45226,0,0,0,1,0,0,0,0,0,1
45227,0,3,0,1,0,0,0,0,2,6
45228,1,2,0,0,0,0,0,0,3,6
45229,1,2,2,0,2,0,0,0,3,10
45230,0,0,0,0,0,0,0,0,1,1
45232,145,220,77,33,17,25,4,15,201,737
45233,0,0,0,0,0,0,0,1,0,1
45234,754,1693,201,209,153,158,140,55,1016,4379
45235,4,6,3,1,3,2,3,2,18,42
45237,0,1,0,0,0,0,0,0,0,1
45240,1,8,0,2,1,0,0,1,7,20
45242,0,4,0,1,0,0,0,0,1,6
45244,6,6,2,0,2,1,0,1,1,19
45245,0,1,0,0,0,0,0,0,0,1
45247,3,10,2,1,3,2,1,0,21,43
45248,3,9,3,1,3,2,1,0,13,35
45249,0,0,0,0,0,0,0,0,3,3
45251,0,2,0,0,0,0,0,0,0,2
45252,44,82,7,15,8,4,3,5,97,265
45253,1,4,2,1,1,0,0,1,2,12
45254,2,5,1,2,2,0,0,0,1,13
45256,0,0,0,0,0,0,0,0,1,1
45258,4,18,3,1,3,0,0,1,7,37
45261,0,0,0,0,0,0,0,1,0,1
45262,0,0,0,0,0,0,0,0,1,1
45269,1,4,6,3,2,0,0,2,8,26
45270,1,9,2,2,1,0,0,1,2,18
45272,7,26,6,1,10,2,2,3,9,66
45273,2,12,4,1,3,0,0,1,13,36
45274,7,10,12,2,4,8,1,4,27,75
45275,0,0,0,0,0,0,0,0,2,2
45278,0,1,0,0,0,0,0,0,0,1
45279,1,5,3,1,0,0,1,1,3,15
45282,6,5,8,4,3,1,0,3,8,38
45284,20,55,33,33,11,14,3,5,102,276
45285,39,42,23,8,15,3,0,11,78,219
45286,9,14,17,4,7,0,0,4,31,86
45290,1,3,1,1,2,0,0,0,0,8
45291,0,0,0,0,0,0,0,1,0,1
45292,0,0,0,1,0,0,0,0,0,1
45293,0,2,0,0,0,0,0,0,0,2
45297,0,1,0,0,0,0,0,0,5,6
45298,11,16,6,4,5,1,1,4,23,71
45299,0,0,0,0,0,0,0,0,1,1
45300,5,8,3,0,2,3,0,0,8,29
45302,248,393,26,10,15,4,17,2,213,928
45303,0,0,0,1,0,0,0,0,0,1
45305,1,3,0,1,0,0,0,0,0,5
45306,0,1,1,1,0,0,0,0,0,3
45307,0,0,0,0,0,0,0,0,1,1
45308,3,13,4,3,23,0,0,0,6,52
45310,4,3,1,0,2,0,0,1,1,12
45312,1,0,0,0,0,0,0,0,0,1
45315,7,34,7,4,5,2,1,2,48,110
45316,0,4,0,0,0,0,0,0,0,4
45317,5,5,2,0,0,0,0,0,17,29
45324,3,4,4,0,3,0,0,0,2,16
45327,5,2,1,0,2,0,1,2,7,20
45329,1,3,1,0,0,1,0,2,2,10
45331,0,0,0,0,0,0,0,1,0,1
45332,4,3,1,0,1,0,0,0,2,11
45333,0,2,4,0,0,0,0,0,1,7
45335,0,2,4,0,0,2,1,0,6,15
45336,1,2,1,0,0,0,0,0,0,4
45337,0,0,0,0,0,0,0,0,1,1
45338,6,17,9,2,5,1,1,1,11,53
45345,0,3,0,0,0,0,2,0,0,5
45346,1,5,2,1,1,0,2,1,1,14
46003,1,5,5,1,2,0,2,0,2,18
46007,1,9,1,1,0,0,0,0,2,14
46009,2,11,2,3,1,0,1,2,4,26
46010,0,0,0,0,0,0,0,0,1,1
46012,0,2,0,0,1,0,0,1,0,4
46015,0,13,4,1,1,0,0,0,3,22
46021,0,1,0,0,0,0,0,0,2,3
46028,2,3,2,1,0,1,0,0,2,11
46029,3,8,3,2,3,1,0,0,2,22
46032,0,0,0,1,0,0,0,0,0,1
46034,0,0,0,0,0,0,0,0,2,2
46038,5,22,0,4,2,1,0,2,19,55
46042,238,562,56,58,39,34,32,11,370,1400
46044,2,10,0,3,0,0,0,0,0,15
46045,6,17,1,3,1,2,1,2,7,40
46051,0,3,0,2,0,0,0,0,0,5
46055,0,4,0,0,2,0,0,0,12,18
46057,0,4,4,0,0,0,0,0,0,8
46059,0,0,0,0,0,0,0,0,1,1
46061,0,0,0,0,0,0,0,0,1,1
46062,0,2,0,0,0,0,0,0,0,2
46063,8,12,4,0,2,0,0,2,14,42
46064,4,13,2,2,1,0,1,1,4,28
46066,3,8,1,0,2,0,0,1,5,20
46068,0,0,0,0,0,0,0,0,1,1
46070,16,0,0,0,0,0,0,0,10,26
46080,0,0,0,0,0,1,0,0,0,1
46082,0,0,0,0,0,0,0,0,1,1
46083,2,5,0,0,2,0,0,0,2,11
46087,0,3,0,0,0,0,0,0,0,3
46088,2,3,0,0,0,1,0,0,3,9
46089,1,6,1,0,0,0,0,0,1,9
46092,0,2,0,0,0,0,0,0,0,2
46095,0,8,4,0,0,0,0,0,2,14
46100,0,1,0,0,0,0,0,0,0,1
46101,0,2,0,0,0,0,0,0,0,2
46102,65,188,28,36,15,10,6,12,241,601
46103,0,0,0,0,0,0,0,0,1,1
46105,0,3,0,0,0,0,0,0,0,3
46106,0,0,0,0,0,0,0,0,1,1
46108,0,2,0,1,0,0,0,0,28,31
46109,0,1,0,1,1,0,0,0,0,3
46111,0,0,0,1,0,0,0,0,0,1
46114,0,0,0,1,0,0,0,0,0,1
46115,0,0,0,0,0,0,0,0,1,1
46117,1,0,0,2,0,0,0,0,0,3
46118,0,2,4,1,0,0,0,0,1,8
46119,0,0,0,0,0,0,0,0,1,1
46120,0,2,0,0,0,0,0,0,0,2
46124,0,0,0,1,0,0,0,0,0,1
46125,0,0,1,0,0,0,0,0,0,1
46127,29,107,8,10,8,3,3,2,64,234
46128,5,29,6,6,7,12,0,4,26,95
46130,0,0,0,0,0,0,0,0,1,1
46137,0,3,2,0,0,0,0,2,1,8
46138,5,7,2,2,2,1,1,0,4,24
46140,0,0,0,0,0,0,0,0,1,1
46142,0,2,0,0,0,0,0,0,0,2
46143,10,21,7,1,2,2,0,2,21,66
46145,0,0,0,0,0,0,0,0,1,1
46146,0,0,0,1,0,0,0,0,0,1
46148,6,12,3,2,3,3,1,1,10,41
46149,5,4,1,3,0,0,0,1,5,19
46154,0,0,0,0,0,0,0,0,1,1
46156,0,0,1,0,0,0,0,0,1,2
46160,1,8,4,0,0,0,0,0,0,13
46163,0,0,0,0,1,0,0,0,0,1
46165,0,0,0,0,0,0,0,0,1,1
46170,19,95,0,10,3,0,0,2,36,165
46171,0,0,0,0,0,0,0,0,1,1
46172,0,4,1,0,0,0,0,0,0,5
46173,5,9,5,1,3,0,0,0,8,31
46175,0,1,0,0,0,0,0,0,1,2
46176,1,3,0,0,0,0,0,0,0,4
46180,1,0,0,0,0,0,0,0,0,1
46182,3,14,1,3,5,0,0,1,8,35
46183,1,1,2,0,0,0,0,0,0,4
46185,7,22,2,7,2,4,0,0,10,54
46190,0,1,0,0,0,0,0,0,0,1
46191,4,4,1,0,3,4,0,2,7,25
46197,0,1,0,1,0,0,0,0,2,4
46200,0,0,0,0,0,0,0,0,1,1
46201,5,18,3,3,5,3,0,1,6,44
46204,23,40,18,4,2,0,0,3,11,101
46205,0,0,1,0,0,0,0,0,0,1
46207,1,8,0,0,0,0,0,0,0,9
46208,0,0,0,1,0,0,0,0,1,2
46214,0,0,4,0,0,0,0,1,1,6
46215,4,6,1,2,2,1,0,1,3,20
46216,0,6,2,1,0,0,0,0,1,10
46217,0,1,0,0,0,0,0,0,0,1
46221,0,2,0,0,0,0,0,0,0,2
46224,9,15,8,6,3,0,0,1,20,62
46225,9,29,4,4,3,1,2,3,13,68
46227,0,0,0,0,0,0,0,0,1,1
46228,0,0,0,0,0,0,0,2,1,3
46229,0,2,0,0,2,0,0,0,0,4
46231,2,19,3,3,2,0,0,1,6,36
46232,2,5,4,0,2,0,1,0,7,21
46239,0,0,0,0,0,0,0,0,1,1
46240,0,3,0,1,0,0,0,0,0,4
46249,0,0,1,0,0,0,0,0,0,1
46251,20,75,13,3,7,3,3,3,59,186
46266,0,0,1,0,0,0,0,0,0,1
46267,2,8,0,0,2,0,0,0,0,12
46268,0,1,1,1,1,0,0,0,1,5
46276,0,0,0,0,0,0,0,0,1,1
46281,0,0,0,1,0,0,0,0,0,1
46290,0,0,0,1,0,0,0,0,1,2
46293,0,3,1,0,0,0,0,0,4,8
46297,4,9,1,1,1,0,1,0,4,21
46301,1,4,3,0,0,0,0,0,3,11
46309,6,25,3,1,6,6,2,1,24,74
46310,0,0,0,0,0,0,0,0,2,2
46311,3,8,1,2,1,0,0,0,1,16
46316,0,0,0,1,0,0,0,0,1,2
46322,1,1,1,1,0,0,1,1,1,7
46330,4,13,1,2,3,0,0,2,6,31
46331,0,2,0,0,0,0,0,0,0,2
46333,0,0,0,0,0,0,0,0,1,1
46334,1,2,6,2,1,0,0,1,6,19
46335,0,0,1,0,0,0,0,0,0,1
46336,1,2,1,3,0,0,0,1,2,10
46340,0,2,1,0,0,0,0,0,0,3
47001,382,817,70,117,71,64,54,25,457,2057
47004,3,23,5,4,3,2,0,2,17,59
47005,2,6,0,0,1,2,0,0,5,16
47006,0,0,0,0,0,0,0,0,1,1
47007,0,0,0,0,0,0,0,0,1,1
47013,0,0,1,0,0,0,0,0,0,1
47015,3,7,2,1,2,2,1,1,10,29
47016,0,1,0,0,0,0,0,0,0,1
47019,0,0,0,0,0,0,0,0,1,1
47020,1,0,0,0,0,0,0,0,1,2
47021,1,9,2,0,2,0,0,0,1,15
47022,0,0,1,0,0,0,0,0,1,2
47024,2,3,0,0,0,0,0,2,0,7
47025,0,6,1,0,1,0,0,0,2,10
47027,1,5,5,0,3,0,0,1,19,34
47028,0,3,0,0,0,0,0,0,0,3
47029,0,0,1,0,0,0,0,0,1,2
47031,10,26,6,7,12,3,0,1,106,171
47032,7,14,7,1,4,3,0,2,9,47
47034,0,2,0,0,1,1,0,0,0,4
47038,0,0,1,0,0,0,0,0,0,1
47040,2,2,7,2,3,0,0,1,5,22
47041,2,3,1,0,0,0,0,0,1,7
47043,0,6,0,0,1,0,0,0,3,10
47046,0,2,0,0,0,0,0,0,0,2
47048,3,10,1,1,2,0,0,1,1,19
47049,1,20,2,3,3,0,0,1,13,43
47051,6,78,5,3,6,1,0,0,19,118
47052,11,38,20,5,7,6,1,1,31,120
47054,2,23,5,5,2,1,0,0,8,46
47056,1,2,0,0,2,0,0,0,2,7
47057,1,14,2,1,2,1,1,1,11,34
47058,0,0,1,0,0,0,0,0,0,1
47060,0,3,0,0,0,0,0,0,0,3
47061,0,0,0,0,0,0,0,0,1,1
47065,1,6,1,1,2,1,0,0,1,13
47066,0,0,0,2,0,0,0,0,0,2
47068,3,4,2,0,1,0,0,0,5,15
47069,2,4,3,2,2,0,0,0,5,18
47071,0,1,0,1,0,0,0,0,2,4
47075,1,2,2,0,0,0,0,0,1,6
47077,0,0,1,0,0,0,0,0,0,1
47078,1,9,4,0,2,1,0,1,3,21
47079,0,2,0,0,0,0,0,0,0,2
47086,5,15,5,1,2,1,0,1,8,38
47088,1,1,0,2,0,0,0,1,6,11
47091,5,4,0,4,1,0,0,0,1,15
47093,0,0,0,0,0,0,0,0,1,1
47097,1,5,2,3,0,0,1,0,0,12
47099,0,2,0,0,0,0,0,0,0,2
47100,10,12,6,13,6,1,3,1,12,64
47101,1,2,1,0,1,0,0,0,2,7
47102,2,6,1,2,1,0,0,0,0,12
47105,0,1,0,0,0,0,0,0,0,1
47106,17,48,8,4,7,4,1,2,24,115
47108,0,2,0,0,0,0,0,0,0,2
47110,0,3,3,0,1,0,0,0,6,13
47111,0,2,0,0,0,0,0,0,0,2
47112,0,2,0,1,0,0,0,0,0,3
47114,0,2,0,0,0,0,0,0,0,2
47115,0,0,0,0,0,0,0,0,1,1
47117,0,2,0,0,0,0,0,0,0,2
47119,0,2,3,0,1,0,0,0,0,6
47121,0,0,0,0,0,0,0,0,1,1
47123,2,2,5,0,1,0,0,0,2,12
47127,0,1,0,0,1,0,0,0,1,3
47128,5,4,8,0,0,0,1,0,2,20
47131,1,4,0,0,0,0,0,0,1,6
47133,1,6,2,3,1,0,0,0,4,17
47135,0,1,0,0,0,0,0,0,0,1
47137,3,4,3,1,2,0,0,0,2,15
47138,0,6,3,0,2,1,0,1,8,21
47140,1,3,0,0,0,0,0,0,0,4
47142,0,3,2,0,1,0,0,0,2,8
47143,11,6,1,0,4,1,1,0,1,25
47144,0,0,0,0,0,3,0,1,0,4
47145,2,17,4,5,4,4,0,0,8,44
47146,0,0,0,1,0,0,0,0,0,1
47147,1,3,1,0,1,2,0,0,2,10
47151,1,2,0,0,0,0,0,0,0,3
47152,0,0,0,1,0,0,0,0,0,1
47155,0,2,0,0,0,0,0,0,0,2
47157,137,317,22,44,24,21,27,8,206,806
47159,31,14,1,0,3,0,0,0,4,53
47165,0,6,1,0,2,0,0,0,3,12
47167,2,13,2,1,2,0,0,0,4,24
47168,5,10,6,4,4,2,0,1,26,58
47169,0,2,0,1,0,0,0,0,0,3
47170,0,2,1,0,0,0,0,0,0,3
47173,0,8,0,0,1,0,0,0,2,11
47175,2,11,5,3,1,1,1,1,6,31
47179,0,8,3,0,2,0,0,0,6,19
47180,1,0,0,0,0,0,0,0,0,1
47185,0,9,4,1,6,2,0,0,24,46
47186,0,0,0,1,0,0,0,0,0,1
47190,0,1,1,2,0,0,0,0,1,5
47194,0,0,0,0,0,0,0,0,1,1
47195,11,45,14,12,6,2,1,5,67,163
47197,0,2,0,0,0,0,0,0,0,2
47199,0,0,0,1,0,0,0,0,0,1
47201,9,22,12,2,41,5,0,4,41,136
47203,11,36,14,2,4,0,1,1,12,81
47208,0,1,0,0,0,0,0,0,13,14
47209,46,225,5,73,6,3,1,6,72,437
47210,7,14,0,2,2,1,0,1,16,43
47213,7,12,4,2,2,0,3,1,6,37
47215,3,10,4,2,2,1,0,2,3,27
47216,1,2,0,0,0,0,0,0,0,3
47217,3,10,2,0,1,0,0,0,3,19
47220,0,1,0,1,0,0,0,0,0,2
47221,0,0,0,0,0,0,0,0,1,1
47224,0,0,0,0,0,0,0,1,0,1
47225,3,7,4,0,4,2,2,0,14,36
47228,0,2,0,0,0,0,1,0,1,4
47231,0,0,0,1,0,0,0,0,0,1
47232,0,3,0,0,0,0,0,0,0,3
47233,8,10,0,0,2,0,0,0,10,30
47235,1,0,0,1,0,0,0,0,0,2
47238,0,5,1,2,0,0,0,0,1,9
47239,0,3,2,0,2,0,0,0,1,8
47242,0,0,0,1,0,0,0,0,0,1
47246,0,2,0,0,0,0,0,0,1,3
47251,0,1,0,0,0,0,0,0,5,6
47252,5,26,3,2,5,0,0,3,7,51
47253,2,1,0,0,0,0,0,0,1,4
47257,0,1,0,0,0,0,0,0,0,1
47260,0,0,0,0,0,0,0,0,1,1
47262,1,1,0,1,0,0,0,0,2,5
47263,0,3,0,1,0,0,0,0,0,4
47264,0,8,0,2,2,0,0,0,7,19
47269,0,0,0,0,0,0,0,0,1,1
47278,0,2,0,0,0,0,0,0,0,2
47280,4,5,4,0,2,2,0,3,9,29
47283,0,2,0,0,0,0,0,0,0,2
47284,0,2,0,1,0,0,0,0,1,4
47285,2,1,0,2,0,0,0,0,0,5
47287,0,0,0,1,0,0,0,0,0,1
47288,0,0,1,1,0,0,0,0,0,2
47289,0,0,2,0,0,0,0,0,0,2
47291,0,1,0,0,0,0,0,0,0,1
47292,1,2,0,0,2,0,0,0,0,5
47300,0,3,0,0,2,0,0,0,1,6
47301,0,4,4,1,1,0,0,0,6,16
47302,1,7,0,0,2,0,0,0,0,10
47306,1,3,0,1,0,1,1,1,0,8
47309,0,3,0,0,1,0,0,0,0,4
47310,15,53,12,19,8,2,2,1,42,154
47312,1,8,1,2,1,0,0,1,5,19
47315,0,1,2,0,0,0,0,0,1,4
47317,2,5,0,2,0,0,0,0,2,11
47318,1,4,1,0,2,0,0,0,2,10
47320,0,0,0,0,0,0,0,1,0,1
47321,1,0,0,0,0,0,1,0,1,3
47323,97,302,31,28,26,24,21,10,164,703
47324,3,15,3,1,2,1,0,0,12,37
47326,3,13,13,3,3,0,0,3,19,57
48002,0,5,0,0,0,0,0,0,0,5
48003,0,4,0,0,0,0,0,0,0,4
48005,6,9,1,0,0,0,0,0,3,19
48009,2,8,2,1,2,0,0,1,3,19
48010,2,2,0,2,0,0,0,0,4,10
48013,1,5,4,0,0,0,0,0,0,10
48014,2,0,0,0,0,0,0,0,0,2
48016,0,0,0,0,0,0,0,0,1,1
48017,0,0,4,0,0,0,1,0,1,6
48018,0,3,0,0,0,0,0,0,3,6
48021,0,0,1,0,1,0,0,0,1,3
48027,2,3,1,0,3,0,0,0,3,12
48030,0,0,0,0,0,0,0,1,0,1
48034,5,28,5,3,4,1,0,2,13,61
48038,0,0,0,0,1,0,0,0,2,3
48039,4,8,1,1,2,0,0,0,3,19
48042,0,2,0,0,0,0,0,0,0,2
48043,2,25,1,0,1,0,0,0,4,33
48045,0,1,0,0,0,0,0,0,0,1
48049,1,0,1,0,0,0,0,0,0,2
48051,1,9,1,1,2,0,0,0,3,17
48056,0,0,0,0,0,0,0,0,1,1
48061,6,25,7,5,4,1,1,1,14,64
48064,2,6,2,0,0,0,0,1,0,11
48070,3,11,5,3,2,1,0,0,5,30
48075,1,3,1,1,1,1,0,1,2,11
48080,20,52,6,2,7,1,1,1,38,128
48081,2,10,0,5,0,0,0,0,2,19
48086,0,1,0,0,0,0,0,0,0,1
48090,2,10,1,0,2,0,0,0,5,20
48092,41,110,10,14,5,4,1,6,56,247
48094,1,7,2,0,0,1,0,0,0,11
48095,134,306,28,28,21,7,19,4,188,735
48096,2,9,0,2,2,1,0,1,5,22
48099,3,17,4,1,0,0,0,0,13,38
48103,8,20,9,5,0,0,0,5,28,75
48104,1,6,2,0,1,1,0,0,1,12
48105,0,1,0,0,0,0,0,0,1,2
48107,0,1,0,0,0,0,0,0,4,5
48112,0,1,0,1,0,0,0,0,0,2
48116,2,5,1,0,1,0,0,0,0,9
48119,0,1,0,0,0,0,0,0,0,1
48123,0,1,0,0,0,0,0,0,0,1
48127,2,11,0,0,2,1,0,1,1,18
48128,0,2,0,0,0,0,0,0,0,2
48129,0,1,0,0,0,0,0,0,1,2
48131,0,2,0,0,0,0,0,0,0,2
48132,11,131,5,15,4,2,0,1,35,204
48137,0,6,1,0,0,0,0,0,0,7
48139,1,3,1,1,0,0,0,0,2,8
48140,10,56,4,6,10,5,2,4,34,131
48144,1,2,1,0,0,0,0,0,1,5
48146,1,4,3,0,2,0,0,0,0,10
48147,6,5,1,1,2,0,0,0,2,17
48148,3,2,1,2,0,0,0,2,1,11
48152,1,0,0,0,0,0,0,0,0,1
48155,0,3,1,0,0,0,0,0,1,5
48156,3,20,1,4,0,0,0,0,5,33
48157,0,2,0,0,0,0,0,0,0,2
48165,0,1,0,0,0,0,0,0,0,1
48183,2,0,0,0,0,0,0,0,0,2
48188,2,3,1,0,0,0,0,0,0,6
48194,1,9,1,0,0,0,0,0,2,13
48198,2,12,3,0,2,0,1,0,4,24
49002,1,10,4,0,2,1,0,0,4,22
49003,1,5,0,0,0,0,0,0,1,7
49004,2,1,5,0,0,0,1,0,1,10
49007,1709,2670,309,383,282,139,198,122,1880,7692
49011,0,0,0,0,0,0,0,0,1,1
49015,47,58,23,14,12,5,2,9,108,278
49018,43,70,16,8,11,7,2,6,69,232
49019,1,0,0,0,0,0,0,0,0,1
49020,38,30,15,6,13,5,1,3,42,153
49021,10,17,4,3,7,4,1,3,36,85
49022,5,3,2,1,3,2,0,0,1,17
49023,18,89,7,13,18,7,3,5,105,265
49024,0,0,1,0,0,0,0,0,0,1
49026,9,8,5,2,4,1,0,1,11,41
49027,4,4,1,0,1,0,0,0,1,11
49035,7,17,7,9,6,3,1,9,25,84
49041,1,3,1,1,1,2,0,0,0,9
49042,2,0,4,0,0,0,0,0,1,7
49045,0,0,0,1,0,0,0,0,25,26
49048,4,3,4,2,3,0,0,0,1,17
49050,11,19,10,11,8,2,2,6,35,104
49054,8,15,6,3,4,5,1,3,13,58
49055,4,5,4,0,2,0,0,1,0,16
49060,0,6,0,0,2,0,0,2,3,13
49063,17,39,12,8,8,3,3,3,48,141
49065,6,0,3,0,0,0,1,0,2,12
49067,0,4,0,1,0,0,0,0,2,7
49068,2,5,2,1,3,0,0,2,4,19
49069,4,19,4,5,9,4,2,7,20,74
49070,0,0,0,0,0,0,1,0,0,1
49080,7,21,5,7,10,3,0,2,19,74
49083,2,0,1,0,0,0,0,0,0,3
49086,3,14,0,3,3,0,0,1,14,38
49090,1,2,0,0,0,0,0,1,1,5
49091,2,0,1,0,0,0,0,0,0,3
49092,12,99,11,18,15,8,2,4,89,258
49099,418,856,79,77,64,50,68,32,770,2414
49103,0,0,3,0,0,0,0,0,1,4
49106,3,0,2,0,0,0,0,0,1,6
49107,0,0,0,0,0,0,0,1,0,1
49109,6,7,0,4,1,0,2,1,4,25
49110,0,3,6,0,0,0,0,0,5,14
49112,0,2,3,0,0,0,0,2,2,9
49117,1,0,2,0,0,0,0,0,0,3
49119,0,0,1,0,0,0,0,0,0,1
49120,1,4,0,0,0,0,0,0,0,5
49123,1,3,4,1,0,0,0,0,0,9
49125,21,97,20,11,16,7,2,7,81,262
49126,1,23,0,1,0,0,0,0,4,29
49127,5,21,5,2,5,0,1,0,9,48
49129,12,81,5,4,4,4,0,3,25,138
49130,0,0,0,0,0,0,0,0,1,1
49131,0,0,1,0,0,0,0,0,0,1
49132,0,0,0,0,0,0,0,0,2,2
49134,0,0,1,0,0,0,0,0,0,1
49135,1,6,1,3,1,1,0,2,3,18
49138,0,3,0,2,0,0,0,0,1,6
49140,0,3,0,3,2,0,0,0,2,10
49145,1,0,1,0,0,0,0,0,0,2
49149,3,0,4,1,0,0,2,0,0,10
49151,0,0,6,0,0,0,1,0,3,10
49153,1,0,2,0,0,0,0,0,0,3
49155,1,0,1,1,0,0,0,5,9,17
49160,4,8,1,3,2,0,0,0,3,21
49162,2,0,1,0,0,0,1,0,0,4
49163,3,8,2,3,2,5,0,1,3,27
49167,3,9,4,0,2,4,0,1,12,35
49170,0,0,1,0,0,0,0,0,0,1
49172,1,0,0,0,0,0,0,0,0,1
49174,0,2,0,0,0,0,0,0,0,2
49176,14,13,12,4,4,6,3,2,21,79
49177,0,0,6,0,0,0,0,0,2,8
49179,0,0,4,0,0,0,0,0,0,4
49180,8,30,8,2,7,3,2,2,26,88
49182,0,0,0,0,0,0,0,0,1,1
49183,4,9,3,1,2,1,1,2,15,38
49188,0,0,2,0,0,0,0,0,1,3
49191,2,0,6,0,0,2,0,0,0,10
49192,8,14,6,2,3,0,0,1,12,46
49193,2,12,2,1,2,0,0,2,10,31
49194,6,6,8,1,4,2,2,0,16,45
49195,0,0,0,0,0,0,0,1,0,1
49196,2,0,2,0,0,0,0,0,0,4
49199,12,0,2,0,0,0,0,0,0,14
49200,3,7,2,0,5,2,0,2,7,28
49201,3,5,1,1,2,0,0,4,4,20
49204,3,0,1,0,0,0,1,0,0,5
49205,1,7,4,3,2,0,0,1,2,20
49206,0,0,1,0,0,0,0,0,0,1
49211,0,9,0,2,0,0,0,0,4,15
49212,4,0,5,0,0,1,0,0,3,13
49214,9,8,10,3,7,4,2,7,31,81
49215,3,13,5,2,3,2,1,1,18,48
49217,0,0,0,0,0,0,0,0,1,1
49218,9,32,0,8,7,10,0,9,24,99
49219,0,0,0,1,0,0,0,0,0,1
49220,6,13,1,3,1,0,0,1,4,29
49221,0,0,0,0,0,0,0,0,2,2
49222,1,2,4,0,2,2,0,0,3,14
49223,12,14,5,4,10,4,0,5,63,117
49228,5,17,1,1,3,1,1,0,8,37
49229,0,0,0,0,0,2,0,0,0,2
49231,0,2,0,0,0,0,0,0,0,2
49233,0,1,0,0,0,0,0,0,0,1
49235,0,4,0,0,0,0,0,0,0,4
49238,3,0,1,0,0,0,2,0,1,7
49239,5,0,1,0,0,0,0,0,0,6
49240,0,2,0,0,0,0,0,0,0,2
49241,6,2,3,1,2,2,0,2,8,26
49242,1,0,1,0,0,0,0,0,0,2
49244,13,62,7,7,14,3,1,8,46,161
49246,30,39,22,13,7,7,0,10,112,240
49247,5,5,3,1,2,1,2,1,5,25
49248,6,32,6,5,5,1,0,3,25,83
49249,1,0,2,0,0,0,0,0,0,3
49251,0,0,1,0,0,0,0,0,0,1
49252,0,0,0,0,0,0,1,0,0,1
49253,2,2,0,0,1,0,0,1,2,8
49259,4,4,3,2,2,1,0,2,4,22
49260,1,2,1,2,2,0,1,1,0,10
49261,2,17,4,7,7,2,0,3,19,61
49263,0,0,1,0,0,0,0,0,0,1
49264,0,0,1,0,0,0,0,0,0,1
49266,0,0,1,0,0,0,0,0,0,1
49267,13,22,18,32,13,3,1,12,80,194
49269,0,2,1,1,2,0,0,0,3,9
49271,1,3,0,0,0,0,0,1,2,7
49272,0,2,0,0,0,0,0,0,0,2
49273,5,0,0,0,0,0,0,0,0,5
49274,5,1,0,0,0,0,0,0,0,6
49276,7,0,4,0,0,0,0,0,2,13
49278,87,277,4,45,12,1,9,9,50,494
49283,6,51,5,9,5,2,0,3,28,109
49285,6,0,0,0,0,4,2,0,5,17
49289,0,0,1,0,0,1,0,0,0,2
49292,1,8,1,1,2,0,0,4,3,20
49294,3,2,2,0,3,0,0,1,3,14
49295,0,0,3,0,0,0,0,0,0,3
49296,1,0,2,0,1,0,0,0,1,5
49298,5,5,0,1,6,0,1,1,11,30
49299,2,2,1,1,2,1,0,1,2,12
49301,7,78,8,8,15,8,2,6,51,183
49305,1,0,0,0,0,0,0,0,0,1
49306,3,3,3,0,1,2,0,0,6,18
49307,6,27,3,11,13,2,0,3,23,88
49308,5,2,1,0,0,1,0,0,5,14
49310,0,0,0,0,0,0,0,0,1,1
49311,0,0,1,0,0,0,0,0,0,1
49313,1,0,7,0,0,0,2,0,0,10
49318,1,0,4,0,0,0,0,0,0,5
49323,6,12,3,7,9,2,0,12,33,84
49328,172,337,45,57,40,32,28,21,296,1028
49329,2,0,0,0,0,0,0,0,0,2
49331,33,75,10,13,21,9,3,4,118,286
49332,5,13,4,1,3,2,0,0,6,34
49333,7,11,0,2,5,0,2,4,8,39
49336,0,2,0,0,0,0,0,0,0,2
49337,3,0,0,0,0,0,0,0,0,3
49338,0,3,0,0,0,0,0,0,0,3
49339,0,0,1,0,0,0,0,0,0,1
49343,2,6,2,2,2,1,0,2,3,20
49345,4,9,3,1,3,2,1,3,10,36
49347,8,19,12,3,5,2,2,7,28,86
49349,3,0,2,0,0,0,0,0,0,5
49350,6,0,8,0,0,2,1,0,1,18
49353,234,338,53,24,19,7,2,12,120,809
49355,2,4,6,1,2,1,0,6,8,30
49360,1,0,0,0,0,0,0,0,0,1
49361,2,3,1,0,2,0,1,2,1,12
49362,0,0,0,0,2,0,0,0,2,4
49363,0,0,0,0,0,1,0,0,0,1
49364,0,0,0,0,0,0,0,1,1,2
49367,5,13,1,3,1,0,0,4,2,29
49368,3,12,0,7,3,0,0,1,4,30
49369,5,7,1,0,2,0,1,0,3,19
49371,1,2,5,0,1,0,0,0,0,9
49373,18,23,9,3,7,2,2,5,36,105
49374,0,2,0,0,0,0,0,0,0,2
49375,5,0,4,0,0,0,0,0,0,9
49377,5,14,1,1,4,0,0,0,6,31
49378,3,4,2,0,2,0,0,1,3,15
49381,0,3,0,1,0,0,0,0,3,7
50002,8,12,8,15,7,3,0,2,42,97
50003,6,13,3,3,7,1,0,1,13,47
50013,0,2,0,0,0,0,0,0,0,2
50015,0,2,0,0,0,0,0,0,0,2
50019,0,0,0,0,0,0,0,0,1,1
50025,173,319,16,33,28,7,30,7,231,844
50027,0,2,0,0,0,0,0,0,0,2
50029,2,14,0,1,2,0,0,0,2,21
50030,1,5,1,0,4,0,0,0,1,12
50031,4,17,6,1,8,2,0,2,10,50
50032,0,0,1,0,0,0,0,0,0,1
50034,0,2,0,0,0,0,0,0,0,2
50036,0,7,0,0,0,0,0,0,0,7
50038,0,1,0,0,0,0,0,0,0,1
50041,6,39,5,6,7,1,1,0,40,105
50045,0,0,4,0,0,0,0,0,2,6
50048,0,3,0,0,0,0,0,0,0,3
50058,0,5,0,1,0,0,0,0,0,6
50066,3,12,2,2,6,0,0,1,3,29
50071,0,1,0,0,0,0,0,0,0,1
50072,0,0,0,0,0,0,0,0,1,1
50074,3,18,1,0,3,2,0,1,25,53
50076,5,19,5,4,3,3,1,3,15,58
50077,3,4,0,0,0,0,0,0,1,8
50078,0,0,0,1,0,0,0,1,1,3
50082,5,14,3,2,5,1,0,1,9,40
50085,0,1,0,0,0,0,0,0,0,1
50086,0,0,0,1,0,0,0,0,0,1
50087,5,3,2,1,2,0,0,0,5,18
50090,0,0,0,1,0,0,0,0,0,1
50092,1,8,0,1,0,0,0,0,0,10
50095,2,5,2,0,3,1,0,0,0,13
50098,0,2,0,0,0,0,0,0,0,2
50099,50,64,10,12,14,5,1,5,66,227
50102,0,2,2,0,0,2,0,0,2,8
50109,3,12,2,0,2,0,1,0,8,28
50110,2,8,0,1,2,0,0,0,1,14
50111,1,7,1,0,2,0,0,0,4,15
50115,0,0,0,1,0,0,0,0,0,1
50129,306,732,54,72,85,38,54,33,503,1877
50132,0,0,0,0,0,0,0,0,1,1
50137,0,0,0,0,2,0,0,0,0,2
50138,0,0,1,0,0,0,0,0,0,1
50139,5,5,0,0,3,1,0,2,11,27
50143,0,0,0,0,0,0,0,0,1,1
50145,0,3,0,0,0,0,0,0,0,3
50147,57,157,19,29,26,14,6,10,125,443
50149,0,1,0,0,0,0,0,0,0,1
50151,0,5,1,0,2,0,0,0,4,12
50158,0,2,0,0,0,0,0,0,5,7
50159,0,0,1,0,0,0,0,0,1,2
50161,0,7,0,0,0,0,0,0,0,7
50162,2,2,1,0,2,0,2,2,0,11
50164,1,3,0,0,0,0,0,0,0,4
50165,2,13,5,0,5,3,0,0,13,41
50167,0,1,0,0,0,0,0,0,0,1
50168,6,17,1,6,4,2,1,2,13,52
50173,35,6,22,0,0,6,1,0,9,79
50174,0,0,0,1,0,0,0,0,0,1
50178,0,0,1,1,0,0,0,0,0,2
50184,3,12,2,0,2,0,0,1,3,23
50185,0,0,4,0,0,0,0,0,2,6
50192,0,0,0,0,0,0,0,0,1,1
50197,5,6,3,0,2,1,0,1,6,24
50198,0,1,0,0,0,0,0,0,1,2
50199,0,1,0,0,0,1,0,0,0,2
50200,1,2,0,0,0,0,0,0,1,4
50203,7,0,9,0,0,0,2,0,1,19
50209,0,4,0,0,0,0,0,0,0,4
50215,5,8,2,2,5,0,0,1,4,27
50216,0,3,0,1,0,0,0,0,0,4
50218,120,316,85,29,27,10,8,14,166,775
50219,0,1,0,0,0,0,1,1,2,5
50228,2,6,1,1,2,0,0,0,1,13
50231,0,1,2,0,0,0,0,0,0,3
50232,0,0,0,0,0,0,0,0,1,1
50236,3,19,6,2,4,4,2,2,18,60
50237,4,22,2,1,3,2,0,2,10,46
50239,4,3,3,0,3,1,2,1,4,21
50243,0,2,0,0,0,0,0,0,0,2
50252,0,2,3,0,0,0,0,0,5,10
50256,7,5,1,0,2,0,0,2,5,22
50259,0,1,0,0,0,0,0,0,0,1
50260,2,7,0,1,1,0,0,1,0,12
50267,5,18,2,0,4,1,1,0,9,40
50272,1,9,1,0,2,0,0,0,2,15
50273,0,3,0,1,0,0,0,0,0,4
50274,0,1,1,0,0,0,0,0,0,2
50276,0,0,0,0,0,0,0,0,1,1
50277,0,0,1,0,0,0,0,0,0,1
50281,0,3,0,0,0,0,0,0,0,3
50285,0,1,0,1,0,0,0,0,0,2
50288,3,4,1,0,2,2,0,0,10,22
50292,2,24,2,4,3,1,0,0,18,54
50294,3,5,2,1,2,1,3,2,4,23
50296,0,1,0,0,0,0,0,0,0,1
50297,0,0,0,0,0,0,0,0,1,1
50305,0,2,0,0,0,0,0,0,0,2
50320,1,0,0,0,0,0,0,0,0,1
50321,0,0,0,0,0,0,0,0,1,1
50335,0,0,0,1,0,0,0,0,0,1
50341,5,24,4,1,4,0,0,0,6,44
50342,1,2,1,0,0,0,0,0,1,5
50349,3,13,7,0,3,2,0,0,2,30
50359,4,34,4,7,2,0,0,3,18,72
50363,1,1,0,1,0,0,0,0,2,5
50364,0,0,0,1,0,0,0,0,0,1
50372,0,2,0,0,0,0,0,0,0,2
50378,0,0,0,1,0,0,0,0,0,1
50381,0,3,0,0,0,0,0,0,0,3
50382,0,0,0,1,0,0,0,0,0,1
50388,0,2,0,0,0,0,0,0,0,2
50391,1,6,0,0,4,0,0,0,1,12
50393,3,13,3,0,3,0,0,0,3,25
50394,3,20,5,3,5,0,0,1,20,57
50400,14,96,2,22,6,2,0,4,30,176
50402,6,21,3,1,6,0,3,2,18,60
50403,0,2,1,1,0,0,0,0,1,5
50408,0,3,0,0,0,0,0,0,0,3
50409,3,6,1,0,2,0,0,0,4,16
50410,26,125,8,23,6,3,1,8,42,242
50412,3,7,3,1,2,0,1,0,11,28
50416,3,4,4,0,0,0,1,0,1,13
50417,0,3,2,0,2,0,2,1,5,15
50419,1,5,0,0,2,1,0,0,2,11
50425,0,2,2,0,0,0,0,0,0,4
50428,0,3,0,0,0,0,0,0,7,10
50429,0,1,0,0,0,0,0,0,0,1
50431,0,2,0,0,1,0,0,0,1,4
50433,1,2,0,0,0,0,0,0,0,3
50436,0,2,0,0,0,0,0,0,0,2
50437,1,2,0,0,2,0,0,0,0,5
50444,0,1,1,0,0,0,0,0,3,5
50446,0,0,1,0,0,0,0,0,0,1
50448,0,1,0,0,0,0,0,0,0,1
50453,0,1,0,0,0,0,0,0,0,1
50455,6,7,1,2,2,2,0,1,3,24
50456,0,0,0,0,0,0,0,0,1,1
50458,1,0,0,0,0,0,0,0,0,1
50468,0,4,0,0,1,0,0,0,1,6
50474,0,1,0,0,0,1,0,0,0,2
50481,0,0,1,0,0,0,0,1,0,2
50483,0,2,0,0,0,0,0,0,2,4
50484,12,66,7,4,6,2,1,3,54,155
50487,5,39,2,4,6,6,0,1,21,84
50488,0,6,2,0,2,0,0,0,1,11
50489,0,0,7,0,0,0,0,1,1,9
50490,0,1,0,0,0,0,0,0,0,1
50492,3,5,1,1,2,0,0,0,6,18
50493,3,2,1,0,2,0,0,0,1,9
50499,0,0,4,0,0,0,0,0,0,4
50502,467,604,27,89,41,8,50,23,358,1667
50505,0,0,1,0,0,0,0,0,0,1
50506,0,2,0,0,0,0,0,0,0,2
50509,1,0,0,0,0,0,0,1,0,2
50510,6,17,4,1,2,0,0,0,3,33
50515,1,1,1,0,0,0,0,0,0,3
50516,62,2,5,0,0,0,0,0,0,69
50523,2,11,2,1,3,1,0,1,3,24
50525,0,4,0,0,0,0,0,0,2,6
50531,1,3,0,1,0,0,0,0,1,6
50532,11,25,19,5,4,12,0,0,22,98
50535,0,3,0,0,0,0,0,0,0,3
50537,3,0,0,0,0,0,0,1,1,5
50539,3,15,4,0,5,0,0,1,12,40
50540,0,1,0,0,0,0,0,0,1,2
50541,0,5,0,0,0,0,0,0,1,6
50542,3,3,0,0,1,0,0,0,1,8
50543,0,2,0,0,0,2,0,0,4,8
50546,0,6,0,0,2,0,1,2,1,12
50550,1,7,4,0,4,2,0,0,4,22
50551,3,13,5,0,3,1,1,0,4,30
50553,1,5,0,0,0,0,0,0,0,6
50554,1,0,1,0,0,0,0,0,0,2
50562,2,8,1,0,3,0,0,0,5,19
50564,0,1,0,0,0,0,0,0,1,2
50565,5,15,4,1,2,5,0,3,9,44
50575,0,0,3,0,0,1,0,0,0,4
50576,9,36,24,6,1,0,0,0,16,92
50579,0,2,0,0,0,0,0,0,0,2
50582,1,20,2,2,2,1,0,1,8,37
50591,1,13,1,2,2,0,0,0,4,23
50592,4,15,2,2,2,0,0,0,2,27
50594,0,2,3,0,0,0,0,0,0,5
50596,0,0,0,0,0,0,0,1,0,1
50597,0,2,0,0,0,0,0,0,2,4
50599,0,1,2,1,0,0,0,2,3,9
50601,7,19,4,1,6,1,0,3,12,53
50602,12,8,8,0,0,5,0,0,5,38
50603,1,2,2,1,0,0,1,2,1,10
50605,0,1,0,0,0,0,0,0,0,1
50607,0,0,0,0,0,0,0,0,1,1
50610,0,0,0,0,0,0,0,0,1,1
50615,52,73,21,10,12,5,3,10,61,247
50616,2,2,1,0,0,12,3,0,2,22
50620,0,3,0,0,0,0,0,0,0,3
50637,0,1,0,0,0,0,0,0,0,1
50639,22,34,7,3,7,4,0,3,32,112
50643,1,2,1,0,2,0,0,0,0,6
50647,1,3,7,0,0,0,0,0,10,21
50648,0,0,1,0,0,0,0,0,0,1
51002,3,8,0,1,1,0,0,0,0,13
51005,0,2,0,0,0,0,0,0,0,2
51007,4,2,4,0,0,0,1,4,7,22
51009,1,2,1,0,2,0,0,0,0,6
51018,1,4,0,1,0,0,0,0,0,6
51025,0,1,0,0,0,0,0,0,0,1
51028,1,12,0,3,0,0,0,1,0,17
51029,4,12,2,0,4,4,0,1,7,34
51030,4,27,5,7,5,4,1,1,19,73
51037,0,0,0,0,0,0,0,0,1,1
51043,1,8,1,0,4,1,1,3,12,31
51044,1,0,0,0,0,0,0,0,0,1
51046,2,3,4,2,0,0,0,1,1,13
51054,1,2,6,0,2,1,0,1,6,19
51055,10,14,20,0,8,6,1,7,13,79
51058,287,269,15,26,11,9,60,5,112,794
51065,1,0,0,0,0,0,0,0,3,4
51074,2,2,0,1,0,0,0,1,0,6
51075,2,6,1,3,0,0,0,1,1,14
51079,0,4,0,0,3,2,0,0,3,12
51081,0,0,1,0,0,0,0,0,0,1
51086,0,0,0,0,0,0,0,0,1,1
51099,0,0,0,0,6,0,0,0,0,6
51101,0,0,1,1,2,0,0,0,0,4
51105,2,12,2,0,3,3,0,2,9,33
51106,0,0,0,0,0,0,0,0,1,1
51108,302,702,40,97,48,31,40,13,309,1582
51115,1,2,4,0,0,0,0,0,8,15
51118,0,0,4,0,0,1,1,3,11,20
51119,0,2,0,0,0,0,0,0,0,2
51130,0,0,0,0,0,0,0,0,1,1
51136,2,5,4,1,2,4,0,1,2,21
51140,2,0,0,0,0,0,0,0,0,2
51147,0,0,0,0,0,0,0,0,1,1
51153,1,4,5,0,0,0,0,0,2,12
51160,0,0,0,0,0,0,0,1,0,1
51161,0,0,0,1,0,0,0,1,0,2
51162,0,3,0,0,0,0,0,0,2,5
51165,1,0,0,0,1,0,0,0,1,3
51171,4,3,4,1,2,2,1,0,7,24
51172,33,63,23,17,12,6,1,7,69,231
51183,3,3,5,1,2,0,0,1,1,16
51184,0,3,0,0,0,0,0,0,0,3
51187,0,0,1,0,0,0,0,0,0,1
51192,0,0,0,0,0,0,0,0,1,1
51193,3,5,2,0,1,5,0,1,3,20
51195,0,0,3,0,0,0,0,0,0,3
51198,0,2,0,0,0,0,0,0,0,2
51204,3,2,5,0,3,2,0,0,2,17
51210,7,2,3,0,3,2,0,0,1,18
51217,7,12,4,3,6,4,1,0,11,48
51225,0,0,0,0,0,0,0,0,1,1
51230,177,309,32,50,43,17,22,11,192,853
51237,1,5,2,0,2,1,0,0,5,16
51238,2,4,1,0,2,0,0,0,0,9
51242,6,14,7,5,11,0,1,2,42,88
51243,0,2,0,0,0,0,0,0,0,2
51244,1,0,0,0,0,0,0,0,0,1
51248,2,3,1,1,2,4,0,1,4,18
51249,0,1,0,0,0,0,0,0,0,1
51250,10,48,11,2,7,3,2,1,26,110
51256,1,0,0,0,0,0,0,0,1,2
51258,0,0,0,0,0,0,0,0,1,1
51262,5,3,0,1,3,1,1,1,2,17
51266,0,0,0,0,0,0,0,0,1,1
51272,2,2,1,0,2,1,0,0,3,11
51277,2,0,0,0,0,0,0,0,0,2
51282,6,5,6,1,2,7,0,3,9,39
51289,0,0,0,0,0,0,0,0,1,1
51291,2,6,3,0,0,1,0,1,1,14
51298,0,2,0,0,0,0,0,0,1,3
51299,0,2,0,0,0,0,0,0,0,2
51303,0,3,0,0,2,0,0,0,1,6
51305,0,0,0,1,0,0,0,0,0,1
51308,5,5,2,1,6,0,0,1,5,25
51312,2,2,2,0,0,1,0,0,0,7
51316,0,2,0,0,0,0,0,0,0,2
51318,0,0,0,0,0,0,0,0,1,1
51320,0,0,1,0,0,0,0,0,0,1
51326,0,1,0,0,0,0,0,0,0,1
51328,0,11,0,2,1,0,0,0,4,18
51329,0,0,0,0,0,0,0,0,1,1
51333,0,2,0,0,0,0,0,0,0,2
51340,0,0,0,2,0,0,0,0,1,3
51343,1,0,0,0,0,0,0,0,0,1
51344,1,3,3,0,0,0,0,0,1,8
51346,1,4,0,0,2,0,0,0,4,11
51347,3,1,3,0,0,0,0,0,0,7
51348,0,0,1,0,0,0,0,0,0,1
51349,0,0,0,0,0,0,0,0,1,1
51352,2,2,0,0,1,0,0,0,1,6
51357,0,0,0,0,1,0,0,0,1,2
51361,0,6,0,1,0,0,0,0,0,7
51362,0,0,0,0,0,0,0,0,1,1
51365,0,0,1,0,0,0,0,0,0,1
51380,12,34,6,4,8,8,1,2,22,97
51381,0,0,0,0,0,2,0,0,0,2
51388,5,6,4,0,6,2,1,4,18,46
51389,1,0,0,0,0,0,0,0,1,2
51391,3,4,4,1,4,2,1,0,6,25
51399,3,0,0,0,0,0,0,0,0,3
51402,0,3,0,0,0,0,0,0,0,3
51407,0,2,0,0,0,0,0,0,0,2
51409,1,1,0,0,0,0,0,0,0,2
51410,0,6,0,4,0,0,0,0,0,10
51413,0,1,0,0,0,0,0,0,1,2
51416,0,2,1,0,1,0,0,0,0,4
51418,0,0,3,0,3,0,0,0,0,6
51422,2,2,1,0,4,2,0,2,2,15
51423,2,2,2,0,2,0,0,0,0,8
51431,2,2,0,4,2,0,0,0,15,25
51432,1,3,1,0,3,0,1,1,2,12
51436,3,5,2,1,3,1,0,0,5,20
51440,4,4,2,0,3,2,0,3,6,24
51447,0,0,0,0,0,0,0,0,1,1
51449,0,0,0,1,0,0,2,2,0,5
51453,0,0,0,0,0,0,0,0,2,2
51454,1418,2833,297,260,314,216,93,68,1591,7090
51461,5,2,2,2,4,1,0,0,5,21
51464,0,0,0,1,0,0,0,0,0,1
51465,0,0,1,0,0,0,0,0,0,1
51468,0,0,0,1,0,0,0,0,0,1
51472,0,3,1,0,0,0,0,0,0,4
51474,9,6,7,2,3,3,2,4,14,50
51482,1,16,2,0,0,0,0,0,0,19
51488,0,0,0,6,0,0,0,0,6,12
51492,0,2,0,0,0,0,0,0,2,4
51493,0,1,0,0,0,0,0,0,0,1
51496,0,0,0,1,0,0,0,0,0,1
51502,0,0,0,0,0,0,0,1,0,1
51504,103,13,3,1,6,0,2,0,2,130
51505,0,0,0,0,0,0,0,0,1,1
51506,5,9,11,0,10,2,0,3,23,63
51507,32,44,6,7,9,4,1,1,32,136
51513,0,4,0,0,0,0,1,0,0,5
51515,0,0,0,0,0,0,0,0,1,1
51518,1,2,0,0,2,0,0,1,3,9
51525,3,4,2,0,3,2,0,2,1,17
51531,7,15,0,1,3,1,0,0,8,35
51535,12,44,3,8,4,2,3,1,30,107
51536,1,4,3,0,3,1,0,2,7,21
51544,0,2,0,0,0,0,0,0,0,2
51548,0,1,0,0,0,0,0,0,0,1
51550,0,2,0,0,0,0,0,0,1,3
51551,1,0,0,0,0,0,0,0,0,1
51559,5,10,4,3,3,3,2,4,9,43
51562,8,9,2,1,4,8,3,2,11,48
51567,0,11,0,0,2,0,0,0,0,13
51568,0,1,0,0,0,0,0,1,0,2
51569,0,0,4,0,0,0,1,0,1,6
51571,4,2,2,0,0,0,0,1,2,11
51573,52,19,31,4,12,10,2,1,54,185
51576,3,5,4,0,4,1,0,1,10,28
51579,0,0,0,0,0,0,0,0,1,1
51580,0,2,0,0,0,0,0,0,0,2
51582,0,0,0,0,0,0,0,0,2,2
51588,0,3,0,0,0,0,0,0,0,3
51589,0,0,0,1,0,0,0,0,0,1
51590,3,3,3,0,2,0,0,0,3,14
51591,0,0,0,0,10,0,0,0,0,10
51599,0,1,0,0,0,0,0,0,0,1
51603,0,2,0,0,0,0,0,0,0,2
51612,7,12,6,1,8,2,1,1,16,54
51613,2,8,0,1,1,2,0,0,4,18
51614,3,4,3,1,3,2,0,0,1,17
51617,0,2,0,0,0,0,0,0,0,2
51620,0,0,0,0,0,0,0,0,1,1
51621,1,8,0,0,0,0,0,0,0,9
51623,1,2,0,3,0,0,0,0,5,11
51624,3,3,3,1,4,1,1,3,2,21
51627,0,0,0,0,0,0,0,0,2,2
51629,3,10,1,0,0,0,0,0,1,15
51633,0,1,0,0,0,0,0,1,2,4
51634,0,0,1,0,0,0,0,0,0,1
51636,0,0,1,0,0,0,0,0,0,1
51647,0,4,0,0,0,0,0,0,0,4
51648,0,0,0,0,0,0,0,0,1,1
51649,64,136,19,15,18,21,6,3,86,368
51654,0,2,0,0,0,0,0,0,0,2
51660,4,2,4,0,4,4,0,1,4,23
51662,7,6,8,0,6,7,1,1,13,49
51663,4,6,1,2,1,0,0,0,10,24
52008,6,10,1,1,2,0,0,0,5,25
52013,0,1,0,0,0,0,0,0,0,1
52017,1,4,1,0,2,1,0,0,2,11
52023,1,2,0,0,0,0,0,0,0,3
52044,0,0,0,0,0,0,0,1,0,1
52045,1,4,0,0,4,0,0,0,15,24
52049,0,0,0,0,0,2,0,0,0,2
52050,1,3,0,0,2,1,0,0,0,7
52051,0,0,0,1,0,0,0,0,3,4
52056,0,0,0,0,0,0,0,0,1,1
52058,2,8,2,1,2,2,0,0,6,23
52060,12,36,6,7,2,4,0,0,51,118
52064,0,8,2,0,1,1,1,1,7,21
52074,2,2,2,0,0,1,1,0,1,9
52078,0,0,0,0,0,5,0,0,0,5
52093,3,9,3,1,5,1,0,1,1,24
52099,0,0,0,0,0,0,0,0,1,1
52103,0,2,0,0,0,0,0,0,0,2
52104,0,3,0,0,0,0,0,0,3,6
52105,0,0,0,0,0,0,0,0,1,1
52112,0,0,0,0,0,1,0,0,1,2
52114,3,11,0,0,2,1,0,0,5,22
52121,194,381,27,57,32,12,27,12,189,931
52123,1,3,0,2,0,0,0,0,0,6
52125,0,1,2,0,0,0,0,0,0,3
52140,1,2,1,0,1,0,0,1,2,8
52144,0,0,0,0,0,4,0,0,0,4
52156,1,0,0,0,0,0,0,0,0,1
52176,0,0,0,0,0,2,0,0,0,2
52177,2,9,2,0,1,0,0,0,3,17
52178,2,5,0,0,1,0,0,0,2,10
52182,0,5,0,0,3,0,0,0,1,9
52187,0,0,0,0,0,0,0,0,1,1
52194,1,7,2,0,2,1,0,0,1,14
52197,5,15,3,2,4,2,0,1,16,48
52200,0,1,0,0,0,0,0,0,0,1
52205,0,1,0,0,0,0,0,0,2,3
52211,3,4,2,0,2,0,0,0,7,18
52212,0,1,0,0,0,0,0,0,0,1
52237,0,0,0,0,0,0,0,0,1,1
52242,0,0,0,1,0,0,0,0,0,1
52244,0,0,0,1,0,0,0,0,0,1
52246,0,1,0,0,0,0,0,0,0,1
52249,0,0,0,0,0,0,0,0,1,1
52250,8,41,6,2,7,3,0,1,22,90
52251,0,0,0,0,0,0,0,0,1,1
52265,0,1,0,0,0,0,0,0,0,1
52267,0,1,0,0,0,0,0,0,0,1
52269,84,151,13,20,12,5,7,4,56,352
52274,0,1,0,0,0,0,0,0,0,1
52292,2,11,3,0,3,0,0,3,6,28
52306,1,4,0,2,0,0,0,0,1,8
52308,0,5,0,1,0,0,0,0,0,6
52309,0,1,0,0,0,0,0,0,0,1
52331,6,33,6,5,3,3,2,1,31,90
52332,4,10,3,5,4,1,0,0,4,31
52335,0,0,0,0,0,0,0,0,1,1
52340,0,2,0,0,0,0,0,0,0,2
52348,1,1,0,0,2,0,0,0,0,4
52353,9,24,4,2,2,0,0,1,7,49
52383,0,0,0,0,0,0,0,0,1,1
52398,0,6,0,0,0,0,0,0,1,7
52405,5,5,0,1,1,2,0,0,6,20
52411,0,2,0,2,0,0,0,0,8,12
52414,1,4,1,0,2,1,0,0,4,13
52421,1,9,0,0,0,0,0,0,0,10
52429,0,0,0,1,0,0,0,0,0,1
52432,2,2,2,0,1,0,0,0,1,8
52444,0,1,0,1,2,0,0,0,23,27
52446,0,0,0,0,0,0,0,0,11,11
52448,174,402,24,52,28,20,25,13,211,949
52449,22,3,7,0,0,0,0,1,15,48
52453,0,0,0,1,0,0,0,0,0,1
52456,0,1,0,0,0,0,0,0,0,1
52461,0,2,0,0,0,0,0,0,0,2
52479,1,1,0,0,0,0,0,0,0,2
52491,0,0,0,1,0,0,0,0,0,1
52505,0,1,0,0,0,0,0,0,0,1
52509,2,2,2,0,0,2,0,0,1,9
52529,0,1,0,0,0,0,0,0,0,1
52534,0,3,1,0,1,1,0,0,2,8
52535,0,2,0,0,0,0,0,0,0,2
52550,3,17,4,0,6,0,1,0,9,40
53001,0,2,1,1,4,2,0,0,1,11
53002,1,3,0,0,0,0,0,0,1,5
53003,4,17,2,1,3,1,0,0,9,37
53005,2,11,1,5,2,0,1,1,4,27
53007,3,3,1,1,2,1,0,0,3,14
53008,0,2,2,1,2,0,0,0,3,10
53010,0,0,0,1,0,0,0,0,0,1
53011,1,7,0,4,0,0,0,0,3,15
53015,0,5,2,1,0,1,0,0,5,14
53016,2,17,2,3,2,0,0,1,3,30
53017,0,2,0,0,0,0,0,0,0,2
53018,1,8,1,0,1,0,0,0,0,11
53024,0,0,3,0,0,0,0,0,0,3
53029,0,2,0,0,0,0,0,0,2,4
53034,5,10,5,4,5,3,0,0,19,51
53036,0,2,0,0,0,0,0,0,4,6
53039,0,4,3,0,2,0,0,1,3,13
53048,0,3,1,0,0,0,0,0,1,5
53051,1,0,0,0,0,0,0,0,0,1
53054,18,21,6,7,5,6,0,3,42,108
53055,0,2,0,0,0,0,0,0,0,2
53056,0,0,0,1,0,0,0,0,0,1
53061,0,1,0,0,0,0,0,0,0,1
53062,110,167,25,21,21,11,31,8,139,533
53064,0,2,0,0,0,0,0,0,0,2
53066,1,4,4,1,1,0,0,0,0,11
53072,0,0,0,0,0,0,0,0,2,2
53077,5,13,3,3,2,1,0,2,8,37
53084,8,49,6,5,7,0,0,1,29,105
53088,1,3,2,0,1,0,0,1,0,8
53089,0,1,0,0,0,0,0,0,0,1
53093,0,0,0,0,0,0,0,0,1,1
53094,3,5,2,2,2,0,1,1,6,22
53096,5,58,11,4,7,4,0,4,41,134
53097,9,62,5,4,10,2,1,3,53,149
53100,3,9,0,0,3,0,0,0,3,18
53103,3,2,1,1,2,1,0,1,3,14
53106,0,0,0,1,0,0,0,0,0,1
53107,5,9,1,4,3,2,2,0,7,33
53108,0,0,0,1,0,0,0,0,0,1
53109,0,0,0,1,0,0,0,0,0,1
53110,4,4,0,2,2,0,0,2,1,15
53113,0,1,0,0,0,0,0,0,1,2
53119,9,15,5,0,3,3,1,1,7,44
53121,1,11,1,0,2,0,0,0,1,16
53122,1,4,0,0,0,0,0,0,2,7
53123,0,1,0,0,0,0,0,2,1,4
53125,0,4,0,1,1,0,0,0,0,6
53126,0,3,0,1,0,0,0,0,1,5
53127,1,19,5,3,3,1,1,0,15,48
53130,301,723,83,111,73,29,52,36,583,1991
53133,0,0,1,0,0,0,0,0,0,1
53137,2,2,6,0,2,2,0,1,5,20
53139,0,2,0,0,0,0,0,0,0,2
53140,2,6,7,2,3,4,0,3,15,42
53146,2,10,1,0,2,0,0,1,6,22
53147,71,257,18,21,34,18,24,5,172,620
53150,0,1,0,0,0,0,0,0,0,1
53151,0,3,0,1,0,0,0,0,0,4
53152,8,22,3,4,5,2,1,2,21,68
53154,1,9,0,1,2,0,0,2,3,18
53155,2,1,0,0,2,0,0,0,1,6
53161,3,9,1,2,2,1,0,0,12,30
53162,1,0,1,0,0,0,0,0,0,2
53168,0,3,0,0,0,0,0,0,0,3
53170,1,5,0,0,2,0,0,0,0,8
53172,0,0,0,1,0,0,0,0,0,1
53176,0,2,0,0,0,0,0,0,0,2
53181,0,10,1,1,0,0,0,0,0,12
53182,1,5,1,1,3,0,0,1,8,20
53185,1,9,2,2,2,0,0,0,14,30
53186,2,4,2,1,1,0,0,0,1,11
53187,1,0,0,0,0,0,0,0,0,1
53188,3,6,2,0,3,0,0,1,9,24
53197,0,8,0,0,2,0,0,0,2,12
53200,1,0,0,0,0,0,0,0,0,1
53201,12,42,5,6,6,1,2,0,49,123
53210,4,11,2,0,0,0,1,1,0,19
53211,1,5,1,1,0,0,0,2,7,17
53213,0,0,0,0,0,0,0,0,1,1
53214,0,0,0,0,0,0,0,0,1,1
53216,0,3,0,1,0,0,0,0,0,4
53219,0,2,0,0,0,0,0,0,0,2
53229,1,2,0,0,0,0,0,0,0,3
53243,0,2,0,0,0,0,0,0,0,2
53246,1,7,2,1,2,0,0,0,2,15
53247,2,12,1,1,2,1,1,1,3,24
53249,0,2,1,0,0,0,0,0,0,3
53251,0,0,0,0,0,0,0,2,0,2
53253,0,4,0,0,0,0,0,0,1,5
53255,1,2,1,2,1,0,0,0,0,7
53258,0,5,0,3,0,0,0,0,31,39
53262,0,0,0,0,0,0,0,0,1,1
53267,3,8,0,0,2,1,0,0,5,19
53271,5,23,4,2,3,1,1,2,13,54
53273,1,2,4,1,0,0,0,0,0,8
54010,3,3,2,0,0,2,0,0,2,12
54012,2,0,1,0,0,0,0,0,0,3
54018,0,0,0,0,0,0,0,0,1,1
54025,3,2,1,1,0,2,1,1,1,12
54027,2,9,2,0,5,0,0,0,1,19
54028,2,6,1,0,1,1,0,0,3,14
54029,4,4,6,0,4,3,0,6,5,32
54031,0,0,0,1,0,0,0,0,0,1
54033,0,0,0,1,0,0,0,0,1,2
54034,0,3,0,0,0,0,0,0,0,3
54035,0,0,0,0,0,0,0,0,1,1
54038,1,4,0,0,3,0,0,0,0,8
54039,13,47,6,8,6,4,2,2,19,107
54040,3,4,1,0,3,2,1,0,16,30
54043,12,37,19,2,2,0,0,5,33,110
54049,0,0,0,1,0,0,0,0,0,1
54051,1,5,0,0,0,0,0,0,0,6
54054,4,18,8,3,3,0,2,1,9,48
54059,0,2,0,0,0,0,0,0,0,2
54060,0,3,1,0,0,0,0,0,0,4
54061,1,4,4,0,3,0,1,0,0,13
54062,0,0,3,0,0,0,0,1,0,4
54065,1,2,0,0,0,0,0,0,1,4
54066,0,0,0,0,0,0,0,1,0,1
54067,0,0,1,0,0,0,0,0,0,1
54076,4,11,5,0,5,1,0,3,7,36
54077,4,17,0,1,4,0,0,0,20,46
54079,7,19,2,0,4,1,0,1,3,37
54080,3,3,0,0,3,0,0,2,2,13
54084,0,0,0,0,0,0,0,0,4,4
54085,0,1,0,0,0,0,0,0,0,1
54089,1,3,2,0,0,0,0,1,2,9
54090,11,12,5,3,6,3,2,4,12,58
54099,90,110,11,26,14,6,25,10,124,416
54100,2,1,1,3,1,1,1,1,0,11
54102,1,2,0,0,0,0,0,0,1,4
54109,0,0,0,1,0,0,0,0,0,1
54111,2,6,2,2,4,2,0,2,1,21
54112,0,0,0,0,0,0,0,1,0,1
54113,3,6,4,1,2,3,0,2,6,27
54115,9,12,6,0,15,4,0,4,17,67
54116,2,2,1,0,3,2,0,0,0,10
54122,0,0,0,1,0,0,0,0,0,1
54123,2,6,0,0,0,0,0,0,1,9
54127,0,2,0,0,0,0,0,1,4,7
54129,6,28,2,2,3,1,0,1,17,60
54135,7,12,6,2,3,2,0,3,11,46
54136,2,2,1,0,3,3,1,0,15,27
54137,0,2,2,0,0,0,0,2,0,6
54138,2,2,0,1,2,0,0,1,0,8
54149,0,3,0,0,2,0,2,0,3,10
54150,4,9,6,0,7,3,0,3,11,43
54152,2,4,3,1,1,2,0,0,5,18
54156,4,6,0,1,2,1,1,0,2,17
54157,6,10,7,1,6,1,1,7,12,51
54159,8,26,8,5,11,9,3,4,29,103
54160,1,3,1,0,1,1,0,0,0,7
54162,3,7,2,2,3,1,0,0,2,20
54165,1,1,0,0,0,0,0,0,0,2
54167,3,11,1,3,2,0,0,0,32,52
54174,1,2,6,0,8,0,0,0,3,20
54176,1,11,1,1,3,1,2,0,1,21
54184,236,348,20,11,13,6,1,2,119,756
54186,1,2,0,1,0,0,0,0,1,5
54188,3,15,1,2,0,0,0,1,5,27
54196,34,39,32,15,4,2,3,20,66,215
54197,1,2,4,1,4,1,0,1,7,21
54205,3,11,2,1,6,1,0,0,4,28
54209,0,0,0,0,0,0,0,0,3,3
54215,31,46,5,3,23,3,4,4,56,175
54222,4,6,2,2,2,1,1,1,4,23
54227,0,3,2,0,0,0,0,0,0,5
54232,2,4,6,1,13,4,0,1,6,37
54234,0,2,2,0,3,2,0,0,2,11
54252,5,11,2,2,3,1,1,3,3,31
54253,0,2,0,0,0,0,0,0,0,2
54254,5,7,1,3,0,2,0,1,3,22
54257,12,8,7,5,9,5,0,3,6,55
54260,0,1,0,0,0,0,0,0,0,1
54261,8,4,1,2,3,3,0,2,5,28
54263,2,17,7,0,3,5,0,0,2,36
54265,6,10,5,0,2,2,0,2,29,56
54269,0,2,0,0,0,0,0,0,0,2
54270,3,11,2,1,2,0,1,1,2,23
54273,12,31,6,4,10,3,3,4,39,112
54274,25,20,6,15,12,10,3,14,34,139
54276,0,6,1,0,0,0,0,0,0,7
54279,0,0,0,1,0,0,0,1,0,2
54280,22,41,6,6,6,1,0,2,26,110
54281,0,0,1,0,0,0,0,0,0,1
54284,0,4,0,1,1,0,0,0,0,6
54286,5,6,2,1,0,4,0,0,2,20
54295,0,4,0,0,0,0,0,0,0,4
54300,10,10,5,1,9,4,0,5,13,57
54301,0,0,0,0,0,0,0,1,0,1
54304,155,410,31,108,19,14,1,18,181,937
54305,13,34,14,4,3,3,0,5,29,105
54312,0,1,0,1,2,0,0,0,0,4
54314,3,9,5,2,4,4,1,2,7,37
54315,2,3,2,1,3,3,2,0,1,17
54316,2,0,0,0,0,0,0,0,0,2
54318,4,11,5,0,6,4,0,3,14,47
54321,4,6,0,0,2,1,0,0,2,15
54322,8,23,6,1,5,3,1,3,9,59
54323,16,32,11,25,10,11,0,13,35,153
54328,17,25,8,5,13,12,3,4,40,127
54329,233,291,29,36,43,16,26,21,187,882
54331,2,2,1,0,2,0,0,0,0,7
54332,1,0,2,1,3,0,0,0,2,9
54336,1,3,0,0,0,0,0,0,0,4
54338,0,0,2,0,0,0,0,0,0,2
54339,8,22,11,13,6,5,0,4,22,91
54341,0,0,0,1,0,0,0,0,0,1
54342,1,1,1,0,0,0,0,0,0,3
54349,0,0,0,0,0,0,0,0,2,2
54350,0,2,0,0,0,0,0,0,0,2
54351,3,3,4,0,3,1,0,0,3,17
54353,1,7,1,2,3,1,0,1,2,18
54357,152,104,28,37,12,5,5,14,119,476
54360,0,0,1,0,0,0,0,0,0,1
54362,2,3,0,1,1,1,0,2,3,13
54363,0,0,0,0,0,0,0,0,1,1
54364,0,1,0,1,0,0,0,0,0,2
54366,2,9,1,1,4,0,0,0,8,25
54367,2,3,1,1,2,1,1,0,1,12
54371,0,1,0,0,0,0,0,0,0,1
54372,0,0,1,0,0,0,0,0,0,1
54373,0,3,0,1,0,0,1,0,29,34
54374,0,1,0,0,0,0,0,1,0,2
54375,0,0,0,0,0,0,0,0,1,1
54382,74,159,9,27,13,1,22,3,99,407
54383,2,2,0,0,0,0,0,0,1,5
54391,0,2,0,0,2,0,0,0,1,5
54392,0,0,0,1,0,0,0,0,0,1
54393,0,3,0,0,0,0,0,0,0,3
54395,1216,1721,270,287,136,182,185,74,1185,5256
54397,18,22,18,2,11,5,3,4,25,108
54399,0,0,0,0,0,0,0,0,1,1
54400,2,2,2,2,5,2,0,1,7,23
54403,0,0,0,1,0,0,0,0,0,1
54410,0,8,0,3,0,0,0,0,0,11
54414,0,0,0,0,0,0,0,1,0,1
54415,4,6,2,0,6,5,0,2,9,34
54425,1,11,2,0,3,0,2,1,8,28
54426,2,0,0,0,0,0,0,0,0,2
54428,1,3,0,0,2,1,0,0,0,7
54430,9,27,7,5,7,4,1,2,22,84
54431,129,114,25,12,23,17,8,13,108,449
54432,1,4,3,0,4,0,0,4,1,17
54436,0,0,0,0,0,0,0,1,0,1
54437,2,3,3,0,3,0,0,2,2,15
54439,4,15,7,4,5,3,2,4,12,56
54451,1,5,4,0,2,2,0,3,0,17
54452,0,0,0,0,0,0,0,0,1,1
54456,0,0,0,0,0,0,0,0,1,1
54459,3,4,4,0,4,3,1,1,4,24
54462,8,33,8,7,3,0,0,1,72,132
54466,2,12,0,1,0,0,0,0,3,18
54469,0,0,1,0,0,0,0,1,1,3
54472,4,1,1,0,3,0,0,0,0,9
54473,0,4,1,0,0,0,0,0,2,7
54482,21,32,16,8,14,9,3,7,64,174
54483,27,76,12,10,12,7,2,6,56,208
54490,2,2,3,0,0,1,0,0,1,9
54493,1,2,5,0,2,1,0,0,0,11
54495,3,6,5,1,3,5,2,6,1,32
54496,0,0,0,0,0,0,0,0,1,1
54498,12,29,15,4,7,1,1,2,20,91
54509,3,2,0,0,0,0,0,0,0,5
54513,0,0,0,0,0,0,0,0,1,1
54518,4,9,1,0,2,0,0,2,12,30
54521,0,6,0,0,0,0,0,1,0,7
54522,0,0,0,0,0,0,0,0,1,1
54525,1,0,0,0,0,0,0,0,2,3
54526,6,13,10,2,6,0,1,4,16,58
54527,1,5,0,0,0,0,0,0,0,6
54528,143,183,36,16,25,18,28,14,125,588
54530,0,3,0,0,0,0,0,0,0,3
54533,2,4,0,0,1,1,0,0,2,10
54535,0,2,0,0,0,0,0,0,0,2
54536,7,11,3,1,3,1,3,0,4,33
54542,2,1,1,0,1,0,0,0,0,5
54547,1023,1534,82,77,151,74,8,19,791,3759
54549,8,4,2,0,5,1,0,1,3,24
54557,3,5,3,6,0,1,0,2,7,27
54563,8,23,5,2,3,3,2,0,16,62
54566,1,0,0,1,0,0,0,0,0,2
54570,0,0,2,0,0,0,0,0,1,3
54572,1,4,0,2,0,0,0,0,0,7
54575,1,4,2,1,3,1,0,1,6,19
54578,23,50,19,19,14,18,2,13,75,233
54580,11,13,3,2,9,2,0,3,22,65
54583,0,0,1,0,0,0,0,0,0,1
54584,1,2,0,0,0,0,0,3,0,6
54591,1,0,0,1,0,0,0,2,0,4
55009,0,0,0,0,0,0,0,0,1,1
55010,2,8,1,1,2,2,0,3,1,20
55012,0,0,0,1,0,0,0,1,0,2
55015,0,1,0,0,0,0,0,0,0,1
55029,148,309,22,50,28,16,23,12,223,831
55041,1,1,0,1,0,0,0,0,3,6
55043,13,6,8,2,1,0,1,3,7,41
55049,0,2,0,0,0,0,0,0,0,2
55063,1,7,1,0,2,0,0,0,4,15
55073,0,4,0,0,0,0,0,0,1,5
55100,0,1,0,0,0,0,0,0,0,1
55101,0,1,0,0,0,0,0,0,0,1
55102,1,1,1,0,0,0,0,0,0,3
55117,4,25,1,2,1,2,2,2,3,42
55119,0,1,0,0,0,0,0,0,0,1
55122,29,56,5,11,9,13,3,3,49,178
55123,0,0,0,1,0,0,0,0,0,1
55124,1,2,2,0,0,0,0,0,1,6
55132,1,2,1,0,1,0,0,2,3,10
55144,1,6,0,0,0,0,0,0,0,7
55145,3,4,2,1,2,1,1,1,5,20
55154,4,11,2,0,4,1,0,1,6,29
55155,2,2,2,0,1,0,0,0,2,9
55159,0,1,0,0,0,0,0,0,0,1
55160,0,1,0,0,0,0,0,0,0,1
55165,0,6,1,0,0,1,0,1,1,10
55167,0,8,0,0,2,0,0,0,0,10
55170,0,1,0,0,0,0,0,0,0,1
55181,6,22,5,2,4,3,1,1,12,56
55184,1,4,0,0,0,0,0,0,0,5
55186,11,57,0,14,3,1,0,1,19,106
55198,4,9,4,1,2,1,0,0,15,36
55215,2,14,2,1,3,1,0,0,1,24
55225,0,0,0,0,0,0,0,0,1,1
55228,1,6,1,0,0,0,0,0,0,8
55236,0,0,0,0,1,0,0,0,10,11
55250,1,1,0,0,0,0,0,0,0,2
55253,1,3,0,2,0,0,0,0,0,6
55254,2,1,0,0,0,0,0,0,1,4
55258,0,0,0,0,0,0,0,0,1,1
55262,1,1,0,0,0,0,0,0,0,2
55264,0,0,1,0,0,0,0,0,0,1
55268,2,0,1,0,1,0,0,0,0,4
55270,0,1,0,0,0,0,0,0,0,1
55271,0,0,0,0,0,0,0,0,1,1
55272,0,0,0,0,0,0,0,0,2,2
55288,2,2,0,0,2,0,0,0,0,6
55291,9,22,4,2,5,0,2,2,11,57
55296,3,2,2,0,0,0,0,1,0,8
55300,0,2,0,0,0,0,0,0,0,2
55302,1,3,0,0,1,0,0,0,1,6
55304,0,4,0,0,0,0,0,0,0,4
55311,0,0,0,0,0,0,0,1,0,1
55321,0,0,0,1,0,0,0,0,0,1
55324,1,0,0,0,0,1,0,0,0,2
55346,1,0,0,0,0,0,0,0,0,1
55350,0,0,0,0,0,0,0,1,0,1
55351,3,13,5,1,2,1,0,2,8,35
55352,0,1,0,1,0,0,0,0,1,3
55369,0,2,0,0,0,0,0,0,0,2
55382,0,0,0,0,0,0,0,0,1,1
55385,0,0,0,1,0,0,0,0,0,1
55398,2,2,0,1,0,0,0,0,6,11
55399,0,0,0,0,0,0,0,0,1,1
55400,0,2,0,0,0,0,0,0,0,2
55404,5,6,3,1,2,0,1,0,1,19
55423,0,4,0,0,0,0,0,0,1,5
55427,6,15,5,1,6,3,3,2,10,51
55428,0,0,0,0,0,0,0,0,1,1
55435,0,0,0,0,1,0,0,0,0,1
55461,0,0,0,1,0,0,0,0,0,1
55462,0,0,0,1,0,0,0,0,0,1
55463,7,21,3,3,1,2,2,1,9,49
55476,0,0,0,0,0,0,0,0,1,1
55479,0,0,0,1,0,0,0,0,0,1
55492,0,3,0,2,0,0,0,0,2,7
55494,0,0,0,0,0,0,0,0,1,1
55498,1,5,3,0,0,0,0,0,1,10
55500,4,6,6,2,3,3,0,2,4,30
55502,4,16,6,5,4,1,1,3,6,46
55504,0,0,0,0,0,0,0,2,0,2
55505,11,7,0,7,1,2,5,0,55,88
55516,0,3,0,0,0,0,0,0,0,3
55517,2,6,0,2,1,0,0,1,0,12
55519,3,5,1,0,2,2,0,0,0,13
55527,4,10,1,1,6,1,1,1,4,29
55530,0,0,0,6,0,0,0,2,65,73
55531,2,2,0,6,0,0,0,2,33,45
55532,0,0,1,0,0,0,0,0,0,1
55533,4,24,1,2,3,0,1,1,4,40
55543,0,0,0,0,0,1,0,0,1,2
55545,149,483,29,59,29,20,28,10,237,1044
55551,3,4,1,1,3,1,1,1,7,22
55553,0,3,0,0,1,0,0,0,2,6
55571,1,0,0,0,0,0,0,0,0,1
55573,4,6,1,4,4,1,1,2,2,25
56001,9,29,6,3,3,0,0,2,25,77
56002,9,7,5,0,0,1,0,0,19,41
56003,15,26,12,12,6,13,1,3,27,115
56004,0,3,4,1,0,0,0,0,0,8
56005,5,16,2,1,3,0,0,0,21,48
56006,1,3,0,0,0,0,0,0,0,4
56007,110,96,52,39,20,17,4,17,199,554
56008,6,13,11,1,4,1,1,2,10,49
56009,0,0,1,0,0,0,0,0,1,2
56010,16,20,7,11,9,3,2,5,38,111
56011,0,1,0,0,0,0,0,0,0,1
56012,0,4,2,0,4,0,3,1,3,17
56013,6,22,18,2,2,1,1,3,16,71
56014,0,3,1,2,0,0,0,0,2,8
56015,1,5,2,1,0,0,0,2,1,12
56016,0,1,0,0,0,0,0,0,0,1
56017,2,5,1,2,2,0,0,2,16,30
56018,5,9,0,1,1,0,0,0,7,23
56021,2,3,0,0,1,0,0,0,2,8
56022,1,4,0,0,0,0,0,0,0,5
56023,8,19,11,7,4,2,0,7,20,78
56024,9,52,1,6,3,2,0,0,25,98
56026,4,13,3,2,2,1,0,0,6,31
56027,0,0,0,1,0,0,0,0,0,1
56028,3,2,0,0,2,1,0,0,3,11
56029,0,4,0,0,0,0,0,0,1,5
56030,0,0,0,1,0,0,0,0,0,1
56031,3,4,6,0,2,0,0,0,1,16
56032,0,5,1,0,2,0,0,0,0,8
56033,2,19,3,0,4,0,0,2,8,38
56034,8,16,12,3,6,11,0,4,29,89
56035,0,3,0,0,0,0,0,0,0,3
56036,97,179,8,31,8,0,0,10,73,406
56037,4,0,2,0,0,0,0,0,0,6
56039,0,1,0,0,0,0,0,0,0,1
56040,3,5,4,0,2,0,0,1,2,17
56041,2,13,3,1,2,1,0,1,11,34
56042,10,28,11,1,4,0,0,3,9,66
56043,0,1,0,0,0,0,0,0,0,1
56046,6,8,12,3,3,2,0,1,32,67
56047,1,11,0,2,0,0,0,0,2,16
56050,0,0,1,0,0,0,0,0,0,1
56051,0,0,1,1,0,0,0,0,0,2
56052,1,9,2,0,4,0,0,0,2,18
56053,6,16,7,5,3,2,2,5,14,60
56054,4,6,8,1,2,3,0,1,7,32
56055,5,15,4,3,3,0,0,1,5,36
56057,5,26,5,0,3,1,0,3,10,53
56058,5,8,2,2,3,0,1,1,4,26
56060,0,0,1,3,0,0,0,0,0,4
56061,4,9,10,6,3,2,2,5,37,78
56062,0,4,0,0,1,0,0,0,0,5
56063,4,5,5,1,2,0,0,2,3,22
56066,6,22,4,2,5,1,2,1,24,67
56067,10,27,10,14,3,9,3,6,15,97
56068,0,1,0,0,0,0,0,0,0,1
56069,15,9,6,2,3,0,0,2,6,43
56070,5,15,1,1,3,0,2,1,3,31
56071,1,0,0,0,0,0,0,0,0,1
56073,6,53,5,4,3,1,0,2,18,92
56074,0,0,0,0,0,0,0,0,1,1
56075,11,27,6,6,6,1,0,3,41,101
56076,0,3,0,0,0,0,0,0,0,3
56077,0,1,0,0,0,0,0,1,0,2
56078,15,26,25,5,8,7,2,6,34,128
56080,1,4,1,1,1,0,0,0,2,10
56081,2,8,1,0,2,1,1,1,1,17
56083,53,77,23,15,16,7,5,15,73,284
56084,0,3,1,0,0,5,0,0,0,9
56085,0,2,0,0,0,0,0,0,0,2
56086,1,2,1,0,0,0,0,0,0,4
56087,1,3,2,0,2,0,0,0,0,8
56088,1,2,0,0,0,0,0,1,0,4
56089,3,5,2,0,2,0,0,0,1,13
56090,8,18,3,2,4,4,1,1,13,54
56091,3,27,4,0,5,3,0,5,6,53
56093,0,3,0,0,0,0,0,0,0,3
56094,6,11,9,1,6,5,1,3,13,55
56096,2,4,5,0,0,0,0,1,5,17
56097,5,15,6,1,3,3,0,2,5,40
56098,50,68,17,12,24,8,4,13,128,324
56100,0,5,0,0,0,0,0,0,1,6
56101,9,12,8,1,4,3,0,4,10,51
56102,0,4,1,1,0,0,0,0,2,8
56105,1,0,1,0,0,0,0,0,3,5
56106,2,3,1,0,1,0,0,0,1,8
56107,20,62,23,8,5,10,0,4,25,157
56108,0,3,1,1,0,0,0,0,1,6
56109,1,3,5,0,0,0,0,0,3,12
56110,0,0,0,0,0,0,0,1,0,1
56111,1,1,1,0,0,0,1,0,1,5
56112,1,0,1,1,0,0,0,0,0,3
56114,1,0,0,1,0,0,0,1,1,4
56115,0,3,3,0,0,0,0,1,1,8
56116,3,3,2,1,2,0,0,0,3,14
56117,11,30,12,6,8,6,3,3,39,118
56118,6,14,5,3,2,1,0,4,9,44
56119,5,8,4,0,3,1,2,2,3,28
56120,2,2,1,1,0,0,0,2,0,8
56121,657,1014,131,113,99,75,76,52,716,2933
56122,1,3,1,1,1,1,0,1,2,11
56123,5,15,3,1,1,0,0,1,9,35
56124,55,98,8,13,9,2,1,5,57,248
56125,0,2,1,0,0,0,0,0,1,4
56126,0,1,1,0,0,0,0,1,3,6
56127,6,29,6,1,2,0,0,0,6,50
56128,4,5,0,0,1,1,0,1,3,15
56129,1,8,3,3,1,0,0,0,1,17
56130,3,3,4,0,2,3,1,0,9,25
56131,1,5,1,0,0,1,0,1,1,10
56132,5,2,4,0,2,5,0,3,2,23
56133,0,2,2,0,0,0,0,0,1,5
56134,0,5,0,0,0,0,0,0,0,5
56135,0,2,0,0,0,0,1,0,1,4
56136,0,1,0,0,0,0,0,0,0,1
56137,2,7,4,3,1,0,0,1,1,19
56140,1,10,1,0,2,1,0,3,11,29
56143,31,26,9,8,7,10,1,7,36,135
56144,1,5,1,0,1,1,0,0,0,9
56145,0,2,0,0,0,0,0,0,1,3
56146,4,3,1,0,0,0,0,0,1,9
56147,11,24,5,7,6,3,1,3,17,77
56148,0,3,2,1,0,0,0,2,3,11
56149,4,2,4,1,2,0,0,0,2,15
56150,1,0,1,0,0,0,0,0,0,2
56151,173,318,17,11,22,4,38,1,100,684
56152,24,30,10,3,4,3,0,2,13,89
56153,5,2,4,1,3,0,0,0,6,21
56154,1,10,2,0,2,0,0,0,4,19
56155,2,9,1,3,3,0,0,1,4,23
56157,2,7,4,0,1,0,1,1,0,16
56158,7,14,6,5,4,6,2,5,31,80
56159,4,5,3,1,2,0,1,3,6,25
56160,0,4,1,0,0,0,0,1,0,6
56161,4,9,12,0,3,3,2,2,3,38
56162,157,231,63,31,21,17,4,26,194,744
56163,6,10,3,0,1,3,1,1,9,34
56164,3,15,11,1,3,5,0,2,17,57
56165,85,155,12,23,31,10,23,9,156,504
56166,12,29,5,3,8,6,1,8,29,101
56167,4,10,6,0,3,0,0,2,3,28
56168,3,6,11,2,3,5,2,0,9,41
56169,5,13,6,3,4,5,1,2,14,53
56170,3,9,2,3,0,0,0,0,1,18
56171,2,1,0,0,0,0,0,0,0,3
56172,2,8,4,0,3,1,0,2,6,26
56173,2,34,0,2,3,5,0,0,5,51
56174,1,5,2,0,1,1,0,2,6,18
56175,3,4,5,0,2,0,0,1,5,20
56176,19,11,18,1,3,3,2,4,26,87
56177,8,27,12,3,5,4,3,4,20,86
56178,27,84,13,26,12,17,4,8,207,398
56179,6,12,11,1,2,2,1,2,12,49
56181,2,10,2,1,2,1,1,2,9,30
56182,1,3,0,3,0,0,0,0,0,7
56184,20,35,14,3,11,6,3,7,35,134
56185,13,25,13,4,7,7,1,2,34,106
56186,15,26,14,2,7,7,1,2,26,100
56188,0,3,0,1,1,1,0,0,2,8
56189,0,4,0,0,0,0,0,0,0,4
56190,4,6,4,1,3,1,1,1,7,28
56191,0,3,0,0,0,0,0,0,0,3
56192,0,1,0,0,0,0,0,0,0,1
56193,13,19,12,4,5,1,1,1,14,70
56194,2,2,1,6,2,1,1,2,4,21
56195,0,3,2,1,0,1,0,1,11,19
56196,1,8,0,0,2,0,0,1,3,15
56197,1,9,0,2,2,0,0,1,19,34
56198,3,13,0,1,2,0,0,1,8,28
56200,0,6,1,0,3,1,0,0,1,12
56202,0,0,1,0,0,0,0,0,0,1
56204,0,0,0,0,0,0,0,0,1,1
56206,60,249,16,58,20,16,1,16,163,599
56207,0,3,0,0,0,0,0,0,0,3
56210,0,2,0,0,0,0,0,0,0,2
56211,0,1,1,0,0,0,0,0,0,2
56212,0,5,1,0,2,0,0,0,1,9
56213,1,3,0,0,0,0,0,0,0,4
56214,3,3,3,0,4,0,0,0,3,16
56215,0,5,2,2,0,0,0,1,0,10
56218,0,0,1,0,0,0,0,0,0,1
56219,0,0,1,0,0,0,0,0,0,1
56220,0,2,1,0,0,0,0,0,0,3
56221,0,8,0,3,0,0,0,1,5,17
56222,5,14,3,2,2,1,0,2,5,34
56223,0,2,0,1,0,0,0,1,0,4
56225,0,0,0,1,0,0,0,0,0,1
56228,1,2,7,0,0,0,0,0,1,11
56229,1,3,2,0,0,0,0,0,1,7
56231,4,5,2,1,2,1,0,1,5,21
56232,0,1,2,1,0,0,0,0,1,5
56233,2,11,2,0,0,0,0,2,2,19
56234,3,9,4,0,3,2,0,2,8,31
56236,0,0,1,1,0,0,0,0,0,2
56237,4,3,1,0,1,0,0,0,2,11
56239,0,1,0,0,0,0,0,0,0,1
56240,9,31,17,8,8,3,1,5,37,119
56241,0,0,0,0,0,0,0,0,1,1
56242,0,1,0,0,0,0,0,0,0,1
56243,12,57,14,7,11,7,1,7,43,159
56244,6,13,4,1,3,1,2,2,10,42
56246,4,4,4,0,2,0,0,0,1,15
56247,4,6,4,0,3,1,1,1,6,26
56248,7,14,7,2,4,3,2,2,12,53
56249,2,7,6,0,2,0,0,0,3,20
56250,0,1,0,0,0,0,0,0,0,1
56251,7,26,15,6,8,8,0,4,29,103
56252,1,3,1,0,0,0,0,0,1,6
56254,0,2,0,0,0,0,0,0,1,3
56255,2,4,4,0,0,0,0,2,3,15
56256,0,0,0,1,0,0,0,0,0,1
56257,1,11,1,0,1,0,0,0,0,14
56258,4,17,7,3,3,3,0,1,12,50
56259,6,3,1,0,0,0,0,0,1,11
56260,917,1083,203,149,111,94,108,57,775,3497
56261,0,2,1,0,0,0,0,0,2,5
56262,4,4,5,2,3,4,0,2,5,29
56263,6,16,7,5,4,0,0,0,6,44
57003,5,35,12,1,4,1,0,1,12,71
57006,0,4,2,0,1,0,0,0,0,7
57011,1,3,0,1,0,0,0,1,2,8
57012,3,17,3,5,5,0,0,2,5,40
57013,1,1,2,0,0,0,0,0,0,4
57015,0,0,1,0,0,0,0,0,0,1
57017,2,4,1,1,2,1,0,2,4,17
57019,15,17,27,3,5,8,0,5,31,111
57021,1,2,1,0,0,0,3,0,0,7
57022,2,2,0,0,0,0,0,0,1,5
57028,2,2,3,0,0,0,0,1,2,10
57031,436,851,48,21,32,17,91,6,357,1859
57032,4,16,7,1,9,3,0,4,8,52
57033,4,6,1,1,0,1,1,0,4,18
57038,3,18,3,1,2,3,1,2,11,44
57039,4,13,7,2,4,1,0,1,12,44
57040,2,0,0,0,0,0,0,0,0,2
57041,3,3,0,1,3,1,0,0,7,18
57042,2,0,1,0,2,0,0,0,1,6
57043,2,3,2,0,0,0,0,0,0,7
57046,1,2,3,0,0,0,0,0,0,6
57047,1,2,0,0,0,0,0,0,1,4
57049,17,22,7,5,4,2,0,4,24,85
57052,0,3,0,0,0,0,0,0,0,3
57058,10,52,18,2,8,2,0,0,6,98
57061,0,2,0,0,0,0,0,0,0,2
57062,1,1,0,0,0,0,0,0,0,2
57066,0,0,0,1,0,0,0,1,3,5
57067,2,1,2,3,1,2,0,0,1,12
57069,0,1,0,0,0,0,0,0,0,1
57070,0,1,0,0,0,0,0,0,0,1
57071,2,4,2,0,0,0,2,0,2,12
57073,1,1,0,0,0,0,0,1,5,8
57082,0,0,0,0,0,0,0,1,0,1
57085,0,0,0,0,0,0,0,1,0,1
57088,0,0,0,0,0,0,0,0,1,1
57089,10,29,13,3,10,8,1,1,16,91
57091,0,2,1,0,0,0,0,0,1,4
57092,1,1,0,0,0,0,0,0,0,2
57093,0,0,0,0,0,0,0,0,1,1
57095,0,2,0,0,0,0,0,0,0,2
57096,1,1,1,0,2,0,0,0,1,6
57097,15,48,4,8,11,4,1,4,44,139
57100,0,2,0,0,0,0,0,0,0,2
57101,0,4,3,0,0,0,0,0,0,7
57102,4,10,5,1,2,0,0,1,0,23
57106,6,31,2,4,7,3,2,4,22,81
57109,0,0,0,0,0,0,0,0,1,1
57111,0,0,2,0,0,0,0,0,1,3
57113,0,1,2,0,0,0,0,0,0,3
57115,0,0,0,1,0,0,0,0,0,1
57117,0,0,0,0,0,0,0,0,2,2
57119,0,1,5,1,0,0,0,0,8,15
57123,2,11,3,2,1,2,0,0,5,26
57124,4,23,5,0,4,1,0,1,6,44
57128,3,21,3,0,1,0,0,0,4,32
57132,34,27,7,1,4,3,1,3,18,98
57134,0,3,0,2,0,0,0,0,3,8
57137,2,2,3,0,0,0,2,1,2,12
57140,0,0,0,1,0,0,0,0,0,1
57143,18,25,6,2,3,4,1,0,20,79
57144,1,19,4,0,2,1,0,0,2,29
57146,0,0,0,0,0,0,0,0,1,1
57147,0,1,0,0,0,0,0,0,0,1
57153,1,2,1,0,0,0,0,0,2,6
57155,6,20,2,0,3,4,0,1,9,45
57156,2,3,3,0,1,2,0,1,1,13
57159,4,20,6,4,3,4,3,1,11,56
57160,38,67,14,3,7,5,4,2,51,191
57162,3,5,3,2,0,0,2,0,10,25
57163,1,4,3,0,2,0,0,0,0,10
57165,0,1,0,0,0,0,0,0,0,1
57168,0,2,0,0,0,0,0,0,0,2
57171,5,18,5,2,2,1,2,2,3,40
57175,0,0,0,0,0,0,0,0,1,1
57176,1,4,0,0,0,0,0,2,1,8
57177,25,35,6,14,7,3,2,2,35,129
57178,0,1,0,0,0,0,0,0,0,1
57179,0,3,0,0,0,0,0,0,0,3
57186,0,1,0,0,0,0,0,0,0,1
57190,0,1,0,0,0,0,0,0,0,1
57191,0,0,1,0,0,0,0,0,0,1
57192,1,14,0,1,0,0,0,0,0,16
57193,4,15,0,2,5,2,3,4,72,107
57195,0,0,1,0,0,0,0,0,2,3
57199,0,0,0,1,0,0,0,0,0,1
57200,0,4,0,0,0,0,0,0,0,4
57202,0,5,1,0,0,0,0,0,1,7
57204,0,0,0,1,0,0,0,0,2,3
57205,3,6,4,0,2,0,0,1,4,20
57206,13,17,11,5,10,16,3,4,48,127
57207,3,26,3,0,4,2,0,0,18,56
57208,0,2,2,0,0,0,0,1,0,5
57209,7,29,4,3,4,5,0,2,14,68
57210,2,5,2,2,2,2,2,1,5,23
57211,0,0,4,0,0,0,0,0,7,11
57212,0,2,0,0,0,0,0,0,0,2
57216,0,4,0,0,0,0,0,0,0,4
57217,0,0,0,0,0,0,0,0,1,1
57218,0,0,1,0,0,0,0,3,4,8
57221,6,24,6,1,10,3,3,5,13,71
57222,0,5,0,0,0,0,0,2,1,8
57224,4,17,4,2,4,0,0,3,11,45
57226,3,13,1,0,3,2,2,2,6,32
57227,127,315,21,14,17,34,32,8,143,711
57232,0,3,1,0,0,1,0,0,0,5
57235,1,2,2,1,0,1,0,2,0,9
57240,47,180,28,10,11,8,4,11,101,400
57242,3,15,4,4,0,0,0,1,2,29
57250,3,7,6,0,2,1,0,0,4,23
57254,3,27,0,1,1,0,0,0,7,39
57256,0,0,3,0,0,2,0,1,0,6
57260,4,10,5,1,4,0,0,0,2,26
57262,3,6,5,1,3,0,0,0,0,18
57267,0,2,1,0,0,0,0,0,0,3
57269,6,19,4,8,7,3,1,4,15,67
57270,0,1,0,0,0,0,0,0,0,1
57274,0,2,0,0,0,0,0,0,1,3
57282,0,0,0,0,0,0,0,0,1,1
57283,51,22,10,4,7,6,1,3,30,134
57287,2,7,1,0,0,2,0,4,4,20
57288,3,7,2,2,3,0,0,0,2,19
57289,2,16,3,1,2,3,0,2,12,41
57299,0,2,0,0,0,0,0,0,0,2
57300,0,7,1,1,0,0,0,0,0,9
57303,0,6,0,0,0,0,0,0,11,17
57306,51,94,10,15,12,6,0,11,52,251
57311,0,5,0,0,0,0,0,0,0,5
57312,0,0,0,0,0,0,0,0,3,3
57314,3,5,7,1,0,0,3,0,0,19
57316,4,5,0,0,0,0,0,0,4,13
57317,0,0,3,0,0,0,0,0,0,3
57321,0,2,0,0,0,0,0,0,0,2
57323,11,12,5,3,9,8,2,2,23,75
57325,0,4,0,0,0,0,0,0,0,4
57330,0,2,0,0,0,0,0,1,0,3
57331,0,1,0,0,0,0,0,0,0,1
57332,6,19,3,1,6,4,0,0,5,44
57334,0,0,0,1,0,0,0,0,0,1
57336,4,9,2,0,1,3,0,0,5,24
57337,1,0,0,0,0,0,0,0,0,1
57340,4,2,1,0,2,1,0,0,1,11
57343,1,8,2,0,2,1,2,0,2,18
57345,1,3,0,0,0,0,0,0,3,7
57346,2,3,1,0,2,1,0,0,8,17
57348,0,2,1,0,0,0,0,0,0,3
57350,7,13,5,6,3,8,0,0,25,67
57351,37,162,0,16,3,0,0,0,34,252
57352,1,1,0,3,0,0,0,4,6,15
57356,0,2,0,0,0,0,0,0,2,4
57357,0,0,0,0,0,0,0,0,1,1
57358,2,2,1,0,3,0,0,0,4,12
57360,0,3,2,0,2,0,0,0,1,8
57368,2,12,0,1,5,0,0,0,5,25
57370,4,3,2,0,2,0,1,1,9,22
57372,0,0,1,0,0,0,0,1,0,2
57373,0,1,0,1,0,0,0,0,0,2
57381,0,0,0,1,0,0,0,0,0,1
57382,0,2,1,0,0,0,0,0,1,4
57385,0,0,0,0,0,0,1,0,0,1
57387,0,0,0,0,0,0,0,1,0,1
57390,0,11,0,0,3,0,0,1,5,20
57396,1,2,0,0,0,0,0,0,0,3
57407,0,2,0,0,0,0,0,0,0,2
57408,0,2,2,0,0,0,0,2,0,6
57409,0,3,2,0,0,1,0,0,0,6
57412,5,8,12,5,3,6,2,2,17,60
57413,4,30,7,3,2,4,0,4,13,67
57414,30,119,6,17,4,6,0,0,19,201
57415,0,2,1,3,0,0,0,2,10,18
57416,0,0,1,0,0,0,0,0,0,1
57418,0,5,0,0,0,0,0,0,0,5
57422,1,0,0,0,0,0,0,0,0,1
57424,0,0,1,0,0,0,0,0,0,1
57426,0,0,1,1,0,0,0,0,0,2
57427,0,13,2,0,2,0,0,0,4,21
57428,0,2,0,0,0,0,0,0,1,3
57431,1,5,0,3,0,0,0,0,4,13
57432,0,0,1,0,0,0,0,0,0,1
57433,8,27,6,0,10,1,1,4,22,79
57434,0,1,0,0,0,0,0,0,0,1
57438,0,0,1,0,0,0,0,0,0,1
57441,6,8,2,2,2,3,0,0,6,29
57442,0,0,2,0,0,0,0,0,1,3
57443,35,53,9,6,5,6,0,4,23,141
57444,0,3,0,0,0,0,0,0,1,4
57447,21,33,16,15,10,5,2,7,46,155
57452,7,0,0,1,0,0,1,0,1,10
57454,0,2,0,1,0,0,0,0,0,3
57460,0,3,1,0,3,1,0,0,3,11
57462,0,5,0,0,0,0,0,0,0,5
57463,807,1352,167,227,225,168,77,79,810,3912
57464,1,2,0,0,0,0,0,1,0,4
57465,6,3,4,0,4,5,1,3,6,32
57466,0,0,0,0,0,0,0,0,2,2
57469,1,2,0,0,0,0,0,0,0,3
57474,2,3,3,2,6,4,0,2,15,37
57475,0,0,0,0,0,0,0,0,1,1
57476,0,2,0,0,0,0,0,0,0,2
57477,1,12,6,0,2,0,0,1,2,24
57480,48,75,42,20,21,10,5,8,75,304
57481,2,2,0,1,2,3,0,0,5,15
57482,2,3,4,1,0,0,0,1,1,12
57483,9,20,6,1,5,8,1,3,13,66
57484,2,5,4,0,2,3,0,0,6,22
57487,14,14,8,8,3,9,3,3,21,83
57488,0,4,0,0,0,0,0,0,0,4
57491,12,34,5,2,7,5,0,1,23,89
57496,0,1,0,0,0,0,0,0,0,1
57498,1,7,1,0,3,1,0,0,3,16
57499,3,5,3,1,0,0,0,1,3,16
57505,1,12,6,2,2,0,0,1,3,27
57508,3,6,2,0,3,1,0,2,10,27
57509,1,2,4,0,0,0,0,0,1,8
57510,3,3,2,0,3,4,0,0,5,20
57511,0,2,5,2,1,5,0,1,0,16
57512,14,77,0,1,2,0,0,0,2,96
57513,0,0,0,0,0,0,0,0,1,1
57514,0,1,0,0,0,0,0,0,0,1
57515,10,44,5,3,2,1,0,2,8,75
57516,0,1,0,0,0,0,0,0,0,1
57521,0,4,0,0,0,0,0,0,0,4
57525,0,0,0,2,0,0,0,0,0,2
57527,0,0,0,1,0,0,0,0,0,1
57529,2,5,3,1,2,0,0,0,3,16
57533,0,3,0,0,0,0,0,0,0,3
57534,4,12,2,2,0,1,0,3,1,25
57535,0,7,1,0,0,0,0,0,0,8
57537,3,16,2,4,4,0,0,0,4,33
57540,11,29,16,4,6,11,0,6,24,107
57541,0,0,0,0,0,0,0,0,1,1
57542,0,4,2,0,0,0,0,0,0,6
57543,5,2,0,2,0,0,0,7,5,21
57544,0,0,1,0,0,0,0,0,0,1
57545,1,3,5,4,0,0,0,0,5,18
57547,0,0,0,1,0,0,0,0,0,1
57548,0,0,0,0,0,0,0,0,2,2
57549,0,1,0,0,0,0,0,0,0,1
57550,1,8,4,0,0,2,0,1,2,18
57552,1,1,3,0,0,0,2,0,2,9
57556,8,19,6,1,6,3,0,2,6,51
57562,1,6,0,1,0,0,0,0,1,9
57564,0,2,0,0,0,0,0,0,0,2
57566,2,6,3,0,2,0,0,1,1,15
57568,2,2,0,1,2,0,0,0,4,11
57572,10,15,3,2,6,5,2,4,24,71
57575,1,2,0,0,0,0,0,0,0,3
57576,2,2,4,2,0,0,3,0,3,16
57577,0,0,2,0,0,0,0,0,0,2
57582,1,8,1,2,3,0,4,1,2,22
57584,0,0,2,0,0,0,0,0,0,2
57588,3,4,0,1,2,0,0,2,1,13
57589,6,18,12,1,6,3,1,2,10,59
57591,5,21,5,4,8,4,1,3,25,76
57592,0,3,0,0,0,0,0,0,0,3
57596,0,0,1,0,0,0,0,0,1,2
57597,2,5,2,2,2,0,0,1,3,17
57598,3,5,1,1,0,0,0,0,1,11
57601,3,2,0,0,5,2,0,0,8,20
57602,0,1,2,0,0,0,0,3,0,6
57603,0,0,0,0,0,0,0,0,1,1
57604,0,7,0,3,0,0,0,0,0,10
57606,245,383,17,33,23,21,26,11,212,971
57607,0,1,0,0,3,0,0,0,0,4
57610,0,0,1,0,0,0,0,0,0,1
57613,0,1,0,0,0,0,0,0,0,1
57616,9,38,5,11,10,6,3,6,35,123
57619,0,2,0,0,0,0,0,0,0,2
57620,3,16,6,1,4,2,0,3,18,53
57622,5,4,1,2,0,0,3,1,1,17
57623,2,10,0,5,0,0,0,0,4,21
57624,1,4,3,0,0,0,2,2,0,12
57628,14,38,14,2,6,1,1,1,23,100
57630,108,255,22,16,19,16,13,9,141,599
57631,305,488,68,49,35,28,25,12,239,1249
57633,0,8,3,0,0,0,0,1,0,12
57634,0,0,0,1,0,0,0,0,1,2
57637,0,1,0,0,0,0,0,0,0,1
57638,2,6,1,0,0,0,0,0,0,9
57639,0,4,0,1,0,0,0,1,0,6
57642,6,14,8,4,0,3,0,2,13,50
57644,2,6,3,0,3,1,0,0,0,15
57645,0,0,0,0,4,0,0,0,17,21
57647,3,7,1,2,3,4,0,3,3,26
57650,4,4,2,1,4,1,0,3,0,19
57651,1,5,1,0,0,0,0,0,0,7
57655,2,5,4,0,1,3,0,0,5,20
57658,0,2,1,0,0,0,0,0,0,3
57659,3,4,9,0,2,0,0,0,0,18
57660,6,40,11,1,7,4,1,2,18,90
57662,0,1,0,0,0,0,0,0,0,1
57663,28,20,3,1,5,1,2,3,39,102
57665,0,6,0,0,0,0,0,0,0,6
57666,14,17,7,3,4,10,0,2,39,96
57668,0,3,0,1,0,0,0,0,0,4
57669,0,9,6,0,2,0,0,0,4,21
57672,346,684,50,69,54,46,77,28,440,1794
57677,2,9,3,0,1,0,0,0,1,16
57678,0,3,0,0,0,0,0,0,1,4
57680,3,7,5,0,3,5,0,0,4,27
57683,4,9,5,0,3,0,0,1,6,28
57685,0,0,0,0,0,0,0,0,1,1
57690,14,12,12,4,5,4,2,1,20,74
57693,204,356,6,4,16,0,1,0,49,636
57694,1,2,0,1,0,0,0,0,0,4
57695,0,0,0,0,0,0,0,0,1,1
57696,0,1,3,0,0,0,0,0,0,4
57700,0,0,0,0,0,0,0,1,0,1
57701,0,0,0,1,0,0,0,0,1,2
57702,1,6,0,1,0,0,0,0,0,8
57703,0,0,0,0,0,0,0,0,1,1
57708,6,5,5,3,4,5,2,2,18,50
57712,5,16,0,3,1,2,0,1,2,30
57716,3,10,5,1,2,0,0,2,3,26
57720,0,1,0,0,0,0,0,0,0,1
57724,3,5,0,2,3,0,0,0,4,17
57725,0,3,0,0,0,0,0,0,0,3
57726,0,2,0,0,0,0,0,0,0,2
57731,4,0,1,1,5,1,0,3,6,21
57732,0,9,2,0,1,0,0,0,3,15
57733,0,1,0,0,0,1,0,0,1,3
57734,0,0,0,0,0,0,0,0,1,1
57739,3,2,3,0,2,5,0,0,6,21
57740,2,2,0,0,0,0,0,0,0,4
57741,0,0,1,0,0,0,0,0,0,1
57742,1,7,1,1,0,0,0,0,5,15
57745,4,2,1,0,0,0,0,0,0,7
57746,0,3,0,0,0,0,0,0,0,3
57748,0,0,3,0,0,0,0,0,0,3
57750,0,0,2,0,0,3,0,0,0,5
57751,18,39,13,7,13,8,5,8,34,145
57752,0,7,4,0,2,2,0,0,12,27
57757,51,103,26,18,17,7,4,13,49,288
57761,0,2,0,0,0,0,0,0,0,2
57765,0,2,0,0,0,0,0,0,0,2
57767,1,1,0,0,0,0,0,0,2,4
58001,0,4,0,0,0,0,0,0,0,4
58002,1,2,0,0,0,0,0,0,0,3
58010,0,0,0,1,0,0,0,0,0,1
58024,0,0,0,0,0,0,0,1,3,4
58037,0,0,0,1,0,0,0,0,3,4
58041,1,2,0,0,1,0,0,0,0,4
58046,4,11,1,0,2,1,0,0,2,21
58051,0,4,0,0,2,0,0,0,3,9
58053,4,8,1,0,0,0,0,0,5,18
58054,0,0,0,0,0,0,0,0,1,1
58057,33,0,2,0,1,0,0,0,1,37
58059,16,150,8,31,10,3,0,3,73,294
58062,13,34,4,1,9,0,0,2,21,84
58063,0,0,0,0,0,0,0,0,1,1
58064,1,5,0,0,2,0,0,0,1,9
58065,3,6,1,5,2,0,1,0,16,34
58067,7,16,4,4,0,0,0,0,1,32
58072,0,0,1,0,0,0,0,0,0,1
58074,1,0,0,0,0,0,0,0,0,1
58079,14,46,4,2,6,0,4,1,35,112
58083,2,19,2,2,8,0,0,0,16,49
58085,0,1,0,0,0,0,0,0,2,3
58086,53,115,33,17,14,7,3,4,98,344
58088,4,6,3,5,4,3,1,1,5,32
58095,25,100,7,8,5,8,3,0,71,227
58098,1,0,0,0,0,0,0,0,0,1
58101,0,0,0,0,0,0,0,0,1,1
58102,1,7,2,3,2,1,0,0,5,21
58103,1,0,0,0,0,0,0,0,0,1
58104,2,11,1,1,2,0,0,0,1,18
58106,0,1,1,0,0,0,0,0,0,2
58109,1,4,0,0,2,0,0,0,3,10
58112,0,2,0,0,0,0,0,0,0,2
58117,5,20,4,0,6,2,0,0,16,53
58118,3,4,1,1,0,0,0,0,1,10
58121,7,3,4,3,1,4,1,2,8,33
58131,3,15,2,2,4,4,0,0,6,36
58132,0,1,0,1,0,0,0,0,3,5
58134,8,22,4,6,3,2,0,3,13,61
58135,0,0,0,0,0,0,0,0,1,1
58140,0,0,0,1,0,0,0,0,0,1
58145,7,20,3,3,3,2,1,1,11,51
58146,1,5,3,0,1,0,0,0,4,14
58148,0,2,0,0,0,0,0,0,0,2
58149,11,23,4,1,5,4,1,1,10,60
58151,2,15,3,2,3,2,0,0,11,38
58152,2,9,1,0,3,1,0,0,3,19
58155,0,1,1,0,0,0,0,0,0,2
58159,1,0,0,0,0,0,0,0,0,1
58160,3,9,4,2,2,1,2,3,19,45
58164,0,0,0,0,0,0,0,2,1,3
58166,0,0,1,0,0,0,0,0,0,1
58168,0,2,0,0,0,0,0,0,0,2
58180,2,9,2,1,1,0,0,0,25,40
58182,6,14,3,0,2,3,0,0,18,46
58185,0,4,0,0,0,0,0,1,0,5
58187,0,0,0,1,0,0,0,1,0,2
58192,1,0,0,0,0,0,0,0,0,1
58193,2,3,4,1,2,0,0,0,2,14
58194,253,724,53,86,63,33,39,19,469,1739
58200,0,0,0,1,0,0,0,0,0,1
58205,0,0,0,0,0,0,0,0,2,2
58207,0,0,0,0,0,0,0,1,0,1
58213,1,3,0,0,0,0,0,0,0,4
58214,2,4,3,0,2,3,0,1,6,21
58215,2,6,3,0,2,1,0,0,4,18
58218,2,10,3,0,2,2,0,0,6,25
58223,1,2,0,0,0,0,0,0,0,3
58227,6,8,2,2,1,0,0,0,6,25
58228,0,2,0,1,0,0,0,0,3,6
58231,0,0,0,0,0,0,0,1,0,1
58232,5,9,2,1,3,2,0,1,5,28
58233,0,0,0,0,0,0,0,0,1,1
58238,2,3,0,2,0,3,0,0,3,13
58241,0,0,0,0,0,0,1,0,0,1
58246,3,4,1,1,2,0,0,1,2,14
58250,0,3,0,0,2,0,0,1,3,9
58260,0,0,2,0,0,0,0,0,1,3
58261,1,2,2,0,0,0,0,0,0,5
58262,0,0,0,0,0,0,0,0,1,1
58264,2,14,1,1,2,3,0,0,6,29
58267,2,4,2,1,3,0,0,0,5,17
58269,1,0,0,0,0,0,0,0,0,1
58271,4,13,5,1,0,0,0,0,2,25
58273,0,2,2,0,0,0,0,1,1,6
58274,1,0,0,0,0,0,0,0,0,1
58278,2,1,0,1,0,0,1,0,3,8
58281,0,1,0,0,0,0,0,0,0,1
58286,3,4,5,0,2,0,0,0,2,16
58295,1,1,0,0,0,0,0,0,0,2
58300,2,8,1,4,0,0,0,1,13,29
58302,1,12,0,1,0,0,0,0,2,16
58303,19,34,6,6,11,4,1,0,24,105
58304,1,10,1,1,2,0,0,0,4,19
58305,0,0,0,0,0,0,0,0,1,1
58309,1,0,0,0,0,0,0,0,1,2
59002,2,7,3,0,3,0,0,0,1,16
59003,0,0,1,0,0,0,0,0,0,1
59004,2,1,4,0,0,0,0,0,1,8
59005,3,2,15,2,3,1,0,1,5,32
59007,0,4,1,0,0,0,0,0,0,5
59008,6,33,9,2,8,4,1,1,20,84
59009,442,513,180,141,105,82,31,85,430,2009
59011,24,27,14,6,9,5,2,9,79,175
59012,2,7,1,0,2,1,0,2,1,16
59013,4,3,0,2,4,5,0,2,10,30
59014,40,63,22,17,8,9,1,18,60,238
59015,5,16,10,1,6,0,0,3,9,50
59016,0,3,0,0,2,0,0,0,0,5
59017,266,520,70,106,48,17,39,22,331,1419
59018,3,11,6,2,2,2,0,1,7,34
59019,0,0,0,0,2,0,0,0,3,5
59020,0,0,0,1,0,0,0,0,0,1
59021,0,1,1,0,0,2,0,0,1,5
59022,4,9,4,3,2,1,1,4,2,30
59023,0,1,0,0,0,0,1,0,0,2
59024,4,20,4,7,2,0,0,2,6,45
59025,4,2,3,0,3,2,1,1,3,19
59026,1,2,1,0,3,0,0,0,1,8
59027,5,4,2,1,0,1,0,0,10,23
59028,3,16,12,0,3,1,2,2,2,41
59029,2,7,0,1,0,0,1,1,0,12
59031,0,1,0,0,0,0,0,0,1,2
59032,12,22,7,0,8,4,0,2,31,86
59033,9,42,11,5,8,2,3,6,32,118
59034,3,5,5,3,3,1,2,0,12,34
59035,4,13,0,5,10,0,0,7,25,64
59036,23,92,11,14,3,11,0,2,45,201
59037,2,14,4,0,3,1,0,1,3,28
59038,2,6,1,1,2,0,0,0,0,12
59039,0,1,0,0,0,0,0,0,0,1
59041,3,4,2,0,3,2,0,0,2,16
59042,0,3,3,0,0,0,0,0,0,6
59043,78,256,42,30,19,16,4,16,163,624
59044,7,24,12,6,6,10,2,6,20,93
59046,0,2,1,0,0,0,0,0,0,3
59051,25,45,12,8,8,10,1,5,52,166
59052,3,11,11,1,4,2,0,3,13,48
59053,8,17,11,2,5,3,0,3,21,70
59054,1,0,0,0,0,0,0,0,0,1
59056,0,1,2,0,0,0,0,2,1,6
59057,0,1,0,1,0,0,0,0,1,3
59058,0,2,0,0,0,0,1,0,0,3
59059,0,2,0,0,0,0,0,0,0,2
59061,0,0,2,0,0,0,0,0,1,3
59063,1,31,6,1,4,0,0,0,3,46
59064,0,2,2,1,3,0,0,0,7,15
59065,1,0,0,0,0,0,0,1,1,3
59066,0,1,0,0,0,0,0,0,0,1
59067,6,31,8,1,5,2,1,7,29,90
59068,9,15,3,2,2,1,0,1,2,35
59069,2,1,0,1,0,0,0,1,4,9
59071,2,7,4,0,3,4,0,1,3,24
59073,0,0,0,1,0,0,0,0,0,1
59074,2,3,1,2,2,0,1,2,2,15
59075,1,0,0,0,0,0,0,0,0,1
59078,0,1,2,0,0,0,0,0,0,3
59079,5,10,3,1,7,1,1,2,1,31
59080,5,8,4,0,5,0,0,2,3,27
59082,0,6,1,1,3,0,0,0,1,12
59084,2,7,5,0,2,0,0,0,2,18
59086,4,9,8,2,2,0,0,1,6,32
59088,5,6,5,1,2,2,0,0,5,26
59089,3,12,0,1,1,0,2,2,11,32
59090,16,26,25,12,9,10,0,8,31,137
59091,1,2,0,0,0,0,0,0,0,3
59092,3,16,8,1,4,5,0,5,17,59
59093,0,2,0,0,0,0,0,0,0,2
59094,11,27,11,3,8,5,0,1,32,98
59096,1,0,3,0,2,0,0,1,3,10
59098,6,15,9,2,5,2,1,5,6,51
59099,1,5,1,0,2,1,1,1,3,15
59100,0,1,0,0,0,0,0,0,0,1
59102,0,1,0,0,0,0,0,0,0,1
59103,0,1,0,0,0,0,0,0,0,1
59104,2,5,5,0,3,2,0,2,0,19
59105,3,4,0,0,0,0,0,0,1,8
59106,0,0,12,0,0,0,0,0,5,17
59107,3,16,7,1,6,2,0,1,14,50
59108,5,21,5,1,0,0,0,0,6,38
59109,0,1,0,0,0,0,0,0,0,1
59110,0,0,1,0,0,0,0,0,0,1
59112,11,31,7,2,7,1,2,6,11,78
59113,1,0,0,0,0,0,0,0,0,1
59114,0,2,1,1,2,0,0,1,2,9
59115,0,2,0,0,0,0,0,0,0,2
59117,0,2,0,0,0,0,0,0,1,3
59118,2,5,1,2,2,0,0,0,2,14
59120,4,10,3,3,3,0,0,2,2,27
59121,0,2,0,0,0,0,0,0,0,2
59122,340,942,76,95,50,44,30,35,1359,2971
59123,2,4,5,1,2,0,0,1,4,19
59124,5,4,11,1,0,0,0,1,3,25
59125,0,2,0,0,0,0,0,0,0,2
59126,3,11,1,1,2,0,0,1,10,29
59128,24,48,15,8,0,6,1,3,21,126
59129,3,3,5,1,2,0,0,3,3,20
59130,0,1,0,0,0,0,0,0,0,1
59131,15,35,4,5,6,1,1,2,10,79
59132,0,4,0,0,1,0,0,0,5,10
59133,3,2,2,1,0,0,0,1,0,9
59134,1,6,0,0,4,0,0,0,1,12
59135,3,14,1,3,3,3,0,3,13,43
59136,68,177,16,34,13,5,14,2,232,561
59137,0,2,0,0,2,0,0,0,2,6
59138,0,2,0,0,0,0,0,0,0,2
59139,19,64,8,13,13,8,2,7,91,225
59141,0,1,0,0,0,0,0,0,0,1
59142,0,2,0,0,0,0,0,0,0,2
59143,35,41,29,8,6,6,1,5,19,150
59144,0,0,0,0,0,0,0,0,1,1
59146,3,5,6,4,2,0,0,3,3,26
59148,0,0,0,0,0,0,0,1,0,1
59149,1,2,0,0,3,0,0,0,2,8
59150,0,0,0,0,0,0,0,1,0,1
59151,1,5,4,0,0,0,1,0,4,15
59152,29,47,19,4,12,6,1,8,26,152
59153,18,40,15,8,9,8,3,3,45,149
59154,0,2,0,0,0,0,0,0,0,2
59155,108,157,24,13,18,10,2,13,63,408
59156,0,14,1,0,3,2,0,1,5,26
59157,2,15,3,3,4,0,0,1,4,32
59158,5,6,4,4,3,0,1,2,9,34
59159,2,0,0,3,0,0,0,0,8,13
59160,0,17,4,0,4,1,0,2,6,34
59161,1,5,7,5,2,0,0,0,5,25
59162,0,1,0,0,0,0,0,0,0,1
59163,39,72,25,26,16,11,0,27,65,281
59165,38,21,6,2,8,6,1,4,12,98
59166,1,4,2,0,0,0,0,0,0,7
59168,18,14,13,5,5,6,5,5,27,98
59169,0,1,0,0,0,0,0,0,1,2
59170,242,335,5,44,32,2,31,3,181,875
59172,169,223,28,33,28,6,23,21,138,669
59173,1,5,2,1,0,0,0,4,1,14
59174,0,1,0,0,0,0,0,0,0,1
59177,0,2,0,0,0,0,0,0,0,2
59178,218,266,58,69,23,45,16,47,304,1046
59179,7,19,7,1,6,4,0,5,14,63
59180,1,1,3,0,0,0,0,0,1,6
59181,2,4,5,0,0,0,0,0,0,11
59183,349,1016,129,118,129,74,53,55,685,2608
59184,3,2,0,0,0,0,0,0,0,5
59185,4,7,1,1,3,0,0,1,1,18
59188,0,1,0,0,0,0,0,0,0,1
59189,0,2,7,0,0,0,0,0,2,11
59190,0,2,0,0,0,0,0,0,0,2
59192,0,6,0,4,0,0,0,5,11,26
59193,4,6,6,0,3,2,0,4,5,30
59194,4,2,3,0,1,4,0,2,1,17
59195,0,1,1,1,0,0,0,0,14,17
59196,3,3,3,1,6,0,0,0,13,29
59197,4,4,9,3,5,2,0,0,2,29
59198,0,0,1,0,0,0,0,0,0,1
59199,0,1,0,0,0,0,0,0,0,1
59202,12,8,14,1,5,5,1,4,7,57
59203,0,3,0,0,0,1,0,0,0,4
59205,5,24,9,3,7,0,0,3,26,77
59206,4,10,1,0,3,1,0,2,19,40
59207,6,5,4,0,2,0,0,3,4,24
59209,0,0,1,0,0,0,0,0,0,1
59210,3,5,4,1,2,2,1,1,6,25
59211,7,31,5,7,1,0,0,0,1,52
59212,14,21,15,1,5,6,0,3,27,92
59213,0,2,0,0,0,0,0,1,0,3
59214,0,2,0,0,0,0,0,0,0,2
59215,0,2,6,0,0,0,0,0,0,8
59216,0,2,2,0,0,0,0,0,0,4
59217,0,0,0,0,0,0,0,0,1,1
59218,3,3,4,3,2,0,3,2,3,23
59219,0,3,0,0,0,0,0,0,0,3
59220,32,56,34,18,19,4,1,12,51,227
59221,3,4,2,0,3,2,0,3,4,21
59222,2,3,6,1,0,0,0,2,0,14
59224,5,29,3,2,3,1,0,1,12,56
59225,6,17,8,2,3,1,0,4,10,51
59226,11,81,14,11,1,0,0,2,32,152
59227,6,15,9,0,5,0,2,2,3,42
59228,2,4,3,0,1,0,0,1,1,12
59229,0,1,0,0,0,2,0,1,4,8
59230,5,11,5,6,5,3,3,4,12,54
59231,1,1,0,0,0,0,0,0,1,3
59234,16,52,11,3,7,5,0,4,33,131
59238,0,9,1,2,2,0,0,0,3,17
59239,4,21,6,2,6,3,0,5,13,60
59241,0,0,0,1,0,0,0,0,1,2
59243,0,10,0,2,0,0,0,0,2,14
59244,1,0,0,1,2,0,0,0,0,4
59247,3,7,4,0,2,2,1,2,5,26
59248,2,0,0,0,0,0,0,1,0,3
59249,48,158,9,12,10,0,24,1,86,348
59250,3,8,14,1,2,4,1,2,17,52
59252,3,4,3,1,3,1,0,1,3,19
59253,4,16,6,2,5,2,0,2,20,57
59254,0,3,0,0,0,0,0,0,0,3
59255,0,1,0,0,0,0,0,0,0,1
59256,3,7,12,3,9,2,0,1,9,46
59257,0,2,5,0,0,0,0,3,7,17
59258,4,7,3,2,3,0,0,1,5,25
59259,0,1,0,0,0,0,0,0,0,1
59260,3,13,1,1,2,1,0,0,5,26
59261,10,9,1,0,2,0,0,0,0,22
59262,2,3,3,1,2,0,0,1,4,16
59264,0,1,0,0,0,0,0,0,0,1
59265,1,6,2,0,1,0,0,0,2,12
59266,4,13,6,1,4,3,0,4,7,42
59268,38,20,7,5,5,3,2,1,18,99
59269,4,1,4,0,2,0,0,0,9,20
59270,1,0,0,0,0,0,0,0,0,1
59271,59,163,12,13,20,4,16,4,89,380
59272,4,6,5,0,5,0,0,0,4,24
59273,17,49,16,13,8,5,4,8,41,161
59275,3,2,5,0,0,0,0,0,2,12
59276,5,15,2,1,4,0,0,0,1,28
59277,0,0,0,0,0,0,0,1,0,1
59278,15,16,3,5,4,12,0,6,39,100
59279,35,60,20,7,16,8,2,19,42,209
59281,5,16,1,2,0,0,0,1,4,29
59283,0,3,2,0,0,0,0,0,1,6
59284,4,12,4,3,2,2,0,3,7,37
59285,2,11,5,0,3,0,0,1,4,26
59286,36,68,27,22,12,3,4,20,62,254
59288,3,2,2,0,2,0,0,0,2,11
59289,2,2,3,0,0,0,0,0,2,9
59291,18,76,13,4,12,9,0,10,28,170
59292,1,3,2,0,2,0,0,4,3,15
59293,3,6,0,0,0,0,0,0,0,9
59295,168,172,39,34,39,31,38,19,195,735
59296,0,1,0,0,0,0,0,0,0,1
59297,2,8,3,0,1,0,0,2,1,17
59298,0,6,1,0,0,0,0,0,6,13
59299,32,71,30,14,17,7,3,25,47,246
59301,5,10,13,2,2,0,0,0,10,42
59302,4,5,3,1,3,0,0,4,4,24
59303,25,6,6,2,2,1,0,0,7,49
59305,3,6,2,0,3,0,0,1,3,18
59308,0,0,0,1,0,0,0,0,0,1
59309,5,24,4,1,4,0,0,2,16,56
59310,0,0,1,1,0,0,0,1,0,3
59311,0,4,0,0,0,0,0,0,0,4
59312,0,4,0,0,2,0,0,1,1,8
59313,1,2,3,1,2,0,0,1,3,13
59314,1,4,1,1,2,0,0,1,3,13
59316,2,5,5,0,3,0,0,0,5,20
59317,12,27,14,5,7,4,0,9,12,90
59319,5,9,5,0,1,2,0,1,0,23
59320,0,1,8,0,0,2,0,1,1,13
59321,0,1,0,0,0,0,0,0,1,2
59322,3,8,5,0,4,0,0,2,2,24
59323,2,1,5,0,2,2,0,1,0,13
59324,10,54,10,5,9,1,0,11,32,132
59325,1,2,0,0,0,0,0,0,0,3
59326,0,1,0,0,0,0,0,0,0,1
59327,27,32,2,3,5,2,1,3,13,88
59328,106,67,53,48,27,36,10,22,131,500
59329,111,98,10,2,6,3,18,1,18,267
59330,5,1,6,0,2,0,0,5,6,25
59331,9,13,3,1,4,4,1,0,4,39
59332,3,12,6,1,4,4,0,0,9,39
59334,0,10,6,0,1,0,0,2,2,21
59335,4,5,7,2,3,0,0,1,2,24
59336,2,3,1,0,1,0,0,0,0,7
59337,1,4,7,0,2,0,0,2,0,16
59339,6,38,17,4,14,4,0,4,31,118
59340,2,6,13,0,5,6,0,2,15,49
59342,0,0,0,0,0,0,0,0,1,1
59343,103,129,16,4,9,11,2,12,79,365
59344,0,8,6,1,2,0,0,2,3,22
59345,3,9,5,1,3,1,0,5,3,30
59346,3,34,5,6,10,2,0,2,7,69
59348,3,5,0,0,0,0,0,1,5,14
59349,1,5,3,0,1,0,0,0,0,10
59350,3703,5487,551,794,579,312,335,251,3384,15396
59352,16,59,15,8,9,9,1,18,41,176
59353,0,0,0,0,0,0,0,2,0,2
59355,0,7,0,0,0,0,6,3,11,27
59356,3,5,1,2,3,0,0,0,4,18
59357,1,8,6,0,3,0,0,1,11,30
59358,0,2,0,0,1,0,0,0,0,3
59359,7,13,6,0,7,6,0,5,15,59
59360,108,460,59,45,36,4,2,19,207,940
59361,3,11,5,0,2,0,0,3,9,33
59363,4,1,0,1,0,0,0,0,0,6
59364,1,2,3,2,0,0,0,0,1,9
59365,14,66,4,19,6,0,0,2,38,149
59366,0,0,0,0,0,0,0,0,1,1
59367,16,45,24,12,23,18,2,9,33,182
59368,87,75,51,39,21,12,10,19,99,413
59369,3,15,2,1,3,2,0,1,6,33
59370,1,0,0,0,2,0,1,0,0,4
59371,0,0,1,0,0,0,0,0,2,3
59372,0,1,0,0,0,0,0,0,0,1
59375,7,36,10,3,3,5,1,5,15,85
59377,1,8,0,1,2,0,1,1,5,19
59378,247,223,86,72,36,41,15,29,213,962
59381,1,0,0,0,0,0,0,0,0,1
59382,0,4,3,0,0,3,0,0,1,11
59383,11,56,9,4,10,3,2,8,26,129
59384,2,3,0,1,3,2,0,3,3,17
59385,2,11,4,2,1,3,0,1,0,24
59386,29,58,25,15,8,20,2,10,61,228
59387,2,9,5,0,2,2,0,1,5,26
59388,1,6,11,3,1,1,0,0,4,27
59389,4,10,2,0,1,0,0,0,1,18
59390,1,6,0,0,2,1,0,0,1,11
59391,0,1,0,0,0,0,0,0,0,1
59392,262,780,54,82,48,14,45,25,305,1615
59393,0,0,0,1,0,0,0,0,0,1
59395,0,1,0,0,0,0,0,0,0,1
59397,0,1,1,0,0,0,0,1,0,3
59398,10,11,11,2,3,8,3,3,16,67
59399,1,3,0,2,0,0,0,0,4,10
59400,8,30,12,9,9,2,0,5,22,97
59401,6,9,8,5,4,2,0,2,7,43
59402,0,0,0,0,0,0,0,0,1,1
59407,0,1,0,0,0,0,0,0,0,1
59408,1,1,4,0,0,0,0,0,2,8
59409,1,7,0,0,2,0,0,1,4,15
59410,34,53,18,14,22,16,3,11,52,223
59411,2,3,5,0,3,0,0,0,4,17
59414,11,29,6,4,4,1,0,3,17,75
59416,1,9,1,2,2,0,1,1,3,20
59418,6,4,10,1,2,1,0,4,8,36
59419,6,3,6,2,3,0,1,1,2,24
59421,20,37,17,12,18,6,5,7,46,168
59422,0,0,0,1,0,0,0,0,0,1
59423,0,3,4,0,0,0,0,3,1,11
59424,1,0,0,0,1,0,0,1,0,3
59426,8,23,27,3,9,10,1,9,17,107
59427,0,0,4,0,0,0,0,0,0,4
59428,3,13,4,1,4,1,0,1,3,30
59429,1,2,1,0,1,0,0,0,0,5
59430,0,4,0,0,0,0,0,0,0,4
59431,10,20,18,0,8,5,0,7,21,89
59432,0,1,0,0,0,0,0,0,1,2
59434,1,3,2,1,0,2,0,2,2,13
59435,2,5,3,1,2,1,0,3,6,23
59436,0,2,0,0,0,0,0,0,0,2
59437,0,1,4,1,0,0,0,2,0,8
59438,0,3,0,0,0,0,0,0,0,3
59439,0,1,0,0,0,0,0,0,0,1
59441,0,0,0,0,0,0,0,0,1,1
59443,0,0,0,0,0,0,0,0,1,1
59444,0,0,3,0,0,0,0,0,1,4
59445,0,0,1,0,0,0,0,0,0,1
59447,8,29,14,1,6,6,0,7,21,92
59449,88,27,28,7,10,16,2,10,57,245
59451,0,0,1,1,0,3,0,0,0,5
59452,3,11,1,0,3,0,0,1,0,19
59454,2,2,4,1,0,0,1,0,1,11
59455,3,1,1,0,1,0,0,3,0,9
59456,2,5,4,1,6,1,0,4,4,27
59457,18,20,36,9,9,10,2,7,27,138
59458,0,1,2,0,0,0,0,0,1,4
59459,4,8,2,0,5,1,1,1,21,43
59462,9,22,17,6,4,5,0,2,18,83
59463,0,1,0,0,0,0,0,0,0,1
59464,1,7,1,1,2,0,0,1,1,14
59465,0,3,0,0,0,0,0,0,0,3
59466,10,21,10,16,2,2,3,13,36,113
59467,1,6,3,0,3,1,0,2,4,20
59469,0,2,0,0,0,0,0,0,0,2
59470,4,2,5,1,2,2,1,0,1,18
59471,3,5,3,2,1,0,0,2,3,19
59472,0,4,0,0,0,0,0,0,0,4
59473,0,1,0,0,0,0,0,0,0,1
59474,2,6,1,0,1,0,0,0,2,12
59475,1,4,2,0,6,0,0,2,5,20
59476,2,6,5,0,5,4,0,1,5,28
59477,3,8,4,1,3,5,0,1,1,26
59478,0,2,3,0,3,4,0,0,4,16
59479,2,7,2,0,1,2,0,2,2,18
59480,0,3,2,0,0,0,0,1,0,6
59481,62,130,22,16,12,4,1,7,71,325
59482,9,26,12,5,7,5,1,4,23,92
59483,0,1,0,0,0,0,0,0,0,1
59484,11,16,8,3,2,3,0,4,13,60
59485,3,4,1,0,1,0,0,0,2,11
59486,5,6,2,2,2,4,0,2,3,26
59487,4,5,7,1,0,1,1,1,3,23
59488,1,11,2,4,2,2,0,0,6,28
59489,15,35,17,8,4,3,1,3,26,112
59491,6,32,8,1,9,7,1,5,26,95
59495,1,10,2,1,0,0,0,0,0,14
59497,2,2,4,1,2,1,0,2,2,16
59499,3,2,1,0,2,0,0,0,0,8
59501,2,8,1,2,2,0,0,0,5,20
59502,1,11,0,0,1,2,0,0,5,20
59504,5,6,1,0,3,0,0,2,12,29
59505,0,2,0,0,0,0,0,0,0,2
59507,23,38,23,27,18,16,3,49,56,253
59508,106,86,43,11,18,11,5,14,100,394
59509,14,17,11,0,4,4,1,1,15,67
59511,23,7,9,0,3,2,2,2,9,57
59512,509,1118,228,116,95,76,92,86,489,2809
59514,1,10,8,4,4,0,0,1,6,34
59515,0,1,0,0,0,0,0,0,0,1
59516,1,0,0,0,0,0,0,0,0,1
59517,3,3,0,0,0,0,0,0,0,6
59518,0,1,0,0,0,0,0,0,0,1
59519,1,3,2,0,2,2,0,2,6,18
59520,6,4,4,1,3,1,1,3,6,29
59522,2,3,1,0,2,0,0,1,0,9
59523,11,7,4,0,5,1,0,5,12,45
59524,10,12,9,4,4,6,1,2,52,100
59525,3,7,3,2,1,1,0,0,0,17
59526,98,235,47,38,51,17,4,18,460,968
59527,92,260,28,51,10,6,1,17,140,605
59528,2,3,1,0,1,0,0,0,0,7
59529,0,1,0,0,0,0,0,0,0,1
59530,0,3,1,0,0,0,0,0,0,4
59533,4,9,0,0,2,2,0,1,2,20
59534,0,4,0,0,0,0,0,1,1,6
59535,5,6,2,6,2,0,1,1,6,29
59536,0,0,0,0,0,0,0,0,1,1
59539,0,2,1,0,0,0,0,0,0,3
59540,29,0,1,0,0,0,0,0,3,33
59541,0,0,0,0,0,4,0,0,0,4
59544,155,164,35,15,7,10,8,9,59,462
59545,1,3,1,0,1,1,0,0,1,8
59546,0,4,0,0,0,0,0,0,0,4
59547,0,2,0,0,0,0,0,0,0,2
59548,0,0,0,0,0,0,0,0,2,2
59550,2,5,2,0,2,2,0,1,3,17
59551,4,9,3,2,0,1,0,2,7,28
59552,0,0,4,0,0,0,0,0,0,4
59553,12,10,24,1,2,1,2,5,17,74
59554,0,1,0,1,0,0,0,0,2,4
59555,2,5,0,1,3,0,0,0,0,11
59557,1,3,6,1,3,4,2,1,5,26
59558,6,2,2,0,1,0,0,0,5,16
59559,1,2,1,2,2,0,0,0,4,12
59560,276,278,48,30,23,22,44,21,169,911
59564,3,9,4,1,3,4,0,0,5,29
59565,0,0,3,0,0,0,0,0,0,3
59566,4,6,17,2,2,4,1,3,3,42
59567,0,0,0,0,0,0,0,0,2,2
59568,0,0,0,0,0,0,0,0,1,1
59569,57,36,13,22,11,2,0,9,88,238
59570,20,1,7,1,0,0,1,4,10,44
59571,6,29,9,3,7,9,1,10,26,100
59572,3,6,4,0,2,1,0,4,2,22
59574,116,108,12,15,12,6,3,5,89,366
59575,0,0,0,0,0,0,0,0,1,1
59576,5,2,2,0,2,0,0,0,1,12
59577,0,1,0,0,0,0,0,0,0,1
59578,2,3,3,0,2,0,0,1,2,13
59579,0,2,3,1,0,2,0,0,1,9
59580,8,14,6,2,7,3,2,3,17,62
59581,5,13,4,3,3,2,0,1,7,38
59582,0,0,3,0,0,0,0,0,2,5
59584,0,0,0,0,0,0,0,2,0,2
59585,7,22,3,1,12,0,0,2,6,53
59586,26,35,18,3,7,10,0,7,36,142
59588,6,18,7,3,6,6,0,2,25,73
59589,4,10,1,1,12,5,0,2,13,48
59592,4,19,7,2,4,4,0,5,16,61
59596,1,2,0,0,0,0,0,0,1,4
59597,0,1,0,0,0,0,0,0,0,1
59598,3,3,8,1,3,0,0,3,3,24
59599,478,783,135,91,105,75,46,68,515,2296
59600,2,0,7,0,0,0,0,1,1,11
59601,4,21,4,16,3,0,0,4,25,77
59602,1,1,0,2,0,0,0,2,5,11
59603,4,11,4,1,4,1,0,3,4,32
59605,3,0,2,1,0,0,1,0,2,9
59606,778,1328,125,128,113,77,94,32,793,3468
59607,0,1,0,0,0,0,0,0,0,1
59608,0,2,4,1,3,0,0,0,3,13
59609,1,2,4,0,0,3,0,1,6,17
59610,0,1,0,0,0,0,0,0,0,1
59611,5,4,5,2,1,5,0,1,7,30
59612,0,5,0,0,0,0,0,0,0,5
59613,2,2,2,0,2,0,0,0,1,9
59614,1,1,1,0,2,0,0,0,1,6
59615,4,15,5,0,4,2,0,4,6,40
59616,10,20,14,3,10,2,2,3,17,81
59617,0,1,0,0,0,0,0,0,0,1
59619,1,13,2,2,0,0,1,0,4,23
59622,0,2,0,0,0,0,0,0,2,4
59623,0,3,1,0,0,0,0,0,1,5
59624,4,6,6,1,3,1,0,0,1,22
59626,1,3,4,0,0,0,1,2,1,12
59627,1,2,0,0,0,0,0,0,0,3
59630,4,9,4,1,2,0,0,2,2,24
59631,4,11,0,3,2,0,0,3,0,23
59632,8,15,5,0,2,1,0,2,11,44
59634,2,2,0,0,0,0,0,0,0,4
59635,0,0,0,0,0,0,0,1,0,1
59636,30,36,25,9,11,11,4,12,47,185
59637,1,2,1,0,0,0,0,0,0,4
59638,0,3,3,0,0,0,0,1,2,9
59639,2,6,0,0,0,0,0,1,1,10
59641,1,7,3,1,2,0,0,0,2,16
59642,0,2,0,1,0,0,0,1,0,4
59643,0,0,1,0,0,0,0,0,0,1
59646,75,106,48,30,23,11,3,21,155,472
59647,6,12,5,0,4,0,0,1,7,35
59648,24,34,37,4,12,10,2,7,36,166
59649,0,1,0,0,0,0,0,0,0,1
59650,74,163,56,16,39,15,4,24,105,496
59651,0,2,1,0,1,0,0,0,0,4
59652,0,1,0,0,0,0,0,0,0,1
59653,8,16,13,2,7,3,2,10,36,97
59654,1,3,4,0,12,0,0,0,7,27
59656,4,10,13,2,5,2,0,3,8,47
59658,0,0,0,0,0,0,0,0,1,1
59659,39,36,0,2,4,0,0,0,4,85
59660,7,3,4,2,2,1,2,4,7,32
59662,0,0,0,1,0,0,0,0,0,1
59663,4,21,10,1,5,2,3,3,20,69
59666,0,2,3,0,0,0,0,0,0,5
59668,26,87,31,11,4,0,0,3,59,221
59669,0,0,0,0,0,0,0,0,1,1
59670,5,3,4,1,2,0,0,1,3,19
60002,0,2,0,0,0,0,0,0,0,2
60005,1,2,0,0,2,0,0,0,0,5
60006,0,0,0,2,0,0,0,0,0,2
60007,5,13,2,12,1,0,0,14,14,61
60008,0,0,0,0,0,0,0,0,1,1
60009,2,2,0,1,0,0,0,0,2,7
60010,2,2,1,0,2,2,0,1,9,19
60011,1,0,0,0,0,0,0,0,0,1
60012,3,2,1,1,2,0,0,1,1,11
60015,0,0,1,0,0,0,0,0,0,1
60016,0,0,0,0,0,0,0,0,1,1
60017,2,5,0,1,2,0,0,0,0,10
60019,0,1,0,0,0,0,0,0,0,1
60020,0,3,0,0,0,0,0,0,0,3
60024,0,0,0,0,0,0,0,0,2,2
60025,0,14,5,1,1,1,0,0,5,27
60029,3,7,3,1,8,1,0,0,11,34
60032,0,0,0,0,0,0,0,0,1,1
60033,1,0,0,0,0,0,0,0,0,1
60034,0,0,0,1,0,0,0,0,0,1
60037,0,0,0,0,0,0,0,0,1,1
60038,0,1,0,0,0,0,0,0,0,1
60041,3,22,2,8,2,0,2,1,12,52
60042,0,0,0,2,0,0,0,0,0,2
60044,1,0,0,0,2,0,0,0,1,4
60045,0,0,0,1,0,0,0,0,0,1
60047,0,0,1,0,1,0,0,1,1,4
60048,0,0,1,0,0,0,0,0,0,1
60053,0,8,0,0,0,0,0,0,0,8
60057,440,884,71,137,113,75,49,15,564,2348
60064,0,0,0,0,0,0,0,0,1,1
60068,4,5,2,1,3,0,0,0,5,20
60069,0,2,1,0,2,8,0,0,3,16
60072,0,1,0,0,0,0,0,0,0,1
60074,0,0,0,1,0,0,0,0,1,2
60082,0,5,0,0,0,0,0,0,0,5
60083,0,5,0,0,0,0,0,0,0,5
60085,0,0,0,1,0,0,0,0,0,1
60086,3,2,2,1,1,0,0,0,4,13
60088,2,7,3,0,6,8,1,2,6,35
60096,0,0,1,0,0,0,0,0,0,1
60099,0,0,0,0,0,0,0,0,1,1
60102,0,0,0,1,2,0,0,0,3,6
60103,5,17,8,4,2,2,0,3,13,54
60104,58,69,11,12,8,0,2,8,46,214
60106,6,7,0,1,3,1,0,0,4,22
60107,0,1,3,0,3,0,3,0,15,25
60109,0,0,1,0,0,0,0,0,0,1
60111,0,0,0,0,0,0,0,0,2,2
60115,1,0,0,0,2,0,0,0,1,4
60116,3,3,0,1,3,1,1,3,8,23
60119,0,1,0,0,1,0,0,0,0,2
60125,0,0,0,0,0,0,0,0,1,1
60129,0,2,0,0,0,0,0,0,0,2
60134,15,1,0,0,3,1,0,0,9,29
60135,1,0,1,0,0,0,1,0,1,4
60138,30,12,0,7,0,4,0,1,23,77
60139,16,29,16,5,8,12,1,2,61,150
60140,0,0,1,0,0,0,0,0,1,2
60141,71,50,20,25,7,18,2,4,73,270
60142,9,4,0,3,2,7,0,1,10,36
60143,17,68,9,9,6,1,1,3,42,156
60149,3,7,0,2,3,2,0,1,4,22
60150,0,3,0,0,0,0,0,1,0,4
60151,5,4,6,4,3,3,0,1,3,29
60154,3,2,1,0,2,0,0,0,6,14
60155,7,29,4,6,4,0,0,0,23,73
60156,4,5,8,1,2,1,0,1,6,28
60157,153,390,13,73,8,12,5,3,147,804
60159,389,852,47,114,78,47,77,32,449,2085
60160,2,5,2,0,1,0,1,0,0,11
60162,0,2,0,0,0,0,0,0,1,3
60164,0,2,0,1,1,0,0,0,0,4
60165,0,2,0,0,0,0,0,0,0,2
60166,3,2,1,4,2,2,0,0,2,16
60169,0,4,0,0,0,0,0,0,0,4
60170,0,0,1,0,0,0,0,0,0,1
60172,2,5,7,4,2,1,0,3,6,30
60173,1,2,0,0,0,0,0,0,0,3
60175,277,461,23,58,47,44,26,7,259,1202
60176,55,56,15,21,17,18,3,8,73,266
60178,11,32,8,4,9,1,2,2,23,92
60185,2,7,0,1,0,0,0,0,3,13
60188,5,12,0,0,0,1,0,3,15,36
60189,0,5,0,0,2,0,0,0,1,8
60193,0,0,0,0,0,0,0,1,0,1
60198,0,1,0,0,0,0,0,0,0,1
60200,0,6,0,3,0,0,0,0,1,10
60202,0,0,1,0,0,0,0,0,0,1
60203,0,0,0,1,0,0,0,0,1,2
60207,0,0,0,1,0,0,0,0,0,1
60211,0,0,0,0,2,0,0,0,0,2
60213,1,3,0,0,0,0,0,1,1,6
60215,0,4,0,0,0,0,0,0,0,4
60218,1,4,0,2,0,0,0,0,0,7
60221,0,0,0,0,2,0,0,0,0,2
60223,5,8,7,2,14,1,0,1,10,48
60225,1,3,0,7,0,0,0,1,10,22
60226,0,3,0,2,0,0,0,0,0,5
60228,0,0,1,0,0,0,0,0,1,2
60232,0,0,0,0,0,0,0,0,1,1
60233,3,3,2,0,3,0,0,0,1,12
60234,5,71,2,3,8,3,0,0,19,111
60235,0,0,0,0,0,0,0,0,1,1
60238,1,3,2,7,0,0,1,1,5,20
60239,0,1,0,0,0,0,0,0,1,2
60241,0,0,0,1,0,0,0,0,0,1
60245,2,14,2,1,5,13,2,1,15,55
60250,0,0,0,0,0,0,0,0,1,1
60253,0,0,0,0,0,0,0,0,1,1
60254,0,0,0,0,0,0,0,0,1,1
60257,0,0,0,1,0,0,0,0,0,1
60260,0,0,0,1,0,0,0,0,0,1
60264,0,2,0,0,0,0,0,1,0,3
60265,3,5,2,0,3,4,1,1,2,21
60268,0,0,0,1,0,0,0,0,0,1
60272,0,0,0,1,0,0,0,0,0,1
60274,0,0,0,0,0,0,0,0,1,1
60277,1,2,2,0,3,0,0,0,1,9
60281,0,0,0,1,0,0,0,0,0,1
60282,59,88,19,16,12,24,2,8,50,278
60284,1,0,0,1,2,0,0,0,2,6
60286,7,45,3,6,11,7,3,2,20,104
60288,0,0,0,0,0,0,0,0,1,1
60290,0,0,0,0,0,0,0,0,1,1
60291,2,10,2,1,3,0,0,0,6,24
60302,0,0,0,0,0,0,0,1,0,1
60309,0,1,2,0,0,0,0,0,0,3
60313,1,4,1,0,1,1,0,1,7,16
60315,0,0,0,0,0,0,0,0,1,1
60318,0,0,0,0,0,0,0,0,1,1
60321,0,0,0,0,0,0,0,0,1,1
60322,0,0,0,0,0,0,0,0,1,1
60325,0,2,0,1,2,0,1,0,7,13
60327,0,1,0,0,0,0,0,0,1,2
60330,2,10,0,2,0,0,0,0,0,14
60332,12,52,3,5,4,0,0,1,13,90
60333,1,4,0,0,2,0,0,0,8,15
60335,0,0,1,0,0,0,0,0,0,1
60336,0,0,0,0,0,0,0,0,1,1
60337,0,1,0,0,0,0,0,0,0,1
60338,2,27,3,3,8,11,0,1,21,76
60340,0,3,0,0,0,0,0,0,0,3
60341,3,5,8,0,0,3,0,1,7,27
60342,2,8,1,0,6,0,0,0,3,20
60346,14,14,9,5,9,1,1,1,22,76
60350,1,6,1,0,2,0,0,1,6,17
60355,2,4,1,6,0,0,0,0,6,19
60356,0,5,1,2,0,0,0,0,4,12
60358,0,0,0,0,0,0,0,0,1,1
60360,11,33,8,8,8,3,0,3,20,94
60363,0,0,0,0,0,0,0,0,1,1
60364,2,3,0,1,0,0,0,0,0,6
60368,1,3,0,2,3,0,0,0,1,10
60369,1,1,2,3,2,0,0,1,14,24
60374,2,3,3,0,2,0,0,0,4,14
60380,1,1,0,0,1,0,0,0,0,3
60382,13,21,20,8,10,13,1,3,31,120
60385,0,0,0,0,0,0,0,0,2,2
60386,0,0,0,1,0,0,0,0,0,1
60387,2,7,2,1,2,0,0,2,2,18
60390,0,0,0,0,0,0,0,0,1,1
60392,0,0,1,0,0,0,0,0,0,1
60393,0,0,0,1,0,0,0,0,0,1
60394,0,0,0,0,0,0,0,0,1,1
60395,14,36,4,10,8,8,4,1,33,118
60396,0,0,0,1,0,0,0,0,0,1
60398,1,3,4,3,2,2,0,1,6,22
60399,0,0,0,1,0,0,0,0,1,2
60401,0,0,0,1,0,0,0,0,0,1
60402,4,7,3,2,1,4,0,1,5,27
60403,1,2,0,1,2,0,0,0,3,9
60404,0,2,1,0,0,0,0,0,1,4
60406,0,1,0,0,0,0,0,0,0,1
60409,5,21,0,1,4,0,0,0,1,32
60411,0,3,0,0,0,0,1,0,0,4
60412,0,0,0,0,0,0,0,0,1,1
60414,17,21,0,12,8,3,1,1,25,88
60420,0,0,0,1,0,0,0,0,0,1
60421,0,0,1,0,0,0,1,0,0,2
60423,0,0,0,1,0,0,0,1,0,2
60425,0,2,0,0,0,0,0,0,0,2
60430,3,1,4,3,0,0,0,2,1,14
60434,0,1,0,0,0,0,0,0,0,1
60439,5,15,4,5,2,0,0,0,30,61
60441,0,0,0,2,0,0,0,0,0,2
60445,0,9,0,1,0,0,0,0,0,10
60446,4,11,2,2,3,0,0,0,7,29
60447,0,0,0,1,0,0,0,0,0,1
60450,2,11,5,1,3,1,0,1,7,31
60451,1,7,0,1,0,0,0,0,17,26
60454,0,2,0,0,2,0,0,0,0,4
60456,3,4,1,2,2,0,1,0,4,17
60461,0,0,0,5,0,0,0,0,1,6
60462,2,10,2,0,3,0,1,0,7,25
60463,25,58,9,8,14,8,2,1,41,166
60464,0,1,0,0,0,0,0,0,0,1
60470,1,3,0,2,0,0,0,0,2,8
60471,69,120,9,12,14,5,3,5,100,337
60477,0,1,0,0,2,0,0,0,3,6
60478,0,0,0,0,0,0,0,0,1,1
60481,0,13,0,1,0,0,0,0,0,14
60482,2,2,2,1,2,2,0,1,3,15
60485,0,1,0,0,0,0,0,0,1,2
60487,1,0,0,0,0,0,0,0,1,2
60491,6,16,1,6,2,0,0,1,11,43
60493,0,0,0,1,0,0,0,0,0,1
60494,6,9,1,0,0,0,1,1,3,21
60500,3,6,3,2,7,11,0,0,24,56
60501,2,2,3,0,0,0,0,0,1,8
60505,0,2,1,0,0,0,0,1,5,9
60506,0,1,0,0,2,1,0,0,0,4
60507,0,0,1,0,0,0,0,0,0,1
60508,1,10,0,2,3,0,0,0,5,21
60509,15,31,13,10,11,12,3,4,32,131
60510,0,0,0,0,0,0,0,0,1,1
60513,7,9,3,2,2,0,2,1,6,32
60517,0,0,2,1,0,0,0,0,1,4
60522,0,0,0,2,0,0,0,0,0,2
60524,0,0,0,1,4,0,0,1,0,6
60530,0,1,0,0,0,0,0,0,0,1
60531,3,3,3,1,2,0,0,0,5,17
60533,4,8,2,2,3,2,0,1,7,29
60534,0,0,0,1,0,0,0,1,0,2
60537,4,12,5,2,4,4,2,1,11,45
60538,0,0,1,0,0,0,0,0,0,1
60539,0,2,2,0,2,1,1,0,0,8
60542,0,1,0,1,0,0,0,0,0,2
60545,0,0,0,1,0,0,0,0,1,2
60558,0,0,0,0,0,0,0,0,2,2
60559,0,0,0,1,0,0,0,0,0,1
60560,2,3,0,0,0,0,0,1,1,7
60562,3,3,2,1,3,1,0,2,3,18
60567,0,1,0,0,0,0,0,0,0,1
60568,0,0,0,1,0,0,0,0,0,1
60570,2,9,3,0,1,0,0,1,10,26
60573,0,0,1,0,0,0,0,0,1,2
60575,0,6,1,0,3,1,0,1,12,24
60576,0,0,0,1,0,0,0,0,0,1
60577,2,7,2,0,2,0,0,0,4,17
60578,0,0,0,1,0,0,0,0,0,1
60579,0,0,1,1,0,0,0,0,0,2
60581,12,23,3,8,9,4,4,2,39,104
60582,0,0,0,0,0,0,0,0,1,1
60584,4,10,2,0,4,0,0,2,24,46
60586,1,1,1,0,0,0,0,0,0,3
60587,1,3,0,2,0,0,1,0,3,10
60588,0,0,0,1,0,0,0,0,0,1
60589,6,6,0,3,9,5,0,0,61,90
60590,6,29,10,3,1,0,0,3,20,72
60591,1,1,1,0,0,0,0,0,2,5
60594,0,0,1,0,0,0,0,0,0,1
60597,1,0,0,0,3,3,0,0,0,7
60598,0,0,1,0,0,0,0,0,0,1
60600,0,0,0,1,0,0,0,0,0,1
60609,1,2,0,0,0,0,0,2,2,7
60610,0,0,1,0,0,0,0,0,0,1
60612,93,192,18,48,19,29,56,9,146,610
60616,0,6,0,1,2,0,0,0,5,14
60623,3,11,3,1,2,0,0,0,2,22
60628,1,1,0,0,0,0,0,0,1,3
60631,0,2,0,0,0,0,0,0,0,2
60632,0,2,1,0,0,0,0,0,0,3
60635,0,0,0,0,0,0,0,0,2,2
60636,5,20,3,4,7,6,1,0,15,61
60637,0,0,0,0,0,0,0,0,1,1
60639,1,21,2,0,2,0,0,0,1,27
60641,7,14,6,5,5,0,0,0,1,38
60643,1,4,0,0,1,2,0,1,2,11
60644,2,16,2,1,2,0,1,0,12,36
60646,3,4,1,0,2,0,0,0,3,13
60647,1,4,1,0,6,0,0,0,50,62
60650,0,0,0,2,0,0,0,0,2,4
60651,1,2,1,0,0,0,0,0,0,4
60657,0,1,0,0,0,0,0,0,0,1
60662,0,2,0,0,0,0,0,0,0,2
60665,4,14,0,1,2,1,0,1,46,69
60666,0,0,2,0,0,0,0,0,0,2
60667,5,15,4,1,2,3,0,1,6,37
60668,0,0,0,0,0,0,0,0,1,1
60670,4,7,1,1,4,3,0,0,7,27
60674,2,0,0,1,0,0,0,0,0,3
60677,0,0,0,1,0,0,0,0,0,1
60678,0,3,0,0,0,0,0,0,2,5
60680,0,0,0,1,0,0,0,0,1,2
60682,1,0,0,0,0,0,0,0,0,1
60684,2,6,1,0,5,0,0,0,11,25
60686,4,1,3,0,2,0,0,0,2,12
60691,0,1,0,0,0,0,0,0,1,2
60694,1,0,0,0,0,0,0,0,0,1
60695,1,2,1,2,3,0,0,1,4,14
60700,0,1,0,3,2,0,0,0,4,10
60701,0,0,2,0,0,0,0,0,0,2
60703,2,0,4,1,0,0,0,0,0,7
61001,258,522,44,115,39,25,31,22,356,1412
61002,1,2,0,0,0,0,0,0,0,3
61006,106,308,11,16,18,17,18,2,112,608
61007,4,15,2,3,3,0,0,0,10,37
61008,0,11,1,2,1,0,0,0,3,18
61011,0,0,0,0,0,0,0,0,1,1
61015,0,0,0,1,0,0,0,0,0,1
61029,0,2,1,0,1,0,0,0,1,5
61038,5,28,4,5,3,1,0,1,18,65
61040,0,5,0,0,0,0,0,0,0,5
61043,6,5,3,0,5,2,1,0,5,27
61053,0,1,0,0,0,0,0,0,0,1
61055,1,6,0,0,2,0,0,0,9,18
61061,1,6,2,0,0,0,0,0,1,10
61063,3,18,2,2,3,0,0,1,6,35
61068,0,0,0,0,0,0,0,0,1,1
61070,0,1,0,0,0,0,0,0,0,1
61074,2,13,1,2,1,0,0,1,7,27
61075,1,6,0,0,2,0,0,0,0,9
61077,0,1,0,0,0,0,0,0,0,1
61079,2,11,2,4,2,0,0,0,8,29
61083,0,1,1,0,0,0,0,0,0,2
61091,0,0,4,2,0,0,0,0,0,6
61092,0,4,0,0,0,0,0,0,0,4
61093,1,8,1,2,2,0,0,0,0,14
61095,0,0,0,1,0,0,0,0,0,1
61096,2,16,2,0,6,0,0,0,5,31
61097,1,2,0,0,1,0,0,0,1,5
61098,1,5,0,5,0,0,0,0,26,37
61110,0,1,0,0,0,0,0,0,0,1
61116,0,0,1,0,0,0,0,0,2,3
61117,0,9,1,1,3,0,0,1,7,22
61126,0,3,0,1,0,0,0,0,0,4
61133,2,3,0,2,1,0,0,0,1,9
61135,1,1,0,0,0,0,0,0,0,2
61138,0,1,0,0,0,0,0,0,0,1
61143,15,25,13,4,0,0,0,2,14,73
61145,11,30,3,5,4,2,0,2,25,82
61150,0,4,0,0,0,0,0,0,0,4
61153,5,11,3,1,2,0,0,1,9,32
61156,1,1,1,0,0,1,0,0,0,4
61161,0,0,0,0,0,0,0,0,1,1
61163,1,17,1,3,3,0,0,0,9,34
61164,0,2,1,0,0,0,0,0,0,3
61165,0,0,1,0,0,0,0,0,0,1
61167,2,7,0,0,2,0,0,0,2,13
61168,27,144,6,7,12,10,0,4,90,300
61169,102,425,21,41,27,12,28,3,205,864
61181,4,10,3,2,3,0,0,1,4,27
61186,0,0,1,0,0,0,0,0,0,1
61189,0,2,0,0,0,0,0,0,0,2
61203,0,3,0,0,0,0,0,0,0,3
61207,1,0,0,0,0,0,0,0,0,1
61211,0,2,0,1,0,0,0,0,1,4
61213,0,0,1,0,0,0,0,0,0,1
61214,47,110,15,17,16,11,10,4,109,339
61217,0,0,0,1,0,0,0,0,0,1
61218,0,1,0,1,0,0,0,0,0,2
61224,0,2,0,0,0,0,0,0,0,2
61230,4,13,2,3,2,0,0,1,4,29
61232,2,5,1,0,1,1,0,0,0,10
61234,0,0,1,0,0,0,0,0,0,1
61243,0,2,3,0,0,0,0,1,0,6
61248,0,0,0,0,0,0,0,0,4,4
61255,0,1,0,2,0,0,0,0,0,3
61258,10,8,2,0,3,2,0,1,11,37
61275,0,3,1,0,2,0,0,0,5,11
61278,2,4,1,0,2,0,0,1,7,17
61281,0,0,0,0,0,0,0,0,1,1
61287,0,1,0,0,0,0,0,0,0,1
61293,51,88,15,18,8,4,1,1,87,273
61294,1,2,0,0,2,0,0,0,0,5
61297,4,5,2,1,1,0,3,0,4,20
61298,0,0,0,0,0,0,0,0,1,1
61303,0,3,0,0,0,0,0,0,0,3
61304,0,0,0,1,0,0,0,0,0,1
61305,0,2,0,0,0,0,0,0,0,2
61309,1,5,0,0,1,0,0,0,0,7
61314,1,3,0,2,0,0,0,0,0,6
61321,0,0,0,1,0,0,0,0,0,1
61324,1,11,2,0,2,0,0,0,5,21
61326,0,4,0,2,0,0,0,0,0,6
61327,1,0,0,0,0,0,0,0,0,1
61329,0,5,0,0,0,0,0,0,1,6
61339,5,12,1,3,2,1,1,0,4,29
61341,1,3,1,0,1,0,0,0,0,6
61342,2,3,0,0,1,1,0,0,0,7
61343,0,3,1,0,0,0,0,0,0,4
61344,1,5,0,0,2,0,0,0,2,10
61345,11,4,1,1,2,1,2,0,3,25
61346,0,0,1,0,0,0,0,0,0,1
61349,0,2,0,0,0,0,0,0,0,2
61362,0,5,2,1,0,0,0,0,2,10
61369,0,0,0,0,0,0,0,0,2,2
61375,0,1,0,0,0,0,0,0,0,1
61376,0,5,0,0,0,0,0,0,0,5
61382,2,2,2,0,1,1,0,0,4,12
61383,0,0,1,0,0,0,0,0,0,1
61389,1,3,0,3,2,1,0,0,2,12
61391,12,6,2,1,3,0,0,1,16,41
61394,1,2,0,0,1,0,0,0,1,5
61397,7,9,2,7,7,1,1,1,37,72
61404,0,1,0,1,0,0,0,0,2,4
61412,0,0,0,0,0,0,0,0,1,1
61414,0,3,0,0,3,0,0,0,6,12
61422,1,2,0,0,0,0,0,0,0,3
61426,0,0,1,0,0,0,0,0,0,1
61438,0,0,1,0,0,0,0,0,0,1
61445,0,3,0,0,1,0,0,0,0,4
61446,0,0,0,0,0,0,0,1,0,1
61447,0,3,0,0,0,0,0,0,0,3
61451,0,0,0,1,0,0,0,0,0,1
61456,1,0,0,0,4,0,0,0,11,16
61460,5,8,1,2,2,0,0,0,4,22
61462,0,0,4,0,0,0,0,1,0,5
61463,2,1,2,0,0,1,0,0,0,6
61464,14,49,7,6,7,2,1,4,41,131
61472,0,0,0,0,0,1,0,0,0,1
61474,0,1,0,0,1,0,0,0,1,3
61475,0,2,2,0,0,0,0,0,0,4
61483,43,64,46,5,3,2,0,5,43,211
61484,2,9,2,0,1,1,0,0,5,20
61486,5,23,1,3,4,0,0,3,5,44
61491,1,8,0,2,2,0,0,1,8,22
61494,3,7,1,3,2,0,0,1,1,18
61496,0,0,4,0,0,0,0,0,0,4
61497,3,8,4,2,0,0,0,0,0,17
61507,0,0,1,0,0,0,0,0,0,1
61508,5,27,3,2,6,3,0,2,15,63
61509,0,0,1,0,0,0,0,0,0,1
62001,3,9,3,3,2,1,0,1,3,25
62004,5,17,7,4,7,3,2,6,25,76
62005,3,2,1,0,2,0,0,0,0,8
62007,0,5,0,0,0,0,0,0,1,6
62008,1,2,0,0,0,0,0,0,0,3
62009,0,3,0,0,0,0,0,0,0,3
62011,0,2,1,2,0,0,0,2,0,7
62013,4,2,1,2,2,2,0,2,9,24
62014,22,36,14,6,10,5,2,6,61,162
62018,0,1,0,0,0,0,0,0,0,1
62019,7,32,5,1,2,2,0,2,11,62
62020,0,1,0,0,0,0,0,0,0,1
62023,3,13,4,0,2,0,0,4,4,30
62024,0,5,0,0,0,0,0,0,0,5
62025,4,5,4,1,3,1,0,1,6,25
62028,0,1,0,0,0,0,0,0,0,1
62029,1,3,0,0,0,0,0,0,0,4
62030,0,1,0,0,0,0,0,0,0,1
62031,1,6,2,0,0,0,0,0,1,10
62032,2,7,3,1,5,3,1,1,5,28
62033,5,8,2,0,5,1,1,1,6,29
62034,5,3,6,0,2,0,0,0,2,18
62035,7,11,3,3,7,0,0,2,12,45
62036,1,6,0,0,2,0,0,2,1,12
62037,5,6,14,1,4,0,0,1,2,33
62038,8,29,16,3,6,6,2,3,59,132
62039,0,6,1,2,0,2,3,1,4,19
62040,6,43,17,3,10,0,2,2,36,119
62041,623,959,104,136,70,56,123,45,529,2645
62042,1,2,0,0,0,0,0,0,1,4
62043,1,5,1,0,2,0,0,0,0,9
62044,0,1,2,5,0,0,0,1,16,25
62045,5,17,7,1,5,2,0,5,9,51
62048,10,38,12,3,10,4,1,2,37,117
62050,3,11,2,0,3,0,1,0,2,22
62051,7,8,18,0,6,4,3,1,15,62
62052,1,0,0,0,0,0,0,0,0,1
62053,0,3,0,0,0,0,0,0,0,3
62054,0,1,0,0,0,0,0,0,0,1
62056,1,1,2,0,0,0,0,0,0,4
62057,26,23,5,0,9,3,3,4,22,95
62059,0,0,0,0,0,0,0,0,1,1
62060,6,14,6,0,9,3,1,2,5,46
62063,4,4,2,1,5,0,0,2,6,24
62065,25,40,19,5,13,1,1,9,19,132
62073,0,6,1,2,19,0,0,2,3,33
62075,1,4,9,4,0,1,0,3,1,23
62078,0,3,0,0,0,0,0,0,1,4
62080,29,50,11,6,8,7,2,4,35,152
62081,10,5,5,0,0,5,1,3,10,39
62083,5,19,8,1,6,1,2,2,4,48
62084,0,2,0,0,0,0,0,0,0,2
62087,1,3,0,0,0,0,1,0,2,7
62088,0,0,0,0,0,0,0,0,1,1
62089,0,0,1,0,0,0,0,0,0,1
62092,0,1,0,0,0,0,0,0,1,2
62097,1,5,2,0,3,2,4,0,1,18
62099,5,12,8,2,5,3,0,2,10,47
62100,4,11,4,3,2,1,0,1,10,36
62104,0,0,0,0,0,0,0,0,1,1
62105,0,6,0,0,0,0,0,1,0,7
62107,0,2,4,0,0,1,1,0,0,8
62108,116,556,111,48,17,9,2,12,239,1110
62111,1,0,0,0,0,0,0,0,0,1
62112,1,2,2,0,0,0,0,1,0,6
62117,0,6,1,0,2,0,0,0,1,10
62119,329,520,52,53,50,29,30,14,295,1372
62120,0,0,2,0,0,0,0,0,0,2
62125,1,0,0,0,0,0,0,0,0,1
62126,111,140,18,7,11,2,3,8,75,375
62128,7,14,8,0,3,0,0,2,8,42
62130,3,3,1,1,2,0,0,2,2,14
62132,3,7,4,1,5,0,2,2,5,29
62133,13,12,11,1,6,1,0,0,22,66
62138,1,4,0,1,1,1,0,0,5,13
62139,53,17,5,3,4,4,1,6,15,108
62141,0,2,0,0,0,0,0,0,0,2
62144,0,2,0,0,0,0,0,0,0,2
62146,0,4,2,0,0,0,0,0,1,7
62147,0,2,2,0,0,0,0,0,0,4
62148,182,184,5,2,2,0,0,1,55,431
62150,0,0,1,0,0,0,0,0,0,1
62151,0,0,0,0,1,0,0,0,0,1
62155,0,0,0,0,0,0,0,1,0,1
62156,0,1,0,0,0,0,0,1,0,2
62158,0,0,0,0,0,0,0,0,1,1
62160,304,627,69,60,49,28,30,24,326,1517
62164,0,3,1,0,1,2,0,1,0,8
62167,0,1,0,0,0,0,0,0,0,1
62169,0,4,0,1,0,0,0,0,0,5
62170,4,14,2,4,2,0,0,3,7,36
62173,1,10,3,3,5,1,0,4,19,46
62174,0,0,0,1,0,0,0,0,1,2
62177,0,3,2,0,0,0,0,0,0,5
62178,104,125,19,9,39,19,4,9,119,447
62181,1,7,4,0,3,1,1,1,4,22
62184,0,1,0,0,0,0,0,0,1,2
62186,34,82,16,11,13,2,0,5,31,194
62188,6,13,7,1,2,0,0,0,7,36
62190,2,1,3,1,0,5,0,0,7,19
62191,3,7,0,0,2,0,0,0,1,13
62193,266,694,101,81,94,31,60,35,363,1725
62194,3,15,2,2,5,0,0,0,12,39
62195,0,5,0,0,0,0,0,0,2,7
62197,3,7,3,1,0,0,3,7,5,29
62198,0,0,0,0,0,0,0,0,1,1
62199,0,3,0,0,0,0,0,0,1,4
62200,5,2,1,0,0,1,0,1,1,11
62201,14,88,2,14,5,4,0,1,24,152
62204,5,61,3,6,3,1,0,2,12,93
62205,0,2,1,0,0,1,0,0,4,8
62206,0,0,0,0,0,0,0,0,1,1
62207,6,3,9,0,0,1,0,1,4,24
62210,0,1,0,0,0,0,0,0,0,1
62211,0,1,0,0,0,0,0,0,0,1
62213,0,0,0,0,0,0,0,1,0,1
62214,0,2,1,0,0,0,0,0,0,3
62215,31,53,31,19,18,15,4,21,94,286
62217,0,6,1,0,3,0,0,0,0,10
62224,2,8,2,1,1,1,0,1,1,17
62225,0,2,0,0,0,0,0,0,1,3
62228,0,0,0,0,0,0,0,0,1,1
62230,1,3,1,0,0,0,0,0,1,6
62232,0,0,1,0,0,0,0,0,0,1
62233,0,2,2,0,0,0,0,0,1,5
62235,5,18,9,2,3,3,0,2,8,50
62236,0,1,0,0,3,0,0,0,0,4
62237,0,2,0,2,0,0,0,1,0,5
62239,131,154,10,8,44,6,0,2,98,453
62240,2,7,0,0,1,0,0,0,6,16
62244,5,19,7,0,3,2,0,0,14,50
62249,4,13,9,1,4,7,0,4,8,50
62250,20,29,25,2,12,17,1,7,24,137
62252,2,9,3,1,2,2,0,3,4,26
62254,0,0,0,1,0,0,0,1,0,2
62256,0,1,0,0,0,0,0,0,0,1
62259,5,19,5,2,3,3,1,2,1,41
62261,58,83,20,2,9,4,0,3,14,193
62262,5,11,1,2,3,4,1,0,4,31
62263,14,32,10,6,10,2,1,1,24,100
62264,0,2,1,0,0,0,0,0,2,5
62267,0,0,0,0,0,0,0,0,1,1
62268,11,45,11,2,9,2,3,6,39,128
62270,79,163,6,3,11,2,22,0,31,317
62271,0,6,0,1,0,0,0,0,4,11
62273,1,0,0,0,0,0,0,0,0,1
62274,3,4,3,1,4,0,2,1,14,32
62276,3,14,10,2,2,2,0,0,3,36
62277,5,11,1,1,7,0,0,0,2,27
62278,0,1,0,0,0,0,0,0,0,1
62279,28,7,10,0,0,3,1,0,8,57
62281,0,2,0,0,0,0,0,0,0,2
62284,0,10,5,0,2,0,0,1,5,23
62285,0,2,0,0,0,0,0,0,10,12
62286,0,1,0,0,0,0,0,0,0,1
62288,2,10,4,0,3,0,0,1,2,22
62289,0,5,1,0,0,0,1,3,2,12
62291,5,10,19,0,6,1,0,0,2,43
62292,0,1,0,0,0,0,0,0,0,1
62295,1,3,2,0,0,0,0,0,1,7
62296,0,2,0,0,0,0,0,0,0,2
62297,6,21,3,3,3,1,0,2,8,47
62300,2,4,1,2,2,0,0,0,1,12
62309,3,15,0,0,0,1,0,0,2,21
62310,1,1,2,0,1,0,0,0,2,7
62311,4,3,2,0,0,0,0,2,1,12
62313,3,4,6,0,1,0,0,0,3,17
62314,0,0,1,0,0,0,0,0,0,1
62318,46,42,16,4,14,5,2,7,70,206
62321,3,4,2,0,2,0,0,2,1,14
62323,1,2,0,0,0,0,0,0,1,4
62324,1,0,0,1,0,0,0,1,1,4
62325,4,9,2,0,4,0,0,0,11,30
62329,0,4,5,0,3,0,0,0,2,14
62330,0,6,1,0,0,0,0,0,0,7
62331,2,0,1,0,3,0,0,0,2,8
62332,0,0,0,1,0,0,0,0,1,2
62335,1,0,1,0,2,0,0,0,2,6
62336,0,0,0,0,2,0,0,0,0,2
62338,5,4,10,1,3,2,1,3,16,45
62341,0,1,0,0,0,0,0,0,0,1
62349,0,3,3,0,2,0,0,0,0,8
62350,4,2,1,4,0,0,0,1,23,35
62351,17,72,28,9,6,1,0,8,31,172
62354,0,5,0,0,2,0,0,0,0,7
62355,29,0,0,0,0,0,0,0,0,29
62356,0,0,1,0,0,0,0,1,0,2
62359,0,0,0,0,0,0,0,0,2,2
62360,3,10,0,0,0,0,0,0,4,17
62361,2,19,1,1,4,2,2,2,7,40
62364,6,29,5,3,6,1,0,1,13,64
62366,0,0,0,1,0,0,0,0,0,1
62367,10,23,3,2,2,3,1,0,17,61
62369,0,0,0,1,0,0,0,0,1,2
62371,1,2,3,2,1,0,0,0,2,11
62373,0,0,0,0,0,0,0,0,1,1
62376,3,11,0,0,1,0,0,2,2,19
62377,0,1,0,0,0,0,0,0,0,1
62380,1,1,0,0,0,0,0,0,2,4
62381,0,1,0,0,0,0,0,0,0,1
62383,1,1,0,0,1,0,0,0,0,3
62386,22,15,1,0,11,10,0,3,4,66
62388,0,0,2,0,0,0,0,0,0,2
62390,9,7,4,1,0,0,0,1,12,34
62391,0,3,2,0,0,0,0,0,1,6
62393,1,0,0,0,0,0,0,0,2,3
62397,10,29,5,14,6,3,0,1,23,91
62399,1,2,2,0,0,0,0,0,0,5
62400,0,4,4,0,4,3,0,0,1,16
62401,3,8,8,0,3,1,0,5,9,37
62403,0,3,5,0,2,0,0,0,0,10
62405,0,1,0,0,0,0,0,0,0,1
62407,1,2,0,0,0,0,0,0,1,4
62408,0,2,0,0,0,0,0,0,0,2
62409,0,1,0,0,0,0,0,0,0,1
62412,3,15,5,4,2,0,1,1,4,35
62413,14,30,9,2,9,5,4,3,29,105
62415,2,1,1,0,0,0,0,0,0,4
62418,0,1,0,0,0,0,0,0,0,1
62422,0,0,1,0,0,0,0,0,1,2
62423,97,281,15,9,15,0,28,2,95,542
62427,181,407,37,47,24,11,2,22,183,914
62436,0,0,0,0,0,0,0,0,5,5
62440,3,7,1,1,2,1,1,0,6,22
62443,7,11,6,1,6,1,2,1,12,47
62444,1,0,0,0,0,0,0,0,0,1
62445,0,0,0,1,0,5,0,0,0,6
62447,32,67,4,1,12,2,2,1,40,161
62448,2,6,0,0,3,2,0,0,0,13
62451,0,1,0,0,1,0,0,0,1,3
62452,0,4,0,0,0,0,0,0,1,5
62454,5,4,6,4,1,0,0,1,3,24
62457,6,32,4,0,6,6,0,4,4,62
62463,4,10,5,2,3,1,1,2,8,36
62464,3,4,2,1,2,0,0,1,3,16
62469,0,1,0,0,0,0,0,0,0,1
62473,8,23,14,4,10,3,0,3,13,78
62474,0,1,6,0,1,0,1,1,1,11
62475,0,0,0,0,0,0,0,1,0,1
62476,0,1,0,0,0,0,0,1,0,2
62477,0,2,1,0,0,0,0,0,1,4
62479,0,2,0,0,0,0,0,0,0,2
62480,7,3,2,2,4,0,2,1,3,24
62485,0,1,0,0,0,0,0,0,0,1
62487,0,3,1,0,0,0,0,0,0,4
62488,0,0,1,0,0,0,1,0,0,2
62489,1,10,5,0,3,0,0,0,5,24
62490,0,0,1,0,0,0,0,0,2,3
62491,10,11,9,0,7,2,1,5,10,55
62492,0,0,0,0,0,0,0,0,1,1
62497,10,20,12,3,7,5,2,6,24,89
62498,469,760,39,66,68,34,74,15,373,1898
62499,0,0,2,0,0,0,0,0,1,3
62502,7,16,6,1,1,3,1,5,14,54
62503,0,0,0,0,0,0,0,0,1,1
62504,6,0,0,0,2,0,0,0,0,8
62505,0,1,0,0,0,0,0,0,1,2
62506,2,6,4,0,1,2,1,2,5,23
62510,124,263,60,34,26,16,10,24,174,731
62512,1,6,2,0,0,0,0,0,0,9
62516,21,61,15,5,9,3,1,6,21,142
62517,0,1,0,0,0,0,0,0,0,1
62519,0,0,4,0,0,0,0,0,0,4
62520,4,3,5,0,3,1,0,0,3,19
62523,4,15,7,1,7,1,0,2,14,51
62525,14,33,8,13,16,6,0,10,58,158
62528,6,12,8,0,9,1,0,3,4,43
62529,0,2,0,0,0,0,0,1,0,3
62531,0,1,0,0,0,0,0,0,0,1
62532,0,2,0,0,0,0,0,0,0,2
62534,2,14,9,0,6,2,1,6,15,55
62536,0,4,0,0,0,0,0,2,1,7
62540,2,5,3,1,0,0,1,0,2,14
62543,0,4,3,0,3,3,0,2,0,15
62548,10,20,8,1,9,5,1,2,30,86
62549,20,2,4,0,0,0,0,4,4,34
62550,0,0,2,0,1,0,0,0,4,7
62552,1,3,0,0,1,0,0,0,2,7
62555,4,16,0,0,7,0,0,0,7,34
62557,6,1,5,0,4,4,0,1,4,25
62559,0,7,2,2,3,0,0,0,4,18
62560,10,28,21,2,7,7,3,5,29,112
62563,8,22,1,2,6,3,0,1,6,49
62564,0,3,0,0,0,0,0,0,0,3
62567,0,0,0,0,0,0,0,0,1,1
62568,2,3,0,0,0,0,0,0,0,5
62570,10,32,11,3,7,2,3,4,17,89
62571,7,4,4,1,4,3,0,0,11,34
62572,0,2,0,0,0,0,0,0,0,2
62573,2,10,7,0,1,1,0,3,6,30
62579,0,2,0,0,0,0,0,0,0,2
62580,0,0,1,0,0,0,0,0,0,1
62581,0,0,0,1,0,0,0,0,0,1
62582,0,1,0,1,0,0,0,0,3,5
62583,0,0,2,1,0,0,0,0,1,4
62584,2,6,0,0,0,0,0,1,1,10
62587,6,24,9,3,7,8,2,8,17,84
62588,13,15,19,3,4,5,3,1,36,99
62589,2,2,0,0,0,0,0,0,0,4
62595,0,3,1,1,4,0,0,2,0,11
62598,0,1,0,0,0,0,0,0,0,1
62600,0,1,0,0,0,0,0,0,0,1
62601,0,5,0,1,0,0,0,0,0,6
62602,0,1,0,0,0,0,0,0,0,1
62604,9,20,7,2,6,7,0,4,11,66
62606,0,1,0,0,0,0,0,0,0,1
62609,1,3,1,0,2,0,1,1,0,9
62610,2,2,3,1,3,0,0,1,4,16
62611,0,3,3,1,0,0,0,0,1,8
62612,0,0,1,0,0,0,0,0,0,1
62613,1,6,2,0,1,0,0,0,1,11
62617,19,36,16,9,12,2,0,6,42,142
62618,1,1,0,0,1,0,0,2,1,6
62620,2,0,6,0,3,0,0,1,23,35
62621,0,0,1,0,0,0,0,0,1,2
62622,0,1,0,0,0,0,0,0,0,1
62623,3,1,2,0,0,0,0,0,0,6
62624,15,21,4,1,7,8,0,1,25,82
62626,0,18,1,0,0,2,0,0,3,24
62628,5,17,4,0,6,3,1,1,18,55
62630,0,0,0,0,0,0,0,0,1,1
62636,0,2,0,0,0,0,0,0,0,2
62637,56,79,32,12,19,6,2,8,63,277
62638,5,10,0,0,1,0,0,0,3,19
62639,0,2,1,0,0,0,0,0,2,5
62643,18,29,18,3,14,10,1,5,46,144
62645,8,11,7,1,4,3,0,5,11,50
62647,0,1,0,0,0,0,0,0,0,1
62648,0,2,0,1,0,0,0,0,1,4
62649,1,5,0,0,2,0,2,1,7,18
62650,0,2,0,0,0,0,0,0,0,2
62651,0,2,0,0,0,0,0,0,0,2
62652,6,18,3,0,1,0,0,1,5,34
62654,3,8,4,0,0,4,1,1,3,24
62656,0,2,0,0,0,0,0,0,0,2
62658,0,0,0,1,0,0,0,0,0,1
62660,0,0,0,0,0,0,0,0,1,1
62662,0,1,0,0,0,0,0,0,1,2
62666,3,6,1,1,2,1,0,1,0,15
62667,14,31,14,1,11,2,1,4,20,98
62672,1,0,0,0,0,0,0,0,0,1
62673,0,3,2,0,1,0,0,0,0,6
62680,3,2,2,0,0,0,0,1,6,14
62681,0,1,0,0,0,0,0,0,0,1
62684,4,7,2,0,4,0,0,0,8,25
62688,118,285,13,33,21,3,20,5,93,591
62692,0,0,0,0,0,0,0,0,1,1
62693,0,2,0,2,0,0,0,0,2,6
62695,1,0,0,0,0,0,0,0,0,1
62698,0,2,0,0,0,0,0,0,0,2
62701,0,4,0,0,0,0,0,0,0,4
62702,0,2,6,0,0,0,0,0,0,8
62705,0,1,0,0,1,1,0,0,0,3
62706,4,7,4,2,3,1,0,2,9,32
62708,0,0,0,2,0,0,0,1,3,6
62711,4,7,7,1,2,4,0,2,6,33
62712,1,3,2,0,0,0,0,0,0,6
62713,0,1,6,0,0,0,1,0,0,8
62715,0,2,0,0,0,0,0,0,0,2
62718,0,3,1,0,2,0,0,0,3,9
62721,3,6,4,1,2,1,0,2,2,21
62723,0,1,0,0,0,0,0,0,0,1
62724,34,30,15,11,7,6,0,4,13,120
62727,0,4,0,1,1,0,0,0,1,7
62730,0,3,0,0,0,0,0,0,0,3
62734,1,2,0,1,0,0,0,1,2,7
62735,2,5,2,2,3,2,0,1,3,20
62736,6,11,7,1,4,1,1,6,9,46
62737,4,12,7,1,3,1,0,2,12,42
62740,0,0,0,0,0,0,0,0,1,1
62742,0,0,0,0,0,0,0,0,1,1
62743,0,1,3,1,0,0,0,0,2,7
62744,10,49,5,9,4,0,0,3,21,101
62746,6,12,0,1,2,1,0,0,11,33
62747,0,0,1,0,0,0,0,0,2,3
62748,2,4,0,0,2,2,0,2,3,15
62749,0,0,0,0,0,0,0,1,0,1
62750,0,3,0,0,0,0,0,0,0,3
62751,3,3,3,0,0,0,0,0,0,9
62752,0,0,0,1,0,0,0,0,1,2
62753,17,60,8,13,17,4,0,5,25,149
62754,0,0,1,0,0,0,0,0,0,1
62755,6,14,3,3,5,3,0,0,7,41
62756,0,0,0,0,0,0,0,0,1,1
62757,8,27,3,5,9,3,1,1,11,68
62758,119,195,24,9,22,19,10,5,91,494
62760,1,8,0,0,0,0,0,0,0,9
62763,1,3,0,3,0,0,0,1,7,15
62764,3,19,5,4,5,0,0,1,12,49
62765,44,118,33,27,15,20,5,15,106,383
62767,29,74,7,15,9,7,0,4,99,244
62769,0,0,0,0,0,0,0,2,0,2
62770,64,166,3,37,8,2,0,5,42,327
62771,18,22,8,3,7,0,1,1,17,77
62772,0,0,0,0,0,0,0,0,1,1
62773,7,29,6,3,5,2,3,4,10,69
62774,30,36,8,5,2,1,2,2,17,103
62780,0,2,0,0,0,0,0,0,0,2
62784,0,4,1,0,0,0,0,0,0,5
62785,0,1,0,0,0,0,0,0,3,4
62792,0,1,0,0,0,0,0,1,0,2
62793,1,12,2,2,0,3,0,1,3,24
62794,2,3,2,0,0,0,0,0,2,9
62797,0,1,0,0,0,0,0,0,0,1
62799,0,3,2,0,0,0,0,0,0,5
62800,0,2,0,0,0,0,0,0,0,2
62801,3,4,4,0,2,1,1,1,12,28
62803,0,2,0,0,0,0,0,0,0,2
62807,1,1,1,0,0,0,0,0,0,3
62810,1,7,4,0,2,0,0,0,0,14
62811,5,12,6,1,1,0,1,1,4,31
62812,0,1,0,0,0,0,0,0,0,1
62817,3,3,0,1,2,0,0,0,1,10
62819,0,2,0,0,0,0,0,0,1,3
62820,4,5,4,0,4,0,1,3,5,26
62825,0,2,0,0,0,0,0,0,0,2
62826,38,42,11,6,11,2,0,3,27,140
62827,0,5,2,0,2,0,0,2,2,13
62832,0,0,0,0,0,0,0,0,1,1
62835,0,1,0,0,0,0,0,0,0,1
62836,0,5,0,0,0,0,0,0,0,5
62839,3,10,0,0,1,0,0,0,3,17
62841,1,6,3,0,2,0,0,2,7,21
62842,18,71,18,1,6,3,0,7,67,191
62844,0,1,0,0,0,0,0,0,0,1
62846,5,6,4,1,7,0,0,5,6,34
62847,12,9,11,1,0,0,0,2,2,37
62848,3,11,0,1,2,0,0,1,2,20
62849,0,11,3,1,4,3,0,1,3,26
62850,0,0,1,0,0,0,0,0,0,1
62852,0,3,0,0,3,0,0,1,2,9
62854,0,2,6,0,0,0,0,0,0,8
62861,5,16,6,4,5,0,0,2,8,46
62863,5,5,7,1,3,2,1,4,15,43
62864,1,4,4,0,2,1,0,0,3,15
62865,10,30,16,2,5,8,0,3,15,89
62866,0,0,0,0,0,0,0,0,1,1
62869,1,3,0,0,0,0,0,0,2,6
62870,1,1,4,0,2,0,0,1,0,9
62871,0,3,0,0,0,0,0,0,0,3
62874,3,4,1,0,2,0,1,2,2,15
62875,2,8,0,0,0,0,0,0,2,12
62877,0,1,0,0,0,0,0,0,0,1
62878,1,0,0,0,0,0,0,0,0,1
62890,0,3,0,0,0,0,0,0,0,3
62892,0,3,0,0,0,0,0,0,0,3
62893,10,20,11,1,7,3,0,4,22,78
62894,7,13,6,4,4,7,0,2,5,48
62895,18,18,7,1,6,7,2,7,26,92
62896,0,0,0,0,0,0,0,0,1,1
62897,0,0,1,0,0,0,0,0,0,1
62899,3,3,2,1,2,0,0,0,1,12
62900,0,2,0,1,0,0,0,0,1,4
62902,1,10,7,0,2,1,0,1,10,32
62905,0,2,0,0,0,0,0,0,0,2
62906,0,0,0,0,0,0,0,0,1,1
62907,8,39,5,1,8,0,4,3,22,90
62908,3,7,3,1,4,1,1,1,4,25
63001,8,32,6,3,3,3,0,1,10,66
63003,23,95,12,8,12,13,5,4,69,241
63004,3,10,4,0,2,0,0,0,3,22
63009,1,7,0,0,2,0,0,0,2,12
63010,3,12,3,1,3,0,0,1,8,31
63014,18,29,21,6,20,9,2,4,82,191
63016,3,5,0,0,1,0,0,1,2,12
63019,5,12,6,0,4,2,0,1,2,32
63021,0,0,0,0,0,0,0,0,1,1
63022,0,11,4,1,1,0,0,1,3,21
63025,2,3,0,1,0,0,0,0,0,6
63026,2,5,0,2,2,4,1,0,4,20
63028,1,0,1,0,1,0,0,0,0,3
63032,166,236,39,12,12,16,33,3,87,604
63034,4,8,2,3,1,0,0,0,4,22
63035,0,0,0,0,0,0,0,0,1,1
63038,7,10,4,1,3,4,1,0,3,33
63040,19,61,18,4,10,3,2,2,39,158
63041,0,0,0,0,0,0,0,1,1,2
63042,7,16,4,0,3,0,1,1,6,38
63047,7,13,6,2,2,0,0,1,12,43
63048,3,12,4,1,2,0,0,1,2,25
63049,1,0,0,0,0,0,0,0,0,1
63050,7,15,8,3,3,5,0,0,17,58
63052,0,0,1,0,0,0,0,0,1,2
63053,0,0,0,1,0,0,0,0,0,1
63054,5,1,0,0,0,0,0,0,1,7
63055,4,1,4,0,0,0,0,1,4,14
63057,0,0,0,0,0,0,0,1,0,1
63063,47,160,11,15,24,4,3,6,48,318
63066,2,3,0,0,2,1,0,1,4,13
63069,22,19,10,1,13,4,0,4,22,95
63070,32,37,10,6,7,9,2,1,19,123
63072,3,3,2,0,2,1,0,0,1,12
63075,78,192,61,34,23,16,1,21,103,529
63077,0,0,1,0,0,0,0,0,1,2
63080,4,13,8,0,4,2,1,1,6,39
63083,2,26,3,0,1,0,0,2,1,35
63084,3,4,3,4,0,0,0,1,0,15
63085,0,1,3,0,0,0,0,0,1,5
63089,0,1,1,1,0,0,0,0,0,3
63091,0,4,0,0,0,0,0,0,1,5
63092,0,1,1,0,0,0,0,0,0,2
63093,1,1,2,0,0,0,0,0,1,5
63094,1,5,0,0,0,0,0,0,0,6
63099,3,5,1,2,3,2,0,1,6,23
63102,1,2,4,0,2,0,1,0,1,11
63103,10,23,14,4,6,3,2,2,26,90
63106,2,5,0,0,2,0,0,0,2,11
63108,0,2,3,1,2,0,0,0,0,8
63109,0,2,0,0,0,0,0,0,1,3
63112,0,0,0,0,0,0,0,0,1,1
63113,1712,2660,253,282,330,205,162,105,1585,7294
63116,4,8,7,2,6,3,2,1,15,48
63121,4,5,4,0,2,0,0,0,1,16
63124,87,75,37,19,41,22,5,12,121,419
63125,2,20,15,3,4,8,1,1,12,66
63129,0,0,0,0,0,0,0,0,1,1
63130,0,0,0,1,0,0,0,0,0,1
63131,1,7,0,1,0,0,0,0,4,13
63132,4,20,4,2,2,0,1,1,7,41
63133,0,0,2,0,0,2,0,0,0,4
63135,1,0,0,0,0,0,0,0,0,1
63141,61,96,17,9,6,3,1,3,17,213
63142,0,0,0,0,0,0,0,0,1,1
63143,1,5,0,1,0,0,0,0,2,9
63144,3,3,1,0,1,0,0,0,0,8
63146,0,1,0,2,0,0,0,1,8,12
63148,9,16,6,2,4,1,1,2,16,57
63150,5,46,21,6,6,0,0,2,23,109
63151,0,1,0,0,0,0,0,0,0,1
63157,0,0,0,0,0,0,0,0,1,1
63163,0,2,2,0,1,0,0,0,0,5
63164,5,19,7,3,10,4,1,5,24,78
63165,1,11,4,0,3,3,0,0,16,38
63168,0,2,0,0,0,0,0,0,0,2
63175,0,0,0,0,1,0,0,0,0,1
63177,0,2,0,0,0,0,0,0,0,2
63178,114,234,45,17,27,24,25,15,149,650
63179,1,4,0,0,0,0,0,0,0,5
63180,3,3,3,1,2,1,2,0,1,16
63181,0,2,0,1,0,0,0,0,1,4
63182,0,0,0,0,2,0,0,0,0,2
63185,0,0,0,0,0,0,0,1,0,1
63188,0,1,0,1,0,0,0,0,0,2
63189,0,3,0,0,0,0,0,0,4,7
63192,2,7,5,1,1,0,0,0,0,16
63193,11,24,19,2,14,4,4,4,47,129
63194,0,0,1,0,0,0,0,0,0,1
63195,9,51,7,3,7,7,1,2,72,159
63198,2,8,3,1,0,0,0,0,0,14
63199,0,0,1,1,0,0,0,0,0,2
63201,0,3,0,0,0,2,0,0,1,6
63203,0,0,0,1,0,3,0,0,11,15
63206,1,11,3,0,2,0,0,0,9,26
63210,3,11,6,1,4,2,0,2,21,50
63211,2,3,3,0,0,0,0,1,1,10
63212,0,3,1,0,0,3,0,0,0,7
63213,1,2,3,0,0,0,0,0,0,6
63214,7,8,10,2,1,2,1,3,9,43
63215,0,0,1,0,0,0,0,0,0,1
63219,0,0,0,0,0,0,0,0,1,1
63223,0,5,1,0,1,0,0,0,1,8
63224,6,3,0,0,6,0,0,0,27,42
63225,2,4,1,0,1,0,0,0,1,9
63226,1,7,5,0,3,0,0,1,1,18
63227,3,3,11,1,1,3,1,2,2,27
63228,0,0,0,0,0,0,0,0,1,1
63229,0,4,3,0,0,0,0,0,1,8
63230,0,0,0,0,0,0,0,0,1,1
63231,2,9,1,0,2,1,1,0,5,21
63233,0,6,0,0,1,0,0,0,0,7
63234,0,0,0,1,0,0,0,0,1,2
63236,27,25,6,2,4,1,0,1,15,81
63237,1,4,0,0,1,0,0,0,2,8
63239,0,0,1,0,0,0,0,0,0,1
63242,0,0,0,0,0,0,0,0,1,1
63244,0,13,0,2,0,0,0,0,9,24
63245,6,10,2,3,3,0,0,2,31,57
63246,1,0,0,0,0,0,0,0,0,1
63247,4,3,3,1,3,1,0,1,1,17
63248,3,3,6,0,0,1,2,2,3,20
63254,2,4,0,1,3,2,0,3,4,19
63255,4,0,0,2,0,0,0,0,0,6
63257,1,3,4,0,2,3,0,0,3,16
63258,4,7,1,0,2,0,0,1,2,17
63261,0,2,0,0,0,0,0,0,0,2
63262,1,7,1,0,1,2,0,0,2,14
63263,4,8,7,1,3,0,0,2,3,28
63265,3,6,2,0,2,0,0,0,1,14
63267,0,1,0,0,0,0,0,0,0,1
63269,0,0,0,0,0,0,0,3,0,3
63271,0,3,0,0,0,0,0,0,0,3
63272,55,11,17,0,3,2,0,1,14,103
63273,3,1,9,0,2,4,0,0,3,22
63275,1,3,0,1,4,0,0,0,1,10
63276,7,2,4,0,2,2,0,1,10,28
63278,0,0,0,1,0,0,0,0,0,1
63279,0,1,0,0,0,0,0,0,0,1
63281,9,57,11,3,4,1,1,3,15,104
63282,3,3,1,1,0,0,1,1,4,14
63283,2,11,5,1,3,2,0,0,16,40
63284,17,35,27,6,15,14,3,7,40,164
63285,43,13,3,1,4,4,3,3,19,93
63289,0,1,0,0,0,0,0,0,0,1
63291,5,12,6,0,4,4,0,1,12,44
63295,3,14,5,3,2,2,0,0,4,33
63300,106,214,39,30,27,21,6,13,139,595
63302,15,35,5,6,3,2,0,0,7,73
63305,5,20,3,3,2,4,0,1,9,47
63306,0,0,0,0,0,0,0,0,1,1
63307,21,48,29,7,10,5,1,5,87,213
63308,11,23,11,4,3,1,0,2,20,75
63309,0,3,0,0,0,0,0,0,0,3
63314,0,2,0,0,1,0,0,0,0,3
63315,5,19,10,6,13,4,1,3,16,77
63317,0,6,0,0,0,0,0,0,0,6
63318,0,3,1,0,0,0,0,0,0,4
63319,2,4,1,0,2,0,0,0,2,11
63321,0,5,0,0,0,0,0,0,0,5
63322,3,4,6,0,23,0,0,0,6,42
63326,0,1,0,0,0,0,0,0,0,1
63327,5,5,3,3,3,4,0,4,16,43
63330,0,2,0,0,0,0,0,0,0,2
63331,0,0,0,0,0,0,0,0,3,3
63334,1,1,1,0,2,0,0,0,2,7
63335,1,0,0,0,0,0,0,0,0,1
63338,3,13,3,5,4,0,1,0,17,46
63345,5,2,5,5,3,3,0,0,40,63
63349,1,4,0,0,4,2,0,0,6,17
63352,5,18,9,0,2,4,2,1,4,45
63353,1,11,3,1,0,0,0,0,0,16
63354,4,10,3,1,2,3,0,1,12,36
63356,0,1,0,2,0,0,0,0,0,3
63362,0,0,0,0,0,0,0,1,0,1
63364,0,5,0,0,0,0,0,0,0,5
63365,0,3,0,1,0,0,0,0,5,9
63368,0,3,0,1,0,0,0,2,0,6
63371,0,0,0,1,0,0,0,0,0,1
63375,0,2,0,0,0,0,0,0,0,2
63376,0,0,0,0,0,0,0,0,1,1
63378,0,0,0,1,0,0,0,0,1,2
63379,0,2,1,0,0,0,0,0,0,3
63380,1,6,0,0,1,0,0,0,0,8
63381,3,6,0,2,0,3,0,0,3,17
63382,2,4,0,0,0,0,0,0,0,6
63388,1,6,0,1,0,0,0,0,0,8
63390,0,0,0,0,0,2,0,0,1,3
63393,3,4,7,2,1,1,0,1,6,25
63395,0,5,0,0,0,0,0,0,4,9
63397,2,2,0,0,1,0,0,0,4,9
63400,0,0,2,0,0,0,0,0,0,2
63407,0,0,0,1,0,0,0,0,0,1
63412,0,0,1,0,0,0,0,0,0,1
63415,3,16,8,0,3,0,0,0,40,70
63417,3,6,2,0,3,1,0,0,4,19
63418,0,2,0,0,0,0,0,0,0,2
63419,0,1,0,0,0,0,0,0,0,1
63420,0,0,0,1,0,0,0,0,0,1
63421,0,1,0,0,0,0,0,0,0,1
63425,0,0,3,0,0,5,0,0,7,15
63426,1,2,5,0,2,1,0,0,1,12
63430,86,162,16,20,19,7,34,4,120,468
63432,0,3,0,0,0,0,0,0,0,3
63434,0,0,0,0,0,0,1,0,0,1
63435,0,0,0,1,0,0,0,0,1,2
63439,0,0,0,0,0,0,0,0,1,1
63443,0,0,0,0,0,0,0,0,1,1
63446,0,2,0,0,0,0,0,0,0,2
63448,3,4,1,0,1,0,1,0,4,14
63453,8,22,9,3,2,0,0,2,23,69
63454,2,5,1,0,0,0,0,0,1,9
63455,5,12,4,4,5,2,0,5,13,50
63457,11,29,10,0,5,3,2,4,29,93
63459,2,0,0,0,0,0,0,0,0,2
63463,0,1,0,0,0,0,0,0,0,1
63465,2,4,0,0,1,0,0,0,2,9
63468,0,0,1,0,0,0,0,0,0,1
63469,1,0,0,0,0,0,0,0,0,1
63470,18,14,4,2,6,3,1,3,8,59
63471,0,0,0,0,0,3,0,0,0,3
63473,0,0,1,0,0,2,0,0,0,3
64006,1,1,0,1,0,0,0,0,2,5
64007,0,3,0,0,0,1,0,0,0,4
64009,3,3,3,1,0,0,0,1,10,21
64010,7,4,11,0,0,0,2,0,3,27
64014,0,0,1,0,0,0,0,1,1,3
64016,0,1,0,0,0,0,0,0,0,1
64018,0,0,3,0,0,0,0,0,1,4
64021,0,2,0,0,0,0,0,0,0,2
64023,0,5,1,0,0,0,0,0,0,6
64024,190,175,159,60,50,68,5,38,290,1035
64029,2,6,0,1,3,0,0,0,3,15
64032,0,0,0,0,0,0,0,0,1,1
64035,6,9,2,5,1,1,0,3,5,32
64037,0,1,0,0,0,0,0,0,1,2
64038,6,12,8,1,4,3,0,1,10,45
64040,4,9,5,0,0,0,0,2,2,22
64041,75,150,2,2,2,0,0,1,25,257
64042,0,4,0,0,0,0,0,0,1,5
64046,0,0,4,0,0,0,0,0,0,4
64047,0,0,0,0,0,0,0,0,1,1
64054,0,2,3,0,0,0,0,0,0,5
64057,5,15,3,0,2,0,0,1,8,34
64059,0,1,1,1,0,0,0,0,1,4
64060,4,3,3,0,2,2,0,2,5,21
64061,14,17,5,1,6,4,0,1,17,65
64062,11,15,12,4,6,2,1,5,21,77
64063,4,14,8,2,4,5,2,2,9,50
64064,0,1,1,0,0,0,0,0,0,2
64065,5,12,12,5,3,3,1,4,17,62
64067,2,9,8,2,0,0,0,1,2,24
64068,2,5,4,2,2,0,0,0,7,22
64069,0,0,0,0,0,0,0,0,1,1
64072,0,0,0,0,0,0,1,0,0,1
64073,0,0,0,0,0,0,0,0,1,1
64078,0,0,1,0,0,0,0,0,0,1
64082,0,0,0,0,0,0,0,0,1,1
64086,0,5,0,1,0,0,0,0,0,6
64087,1,4,0,0,0,0,0,0,2,7
64091,0,1,0,0,0,0,0,0,0,1
64092,1,1,2,3,0,0,0,0,2,9
64093,1,2,1,0,1,0,0,0,1,6
64094,5,15,7,2,0,2,3,2,7,43
64099,0,0,0,1,0,0,0,0,0,1
64100,12,5,13,1,1,2,0,1,14,49
64101,0,0,0,1,0,0,0,0,0,1
64102,963,1320,179,167,115,83,95,50,618,3590
64103,0,2,0,0,0,0,0,0,0,2
64104,3,9,7,2,3,2,0,2,8,36
64106,0,0,1,0,0,0,0,0,0,1
64109,4,7,6,2,2,0,2,0,12,35
64112,0,1,0,0,0,0,0,0,0,1
64119,0,1,0,0,0,0,0,0,0,1
64122,361,293,114,45,67,55,4,22,258,1219
64123,5,2,7,0,2,1,1,0,5,23
64124,0,1,0,0,0,0,0,0,2,3
64125,23,44,44,12,8,3,2,8,36,180
64126,0,2,6,3,3,2,0,0,14,30
64129,37,56,37,23,12,12,1,8,61,247
64131,0,5,0,2,5,0,0,0,2,14
64132,15,12,19,6,8,16,1,5,33,115
64133,2,4,3,1,0,0,1,0,1,12
64134,0,0,2,0,0,0,0,0,1,3
64136,0,0,0,2,0,0,0,0,0,2
64137,0,0,0,0,0,0,0,0,1,1
64138,6,14,10,0,5,2,0,1,12,50
64139,0,0,0,0,0,0,0,0,1,1
64140,12,32,24,9,10,8,1,8,51,155
64142,0,2,0,0,0,0,0,0,1,3
64146,0,1,0,0,0,0,0,0,0,1
64147,5,20,11,1,3,2,1,2,11,56
64148,0,0,0,0,0,0,0,0,1,1
64152,4,5,4,0,0,0,0,1,1,15
64153,0,1,0,0,0,0,0,0,0,1
64154,0,0,0,1,0,0,0,0,0,1
64157,0,2,0,0,0,0,0,0,1,3
64159,0,0,0,0,0,0,0,0,1,1
64160,158,217,98,17,17,13,2,16,93,631
64161,0,1,0,0,0,0,0,0,0,1
64167,0,0,0,0,0,0,0,0,1,1
64168,1,3,8,0,1,0,0,0,2,15
64177,0,0,0,1,0,0,0,0,0,1
64178,0,0,1,0,0,0,0,0,1,2
64180,0,0,0,1,0,0,0,0,0,1
64181,0,0,1,0,0,0,0,0,0,1
64184,0,0,0,0,0,0,0,0,1,1
64188,0,1,5,0,0,0,0,0,0,6
64189,10,23,15,5,8,4,0,4,28,97
64191,5,13,11,1,3,2,0,2,23,60
64198,2,1,2,0,4,0,0,2,2,13
64199,0,1,0,1,0,0,0,0,0,2
64203,0,3,0,0,0,0,0,0,0,3
64204,2,0,1,0,0,0,0,0,0,3
64205,0,1,0,0,0,0,0,0,0,1
64209,0,1,1,0,0,0,0,0,1,3
64213,3,10,13,0,3,3,0,2,10,44
64215,0,1,0,0,0,0,0,0,0,1
64216,0,3,2,0,0,0,0,0,3,8
64220,0,2,1,0,0,0,0,0,0,3
64224,0,0,2,0,0,0,0,0,0,2
64228,0,0,0,0,0,0,0,1,0,1
64230,12,39,14,12,7,5,1,4,18,112
64233,7,18,5,3,2,3,1,0,16,55
64237,10,9,3,4,2,3,2,0,15,48
64238,3,9,6,2,4,0,1,1,6,32
64240,0,0,1,0,0,0,0,0,0,1
64244,1,0,0,0,2,0,0,0,2,5
64245,0,1,0,0,0,0,0,0,0,1
64247,0,0,0,0,0,0,0,0,1,1
64249,4,12,5,4,2,0,0,0,11,38
64250,2,3,2,0,0,0,0,2,2,11
64252,1,7,1,0,0,0,0,0,1,10
64256,26,27,18,6,9,5,2,4,29,126
64259,0,0,6,1,0,0,1,1,0,9
64260,124,161,99,16,17,21,2,9,158,607
64269,6,22,21,9,23,2,1,1,29,114
64270,2,8,1,5,0,0,0,0,6,22
64271,1,11,0,0,0,0,0,0,0,12
64273,3,1,3,0,2,1,0,2,4,16
64274,0,1,0,0,0,0,0,0,0,1
64275,19,26,7,1,0,2,0,2,6,63
64277,1,6,0,1,0,0,0,0,0,8
64279,5,10,5,1,14,0,1,3,6,45
64280,0,0,0,0,0,0,0,0,1,1
64282,0,2,4,2,0,0,0,0,0,8
64284,16,25,16,16,4,4,0,6,42,129
64286,1,0,0,0,0,0,0,0,0,1
64287,0,0,0,1,0,0,0,0,0,1
64289,1,8,7,0,0,0,0,0,2,18
64291,0,2,0,0,0,0,0,0,0,2
64294,0,0,1,0,0,0,0,0,0,1
64299,0,0,0,0,0,0,0,0,1,1
64300,4,9,4,1,0,0,0,0,1,19
64301,0,2,5,0,1,1,0,0,1,10
64304,2,6,6,2,4,0,0,2,3,25
64305,0,1,0,0,0,0,0,1,0,2
64314,3,6,5,0,2,0,0,2,5,23
64315,1,3,1,0,0,2,0,2,2,11
64316,0,0,0,0,0,0,0,0,1,1
64317,3,6,8,0,0,0,0,4,7,28
64318,0,0,0,1,0,0,0,0,0,1
64320,5,8,10,1,1,1,0,0,2,28
64324,4,10,2,1,2,4,1,2,2,28
64328,0,8,0,0,0,2,0,0,1,11
64331,6,18,5,0,3,1,1,1,9,44
64335,19,23,26,11,9,13,2,8,64,175
64339,5,9,0,0,1,1,0,0,0,16
64341,0,1,0,1,0,0,0,0,0,2
64342,0,0,0,0,0,0,0,0,1,1
64343,0,0,0,2,0,0,0,0,0,2
64348,33,27,27,11,13,9,4,6,63,193
64350,0,4,4,1,0,0,0,0,2,11
64353,1,2,0,2,2,0,0,2,1,10
64359,1,3,0,0,0,0,0,0,2,6
64362,2,1,0,0,0,0,0,1,2,6
64367,2,3,0,0,1,0,0,0,0,6
64368,0,3,0,0,0,0,0,0,0,3
64371,45,34,14,4,6,3,2,2,18,128
64373,6,3,12,4,1,0,0,0,10,36
64374,5,6,6,1,2,2,0,1,3,26
64375,1,0,0,0,0,0,0,0,0,1
64377,0,0,1,1,0,0,0,0,0,2
64381,0,0,0,0,0,0,0,0,1,1
64393,8,15,12,5,4,7,0,6,16,73
64396,0,3,4,0,0,0,0,0,2,9
64399,3,5,7,1,4,0,1,3,6,30
64400,0,0,0,2,0,0,0,0,4,6
64405,17,27,13,5,12,7,2,5,24,112
64407,4,9,4,1,1,0,0,3,4,26
64409,0,4,5,1,0,0,0,0,1,11
64410,46,16,10,6,6,4,1,2,32,123
64415,0,3,6,0,0,0,0,2,1,12
64416,2,19,5,2,4,0,0,0,10,42
64417,34,47,17,0,7,10,0,4,48,167
64418,0,1,0,0,0,0,0,0,0,1
64419,0,1,7,0,2,0,0,0,13,23
64421,1,7,5,3,2,2,0,0,9,29
64422,105,187,48,25,19,10,7,6,129,536
64425,0,2,1,0,0,0,0,0,0,3
64430,119,178,26,27,18,15,10,6,140,539
64433,2,2,0,3,0,0,0,0,0,7
64435,0,0,0,1,0,0,0,0,1,2
64436,0,3,5,0,0,2,0,0,1,11
64439,3,2,2,1,3,1,0,0,4,16
64443,1,2,1,0,3,0,0,1,0,8
64445,976,1657,271,215,133,97,85,60,848,4342
64448,5,1,5,1,3,2,2,0,3,22
64453,11,18,7,1,5,2,1,4,12,61
64454,0,3,0,0,0,0,0,0,0,3
64461,4,2,7,2,1,3,1,0,12,32
64462,0,0,0,0,0,0,0,0,1,1
64463,0,0,0,0,0,0,0,0,1,1
64466,1,2,0,6,0,0,0,1,10,20
64467,0,5,1,2,0,0,0,0,5,13
64468,0,0,0,0,0,0,0,0,1,1
64469,1,0,0,0,0,0,0,0,0,1
64472,0,0,0,0,0,0,0,0,1,1
64473,0,0,1,0,0,0,0,0,0,1
64477,5,17,10,1,3,3,1,2,8,50
64480,0,0,0,1,0,0,0,0,0,1
64482,3,11,14,8,0,0,0,7,25,68
64483,242,181,51,18,31,29,4,17,148,721
64484,1,4,4,1,0,0,0,0,0,10
64485,10,22,5,3,9,4,2,2,24,81
64489,0,0,0,0,0,0,1,0,0,1
64490,0,0,0,0,0,0,0,0,1,1
64493,120,60,9,7,8,12,10,4,54,284
64495,7,16,13,1,5,4,2,2,19,69
64496,48,39,17,4,9,11,3,4,73,208
64499,28,55,24,14,5,6,1,10,48,191
64500,0,0,1,0,0,0,0,0,0,1
64502,3,2,3,1,0,0,0,0,0,9
64504,6,12,1,1,2,1,0,1,5,29
64508,0,0,0,0,0,0,0,0,1,1
64510,2,3,0,0,2,0,0,0,2,9
64511,8,7,6,2,3,1,0,4,12,43
64513,8,35,7,3,4,5,1,0,38,101
64517,0,0,0,0,0,0,0,0,1,1
64518,0,2,2,0,0,0,0,1,0,5
64519,9,14,24,2,4,4,1,1,44,103
64522,0,0,0,1,0,0,0,0,7,8
64523,1,3,0,0,0,0,0,0,1,5
64524,0,0,0,0,0,0,0,0,1,1
64526,9,5,5,1,3,8,3,4,15,53
64527,1,6,3,3,0,0,1,1,4,19
64528,0,0,0,1,0,0,0,0,0,1
64530,5,9,4,1,0,2,1,2,8,32
64533,3,17,7,1,1,1,0,0,6,36
64535,0,2,0,0,0,0,0,0,0,2
64536,0,7,0,1,1,0,0,0,6,15
64537,0,0,0,1,0,0,0,0,0,1
64538,0,0,1,0,0,0,0,0,3,4
64540,1,4,5,3,2,0,0,1,6,22
64544,0,1,0,0,0,0,0,0,0,1
64545,15,23,49,2,10,9,5,5,29,147
64546,5,11,4,2,3,0,0,0,7,32
64547,10,26,23,5,6,3,3,5,27,108
64549,0,2,1,0,0,0,0,0,0,3
64550,1,5,2,4,0,0,0,1,3,16
64555,0,0,1,0,0,0,0,0,0,1
64558,3,6,2,0,2,1,0,2,15,31
65002,1,0,1,0,0,0,0,0,0,2
65004,0,0,0,0,0,0,0,0,1,1
65006,0,0,0,0,0,0,0,0,1,1
65007,2,4,3,1,3,0,0,2,2,17
65010,0,0,1,0,0,0,0,0,0,1
65012,0,0,0,0,0,0,0,0,1,1
65017,1,1,0,0,1,0,0,0,0,3
65019,0,0,1,0,0,1,0,0,1,3
65025,9,42,37,2,7,6,1,5,37,146
65029,0,3,0,0,0,0,0,0,2,5
65031,6,13,5,1,2,2,0,1,5,35
65032,1,6,2,2,1,0,0,2,7,21
65033,0,1,0,0,0,0,0,0,0,1
65037,0,0,1,0,0,0,0,0,0,1
65040,0,0,0,0,0,0,0,0,1,1
65043,2,24,8,3,1,0,0,0,4,42
65044,0,2,0,0,0,0,0,0,0,2
65045,1,0,2,2,0,0,1,1,1,8
65047,8,19,10,3,6,2,0,0,14,62
65048,0,1,0,0,0,0,0,0,0,1
65051,0,6,0,0,0,0,0,0,0,6
65054,0,0,0,0,0,0,0,0,1,1
65056,6,3,2,1,0,0,1,2,6,21
65057,2,4,0,2,0,0,0,0,3,11
65058,0,0,0,0,0,0,1,0,1,2
65059,56,164,102,27,21,8,2,10,104,494
65062,6,14,5,1,3,2,0,1,2,34
65065,0,0,0,1,0,0,0,0,0,1
65069,2,4,4,3,2,0,2,4,7,28
65070,0,0,1,0,0,0,0,0,0,1
65072,1,6,5,3,2,2,0,0,1,20
65079,0,0,0,0,0,0,0,0,1,1
65080,0,0,0,0,0,0,0,0,1,1
65081,0,0,1,0,0,0,0,0,1,2
65083,0,0,0,0,0,0,0,0,1,1
65095,1,4,1,1,0,0,0,0,0,7
65097,0,0,0,0,0,0,0,0,1,1
65100,14,16,9,4,10,1,0,6,16,76
65101,0,0,3,0,0,0,0,0,0,3
65104,0,0,0,0,0,0,0,0,1,1
65105,0,8,2,0,0,0,0,0,2,12
65108,0,1,1,0,0,0,0,0,1,3
65123,4,8,3,5,0,0,0,2,11,33
65127,6,14,15,2,1,0,0,0,14,52
65129,5,13,3,2,2,4,0,1,2,32
65130,2,10,0,2,2,0,0,0,23,39
65133,0,0,0,0,0,0,0,0,1,1
65138,3,2,13,0,2,0,0,0,5,25
65142,1,2,0,0,0,0,0,0,0,3
65146,0,0,0,0,0,0,0,0,1,1
65147,0,3,0,0,0,0,0,0,0,3
65149,0,0,1,0,0,0,0,0,0,1
65150,0,2,0,1,0,0,0,0,0,3
65168,0,0,1,0,4,0,0,0,0,5
65169,0,0,0,1,0,0,0,0,0,1
65183,3,14,2,0,1,0,0,0,0,20
65187,0,3,0,0,0,0,0,0,0,3
65189,0,0,0,0,0,0,0,0,1,1
65195,0,0,0,1,0,0,0,0,0,1
65197,0,0,0,1,0,0,0,0,0,1
65198,0,0,2,0,0,0,0,0,0,2
65199,1,0,0,0,0,0,0,0,0,1
65212,1,7,0,2,0,0,0,0,1,11
65218,0,0,1,0,0,0,0,0,1,2
65220,0,0,0,0,0,0,0,1,1,2
65223,1,9,9,0,0,0,0,1,2,22
65226,19,16,5,2,3,0,0,0,19,64
65234,0,0,0,1,0,0,0,0,0,1
65235,4,19,12,5,1,5,1,3,9,59
65240,0,1,0,0,0,0,0,0,0,1
65243,0,2,0,1,0,0,0,0,0,3
65248,0,3,1,0,0,0,0,0,0,4
65251,6,5,0,1,0,9,2,0,12,35
65252,0,4,0,0,0,0,0,0,0,4
65254,0,0,1,0,0,0,0,0,0,1
65257,0,1,0,0,0,0,0,0,0,1
65258,94,270,22,51,15,8,3,4,131,598
65263,0,0,0,0,0,0,0,0,1,1
65264,0,2,0,3,0,0,0,3,50,58
65273,0,0,0,0,0,0,0,0,1,1
65282,0,0,3,0,1,0,0,0,1,5
65284,2,5,0,1,3,2,0,0,6,19
65286,111,242,49,25,21,23,5,15,169,660
65287,8,12,3,1,2,1,0,1,7,35
65294,0,0,0,1,0,0,0,0,0,1
65295,7,8,12,1,0,2,0,1,36,67
65296,0,2,0,1,0,0,0,0,1,4
65304,4,16,4,0,4,6,0,1,16,51
65310,0,0,0,0,0,0,0,1,0,1
65313,0,3,3,0,0,0,0,1,2,9
65318,2,5,2,1,0,0,0,0,2,12
65320,3,10,2,0,3,2,0,1,2,23
65331,4,15,6,2,3,1,0,0,15,46
65335,1,3,2,1,0,0,0,1,1,9
65338,1,0,0,0,0,0,0,0,0,1
65340,2,12,9,2,2,0,0,0,6,33
65344,2,12,2,1,1,1,0,1,5,25
65350,0,3,0,0,0,0,0,0,0,3
65352,0,0,0,1,0,0,0,0,0,1
65354,0,0,0,0,0,0,0,0,1,1
65360,0,0,0,0,0,0,0,0,1,1
65362,0,7,4,0,0,3,0,0,2,16
65369,0,6,2,0,2,0,0,0,5,15
65370,14,0,1,0,0,0,0,0,2,17
65372,0,0,1,0,0,0,0,0,1,2
65375,3,17,3,1,4,1,0,0,8,37
65388,8,11,5,0,2,2,0,0,7,35
65389,6,15,7,3,2,0,0,1,6,40
65392,0,0,0,0,0,0,0,0,1,1
65395,1,4,1,1,1,0,0,0,0,8
65396,0,0,0,0,2,0,0,0,0,2
65398,0,1,0,0,0,0,0,0,0,1
65400,0,0,2,0,0,0,0,0,0,2
65401,3,5,6,1,0,1,1,4,1,22
65405,0,1,0,0,0,0,0,0,0,1
65408,3,5,4,0,1,0,0,0,1,14
65410,0,0,0,1,0,0,0,1,2,4
65415,0,0,0,0,0,0,0,0,1,1
65416,0,0,0,0,0,0,0,0,1,1
65417,10,35,8,1,4,6,2,1,9,76
65424,0,1,0,0,0,0,0,0,0,1
65427,3,12,1,1,0,0,0,0,4,21
65432,0,1,0,0,0,0,0,0,0,1
65433,7,5,4,1,3,1,0,0,1,22
65436,0,0,1,0,0,0,0,0,1,2
65439,0,3,0,0,0,0,0,0,0,3
65440,419,784,92,117,65,62,48,27,744,2358
65444,1,5,0,1,0,0,0,0,0,7
65445,0,0,0,0,0,0,0,0,1,1
65446,0,2,0,0,0,0,0,0,0,2
65447,5,19,11,6,3,1,0,1,36,82
65451,0,0,1,0,0,0,0,0,1,2
65452,6,20,5,0,4,4,1,1,7,48
65455,0,2,0,1,0,0,0,1,1,5
65460,29,57,13,5,7,10,3,5,38,167
65481,1,0,4,0,0,0,0,0,1,6
65482,0,1,0,0,0,0,0,0,1,2
66002,7,10,7,1,4,1,0,3,9,42
66003,16,30,21,1,6,3,0,1,18,96
66004,6,3,6,2,1,1,0,2,3,24
66005,0,1,2,4,0,0,0,0,1,8
66008,58,57,50,9,12,12,2,4,112,316
66009,4,25,4,4,3,0,1,1,8,50
66011,3,8,8,2,3,2,3,0,6,35
66012,3,10,5,0,3,0,0,2,8,31
66014,3,7,4,0,1,0,0,0,3,18
66015,2,4,8,1,2,1,0,1,0,19
66016,11,26,13,1,4,4,0,3,21,83
66017,9,33,30,2,8,0,0,2,13,97
66019,0,0,0,0,0,0,0,0,1,1
66020,2,0,7,0,2,0,0,0,5,16
66021,7,17,20,5,4,6,0,0,15,74
66023,0,2,2,0,0,0,0,0,1,5
66024,34,45,33,4,6,10,0,1,60,193
66025,4,2,6,1,2,6,0,1,3,25
66026,2,2,3,0,0,0,0,0,0,7
66028,183,275,75,25,34,29,2,12,212,847
66037,22,51,34,6,10,23,2,6,54,208
66038,5,19,30,4,7,3,0,1,12,81
66041,0,0,4,0,0,0,0,0,0,4
66046,1,0,0,0,0,0,0,0,1,2
66048,4,8,3,2,1,0,0,0,1,19
66049,55,101,29,5,8,7,4,4,61,274
66050,8,16,17,1,3,13,0,4,37,99
66053,12,42,27,4,5,0,0,0,18,108
66055,0,2,2,1,0,0,0,0,2,7
66056,0,6,6,0,0,0,0,1,0,13
66057,1,0,0,0,0,0,0,1,0,2
66058,1,4,2,0,0,0,0,1,5,13
66059,2,5,4,0,2,0,0,1,4,18
66060,0,0,0,0,0,0,0,0,1,1
66064,0,0,3,1,0,0,0,0,0,4
66065,39,38,31,5,11,7,1,1,43,176
66066,6,3,3,0,1,0,1,1,4,19
66067,13,28,7,3,4,0,0,0,10,65
66069,5,11,5,0,2,0,0,0,7,30
66071,2,10,10,0,1,1,1,0,10,35
66072,0,0,1,0,0,0,0,0,2,3
66082,0,0,0,0,0,2,0,0,0,2
66084,3,11,9,0,2,0,0,0,5,30
66088,25,40,20,3,6,0,1,2,25,122
66093,1,14,11,0,2,3,0,0,5,36
66094,2,12,6,0,4,2,1,0,4,31
66095,0,0,2,0,0,0,0,0,0,2
66096,1,12,7,1,2,0,1,1,4,29
66098,0,1,0,1,0,0,0,0,0,2
66101,2,7,14,0,1,1,0,2,4,31
66103,0,4,0,0,0,0,0,0,0,4
66104,0,1,1,2,0,0,0,0,2,6
66106,2,11,3,1,3,0,0,1,1,22
66107,2,5,3,0,3,0,0,1,1,15
66108,5,20,10,5,5,3,0,1,17,66
66109,3,2,4,0,0,0,0,0,1,10
66111,0,0,2,0,0,0,0,0,0,2
66113,1,4,3,1,0,0,0,0,0,9
66114,0,2,2,0,0,2,0,0,1,7
66115,1,3,2,0,0,0,0,1,0,7
66117,0,2,0,0,1,0,0,0,0,3
66121,2,6,3,5,0,0,1,3,4,24
66123,1,5,0,1,0,0,0,0,1,8
66124,12,13,8,5,1,1,2,1,16,59
66125,0,2,0,0,0,0,0,0,0,2
66126,0,0,0,0,0,0,0,0,1,1
66127,0,3,0,0,0,0,0,0,0,3
66128,0,0,0,0,0,0,0,0,1,1
66129,0,3,2,0,0,0,0,0,1,6
66130,19,70,26,21,4,0,0,2,40,182
66132,0,0,0,0,0,0,0,0,1,1
66133,2,11,11,1,3,1,0,1,7,37
66136,953,2143,275,191,169,141,115,59,1168,5214
66137,1,0,0,0,0,0,0,0,0,1
66138,2,8,2,3,0,0,0,1,4,20
66140,5,11,10,4,3,4,2,1,13,53
66141,18,30,9,1,5,3,0,5,18,89
66143,0,3,0,0,0,0,0,0,0,3
66144,9,17,34,9,3,2,0,4,103,181
66145,1,5,6,0,2,1,0,0,5,20
66146,1,0,0,0,0,0,0,0,0,1
66148,10,34,6,6,3,3,1,7,20,90
66149,74,186,42,8,10,7,3,10,48,388
66150,11,12,5,2,2,0,1,0,4,37
66160,0,3,1,0,2,0,0,0,0,6
66161,1,3,2,0,2,0,0,0,1,9
66164,35,36,32,4,6,6,2,3,41,165
66165,2,2,3,1,0,0,0,0,1,9
66167,5,7,6,1,2,2,0,4,9,36
66168,7,10,12,0,4,2,0,3,16,54
66171,15,46,25,4,8,8,1,6,51,164
66172,55,127,98,15,20,9,2,7,203,536
66173,0,3,3,0,0,0,0,0,0,6
66174,3,4,3,0,2,1,0,0,1,14
66175,2,4,11,1,2,0,1,1,6,28
66176,0,11,15,0,2,0,1,0,5,34
66177,0,1,4,1,0,0,0,0,3,9
66178,4,15,5,3,4,1,1,4,2,39
66179,1,11,1,1,1,0,1,0,1,17
66180,33,35,30,2,9,6,0,4,44,163
66182,7,12,14,2,3,1,2,3,10,54
66186,2,7,10,1,3,1,0,1,4,29
66187,8,15,7,2,2,0,1,0,8,43
66189,6,15,11,2,6,5,2,6,12,65
66190,7,14,15,1,3,2,0,1,10,53
66194,0,0,0,0,0,1,0,0,0,1
66195,16,39,13,6,5,3,1,5,30,118
66196,2,21,19,1,2,2,0,0,10,57
66198,3,9,1,1,1,0,0,0,1,16
66202,0,0,0,1,0,1,0,1,2,5
66204,0,0,0,0,0,0,0,0,1,1
66205,4,3,0,0,1,0,1,1,1,11
66207,1,5,0,0,0,0,0,0,1,7
66208,8,40,6,7,0,0,0,0,5,66
66210,68,306,38,41,18,4,2,9,135,621
66212,4,16,13,2,3,6,0,1,11,56
66213,15,26,23,10,8,8,2,5,85,182
66214,0,2,2,0,0,0,0,0,1,5
66217,2,4,8,0,2,1,0,0,6,23
66218,0,4,1,1,0,0,0,0,5,11
66222,4,16,14,2,2,0,0,0,4,42
66224,2,12,6,0,3,2,0,0,1,26
66225,7,13,9,1,0,0,0,1,1,32
66226,1,2,4,2,0,0,0,2,3,14
66227,5,13,16,3,4,3,0,3,19,66
66228,2,4,3,2,0,0,0,0,1,12
66230,1,17,11,1,2,3,0,1,7,43
67001,4,4,6,1,4,1,0,3,6,29
67003,0,0,0,0,0,0,0,0,1,1
67004,0,0,0,0,0,0,0,0,1,1
67005,0,0,4,0,0,0,0,2,0,6
67007,0,0,1,0,0,0,0,0,0,1
67008,1,5,1,0,0,0,0,7,1,15
67009,0,0,0,0,0,0,0,0,1,1
67010,4,13,0,2,2,0,0,0,4,25
67011,0,2,0,0,0,0,0,0,1,3
67014,0,0,1,0,0,0,0,0,0,1
67016,0,0,0,0,0,0,0,0,2,2
67018,0,0,0,1,0,0,0,0,0,1
67019,0,8,2,0,0,0,0,0,2,12
67020,0,1,1,0,0,0,0,0,0,2
67021,34,25,23,6,8,10,3,8,28,145
67023,2,2,4,0,2,2,0,0,1,13
67025,5,2,6,0,11,1,0,0,0,25
67027,0,0,0,1,0,0,0,0,0,1
67028,25,30,16,7,8,8,2,2,49,147
67030,1,0,0,0,0,0,0,0,1,2
67031,2,2,5,0,0,0,0,0,8,17
67033,0,3,0,0,0,0,0,0,2,5
67034,0,3,1,0,0,1,0,0,0,5
67037,0,0,1,1,0,0,0,0,0,2
67039,0,1,0,0,0,0,0,0,0,1
67040,0,4,1,0,0,0,0,0,1,6
67043,24,38,16,10,13,10,2,16,47,176
67044,0,0,0,0,0,0,0,1,0,1
67045,7,8,9,1,3,2,0,1,5,36
67046,61,150,28,35,13,9,3,15,75,389
67049,1,4,4,0,0,1,0,0,2,12
67052,2,11,5,1,0,0,0,3,2,24
67053,0,1,0,0,0,0,0,1,0,2
67055,3,2,0,0,4,1,0,0,0,10
67061,7,17,13,5,3,3,1,3,8,60
67062,0,0,0,0,0,0,1,0,0,1
67063,0,0,0,0,0,0,0,0,1,1
67065,3,4,5,0,0,0,0,0,3,15
67066,5,3,3,1,3,0,0,1,4,20
67067,125,302,31,59,60,12,5,9,126,729
67068,0,0,0,0,0,0,0,0,1,1
67072,0,0,1,0,0,0,0,0,0,1
67073,15,27,9,5,10,1,1,6,23,97
67075,1,2,0,1,0,0,0,0,0,4
67076,0,11,0,0,0,0,1,0,0,12
67077,0,0,1,1,0,0,0,0,0,2
67080,3,11,3,0,1,0,0,0,2,20
67081,0,0,2,0,0,1,0,0,1,4
67082,1,0,6,1,0,0,0,0,0,8
67083,0,2,1,0,0,0,0,0,0,3
67084,2,7,2,1,2,1,0,1,4,20
67085,0,2,0,0,0,0,0,0,1,3
67087,3,12,4,1,0,0,0,0,1,21
67088,0,1,0,0,0,0,0,0,0,1
67089,2,10,10,0,3,2,0,0,6,33
67090,0,1,0,0,0,0,0,4,1,6
67092,0,0,0,0,0,0,0,0,1,1
67095,5,46,5,5,3,3,0,4,19,90
67097,3,2,3,1,4,1,0,0,4,18
67098,1,4,2,0,2,0,0,0,5,14
67101,5,8,8,0,4,1,0,0,20,46
67102,0,1,0,0,0,0,0,0,1,2
67103,0,1,0,0,0,0,0,0,0,1
67104,1,2,1,0,0,0,0,0,0,4
67105,4,38,8,2,4,2,0,2,21,81
67106,6,12,15,4,5,4,2,7,11,66
67107,0,0,0,0,0,0,0,0,1,1
67108,2,3,3,1,0,1,0,0,1,11
67109,1,0,0,0,0,0,0,0,0,1
67110,1,0,0,0,0,0,0,0,0,1
67111,0,0,0,0,0,0,0,0,3,3
67112,3,7,6,5,4,1,1,1,8,36
67114,0,0,2,0,0,0,0,0,0,2
67115,4,2,3,0,2,2,2,1,6,22
67116,1,1,0,3,0,0,0,2,4,11
67117,0,0,0,0,0,0,0,0,1,1
67118,13,18,20,6,8,4,1,6,23,99
67119,1,1,3,0,0,1,0,0,1,7
67120,0,0,3,1,0,0,0,0,1,5
67122,1,3,4,0,0,0,0,0,0,8
67124,1,3,9,1,3,2,1,0,8,28
67125,6,7,7,4,4,3,0,5,5,41
67126,0,0,2,0,0,0,0,0,0,2
67127,0,3,4,1,2,0,0,1,0,11
67128,1,1,2,1,2,3,0,0,3,13
67129,0,2,2,0,0,0,0,0,0,4
67130,149,155,18,41,35,10,2,15,101,526
67131,5,11,11,0,3,2,0,1,19,52
67132,2,4,4,0,0,0,1,0,0,11
67135,0,2,1,0,0,0,0,0,0,3
67136,0,1,0,0,0,0,0,0,0,1
67137,5,9,11,3,61,3,0,2,4,98
67140,0,0,4,0,0,0,0,0,1,5
67141,0,0,1,0,0,0,0,0,0,1
67149,0,0,1,0,0,0,0,0,0,1
67150,1,3,7,0,0,2,0,0,2,15
67151,3,10,13,3,4,4,0,3,16,56
67152,10,30,19,3,11,4,0,3,38,118
67154,4,3,5,1,1,3,1,8,3,29
67155,0,2,1,0,0,0,0,0,1,4
67156,2,3,3,0,0,1,0,0,1,10
67160,5,13,1,2,0,0,0,1,2,24
67163,0,2,0,0,0,0,0,0,0,2
67164,0,2,0,0,0,0,0,0,0,2
67167,1,4,1,0,0,0,0,1,0,7
67168,1,1,4,0,0,0,0,0,1,7
67169,2,9,7,0,3,3,0,0,6,30
67172,3,3,1,0,0,0,0,0,0,7
67173,2,3,1,0,0,3,0,0,0,9
67174,0,4,0,0,0,0,0,0,2,6
67176,2,7,6,0,2,2,0,0,5,24
67177,0,2,0,0,0,0,0,0,1,3
67178,0,0,2,0,0,0,0,0,0,2
67180,517,966,97,47,47,55,53,30,383,2195
67181,3,2,0,0,0,0,0,0,0,5
67182,1,0,4,0,0,1,2,1,1,10
67184,4,3,3,1,2,1,0,0,6,20
67185,0,0,2,0,0,0,0,0,0,2
67186,0,2,0,0,0,0,0,0,0,2
67188,0,0,3,0,0,0,0,0,1,4
67189,0,0,1,0,0,0,0,0,0,1
67191,5,4,11,1,2,1,0,2,11,37
67194,4,9,6,0,2,4,0,2,10,37
67196,3,12,6,6,3,0,0,3,13,46
67197,3,4,3,0,0,2,0,1,0,13
67200,0,0,0,0,0,0,1,0,0,1
67202,14,15,6,3,4,9,3,1,26,81
67203,0,0,0,2,0,0,0,0,0,2
67204,12,33,24,9,11,6,1,3,22,121
67205,9,15,14,4,4,4,2,5,19,76
67208,0,3,0,0,0,0,0,0,0,3
67210,0,0,1,1,0,0,0,0,0,2
67212,3,19,5,2,5,2,0,2,7,45
67213,1,3,0,0,0,0,0,0,0,4
67214,0,0,1,0,0,1,0,2,0,4
67216,0,4,2,3,7,1,0,3,3,23
67218,142,133,86,43,54,45,6,18,193,720
67222,39,97,22,4,9,5,2,2,42,222
67223,1,2,4,0,0,0,0,0,1,8
67226,4,9,4,1,4,3,2,0,5,32
67230,2,4,3,0,2,2,0,0,3,16
67231,0,2,0,0,0,0,0,0,0,2
67233,0,0,6,0,0,0,0,0,1,7
67234,0,4,1,0,0,0,0,0,1,6
67237,1,5,7,1,0,2,3,1,3,23
67239,2,6,0,2,0,2,0,2,0,14
67240,0,0,5,0,0,0,0,0,0,5
67244,1,0,0,0,0,0,0,0,0,1
67246,0,3,1,0,0,0,0,0,0,4
67247,0,3,0,0,0,0,0,0,0,3
67248,3,3,5,2,2,3,1,0,4,23
67252,2,2,2,0,0,0,0,0,0,6
67253,0,2,0,0,0,0,0,0,0,2
67256,6,7,15,2,4,6,0,1,12,53
67257,2,0,1,0,0,0,0,0,1,4
67259,0,0,1,1,0,0,0,0,0,2
67261,6,8,6,1,3,3,0,1,3,31
67263,3,11,5,1,2,0,0,0,3,25
67264,0,0,1,0,0,0,0,0,0,1
67266,0,0,0,0,0,0,0,0,1,1
67267,36,60,35,15,49,14,5,12,60,286
67268,2,3,3,0,0,1,0,1,1,11
67270,0,2,0,1,0,0,0,0,0,3
67271,2,10,1,3,0,0,0,0,1,17
67276,4,11,4,1,2,0,0,0,7,29
67281,9,22,13,5,8,4,3,1,17,82
67282,10,10,12,5,5,0,0,8,19,69
67283,7,9,9,2,5,6,0,4,11,53
67285,3,5,12,0,2,1,0,1,6,30
67286,2,4,5,0,3,0,0,0,1,15
67289,0,0,2,0,0,0,0,0,0,2
67290,0,4,3,0,3,0,0,0,2,12
67291,4,19,9,2,3,2,0,1,1,41
67292,0,0,1,0,0,0,0,0,0,1
67293,0,0,0,0,0,0,0,0,1,1
67295,0,0,2,0,0,0,0,0,1,3
67296,3,2,6,0,0,0,0,0,1,12
67297,0,0,0,0,0,0,0,1,0,1
67299,0,0,1,0,0,0,0,0,0,1
67300,61,70,31,9,11,24,6,3,61,276
67301,4,6,11,0,4,0,0,3,8,36
67302,3,3,5,1,4,0,0,1,3,20
67303,13,38,27,5,5,0,0,4,23,115
67304,0,0,0,0,0,0,0,0,1,1
67305,2,5,6,0,3,0,0,0,0,16
67309,12,26,11,5,8,6,0,2,26,96
67310,0,2,0,0,0,0,0,0,0,2
67311,4,7,4,0,3,1,0,2,1,22
67313,7,18,5,3,7,7,1,5,35,88
67316,0,0,1,0,0,0,0,0,0,1
67317,0,0,0,1,0,0,0,0,0,1
67320,0,0,1,0,0,0,0,0,0,1
67322,0,2,0,1,0,0,0,0,2,5
67324,12,45,14,2,5,3,1,2,30,114
67325,3,2,0,0,3,4,1,1,3,17
67326,2,3,5,1,2,1,0,0,4,18
67327,0,0,3,0,0,0,0,0,1,4
67328,0,3,1,0,0,0,0,0,1,5
67329,3,2,2,1,0,2,0,0,0,10
67330,0,5,3,0,0,2,0,0,2,12
67331,1,5,0,0,0,1,0,0,2,9
67335,1,3,3,0,0,0,0,1,0,8
67336,3,0,4,0,2,1,0,0,1,11
67337,0,3,1,0,0,0,0,0,0,4
67338,1,3,0,0,0,0,0,0,0,4
67339,8,20,15,1,3,0,1,1,5,54
67340,1,11,3,1,1,0,0,0,7,24
67342,0,2,0,0,0,0,0,0,1,3
67343,20,71,23,6,8,7,0,2,14,151
67344,0,0,0,0,0,0,0,0,2,2
67345,3,13,12,3,5,4,0,0,10,50
67347,1,0,1,1,0,0,0,0,0,3
67348,139,58,42,15,15,18,7,10,98,402
67349,0,0,6,0,0,0,0,0,0,6
67350,1,3,3,0,0,4,0,1,1,13
67351,2,10,5,0,1,1,1,0,1,21
67354,2,3,0,0,0,0,0,1,1,7
67355,0,6,0,1,0,0,0,0,0,7
67356,2,2,3,1,3,0,0,1,9,21
67358,0,0,2,0,0,0,0,0,2,4
67359,3,7,3,1,2,0,0,0,0,16
67361,0,0,1,1,0,0,0,0,0,2
67362,0,3,4,0,0,0,0,0,0,7
67363,0,2,1,0,0,0,0,0,0,3
67364,0,1,0,0,0,0,0,0,1,2
67365,14,33,30,6,14,8,1,10,18,134
67367,52,2,5,0,0,0,0,0,7,66
67368,4,4,2,0,1,0,0,2,6,19
67370,0,1,1,0,0,0,0,0,0,2
67371,3,11,2,2,3,0,0,0,6,27
67372,5,17,13,2,6,9,1,3,11,67
67374,0,0,3,0,0,0,0,0,0,3
67375,1,6,7,0,0,0,0,1,0,15
67377,0,2,1,0,0,0,0,0,1,4
67378,4,11,5,3,3,3,0,1,9,39
67379,0,4,2,0,0,1,0,0,0,7
67387,0,2,0,0,0,0,0,0,0,2
67388,8,24,15,5,3,2,0,1,38,96
67389,9,11,10,3,7,2,1,3,17,63
67395,0,10,0,0,0,0,0,0,0,10
67396,0,0,1,0,0,0,0,0,0,1
67397,2,11,5,1,2,1,0,0,2,24
67403,1,2,0,0,0,0,0,0,0,3
67405,2,4,7,3,4,2,0,1,4,27
67407,1,3,2,0,0,0,0,0,3,9
67408,1,2,3,0,0,0,0,0,0,6
67409,0,2,0,0,0,0,0,0,2,4
67411,9,29,19,3,7,8,3,3,25,106
67414,3,6,4,1,4,1,0,1,0,20
67415,0,0,0,0,0,1,0,0,0,1
67418,5,1,0,0,0,0,0,0,2,8
67420,0,0,2,0,0,2,0,0,2,6
67421,4,25,2,3,1,1,0,1,0,37
67422,0,0,1,0,0,0,0,0,0,1
67423,0,0,2,0,0,0,0,0,0,2
67424,0,0,0,0,1,0,0,0,0,1
67426,0,0,8,0,0,0,0,0,1,9
67428,0,1,0,0,0,0,0,0,3,4
67429,0,5,0,0,0,0,0,0,1,6
67430,0,0,0,0,0,0,0,0,1,1
67432,0,5,2,0,0,0,0,0,0,7
67433,0,0,2,0,0,0,0,0,0,2
67434,57,21,9,3,6,3,1,3,14,117
67435,0,0,6,0,0,0,0,0,0,6
67437,193,219,41,25,22,20,26,10,175,731
67442,4,3,0,4,0,1,0,2,2,16
67445,3,5,5,1,2,0,0,0,6,22
67447,210,143,93,59,38,49,106,31,184,913
67448,95,78,7,1,3,4,2,2,31,223
67449,2,9,3,0,1,0,0,0,0,15
67451,1,4,2,0,0,0,0,0,2,9
67452,5,2,6,0,0,0,0,2,0,15
67455,0,0,1,0,0,0,0,0,1,2
67458,4,12,18,1,5,3,1,0,38,82
67460,8,4,5,2,3,3,0,0,1,26
67462,217,267,58,39,33,36,38,8,234,930
67463,9,13,3,2,6,5,0,0,9,47
67465,0,1,6,0,2,2,0,0,1,12
67471,5,11,17,1,9,9,0,2,5,59
67472,7,14,9,1,4,6,0,1,6,48
67473,2,3,7,0,2,0,0,0,0,14
67474,8,15,10,5,3,6,0,2,13,62
67476,0,0,3,0,0,0,0,0,0,3
67478,3,10,4,0,2,0,0,1,1,21
67479,0,0,1,0,0,0,0,0,0,1
67480,2,10,0,2,0,0,0,0,4,18
67481,1,4,2,0,0,0,0,0,0,7
67482,2894,4276,634,596,453,485,242,232,2952,12764
67485,2,4,10,2,0,1,0,1,2,22
67486,3,2,2,1,3,0,0,0,3,14
67487,5,3,5,1,0,0,1,0,1,16
67489,1,20,0,0,0,0,0,0,0,21
67490,0,0,0,1,0,0,0,0,0,1
67492,0,2,0,0,0,1,0,0,1,4
67493,0,3,0,0,2,0,0,0,1,6
67495,9,20,13,3,5,4,2,3,24,83
67496,0,4,0,0,0,0,0,0,0,4
67497,0,4,0,0,0,0,0,0,0,4
67498,0,2,3,0,0,0,0,0,0,5
67499,0,0,0,2,0,0,0,0,0,2
67500,1,4,6,0,0,1,0,1,1,14
67501,0,0,0,1,0,0,0,0,0,1
67504,3,2,6,0,3,2,0,0,1,17
67505,0,0,1,1,0,0,0,0,0,2
67506,10,18,14,6,7,5,4,4,36,104
67507,11,19,7,3,4,6,2,2,15,69
67511,0,0,0,0,0,3,0,0,0,3
67512,0,0,3,0,0,4,0,0,0,7
67514,0,0,0,0,0,0,0,0,1,1
67517,0,2,0,0,0,0,0,0,1,3
67519,14,21,16,3,6,4,0,2,21,87
67520,17,24,12,3,8,10,2,3,22,101
67521,0,0,1,0,0,0,0,0,0,1
67523,1,4,3,0,2,1,0,0,1,12
67525,2,2,4,1,3,1,0,0,6,19
67526,0,2,0,0,0,1,0,0,0,3
67527,0,0,0,0,0,0,0,0,1,1
67528,0,0,0,0,0,0,0,0,1,1
67529,3,4,5,0,4,1,0,3,9,29
67532,0,8,5,1,2,2,0,0,0,18
67534,0,0,0,0,0,0,0,0,1,1
67535,0,3,5,0,1,0,0,0,1,10
67537,0,1,0,0,0,0,0,0,0,1
67538,4,12,4,1,2,0,3,1,4,31
67539,5,10,4,1,1,0,0,2,3,26
67543,4,7,4,0,3,3,0,0,4,25
67544,88,183,26,21,30,9,8,3,129,497
67546,0,0,2,0,0,0,0,0,1,3
67547,3,2,4,0,0,1,0,0,1,11
67548,45,3,16,1,0,3,0,0,8,76
67550,12,25,4,6,3,3,2,3,19,77
67551,6,8,10,1,11,1,1,2,20,60
67554,1,0,3,0,0,1,0,0,1,6
67557,0,0,0,0,0,0,0,0,1,1
67558,1,5,0,0,0,0,0,0,0,6
68001,0,1,0,2,0,0,0,0,0,3
68004,40,124,10,14,10,11,12,0,91,312
68005,16,78,18,7,4,0,0,3,32,158
68007,0,5,0,0,0,0,0,0,1,6
68010,0,0,0,0,0,0,0,0,1,1
68011,1,3,5,1,0,0,0,0,6,16
68012,1,1,0,1,0,1,0,0,0,4
68013,0,0,0,0,0,0,0,0,1,1
68015,3,2,2,0,3,0,0,2,4,16
68016,0,2,1,0,0,0,0,0,0,3
68017,0,0,1,0,0,0,0,0,0,1
68018,0,0,1,0,0,0,0,0,0,1
68019,0,2,0,0,0,0,0,0,0,2
68020,4,10,1,1,3,1,1,0,6,27
68021,19,26,3,9,7,4,1,1,38,108
68022,3,2,2,0,0,0,0,1,0,8
68023,5,3,0,0,0,0,0,2,0,10
68024,1,5,0,1,0,0,0,0,1,8
68026,0,4,3,0,0,0,0,0,2,9
68028,28,16,7,1,3,1,0,1,2,59
68030,1,0,0,0,0,0,0,0,0,1
68032,3,1,4,0,0,0,0,2,3,13
68033,0,0,0,1,0,0,0,0,0,1
68036,2,6,1,0,2,2,3,0,0,16
68037,0,0,1,0,0,0,0,0,0,1
68038,0,2,6,0,0,0,0,0,0,8
68040,2,4,2,0,1,1,0,0,4,14
68041,0,2,1,0,0,0,0,0,2,5
68042,5,7,5,3,3,5,0,0,12,40
68043,3,12,4,6,3,1,0,1,21,51
68044,0,0,0,0,0,0,0,0,1,1
68046,0,0,1,0,0,0,0,0,0,1
68049,2,16,0,1,0,0,0,0,1,20
68051,1,3,2,1,0,0,0,0,1,8
68054,0,0,0,0,0,0,0,0,1,1
68055,0,0,1,0,0,0,0,0,0,1
68056,16,48,11,13,7,11,0,4,70,180
68058,2,15,1,0,3,3,0,0,1,25
68059,0,2,6,0,0,0,3,0,3,14
68060,5,4,4,0,5,1,0,1,13,33
68062,3,0,0,2,0,1,0,0,1,7
68063,41,57,18,25,15,10,1,7,75,249
68064,1,8,0,0,0,0,0,0,2,11
68065,0,0,0,1,0,0,0,0,0,1
68066,816,1956,148,134,164,90,104,56,961,4429
68068,4,27,6,9,9,4,0,3,36,98
68069,4,0,2,0,0,0,0,0,1,7
68070,4,0,5,0,0,0,1,0,0,10
68073,0,3,0,0,0,0,0,0,0,3
68075,2,0,0,0,3,0,0,0,0,5
68076,0,1,0,0,0,0,0,0,0,1
68078,1,3,4,2,1,3,0,0,2,16
68080,0,0,1,0,0,0,0,0,0,1
68081,0,0,1,0,0,0,0,0,0,1
68082,19,37,19,2,12,5,4,4,38,140
68083,0,0,0,1,0,0,0,0,0,1
68084,5,3,3,0,0,4,0,0,1,16
68085,0,0,0,1,0,0,0,0,0,1
68089,0,9,2,0,0,0,0,0,3,14
68090,0,0,1,0,1,0,0,0,4,6
68091,3,10,4,0,3,2,0,1,5,28
68092,0,0,0,0,0,0,0,1,0,1
68093,1,0,0,0,0,0,0,0,1,2
68094,3,2,4,1,0,0,1,2,3,16
68095,0,0,2,0,0,0,0,1,0,3
68097,4,6,2,0,0,0,0,0,0,12
68098,0,0,0,1,0,1,0,0,0,2
68099,0,0,1,0,0,0,0,0,1,2
68100,0,0,0,1,0,0,0,0,0,1
68101,0,0,1,0,0,0,0,0,0,1
68107,0,0,1,0,0,0,0,0,0,1
68109,2,1,0,0,0,0,0,0,0,3
68111,2,2,1,0,2,1,0,0,3,11
68112,40,106,18,13,12,17,9,6,58,279
68113,2,2,2,0,0,0,0,0,0,6
68115,2,0,0,0,0,0,0,1,1,4
68116,0,0,1,0,0,0,0,0,0,1
68117,0,2,0,0,0,0,0,0,1,3
68118,0,3,4,1,3,3,0,2,5,21
68120,1,0,2,0,2,0,0,0,7,12
68121,0,1,0,0,0,0,0,0,0,1
68122,0,0,1,0,0,0,0,0,1,2
68123,0,2,0,1,0,0,0,0,0,3
68124,0,0,0,0,0,0,0,0,1,1
68125,0,0,0,0,0,0,0,0,2,2
68126,2,6,2,1,5,3,2,0,1,22
68127,0,2,0,0,0,0,0,0,0,2
68129,4,14,0,3,0,0,0,0,1,22
68130,0,2,0,0,0,0,0,0,0,2
68134,0,0,4,1,0,0,0,0,0,5
68135,14,8,2,1,3,6,0,2,8,44
68138,6,9,7,3,4,5,0,0,28,62
68139,2,0,0,0,0,0,0,0,0,2
68140,2,5,0,0,0,0,1,0,2,10
68141,1,12,4,2,0,3,1,3,9,35
68142,0,0,3,0,0,0,0,0,0,3
68143,0,3,0,1,0,0,2,0,0,6
68144,0,0,1,0,6,0,0,0,2,9
68145,16,15,3,2,4,4,0,3,26,73
68146,1,2,6,0,0,1,0,0,21,31
68149,3,6,5,1,33,4,3,0,11,66
68151,1,1,1,0,3,0,0,0,8,14
68152,6,4,6,1,4,5,0,0,4,30
68153,0,0,0,0,0,0,0,0,1,1
68154,35,37,13,27,16,5,2,10,92,237
68155,6,10,11,2,3,4,0,0,18,54
68156,8,20,15,1,4,1,1,2,18,70
68157,0,1,0,0,0,0,0,0,0,1
68158,0,1,0,0,0,0,0,0,0,1
68159,5,19,2,0,0,0,0,0,3,29
68161,1,1,1,0,0,0,0,0,0,3
68162,4,10,5,3,24,7,1,2,13,69
68163,6,9,1,2,5,2,0,2,5,32
68164,2,0,0,0,0,0,0,0,0,2
68166,12,30,4,7,8,4,1,3,42,111
68171,1,0,0,1,0,0,0,0,0,2
68172,1,9,2,1,1,1,0,0,2,17
68173,2,3,1,0,2,0,0,1,2,11
68174,4,7,1,0,4,1,0,0,6,23
68175,1,3,3,1,1,0,0,0,3,12
68177,0,3,1,0,3,0,0,0,0,7
68179,1,3,6,1,0,0,2,2,4,19
68180,0,0,1,0,0,0,0,0,0,1
68182,0,1,0,0,0,0,0,0,0,1
68185,1,4,1,1,2,0,0,0,0,9
68191,0,0,1,0,0,2,0,0,1,4
68195,15,62,11,11,2,3,0,6,24,134
68199,0,2,0,2,0,0,0,0,0,4
68200,0,4,0,0,0,0,0,0,1,5
68201,8,14,7,0,5,4,0,0,14,52
68203,2,3,2,0,0,0,0,0,2,9
68204,0,4,0,1,3,0,0,0,0,8
68206,9,0,0,0,0,0,0,0,0,9
68207,0,2,0,0,0,0,0,0,2,4
68209,0,0,1,0,0,1,0,0,0,2
68215,3,0,2,0,3,1,0,0,0,9
68217,1,12,2,2,3,4,0,0,5,29
68218,4,5,2,0,4,1,0,0,9,25
68219,0,0,0,1,0,0,0,0,1,2
68221,0,0,0,0,0,0,0,0,1,1
68222,0,3,0,0,0,0,0,0,0,3
68223,6,0,2,0,0,0,0,0,1,9
68224,821,2079,156,211,132,97,137,43,1217,4893
68225,1,0,3,1,0,2,0,1,1,9
68226,21,43,11,8,9,10,3,5,29,139
68227,7,3,4,0,5,2,0,1,6,28
68231,4,8,1,3,3,3,2,4,18,46
68234,0,1,3,1,0,0,0,0,1,6
68235,0,2,0,0,0,0,0,0,1,3
68237,0,0,0,1,0,0,0,0,0,1
68239,1,0,0,0,0,0,0,0,0,1
68241,0,0,0,0,0,0,0,0,2,2
68242,1,2,6,2,2,2,0,0,2,17
68244,0,0,2,0,0,0,0,0,2,4
68246,0,0,0,0,0,0,0,0,1,1
68247,6,21,5,1,4,1,0,0,3,41
68248,2,3,3,0,0,0,0,1,0,9
68249,6,16,3,3,2,1,1,1,7,40
68250,1,0,2,0,0,0,0,0,0,3
68252,3,1,5,0,7,0,0,0,1,17
68253,4,7,3,1,2,3,0,0,3,23
68255,1,2,0,0,0,0,0,0,2,5
68256,24,109,12,9,8,4,0,0,92,258
68257,0,4,1,0,0,0,0,0,0,5
68258,2,5,5,1,2,0,0,0,2,17
68263,0,0,0,0,0,0,0,0,1,1
68264,0,1,0,0,0,0,0,0,0,1
68265,1,2,1,0,0,0,0,0,0,4
68266,0,2,0,0,2,0,0,0,0,4
68267,1,0,6,0,2,1,0,0,3,13
68269,17,21,13,3,6,4,1,2,29,96
68270,1,10,2,2,6,2,0,0,15,38
68271,40,25,18,20,10,11,1,5,56,186
68272,0,0,0,0,0,0,2,0,0,2
68273,1,3,0,2,0,0,0,0,1,7
68274,0,0,0,1,0,0,0,0,0,1
68276,0,0,1,0,0,0,0,0,0,1
68277,1,0,0,0,3,0,0,0,0,4
68278,27,43,30,8,11,9,2,3,34,167
68279,0,0,0,0,0,0,0,1,0,1
68280,0,2,0,0,0,0,0,0,0,2
68281,0,0,0,0,0,0,0,0,1,1
68286,0,2,3,0,0,1,0,0,2,8
68287,71,196,9,76,12,3,1,7,152,527
68289,2,6,6,0,2,2,0,0,4,22
68291,0,3,0,0,0,0,0,0,0,3
68292,1,10,2,0,2,0,1,0,3,19
68294,2,5,0,1,2,1,0,0,1,12
68295,2,8,4,1,5,3,0,0,5,28
68296,1,2,1,0,0,0,0,0,0,4
68297,45,82,12,15,23,18,4,6,112,317
68298,9,49,8,3,4,4,0,2,6,85
68300,7,18,3,2,4,4,0,1,13,52
68301,0,0,4,0,0,0,0,0,1,5
68302,0,0,0,1,0,0,0,0,1,2
68303,0,3,0,0,0,0,0,0,0,3
68304,4,21,7,0,3,2,0,0,5,42
68305,4,12,2,5,3,0,0,0,5,31
68306,0,4,0,0,0,0,0,0,1,5
68309,6,14,10,4,5,4,2,3,36,84
68310,0,0,3,0,0,0,0,0,0,3
68311,0,0,0,0,0,0,0,0,1,1
68313,0,2,0,0,0,0,0,0,0,2
68315,12,38,15,3,9,7,2,7,26,119
68316,1,2,3,0,0,0,0,0,0,6
68318,2,3,2,0,2,0,0,0,6,15
68320,0,0,0,1,0,0,0,0,1,2
68321,0,5,1,0,2,0,0,0,4,12
68322,0,0,0,0,0,0,0,0,2,2
68324,0,0,1,0,0,0,0,0,0,1
68329,3,6,0,0,0,0,0,0,0,9
68331,2,5,7,2,3,0,2,5,13,39
68332,0,2,0,1,0,0,0,0,0,3
68333,0,0,1,0,0,0,0,0,0,1
68334,36,63,10,8,7,14,7,2,65,212
68335,0,0,1,0,0,0,0,0,0,1
68338,13,14,6,4,6,4,0,2,16,65
68342,1,0,0,0,0,0,0,0,1,2
68343,1,2,5,0,2,0,0,0,0,10
68347,3,6,0,0,0,0,0,0,4,13
68348,4,1,4,0,3,0,0,0,8,20
68349,7,14,4,1,7,2,1,0,4,40
68351,0,0,0,1,0,0,0,0,0,1
68352,1,8,2,0,5,0,0,0,7,23
68353,1,0,0,0,0,0,0,0,0,1
68354,1,0,0,0,0,0,0,2,1,4
68355,3,5,2,0,5,2,0,1,13,31
68359,2,3,4,2,0,0,0,0,9,20
68362,0,0,0,0,0,0,0,0,1,1
68364,0,0,2,0,0,0,0,0,0,2
68365,3,7,4,0,0,1,2,0,5,22
68367,0,2,1,0,0,0,0,0,1,4
68368,1,2,0,1,3,0,0,0,0,7
68372,0,2,1,0,0,0,0,0,1,4
68374,18,37,12,9,8,5,1,7,34,131
68375,6,23,9,1,6,6,1,3,23,78
68376,14,38,1,4,13,3,3,1,47,124
68377,0,0,0,0,0,0,0,0,2,2
68379,0,3,5,0,0,0,0,3,2,13
68384,5,2,3,1,3,1,0,1,0,16
68385,0,1,1,0,0,0,0,0,1,3
68386,0,0,0,1,0,0,0,0,1,2
69003,35,72,8,17,7,1,0,8,41,189
69004,0,1,0,1,0,0,0,1,0,3
69005,0,2,0,1,0,0,1,0,2,6
69006,16,23,9,2,7,9,2,5,45,118
69007,4,13,3,1,2,4,0,0,16,43
69009,10,26,6,2,7,14,0,5,48,118
69010,74,72,23,17,10,10,5,9,126,346
69012,0,0,0,0,0,0,0,0,1,1
69013,152,99,11,2,5,2,17,3,40,331
69014,10,48,25,6,2,0,0,8,46,145
69017,0,0,2,0,0,0,0,0,3,5
69018,8,38,2,6,5,2,1,3,16,81
69019,44,72,11,12,40,33,5,7,186,410
69020,0,0,1,0,0,0,0,0,0,1
69021,5,14,5,3,2,0,0,4,20,53
69023,2,8,9,2,1,2,0,2,6,32
69024,11,13,2,4,8,6,3,2,21,70
69025,1,0,1,0,0,0,0,0,0,2
69027,31,43,25,10,11,9,6,15,98,248
69028,6,6,10,3,2,4,1,2,12,46
69029,1048,2030,95,278,174,48,157,50,846,4726
69030,0,0,0,0,0,0,0,0,1,1
69031,0,0,1,1,0,0,1,1,2,6
69032,2,8,1,3,0,1,0,1,2,18
69033,3,3,7,0,1,4,0,4,3,25
69034,335,318,80,44,40,28,7,30,279,1161
69036,2,2,0,0,3,0,0,1,1,9
69037,1,0,3,0,0,0,0,1,2,7
69038,0,2,0,0,0,0,0,0,1,3
69039,0,1,0,0,0,0,0,0,0,1
69040,12,24,8,7,5,14,2,6,34,112
69042,0,0,0,1,0,0,0,0,0,1
69043,17,38,11,11,8,6,2,4,61,158
69044,12,11,3,9,8,15,0,6,38,102
69045,1,2,0,0,0,0,0,1,1,5
69046,7,15,5,1,4,3,0,5,21,61
69047,1,8,0,1,0,0,0,0,2,12
69049,6,8,6,4,3,4,2,2,8,43
69050,1,3,4,3,2,0,0,3,3,19
69051,0,0,2,0,0,0,0,0,0,2
69052,9,5,9,6,4,7,3,3,24,70
69054,0,3,0,0,0,0,0,0,0,3
69055,2,4,4,3,0,1,0,3,7,24
69056,1,3,0,2,2,3,0,0,5,16
69058,0,0,0,0,0,0,0,0,1,1
69059,0,8,3,2,0,1,0,4,15,33
69060,0,11,0,1,0,0,0,0,54,66
69062,0,0,0,1,0,0,0,0,0,1
69063,7,5,8,3,2,2,1,7,10,45
69064,12,47,7,8,5,7,5,9,30,130
69066,3,29,6,3,6,2,0,4,15,68
69067,1,1,0,1,0,0,0,1,1,5
69068,6,14,3,5,3,4,0,1,7,43
69069,69,42,38,14,18,9,4,10,123,327
69070,0,4,0,0,0,0,0,0,2,6
69071,0,1,1,1,0,0,0,0,0,3
69072,32,22,23,12,17,12,1,5,47,171
69074,1,0,0,0,0,0,0,0,4,5
69075,0,0,0,0,0,0,0,1,1,2
69076,17,12,11,5,2,3,0,11,57,118
69077,0,0,0,1,0,0,0,0,0,1
69078,0,3,0,1,0,0,0,0,1,5
69080,4,7,1,1,0,0,0,0,4,17
69081,250,233,38,39,26,12,49,9,154,810
69083,0,3,0,0,0,0,0,0,32,35
69084,1,1,2,0,1,0,0,2,2,9
69085,1,3,1,0,0,0,0,1,5,11
69086,4,1,5,0,2,0,1,0,7,20
69087,3,11,7,8,4,3,0,0,12,48
69088,38,13,13,8,8,7,2,6,45,140
69089,26,73,56,14,12,15,0,14,92,302
69090,1,0,0,2,0,0,0,0,8,11
69091,103,132,20,34,23,13,37,15,158,535
69092,361,604,31,25,38,4,58,6,202,1329
69093,1,8,1,0,0,1,0,0,1,12
69094,8,12,8,4,9,4,0,2,29,76
69096,15,19,5,6,6,0,0,3,19,73
69099,0,3,0,0,1,0,0,0,1,5
69100,46,55,17,6,12,6,2,7,85,236
69103,3,3,0,1,2,0,0,0,0,9
69105,3,4,3,1,2,1,0,1,3,18
69106,0,2,1,0,0,0,0,0,3,6
69107,1,2,0,1,3,0,1,2,12,22
69108,0,2,4,0,0,0,0,0,1,7
69109,0,2,0,0,0,0,0,0,0,2
69110,0,9,1,3,0,0,0,2,4,19
69111,0,2,10,0,0,0,0,1,5,18
69112,7,21,9,7,14,4,1,5,25,93
69113,6,19,0,6,1,0,0,0,7,39
69114,2,0,2,1,0,1,1,2,1,10
69115,25,19,6,3,4,4,0,7,39,107
69116,11,26,8,2,2,11,0,2,22,84
69117,4,3,10,1,5,0,1,2,6,32
69118,4,5,3,3,3,0,1,0,9,28
69120,0,0,0,0,0,0,0,0,1,1
69121,12,4,3,1,6,5,1,1,18,51
69122,1,3,3,2,0,1,1,1,4,16
69123,2315,12,1,4,44,0,0,0,27,2403
69125,0,0,0,0,0,0,0,0,2,2
69126,3,2,2,0,0,0,0,1,0,8
69127,23,45,37,6,71,2,2,5,36,227
69131,2,10,6,4,44,3,0,2,12,83
69132,2,3,0,2,0,0,0,0,1,8
69133,5,7,8,1,3,3,1,0,9,37
69135,2,5,1,3,2,1,0,0,5,19
69136,2,5,8,3,5,5,0,5,9,42
69137,0,7,0,0,0,0,0,0,1,8
69139,2,6,2,0,2,2,1,1,2,18
69140,5,0,2,1,5,4,1,2,7,27
69141,59,28,14,11,6,5,3,8,60,194
69142,4,7,5,4,5,1,2,4,6,38
69143,65,36,23,15,21,9,6,8,84,267
69144,0,0,2,0,0,0,0,0,0,2
69145,0,3,1,0,0,0,0,0,1,5
69146,0,0,1,0,0,0,0,0,0,1
69147,0,0,0,0,2,0,0,0,0,2
69148,2,2,3,0,4,3,0,3,3,20
69149,796,1079,59,64,102,32,69,37,761,2999
69151,3,2,0,1,1,0,0,1,0,8
69152,64,55,4,5,5,0,2,9,23,167
69153,1,2,5,0,0,0,1,0,3,12
69154,8,22,6,1,1,0,0,1,13,52
69155,0,0,0,0,0,0,0,0,1,1
69156,2,4,2,2,2,2,1,4,15,34
69157,4,8,4,1,4,4,0,1,11,37
69159,3,7,0,2,2,0,1,4,9,28
69160,1,3,0,0,1,0,0,0,2,7
69162,0,3,1,0,0,0,0,0,1,5
69163,2,4,1,0,1,1,1,2,6,18
69164,0,0,0,0,0,0,0,0,1,1
69165,4,0,0,0,0,0,0,0,0,4
69166,0,0,0,1,0,0,0,0,14,15
69168,0,2,0,0,0,0,0,1,0,3
69170,0,4,0,0,0,0,0,0,6,10
69171,2,4,5,1,4,5,0,1,4,26
69174,0,0,0,0,0,0,0,0,7,7
69175,0,1,2,1,0,0,0,2,1,7
69176,8,8,6,1,2,3,0,3,16,47
69177,1,4,0,3,0,0,0,0,2,10
69178,0,0,0,0,0,0,0,0,1,1
69179,10,2,3,1,0,0,0,2,7,25
69181,3,3,0,0,0,0,0,0,0,6
69182,0,0,0,1,0,0,0,0,0,1
69184,0,3,1,1,0,0,0,0,1,6
69187,0,2,0,2,0,0,0,0,6,10
69188,2,3,0,1,0,0,0,0,2,8
69189,139,90,6,4,2,1,2,1,51,296
69190,1,2,3,1,0,0,0,0,4,11
69191,56,210,3,58,7,5,1,6,89,435
69194,31,94,48,9,8,5,1,10,41,247
69195,2,4,0,0,0,0,0,0,0,6
69196,0,0,0,0,0,0,0,0,1,1
69197,2,4,1,1,2,1,0,2,4,17
69199,14,35,4,8,22,11,2,8,35,139
69200,0,2,1,1,0,0,0,0,0,4
69201,3,8,0,2,6,1,0,2,8,30
69202,274,254,52,27,47,20,35,15,161,885
69203,0,0,1,0,0,0,0,0,0,1
69204,72,114,59,29,43,7,3,26,152,505
69205,7,13,3,5,6,4,0,3,38,79
69206,6,15,2,0,3,1,0,4,13,44
69207,4,4,0,3,3,1,0,3,6,24
69208,1,10,1,1,0,0,0,0,3,16
69209,0,8,1,1,0,0,0,0,0,10
69211,3,2,0,0,0,0,0,0,0,5
69214,0,0,0,0,0,0,0,0,4,4
69218,0,0,0,0,0,0,0,0,1,1
69219,3,5,3,7,0,2,0,6,10,36
69220,4,13,5,4,7,1,2,3,23,62
69222,2,0,0,0,0,0,1,0,0,3
69227,12,18,5,6,2,1,2,5,37,88
69228,13,36,9,9,5,0,0,3,31,106
69231,4,3,2,1,2,1,1,2,8,24
69233,0,0,2,2,0,0,0,1,5,10
69234,3,2,2,1,0,0,2,3,6,19
69235,7,10,23,0,5,2,0,2,15,64
69236,2,0,0,0,0,0,0,0,0,2
69238,14,42,8,5,6,1,0,7,31,114
69239,0,0,1,0,0,0,0,0,1,2
69240,1,4,0,0,1,0,0,0,0,6
69241,3,13,0,3,2,1,1,2,9,34
69243,85,144,12,17,15,18,5,9,155,460
69244,86,55,42,60,19,22,1,22,161,468
69245,1,2,8,0,2,0,1,0,5,19
69246,2,6,1,1,0,0,0,1,4,15
69248,11,34,3,6,6,2,0,3,24,89
69249,3,5,3,4,3,2,1,2,8,31
69250,9,10,11,6,5,5,0,3,19,68
69254,1,0,0,0,0,0,0,0,0,1
69255,15,56,3,14,3,3,2,4,53,153
69256,91,112,49,20,39,27,8,40,165,551
69257,0,0,0,0,0,0,0,0,1,1
69259,233,278,68,34,72,28,41,34,227,1015
69260,7,25,6,7,3,5,0,3,21,77
69261,0,0,0,0,0,0,0,0,3,3
69263,0,0,1,0,0,0,0,0,2,3
69264,97,215,79,87,36,64,9,36,332,955
69265,1,0,3,0,0,0,0,1,3,8
69266,881,1006,274,224,161,121,72,120,823,3682
69267,2,8,2,0,2,3,1,1,7,26
69268,47,12,6,2,3,7,0,6,14,97
69269,0,3,1,0,0,0,0,0,20,24
69270,5,14,11,4,14,6,0,2,22,78
69271,9,49,15,5,12,11,1,4,46,152
69272,3,9,5,1,5,3,1,0,18,45
69273,24,26,3,6,11,3,2,5,32,112
69275,136,166,45,24,105,25,8,16,206,731
69276,8,18,10,4,6,13,3,4,29,95
69277,24,22,23,15,12,17,2,15,64,194
69278,4,9,6,2,6,2,1,3,22,55
69279,4,9,4,3,17,1,0,3,14,55
69280,4,6,2,3,0,0,1,4,5,25
69281,3,4,3,2,0,0,1,2,3,18
69282,48,144,58,30,39,25,5,19,142,510
69283,18,21,19,10,14,3,2,8,37,132
69284,8,6,7,3,4,1,0,4,26,59
69285,4,41,4,0,5,0,0,2,7,63
69286,203,254,49,20,28,17,11,24,136,742
69287,4,26,23,4,6,3,2,2,40,110
69288,3,13,1,3,5,7,0,3,17,52
69289,6,3,7,2,3,2,0,3,9,35
69290,220,326,87,36,75,29,13,23,214,1023
69291,41,21,3,8,5,3,1,1,38,121
69292,13,22,10,8,6,4,5,10,24,102
69293,2,3,1,3,0,1,0,1,3,14
69294,2,4,6,3,3,1,1,2,7,29
69295,4,7,1,0,0,0,1,0,3,16
69296,3,8,4,2,3,3,0,5,12,40
69297,7,4,2,2,2,1,1,2,15,36
69298,2,11,4,4,2,2,1,1,6,33
69299,5,7,1,1,1,1,1,0,1,18
69381,42,154,53,108,27,36,5,20,179,624
69382,114,302,108,131,95,125,18,48,776,1717
69383,863,1638,169,341,184,134,72,78,1319,4798
69384,465,764,112,78,130,37,128,23,571,2308
69385,119,394,137,92,40,25,5,50,337,1199
69386,92,303,135,200,64,175,26,53,678,1726
69387,330,743,224,250,181,145,65,63,1065,3066
69388,519,1501,194,226,115,125,79,84,958,3801
69389,80,403,87,104,52,47,9,51,437,1270
70006,0,2,0,1,2,0,0,0,0,5
70012,2,4,1,1,2,0,0,0,2,12
70014,0,2,0,0,0,0,0,0,0,2
70015,0,1,0,0,0,0,0,0,0,1
70024,0,0,0,0,0,0,0,0,1,1
70025,0,0,0,0,0,0,0,1,0,1
70026,4,12,5,4,5,4,0,0,5,39
70029,0,1,0,0,0,0,0,0,0,1
70031,2,3,0,0,2,0,0,0,2,9
70037,0,0,0,1,0,0,0,0,0,1
70039,0,3,0,0,0,0,0,0,0,3
70041,2,2,1,0,1,0,0,0,3,9
70044,0,0,0,0,0,0,0,0,1,1
70045,0,0,0,1,0,0,0,0,1,2
70055,0,3,0,0,0,0,0,0,0,3
70058,5,22,1,2,3,0,0,0,7,40
70059,0,2,0,0,0,0,0,0,1,3
70062,0,0,0,1,0,0,0,0,0,1
70076,0,0,0,0,0,0,0,2,0,2
70080,0,0,0,1,0,0,0,0,0,1
70084,0,0,4,0,0,0,0,0,0,4
70085,0,0,1,1,0,0,0,0,1,3
70093,1,0,0,0,3,0,0,0,0,4
70094,0,0,0,1,0,0,0,0,0,1
70095,0,0,0,0,0,0,0,0,1,1
70107,0,0,0,0,0,0,0,0,1,1
70109,0,0,1,0,0,0,0,0,0,1
70117,0,2,0,0,0,0,0,0,0,2
70120,3,3,2,0,3,0,1,0,6,18
70122,3,4,2,0,2,1,0,1,2,15
70130,0,3,0,0,0,0,0,0,3,6
70132,0,3,0,0,0,0,0,0,1,4
70145,0,0,0,0,0,0,0,0,1,1
70148,1,0,0,0,0,0,0,0,0,1
70150,0,0,0,1,0,0,0,3,0,4
70152,0,2,0,2,0,0,0,1,2,7
70154,0,1,0,0,0,0,0,0,5,6
70155,0,2,0,0,2,0,0,0,3,7
70165,1,4,1,0,2,0,1,0,2,11
70168,1,4,1,0,2,1,0,0,1,10
70171,0,1,0,0,0,0,0,0,0,1
70174,0,0,0,0,0,0,0,0,1,1
70177,0,5,2,0,2,0,0,0,1,10
70184,1,1,0,0,0,0,0,0,1,3
70197,2,5,1,0,1,0,0,0,4,13
70198,14,28,2,1,3,2,1,1,4,56
70205,1,0,3,0,0,0,0,0,0,4
70207,2,2,0,0,2,0,0,2,4,12
70208,0,1,0,0,0,0,0,0,0,1
70219,0,2,1,0,0,0,0,0,0,3
70224,0,3,0,1,0,0,0,0,1,5
70227,1,2,0,0,2,0,0,1,1,7
70228,0,14,0,0,3,0,0,0,4,21
70240,4,1,0,0,1,0,0,0,1,7
70245,4,16,1,0,3,1,0,1,6,32
70248,2,4,4,2,3,0,0,0,1,16
70250,0,3,0,0,0,0,0,1,0,4
70253,0,1,0,2,0,0,0,0,1,4
70255,1,0,0,0,2,0,0,0,4,7
70257,2,3,0,1,1,0,0,0,0,7
70258,0,4,0,0,2,0,0,0,3,9
70261,7,16,1,13,2,0,0,1,34,74
70265,0,0,0,0,0,0,0,0,1,1
70267,0,1,0,1,0,0,0,0,3,5
70279,53,117,10,17,25,5,5,3,89,324
70282,4,8,4,0,3,0,0,2,5,26
70283,0,0,0,0,0,0,0,0,1,1
70285,33,130,22,26,12,9,4,7,83,326
70292,4,18,2,3,3,0,0,1,12,43
70299,1,2,1,0,2,0,0,0,1,7
70309,0,1,0,0,0,0,0,0,0,1
70310,42,101,8,10,16,8,2,2,65,254
70311,17,56,23,12,10,12,3,1,51,185
70312,0,1,0,0,0,0,0,0,0,1
70313,1,3,1,0,0,0,0,0,0,5
70321,0,1,0,0,0,0,0,1,1,3
70323,0,0,0,1,0,0,0,0,0,1
70324,0,2,0,0,0,0,0,0,0,2
70330,2,0,0,0,0,0,0,0,2,4
70334,3,6,9,1,4,1,2,0,7,33
70338,0,0,1,0,0,0,0,0,0,1
70339,4,11,3,0,3,0,0,0,6,27
70340,0,2,0,1,0,0,0,0,0,3
70349,0,2,0,2,0,0,0,0,0,4
70351,0,1,0,0,0,0,0,1,0,2
70353,0,7,1,0,0,0,0,0,0,8
70357,0,0,1,1,1,1,0,0,3,7
70378,9,15,16,9,5,2,0,3,18,77
70381,2,8,0,2,0,0,0,0,0,12
70383,7,4,8,0,0,0,0,0,6,25
70387,4,4,3,1,2,0,0,0,2,16
70388,9,7,5,1,2,1,0,2,4,31
70390,2,1,3,0,2,0,0,0,2,10
70393,0,2,0,0,0,0,0,0,0,2
70402,0,2,0,0,0,0,0,0,0,2
70404,0,2,0,1,0,0,0,0,0,3
70408,6,5,2,2,3,1,0,1,1,21
70409,0,0,0,0,0,0,0,0,1,1
70413,0,5,0,0,2,0,0,1,1,9
70414,0,3,0,0,0,0,0,0,0,3
70415,3,22,0,0,4,0,0,0,0,29
70421,3,14,8,1,3,0,0,0,14,43
70422,0,0,0,0,0,0,0,0,1,1
70427,0,0,0,0,0,0,0,1,0,1
70428,2,2,2,0,3,0,0,0,7,16
70435,1,3,2,0,2,1,0,1,1,11
70447,4,5,9,1,3,4,1,3,20,50
70451,3,12,1,1,2,1,0,0,7,27
70453,0,0,0,0,0,0,0,0,1,1
70455,2,7,3,0,3,0,0,0,1,16
70464,0,3,0,0,2,0,0,0,2,7
70467,5,15,1,1,5,2,2,0,13,44
70469,0,3,0,0,0,0,0,0,0,3
70472,31,153,2,72,0,0,0,3,86,347
70473,2,7,0,0,1,0,0,0,9,19
70477,1,6,0,0,1,0,0,0,3,11
70478,5,13,3,0,3,0,1,0,5,30
70482,4,12,2,1,2,1,0,0,0,22
70489,1,4,0,0,2,0,0,0,0,7
70491,2,2,0,0,0,0,0,0,1,5
70492,0,0,0,1,0,0,0,0,0,1
70493,0,0,0,1,0,0,0,0,1,2
70498,1,2,0,0,0,0,0,0,0,3
70505,0,2,0,0,0,0,0,0,1,3
70506,0,0,0,0,0,0,0,0,2,2
70512,0,0,1,0,0,0,0,0,0,1
70513,2,12,3,0,3,1,0,0,6,27
70514,0,1,0,0,0,0,0,0,1,2
70526,2,4,0,0,3,0,0,1,6,16
70535,0,0,0,0,0,0,0,0,1,1
70546,0,1,0,2,0,0,0,0,0,3
70550,285,582,44,57,36,21,42,4,386,1457
70561,6,35,3,7,4,0,0,0,22,77
70568,0,0,0,0,0,0,0,0,1,1
70572,1,6,0,2,1,0,0,1,1,12
70575,3,2,2,1,2,0,0,1,1,12
70578,0,1,0,0,0,0,0,0,0,1
70579,0,1,0,0,0,0,0,0,0,1
71002,0,0,1,0,0,0,0,0,0,1
71003,0,0,1,0,0,0,0,0,0,1
71006,0,0,0,0,0,0,0,0,1,1
71009,2,4,1,0,1,0,0,0,0,8
71010,0,0,0,1,0,0,0,0,0,1
71011,0,1,0,0,0,0,0,2,0,3
71014,100,213,26,16,20,21,12,8,108,524
71016,4,8,0,0,1,0,0,0,3,16
71018,0,0,0,0,0,0,0,1,0,1
71025,0,2,0,0,0,0,0,0,0,2
71027,2,3,1,0,0,0,0,0,0,6
71029,1,5,0,0,0,0,0,0,0,6
71030,2,4,1,2,0,0,0,0,5,14
71032,0,0,1,0,0,0,0,0,0,1
71033,0,4,0,0,0,0,0,0,0,4
71040,5,8,2,3,3,0,0,0,8,29
71041,0,10,2,0,0,0,0,0,1,13
71042,0,6,0,2,0,0,0,0,9,17
71046,0,0,0,1,0,0,0,0,0,1
71047,11,78,24,6,6,4,0,3,43,175
71055,0,3,0,0,0,0,0,0,0,3
71056,0,4,1,0,3,0,0,0,7,15
71059,2,13,0,3,5,2,1,0,13,39
71063,0,0,0,0,0,0,0,0,1,1
71064,0,0,1,0,0,0,0,0,1,2
71069,0,0,0,0,0,0,0,0,1,1
71070,7,14,12,3,6,0,2,1,25,70
71073,13,37,12,1,12,2,3,2,24,106
71074,0,0,1,0,0,0,0,0,4,5
71075,0,0,0,1,0,0,0,0,0,1
71076,585,772,84,90,73,52,73,29,542,2300
71077,0,2,0,0,0,0,0,0,0,2
71081,3,3,1,0,5,2,0,1,1,16
71084,0,0,1,0,0,0,0,0,2,3
71090,3,12,4,1,3,2,0,1,12,38
71092,0,0,0,1,0,0,0,0,0,1
71093,0,0,0,0,0,0,0,0,1,1
71099,0,0,0,0,0,0,0,0,1,1
71100,1,0,0,0,0,0,0,0,0,1
71101,0,1,0,0,0,0,0,0,0,1
71105,52,44,15,13,7,23,1,4,97,256
71106,10,20,3,3,5,5,0,0,30,76
71111,0,0,1,0,0,0,0,0,0,1
71113,0,2,0,0,0,0,0,0,0,2
71117,0,0,4,0,0,0,0,0,2,6
71118,24,36,15,7,11,15,1,2,39,150
71119,0,0,0,0,0,0,0,0,1,1
71120,5,35,4,1,4,3,1,0,23,76
71122,1,2,0,0,0,0,0,0,0,3
71123,0,2,0,0,0,0,0,0,0,2
71132,1,7,1,2,1,0,0,0,0,12
71133,3,24,5,2,4,1,1,1,19,60
71134,0,0,0,0,0,0,0,1,0,1
71137,19,42,18,2,7,10,3,2,35,138
71145,3,3,0,1,2,0,1,2,3,15
71148,0,2,1,0,0,0,0,0,0,3
71149,3,13,3,2,1,0,0,4,22,48
71150,7,14,5,4,5,2,2,3,42,84
71153,117,254,18,13,24,17,18,0,180,641
71154,2,2,3,3,4,2,1,2,6,25
71155,0,4,0,0,2,0,0,0,3,9
71156,1,1,0,3,0,0,0,0,6,11
71157,2,9,3,1,2,0,0,0,6,23
71158,4,14,1,1,4,3,0,1,15,43
71162,0,0,0,0,0,0,0,1,0,1
71163,0,0,0,0,0,0,0,0,1,1
71167,0,0,0,0,0,0,0,0,1,1
71169,0,1,1,0,0,0,0,0,0,2
71170,1,2,1,0,2,0,1,0,2,9
71171,0,0,0,0,0,0,0,0,1,1
71176,36,52,5,4,7,2,2,2,22,132
71177,0,0,0,0,0,0,0,0,2,2
71178,1,2,3,0,1,0,0,0,3,10
71182,44,71,14,4,1,0,0,0,12,146
71187,0,2,0,0,0,0,0,1,0,3
71189,1,0,0,1,0,2,0,0,0,4
71190,5,11,3,0,4,1,1,0,4,29
71192,4,13,3,1,2,1,0,0,8,32
71193,0,0,2,0,0,0,0,0,0,2
71196,0,1,0,0,0,0,0,0,0,1
71200,0,1,1,0,0,0,0,0,0,2
71202,4,3,3,0,2,0,1,2,5,20
71204,0,2,2,1,0,0,1,1,6,13
71205,1,1,0,0,0,0,0,0,0,2
71209,1,7,0,0,3,0,0,0,3,14
71212,0,4,1,0,2,0,0,0,3,10
71214,0,2,1,0,2,0,0,0,0,5
71215,2,4,5,0,3,1,0,3,8,26
71218,0,3,0,2,0,0,0,1,3,9
71220,0,3,0,0,0,0,0,0,0,3
71221,9,10,9,2,3,1,0,1,19,54
71222,0,0,2,0,0,2,0,0,1,5
71223,0,0,1,1,0,0,0,0,0,2
71224,0,0,0,1,0,0,0,0,0,1
71230,10,44,10,0,6,2,2,2,35,111
71231,6,21,2,2,1,0,0,0,4,36
71235,6,18,5,7,2,0,2,5,21,66
71236,0,3,0,0,0,0,0,0,0,3
71238,1,4,0,0,0,0,0,0,0,5
71239,1,6,1,0,0,0,0,0,0,8
71240,0,0,0,1,0,0,0,0,0,1
71242,3,6,0,0,1,0,0,2,3,15
71249,1,0,0,1,0,0,0,0,0,2
71250,0,0,0,0,0,0,0,0,1,1
71252,1,3,0,0,0,0,0,0,1,5
71253,1,2,0,1,0,0,0,0,0,4
71256,0,0,0,0,0,0,0,0,2,2
71258,0,0,1,0,0,0,0,0,0,1
71259,0,0,0,0,0,0,0,0,2,2
71261,0,0,0,1,0,0,0,0,0,1
71263,51,68,8,4,14,7,4,1,65,222
71266,1,4,0,0,2,0,0,0,1,8
71267,3,2,1,0,2,0,1,2,3,14
71269,3,2,3,1,4,0,0,3,15,31
71270,383,868,55,58,58,29,47,15,478,1991
71272,0,0,0,1,0,0,0,1,0,2
71275,7,19,8,0,5,9,1,0,11,60
71277,0,0,1,0,0,0,0,0,0,1
71282,1,2,1,0,1,0,0,0,3,8
71287,0,1,0,1,0,0,0,0,0,2
71289,1,3,4,0,1,4,1,2,7,23
71290,1,4,0,0,0,0,0,0,2,7
71291,0,3,0,0,0,0,0,0,0,3
71292,6,5,2,2,0,0,0,2,11,28
71294,1,6,0,0,2,0,0,0,2,11
71295,3,18,2,1,2,0,0,0,4,30
71297,1,3,0,0,0,0,0,0,0,4
71300,0,2,0,0,0,0,0,0,0,2
71305,0,0,3,0,0,0,0,0,0,3
71306,90,283,16,20,25,12,6,3,196,651
71309,0,9,3,1,2,0,0,0,3,18
71310,25,23,3,3,4,2,5,1,13,79
71314,0,0,1,0,0,0,0,0,0,1
71318,0,1,0,0,3,0,0,0,1,5
71319,4,3,2,1,2,0,0,0,1,13
71320,2,1,0,0,0,0,0,0,0,3
71329,0,3,0,0,0,0,0,0,0,3
71333,0,0,0,0,0,0,0,2,1,3
71336,3,5,3,1,3,2,0,0,12,29
71340,3,4,2,1,0,0,0,0,3,13
71342,101,246,14,21,32,6,18,5,152,595
71346,3,5,2,0,0,0,1,0,0,11
71350,0,2,0,0,0,0,0,0,1,3
71351,3,18,2,0,5,3,0,0,17,48
71352,0,0,0,0,0,0,0,1,1,2
71356,0,0,1,0,0,0,0,0,0,1
71359,0,0,0,0,0,0,0,0,2,2
71360,3,4,7,1,5,0,1,1,5,27
71367,1,0,0,0,0,0,0,0,1,2
71370,0,1,0,0,0,0,0,0,0,1
71371,3,4,4,0,0,1,0,0,4,16
71372,3,9,0,1,2,0,1,2,1,19
71373,2,12,2,0,2,0,0,1,4,23
71375,1,0,1,0,0,0,0,0,0,2
71378,1,0,1,0,0,3,0,0,1,6
71379,1,3,1,0,2,0,0,0,1,8
71384,1,1,0,0,0,0,0,0,0,2
71385,0,0,0,0,0,0,0,0,1,1
71388,0,1,0,0,0,0,0,0,0,1
71389,0,2,0,0,0,0,0,0,0,2
71391,0,2,0,0,0,0,0,0,0,2
71392,0,2,0,0,0,0,0,0,0,2
71394,1,4,2,0,2,1,1,0,1,12
71395,1,0,0,0,0,0,0,0,0,1
71397,0,1,0,0,0,0,0,0,0,1
71399,0,4,2,0,1,0,0,0,1,8
71401,0,3,0,0,0,0,0,0,0,3
71402,0,2,0,0,0,0,0,0,0,2
71404,8,8,0,1,0,4,0,0,3,24
71409,1,0,0,0,0,0,0,0,0,1
71410,0,0,0,1,0,0,0,0,0,1
71412,0,1,0,0,0,0,0,0,0,1
71417,4,12,3,1,2,3,1,1,10,37
71419,2,13,4,0,6,1,1,1,11,39
71420,3,11,3,3,3,0,0,0,5,28
71426,2,4,0,0,0,0,0,0,1,7
71433,1,2,0,0,0,0,0,0,0,3
71439,0,0,1,0,0,0,0,0,0,1
71440,0,2,0,0,1,0,0,0,0,3
71442,2,5,3,2,3,1,0,1,5,22
71443,3,2,2,1,2,0,1,0,3,14
71444,0,0,0,0,0,1,0,0,1,2
71445,2,16,5,2,10,0,1,3,34,73
71448,3,3,1,1,2,0,0,0,9,19
71456,4,4,0,0,2,2,0,0,1,13
71460,0,0,0,0,0,0,0,0,1,1
71462,0,0,0,0,0,0,0,0,1,1
71463,0,0,0,0,0,0,0,0,3,3
71465,0,1,0,0,0,0,0,0,0,1
71468,0,3,0,0,0,0,0,0,0,3
71469,0,0,0,0,0,0,0,0,1,1
71470,0,0,0,1,0,0,0,0,0,1
71475,41,31,11,12,8,3,1,2,86,195
71477,1,2,1,0,0,0,0,0,0,4
71479,2,5,1,0,1,0,0,0,2,11
71481,1,2,0,1,0,0,0,0,0,4
71482,0,2,0,0,0,0,0,0,0,2
71484,0,3,1,0,0,0,0,0,0,4
71486,14,26,5,1,8,1,0,1,32,88
71489,0,0,0,1,0,0,0,0,0,1
71491,0,6,2,0,2,2,0,0,3,15
71495,1,15,1,0,2,0,0,1,3,23
71497,0,11,5,0,3,0,0,1,3,23
71499,0,5,0,0,2,0,0,1,4,12
71501,0,0,0,0,0,0,0,0,1,1
71502,0,2,1,0,0,0,0,0,0,3
71506,0,0,1,0,0,0,0,0,0,1
71509,0,0,1,1,0,0,0,0,1,3
71510,1,7,0,0,0,0,0,1,2,11
71511,0,0,6,0,0,0,0,0,0,6
71512,7,21,8,5,9,2,1,1,20,74
71520,38,358,2,40,3,1,0,2,53,497
71522,0,2,2,0,3,0,2,0,2,11
71523,0,5,0,0,0,0,0,0,1,6
71525,0,0,0,0,0,0,0,0,2,2
71528,0,7,1,0,0,0,0,0,1,9
71540,0,1,0,1,2,0,0,0,19,23
71542,2,11,1,0,2,0,1,0,5,22
71543,16,57,9,4,13,3,3,2,70,177
71545,4,10,2,1,2,2,0,1,10,32
71551,0,0,0,1,0,0,0,0,0,1
71555,2,7,2,1,2,1,0,0,3,18
71556,1,0,0,0,0,0,0,0,0,1
71558,3,19,7,0,2,0,0,2,5,38
71559,0,0,0,0,0,0,0,0,3,3
71561,0,0,0,1,0,0,0,0,0,1
71562,0,0,0,0,0,0,0,0,3,3
71564,0,2,0,0,0,0,0,0,0,2
71566,2,18,5,1,3,0,1,0,8,38
71571,0,1,0,0,0,0,0,0,0,1
71574,0,2,0,0,0,0,0,0,0,2
71582,0,0,0,0,0,0,0,0,1,1
71583,0,0,0,0,0,0,0,0,3,3
71584,2,10,1,0,0,0,0,2,4,19
71585,3,2,0,2,0,0,0,0,10,17
71588,0,3,0,0,0,0,0,0,0,3
71591,0,0,0,0,1,0,0,0,0,1
72001,1,2,0,0,0,0,0,0,0,3
72003,56,412,5,90,15,3,3,4,133,721
72005,0,1,0,0,0,0,0,0,1,2
72006,0,3,0,0,3,0,0,0,17,23
72008,7,5,5,1,5,1,2,4,10,40
72010,0,0,0,0,0,0,0,0,1,1
72013,0,1,1,0,1,0,0,0,0,3
72016,1,4,1,1,0,0,0,0,1,8
72022,62,181,0,8,9,0,14,0,53,327
72023,7,8,1,1,2,1,0,0,24,44
72024,8,6,1,1,2,0,0,2,7,27
72025,0,1,0,0,0,0,0,0,0,1
72026,3,3,2,1,3,0,0,0,3,15
72028,0,0,0,0,0,0,0,0,1,1
72029,4,14,4,2,8,1,1,0,21,55
72035,5,7,2,0,3,1,0,0,9,27
72039,3,18,4,1,5,1,2,1,12,47
72042,3,7,1,0,2,1,1,0,7,22
72043,0,0,0,0,0,0,0,0,1,1
72044,0,0,1,0,0,0,0,0,0,1
72046,1,2,0,1,1,0,0,0,0,5
72047,0,2,0,0,0,0,0,0,0,2
72050,8,11,3,2,2,0,1,0,3,30
72051,2,4,5,1,4,0,1,1,8,26
72052,1,3,0,1,0,0,0,0,0,5
72054,1,3,5,3,3,0,1,1,11,28
72056,0,8,0,0,0,0,0,0,2,10
72058,6,13,6,4,3,4,0,1,17,54
72059,0,2,1,0,0,0,0,0,0,3
72060,0,0,0,1,0,0,0,0,1,2
72061,2,1,2,0,2,0,0,2,1,10
72065,8,12,3,5,4,2,0,1,59,94
72068,1,8,2,2,3,0,1,3,3,23
72071,19,59,8,8,10,2,3,3,71,183
72073,1,3,0,0,0,0,0,1,0,5
72079,0,0,0,0,0,0,0,0,1,1
72080,0,5,1,1,3,4,0,0,3,17
72081,0,0,2,0,0,0,0,0,0,2
72083,0,0,0,1,0,0,0,0,0,1
72087,1,0,0,0,0,0,0,0,0,1
72089,7,9,3,2,3,5,0,1,6,36
72090,6,5,4,1,3,2,0,0,25,46
72095,13,22,9,1,11,2,2,3,36,99
72096,1,8,3,4,1,0,1,0,2,20
72100,0,2,0,0,0,0,0,0,0,2
72103,1,3,0,0,1,0,0,1,2,8
72110,0,1,0,0,0,0,0,0,0,1
72112,0,0,1,0,0,0,0,0,0,1
72115,0,2,0,0,0,0,0,0,0,2
72118,0,4,1,0,1,0,0,0,2,8
72119,0,2,0,0,0,0,0,0,0,2
72121,0,0,0,0,0,0,0,0,1,1
72124,8,14,5,0,5,0,1,1,33,67
72127,1,2,0,0,1,0,0,0,2,6
72130,0,0,0,1,0,0,0,0,0,1
72131,0,1,0,0,0,0,0,0,0,1
72132,61,114,10,12,15,8,5,3,104,332
72137,2,6,0,1,0,0,0,0,2,11
72138,7,19,3,1,3,1,1,0,7,42
72139,3,4,4,0,0,0,1,0,3,15
72143,21,60,6,2,4,0,0,3,25,121
72146,0,3,0,1,1,3,0,0,2,10
72147,0,2,0,1,0,0,1,1,1,6
72149,0,0,0,0,0,0,0,0,1,1
72153,0,0,0,0,0,0,0,1,0,1
72154,47,53,15,13,17,13,2,5,117,282
72155,5,8,1,0,2,2,0,1,2,21
72158,0,1,0,0,0,0,0,0,0,1
72161,1,2,0,0,0,0,0,0,1,4
72162,0,0,1,0,0,0,0,0,0,1
72165,1,3,1,0,1,1,0,0,2,9
72166,0,0,0,0,0,0,0,0,1,1
72168,2,14,3,0,3,1,0,1,12,36
72169,0,2,0,0,0,0,0,0,0,2
72172,0,2,1,2,0,0,0,0,7,12
72173,0,1,0,0,0,0,0,0,0,1
72175,2,4,1,1,2,1,0,0,2,13
72176,6,16,1,3,6,0,1,1,25,59
72179,0,4,0,0,0,2,0,0,2,8
72180,6,57,10,4,6,3,1,4,43,134
72181,948,1800,171,192,149,123,137,73,1513,5106
72182,1,13,0,2,1,0,0,0,3,20
72183,0,0,0,1,0,0,0,0,1,2
72184,0,0,1,0,0,0,0,0,0,1
72186,0,0,0,0,0,0,0,0,1,1
72187,0,0,0,0,0,0,1,0,0,1
72189,5,24,4,1,3,1,0,0,6,44
72190,0,1,0,0,0,0,0,0,0,1
72191,3,14,5,0,2,0,0,1,6,31
72194,0,0,0,0,0,0,0,0,1,1
72195,1,2,0,0,2,0,0,0,0,5
72197,0,0,1,0,0,0,0,0,1,2
72198,1,2,4,1,3,0,0,0,4,15
72200,1,3,0,0,2,1,0,1,2,10
72208,1,4,0,0,0,0,0,0,0,5
72212,0,1,0,0,0,0,0,0,0,1
72213,4,14,6,2,5,3,0,1,16,51
72215,2,5,0,1,2,0,0,0,5,15
72217,0,2,3,0,2,1,0,0,3,11
72220,0,7,0,0,0,0,0,0,2,9
72223,3,4,2,0,3,1,0,3,2,18
72228,2,5,0,0,1,0,0,0,1,9
72231,8,39,19,7,3,0,0,6,35,117
72237,0,0,0,0,0,0,0,0,1,1
72239,0,0,0,1,0,0,0,0,0,1
72241,3,12,2,2,4,0,0,0,8,31
72243,2,7,3,1,1,0,1,0,0,15
72244,4,13,3,2,2,0,0,0,4,28
72247,0,0,0,0,0,0,0,0,1,1
72253,2,7,3,1,2,0,0,1,4,20
72257,2,10,3,2,4,1,0,0,3,25
72260,3,14,1,2,2,0,0,0,41,63
72262,3,17,1,2,2,0,0,0,9,34
72264,50,106,9,14,10,5,1,4,65,264
72269,12,62,5,5,4,1,1,0,19,109
72275,0,2,1,1,0,0,0,0,0,4
72276,3,4,2,0,1,0,0,0,5,15
72278,0,4,0,0,0,0,0,0,0,4
72280,6,2,3,0,1,1,0,0,10,23
72281,0,0,0,0,0,0,0,0,1,1
72283,0,2,0,0,0,0,0,0,0,2
72287,0,2,0,0,0,0,0,0,0,2
72289,2,5,1,0,2,1,0,1,18,30
72290,0,3,0,0,0,0,0,0,0,3
72293,0,5,0,1,0,0,0,0,0,6
72295,0,0,0,0,0,0,0,0,1,1
72296,1,2,0,0,0,0,0,0,1,4
72299,1,3,0,1,1,0,0,2,5,13
72300,1,2,2,0,1,0,1,0,1,8
72302,0,0,0,1,0,0,0,0,0,1
72308,0,2,2,0,0,0,0,0,0,4
72310,0,0,5,1,0,0,0,0,0,6
72314,0,1,0,0,0,0,0,0,0,1
72315,0,0,0,0,2,0,0,0,2,4
72316,0,0,0,0,0,0,0,0,1,1
72320,21,95,41,21,6,3,1,12,64,264
72323,0,0,0,0,0,0,0,0,1,1
72326,0,0,0,0,0,0,0,0,1,1
72328,6,6,2,5,3,5,0,2,9,38
72329,8,11,13,2,3,1,2,2,21,63
72331,0,2,0,1,0,0,0,0,0,3
72333,0,0,0,1,0,0,0,0,0,1
72334,13,20,2,2,4,3,0,1,14,59
72335,0,1,0,0,0,0,0,0,0,1
72336,1,2,1,1,2,0,0,1,15,23
72337,0,4,0,1,2,0,0,1,4,12
72344,2,2,1,0,2,0,0,0,6,13
72346,3,9,9,0,4,0,3,1,20,49
72350,1,3,2,0,1,0,0,1,3,11
72351,0,3,0,0,0,0,0,0,1,4
72356,0,0,0,0,0,0,0,0,9,9
72357,0,0,0,0,0,0,0,0,1,1
72358,2,8,1,5,1,1,0,1,15,34
72360,0,0,1,0,0,0,0,0,1,2
72363,1,7,1,1,0,0,1,0,2,13
72364,4,5,2,0,1,0,0,0,3,15
72367,1,6,0,2,0,0,0,0,1,10
72370,0,2,0,0,0,0,0,0,0,2
72373,7,10,5,1,1,3,0,1,4,32
72377,3,3,0,0,0,0,0,0,1,7
72382,0,0,2,0,0,0,0,0,0,2
72384,0,2,0,0,0,0,0,0,0,2
72385,2,3,3,0,2,0,0,0,0,10
72386,4,10,4,2,1,4,0,0,20,45
73002,0,2,0,0,0,1,1,0,1,5
73003,4,9,7,1,4,3,3,2,9,42
73004,1,0,0,0,0,0,0,0,0,1
73006,6,13,18,4,3,1,3,2,11,61
73007,1,7,0,2,0,0,0,0,7,17
73008,197,262,138,52,40,29,14,24,373,1129
73010,6,9,8,2,7,2,1,2,15,52
73011,181,257,52,48,41,17,30,8,280,914
73012,0,0,0,0,0,0,0,0,1,1
73013,0,0,2,0,0,0,0,0,1,3
73015,5,1,5,0,3,1,0,0,6,21
73018,0,0,0,0,0,0,0,0,2,2
73022,0,0,0,0,0,0,0,1,2,3
73023,0,0,1,0,0,0,0,0,2,3
73024,1,1,0,0,1,0,0,0,1,4
73026,0,0,0,0,0,0,0,0,1,1
73027,0,0,0,0,0,0,0,0,2,2
73029,11,9,11,4,3,5,2,3,16,64
73030,6,13,7,0,2,3,0,4,4,39
73031,86,154,26,73,10,5,1,12,153,520
73032,5,13,3,1,3,1,0,3,8,37
73033,0,0,1,1,0,0,0,0,1,3
73034,6,6,7,3,2,4,0,0,10,38
73036,0,2,1,0,0,0,0,1,0,4
73038,0,0,1,0,0,0,0,0,0,1
73039,0,0,2,1,0,0,0,0,3,6
73042,0,0,0,1,0,0,0,0,0,1
73043,1,5,2,0,2,1,0,1,3,15
73047,0,1,0,0,0,0,0,0,0,1
73051,60,33,13,6,2,7,1,2,20,144
73053,3,0,7,0,0,0,0,3,0,13
73054,52,93,25,10,16,8,9,7,88,308
73055,5,11,10,4,4,1,1,0,5,41
73057,5,5,15,1,1,0,0,0,25,52
73058,3,5,5,1,3,4,0,2,2,25
73059,10,10,7,3,0,0,0,0,3,33
73064,164,226,34,15,11,11,6,12,131,610
73065,753,1372,165,173,102,77,104,60,761,3567
73067,4,16,3,2,2,1,0,0,7,35
73068,0,0,0,1,0,0,0,0,0,1
73069,0,6,0,1,2,0,0,0,0,9
73071,0,0,1,0,0,0,0,0,2,3
73079,0,0,0,1,0,0,0,0,0,1
73081,1,10,2,0,3,0,0,0,5,21
73082,0,0,0,0,0,0,0,0,1,1
73084,0,0,0,1,0,0,0,0,1,2
73085,7,5,5,0,5,1,3,1,9,36
73087,15,26,29,14,7,5,2,9,42,149
73089,3,4,2,2,0,0,0,1,3,15
73094,2,0,0,0,0,0,0,0,2,4
73096,0,0,1,0,0,0,0,0,0,1
73097,0,4,1,0,0,0,0,0,0,5
73098,0,0,1,1,0,0,0,0,1,3
73100,0,2,9,1,0,0,0,0,1,13
73103,6,12,6,2,3,3,0,3,37,72
73105,3,15,2,0,0,0,1,2,10,33
73107,0,0,2,1,0,0,0,0,33,36
73109,0,0,0,1,3,1,0,0,2,7
73110,0,4,6,0,0,0,0,0,3,13
73114,2,12,6,0,2,2,0,0,6,30
73116,1,0,0,0,0,0,0,0,3,4
73117,1,3,0,1,3,1,0,2,11,22
73120,0,0,0,0,0,0,0,0,1,1
73121,6,14,3,4,3,1,1,4,15,51
73124,7,4,13,0,3,1,0,1,10,39
73128,41,19,35,7,8,8,2,3,80,203
73129,2,2,1,1,3,0,0,2,3,14
73130,2,3,2,0,4,1,0,0,2,14
73132,4,3,1,0,2,0,0,0,1,11
73137,1,6,9,4,4,0,0,0,2,26
73140,0,0,0,0,0,0,0,0,1,1
73141,0,0,0,1,0,0,0,0,0,1
73142,0,0,4,0,0,0,0,0,0,4
73143,0,1,3,0,0,0,0,0,1,5
73146,3,4,5,1,0,2,2,2,4,23
73150,6,1,3,0,3,0,0,0,6,19
73151,17,18,5,5,22,0,1,3,66,137
73152,0,1,0,1,0,0,0,1,0,3
73153,0,4,1,0,0,0,0,0,1,6
73154,1,6,6,0,1,0,0,0,3,17
73155,2,3,6,1,0,0,0,0,1,13
73157,6,25,11,1,5,1,1,0,10,60
73160,0,2,2,0,0,0,0,0,1,5
73162,0,0,0,0,0,0,0,0,4,4
73164,2,3,1,1,0,0,0,2,2,11
73171,14,34,17,2,11,3,2,3,34,120
73173,1,0,0,0,0,0,0,0,0,1
73176,1,2,2,0,1,0,0,0,3,9
73179,22,42,20,17,17,15,3,9,66,211
73180,0,0,0,1,0,0,0,0,0,1
73181,20,69,18,4,4,11,0,6,65,197
73182,11,5,3,1,3,2,1,1,9,36
73183,0,0,0,1,0,0,0,1,0,2
73184,0,0,1,1,0,0,0,0,1,3
73186,1,0,0,0,2,0,0,0,0,3
73187,3,5,6,0,2,0,0,0,4,20
73188,0,2,2,0,0,0,0,0,3,7
73189,0,0,0,0,0,0,1,0,0,1
73191,7,12,7,2,3,1,1,3,11,47
73197,4,0,1,0,2,0,0,0,0,7
73204,8,15,8,4,7,2,0,2,35,81
73206,2,0,3,0,3,0,0,0,3,11
73207,0,0,0,1,0,0,0,0,0,1
73208,0,0,1,0,0,0,0,0,0,1
73211,0,0,1,0,0,0,0,0,0,1
73212,3,11,5,2,3,0,0,1,5,30
73213,15,17,19,10,5,8,1,6,75,156
73215,14,21,15,2,5,0,3,5,19,84
73218,0,4,1,1,0,0,0,1,1,8
73219,4,2,5,1,0,0,0,0,1,13
73222,23,72,43,15,15,0,1,10,81,260
73224,0,0,0,0,0,0,0,0,3,3
73225,11,13,5,6,7,1,0,2,24,69
73226,0,2,0,0,0,0,0,0,0,2
73227,7,2,7,1,5,6,0,0,9,37
73231,0,6,1,0,3,1,0,0,1,12
73232,5,0,0,0,0,0,0,0,2,7
73235,1,0,0,0,1,0,0,0,1,3
73236,6,8,0,1,4,0,1,2,10,32
73241,1,6,6,0,0,0,0,0,1,14
73242,0,2,0,0,0,0,0,0,0,2
73243,2,0,5,1,2,0,0,0,1,11
73244,0,0,1,0,0,0,0,0,0,1
73245,0,0,3,0,0,0,0,0,0,3
73246,0,0,0,0,0,0,0,0,1,1
73247,0,1,0,1,0,0,0,1,2,5
73248,75,115,25,11,14,8,11,6,104,369
73249,0,12,1,0,3,1,0,0,5,22
73250,4,0,1,0,0,0,0,0,1,6
73252,0,0,0,0,0,0,0,0,1,1
73254,0,0,0,1,0,0,0,0,0,1
73255,0,0,8,1,0,0,0,0,1,10
73257,6,11,12,3,7,0,0,0,5,44
73259,0,3,0,0,0,0,0,0,1,4
73261,3,8,5,2,4,1,1,1,14,39
73263,0,0,0,1,0,0,0,1,1,3
73264,0,0,1,0,0,0,0,0,0,1
73265,0,0,4,0,0,0,1,0,0,5
73270,11,24,15,4,5,1,1,2,14,77
73272,0,0,3,0,0,0,0,0,0,3
73273,0,0,0,2,0,0,0,0,3,5
73274,0,0,0,0,0,0,0,0,2,2
73275,0,0,0,0,0,0,0,0,2,2
73278,1,3,0,0,0,0,0,0,0,4
73280,1,2,1,0,2,0,0,0,1,7
73281,0,0,1,0,0,0,0,0,1,2
73282,0,3,4,0,0,0,0,0,1,8
73283,0,6,1,0,0,0,0,0,7,14
73284,0,4,0,0,0,0,0,1,2,7
73285,3,0,7,1,2,0,0,0,1,14
73286,1,0,0,0,0,0,0,0,0,1
73288,0,0,1,2,0,0,0,0,1,4
73290,6,4,4,0,3,0,1,1,2,21
73292,0,0,0,1,0,0,0,0,0,1
73293,0,0,1,1,0,0,0,0,0,2
73296,6,1,9,0,3,1,0,1,7,28
73297,1,2,0,0,0,0,0,0,12,15
73300,12,27,12,2,4,0,0,0,11,68
73301,0,0,3,1,0,0,0,0,2,6
73303,10,23,15,4,8,3,2,3,17,85
73304,6,5,6,0,3,0,1,0,6,27
73306,4,3,1,0,2,0,0,1,2,13
73307,1,1,0,0,0,0,0,0,1,3
73308,2,2,0,0,0,0,0,0,0,4
73310,0,0,0,1,0,0,0,0,0,1
73312,0,0,1,1,0,0,0,0,0,2
73314,0,0,0,0,0,0,0,0,1,1
73317,0,0,3,0,0,0,0,0,0,3
73318,1,0,1,0,1,0,0,0,1,4
73322,1,0,0,0,0,0,0,0,0,1
73323,0,0,0,0,0,0,0,0,1,1
73326,0,0,1,0,0,0,0,0,3,4
73328,5,4,11,1,7,0,0,1,10,39
73329,2,5,4,3,0,4,0,0,4,22
73330,8,16,4,5,6,1,1,2,17,60
74001,1,4,1,0,1,2,1,1,6,17
74002,3,10,8,3,25,6,0,1,8,64
74003,0,2,1,1,0,0,0,0,0,4
74005,9,16,3,0,4,1,3,0,15,51
74006,11,1,12,0,3,6,5,2,6,46
74007,1,0,6,0,4,0,0,2,7,20
74008,13,29,9,6,7,4,0,0,17,85
74009,0,1,0,1,0,0,0,0,0,2
74010,542,703,175,239,160,130,54,104,1171,3278
74011,64,12,46,1,0,29,0,1,8,161
74012,187,229,25,45,39,48,23,7,226,829
74013,2,3,7,1,6,1,1,3,24,48
74014,11,4,3,0,3,0,0,0,2,23
74016,4,7,0,0,5,2,0,1,7,26
74018,5,1,1,0,0,0,0,0,4,11
74019,128,132,47,14,9,10,0,6,86,432
74020,0,3,2,1,0,0,0,2,1,9
74021,5,2,6,0,0,0,1,3,3,20
74024,0,3,0,1,0,0,0,0,3,7
74025,0,2,1,0,0,0,0,0,0,3
74026,1,9,16,1,3,1,1,1,20,53
74031,1,3,5,2,2,0,0,1,7,21
74032,1,0,1,0,0,0,0,0,0,2
74033,0,4,0,0,0,0,1,0,5,10
74034,0,4,0,0,0,0,0,0,0,4
74036,6,1,6,0,0,0,0,0,1,14
74037,7,5,3,0,4,4,3,1,12,39
74038,2,0,2,1,0,0,0,1,2,8
74040,1,8,3,2,4,3,2,3,15,41
74042,35,68,32,17,16,9,7,5,63,252
74043,4,27,10,1,1,2,0,0,24,69
74044,1,0,0,1,0,1,0,0,0,3
74048,4,1,1,0,0,0,0,1,1,8
74050,0,0,1,0,0,0,0,1,0,2
74051,0,0,0,1,0,0,0,0,0,1
74053,1,4,0,1,0,0,0,0,3,9
74056,26,23,32,3,17,22,1,4,54,182
74057,0,0,1,0,0,0,0,2,2,5
74058,3,0,0,0,1,0,0,1,1,6
74062,3,2,1,1,0,0,1,1,5,14
74063,3,0,3,0,2,0,0,0,1,9
74064,2,3,3,0,0,0,0,0,1,9
74065,0,3,0,1,0,0,0,0,0,4
74067,6,20,5,3,19,1,2,1,11,68
74068,4,3,4,0,0,2,2,2,5,22
74069,1,3,0,0,0,0,0,0,3,7
74070,0,3,2,1,2,0,0,0,4,12
74074,0,0,0,2,0,0,0,0,0,2
74075,0,0,1,0,0,0,0,0,0,1
74076,0,1,1,0,0,0,0,0,1,3
74077,0,0,1,0,0,0,0,0,1,2
74080,7,3,4,0,4,3,0,0,7,28
74081,43,99,58,28,55,19,3,14,161,480
74082,5,9,2,2,4,3,1,0,19,45
74083,7,5,8,4,3,2,2,0,9,40
74085,8,0,2,0,1,0,0,0,4,15
74087,235,540,22,18,18,1,63,8,226,1131
74088,0,0,0,1,0,0,0,0,0,1
74089,0,2,0,0,0,0,0,0,0,2
74090,2,2,2,2,0,0,0,0,0,8
74093,35,1,28,1,0,4,2,0,4,75
74094,4,2,5,7,6,4,0,0,15,43
74096,13,17,7,3,5,3,3,5,53,109
74097,5,4,7,1,3,1,0,1,3,25
74098,0,0,0,2,0,0,0,0,1,3
74099,0,0,0,0,0,0,0,0,1,1
74102,0,1,1,1,0,0,0,0,0,3
74103,6,2,1,0,0,0,1,2,7,19
74104,5,3,13,1,2,0,1,2,21,48
74105,24,11,14,10,9,15,7,5,28,123
74108,3,0,2,1,0,0,0,1,3,10
74112,633,1046,42,66,45,16,66,17,444,2375
74116,2,3,3,2,0,0,0,0,3,13
74117,0,1,1,0,0,0,0,0,0,2
74118,0,1,1,0,6,0,0,0,4,12
74119,34,80,34,22,9,17,3,5,82,286
74121,1,1,0,0,0,0,0,0,0,2
74122,0,0,1,0,0,0,0,0,1,2
74123,34,34,17,7,7,7,1,4,65,176
74124,1,1,0,0,0,0,2,0,1,5
74126,0,0,0,0,0,0,0,0,1,1
74127,0,0,1,0,0,0,0,0,1,2
74128,2,9,3,2,4,0,0,1,12,33
74131,8,11,8,1,4,3,1,4,14,54
74133,2,20,0,8,24,26,0,0,38,118
74134,6,1,3,1,3,0,0,0,3,17
74135,4,1,6,2,0,0,0,1,5,19
74136,4,3,4,1,3,3,0,0,7,25
74137,7,7,7,3,4,3,0,6,10,47
74138,3,10,3,0,0,0,0,0,3,19
74140,1,0,4,0,0,0,0,0,1,6
74141,0,3,0,1,0,0,0,0,0,4
74142,1,6,2,1,0,0,0,0,2,12
74143,7,6,17,1,4,1,1,1,7,45
74145,0,2,0,0,0,0,0,0,0,2
74146,2,2,4,0,2,0,0,0,9,19
74147,0,2,0,1,0,0,0,0,0,3
74150,0,0,0,0,0,0,0,0,2,2
74152,0,0,5,0,0,0,0,0,0,5
74153,0,0,0,0,0,0,0,0,1,1
74154,4,4,5,1,3,2,0,0,5,24
74155,3,6,4,1,3,2,0,2,7,28
74156,0,1,0,0,0,0,0,0,0,1
74157,2,0,4,2,0,0,1,3,2,14
74158,6,3,0,3,0,0,0,0,6,18
74159,13,10,5,1,3,0,0,0,2,34
74160,2,0,0,0,0,0,0,0,1,3
74161,2,5,1,2,0,0,0,0,3,13
74162,6,0,0,0,0,0,0,0,0,6
74163,0,2,0,1,0,0,0,0,4,7
74164,10,21,11,5,3,1,3,3,17,74
74165,0,0,1,0,0,0,0,0,0,1
74166,0,5,1,2,0,1,0,5,0,14
74167,0,0,0,1,0,0,0,1,1,3
74169,5,6,17,0,7,4,3,1,13,56
74170,0,3,0,0,0,0,0,0,1,4
74171,0,1,2,1,0,0,1,0,1,6
74172,0,2,0,1,0,0,0,0,0,3
74173,10,15,9,3,7,3,0,3,17,67
74176,1,1,7,1,4,2,0,0,1,17
74178,0,0,0,0,0,0,0,1,0,1
74179,1,0,0,0,0,0,0,0,0,1
74180,1,2,6,0,3,1,0,0,1,14
74181,56,1,13,0,0,4,2,0,9,85
74182,21,3,31,0,0,1,2,0,5,63
74183,2,2,4,0,3,1,0,1,2,15
74184,0,2,0,1,0,0,0,0,2,5
74185,5,15,0,10,3,0,0,0,10,43
74186,0,0,0,0,0,3,0,0,0,3
74188,0,0,2,1,0,0,0,0,2,5
74189,0,4,0,3,0,0,1,2,3,13
74190,2,2,4,1,4,0,0,0,0,13
74191,6,8,11,1,7,2,0,0,11,46
74194,0,0,0,0,0,0,0,1,2,3
74195,0,0,0,0,0,0,0,0,3,3
74196,0,0,1,0,0,0,0,0,0,1
74197,70,0,0,1,0,0,0,0,16,87
74198,0,0,0,1,0,0,0,0,1,2
74200,2,7,3,3,3,0,0,1,9,28
74201,0,0,0,0,0,0,0,0,2,2
74204,0,0,1,0,0,0,0,0,0,1
74205,0,0,0,0,0,0,0,0,2,2
74206,0,2,0,1,0,0,0,0,1,4
74208,15,46,15,13,7,3,5,3,52,159
74209,0,0,1,0,0,0,0,0,3,4
74210,3,3,8,0,3,3,0,1,4,25
74211,1,5,2,1,1,0,0,0,6,16
74212,1,0,0,1,0,0,0,0,2,4
74213,14,18,29,5,9,10,3,2,54,144
74215,17,2,5,0,3,0,1,1,2,31
74216,0,0,0,1,0,0,0,0,1,2
74217,33,2,18,0,0,6,2,0,1,62
74218,6,8,7,5,13,3,0,0,33,75
74219,3,7,2,2,0,0,1,0,1,16
74220,7,34,6,7,8,5,3,1,27,98
74223,0,0,0,1,0,0,0,0,1,2
74224,53,196,20,71,18,13,6,9,146,532
74225,67,126,51,17,20,13,4,6,85,389
74229,4,9,10,3,5,1,0,2,13,47
74233,5,6,8,0,3,1,1,3,12,39
74234,0,2,1,0,0,0,0,0,0,3
74236,17,17,14,1,8,4,0,4,25,90
74237,1,0,0,0,4,4,1,2,0,12
74238,3,12,8,2,3,2,1,2,5,38
74239,0,3,5,0,5,0,0,1,11,25
74241,4,10,3,1,3,6,0,0,5,32
74242,9,21,15,9,8,9,2,4,33,110
74243,462,122,25,19,18,16,23,4,147,836
74245,4,0,1,0,0,1,0,0,1,7
74249,2,3,4,0,5,1,0,1,12,28
74250,5,12,15,6,7,3,2,2,15,67
74252,0,0,0,0,0,0,0,0,1,1
74254,0,0,0,1,0,0,0,0,1,2
74255,2,2,3,0,0,0,0,3,2,12
74256,222,299,58,46,30,24,38,18,189,924
74257,0,2,0,1,0,0,2,0,3,8
74258,4,6,5,1,3,2,0,0,6,27
74261,0,0,1,0,0,0,0,0,0,1
74263,9,7,5,3,6,3,0,3,8,44
74264,12,21,6,2,5,0,0,0,38,84
74266,1,0,2,0,0,0,0,0,0,3
74267,15,40,19,15,4,4,0,1,32,130
74268,30,8,56,0,0,23,3,0,7,127
74269,3,6,8,1,1,1,0,2,5,27
74270,0,0,1,0,0,0,0,0,0,1
74272,11,12,14,6,4,3,1,4,22,77
74273,1,0,2,0,0,0,0,0,0,3
74275,3,3,3,0,0,0,0,0,0,9
74276,9,11,3,13,4,2,3,4,20,69
74278,8,25,17,11,5,2,0,0,13,81
74279,2,0,2,0,0,0,0,0,0,4
74280,8,28,22,4,9,12,3,4,47,137
74281,252,544,82,85,44,41,44,15,371,1478
74282,9,23,9,2,6,3,2,3,41,98
74284,7,39,6,6,0,0,0,1,9,68
74285,0,2,0,0,0,0,0,0,0,2
74286,0,8,3,1,0,0,0,1,0,13
74287,0,0,1,0,0,0,0,0,2,3
74288,7,8,9,1,3,1,0,4,11,44
74289,1,6,4,1,2,0,1,1,10,26
74292,2,1,0,0,0,0,0,1,0,4
74293,8,6,3,2,3,2,0,1,8,33
74294,2,2,4,0,0,0,0,1,5,14
74296,0,0,0,1,0,0,0,0,0,1
74298,23,40,44,13,6,4,0,5,30,165
74299,4,9,5,5,3,4,0,1,13,44
74301,0,3,1,0,0,0,0,0,4,8
74303,15,59,10,3,5,1,0,0,27,120
74304,0,0,0,0,0,0,1,0,0,1
74305,21,81,2,38,7,3,4,3,37,196
74306,0,0,0,0,0,0,0,0,1,1
74307,0,2,0,0,0,0,0,0,1,3
74308,4,0,4,0,0,1,0,0,5,14
74309,1,10,7,1,3,4,1,0,22,49
74310,0,0,5,0,0,0,0,0,2,7
74311,10,14,7,2,5,5,1,1,27,72
74312,0,0,5,0,0,0,0,0,1,6
74314,0,0,0,0,0,0,0,1,0,1
74315,0,0,0,0,0,0,0,0,1,1
75002,0,0,0,1,0,0,0,0,0,1
75004,0,0,0,1,0,0,0,0,0,1
75005,0,1,0,0,0,0,0,0,0,1
75012,0,3,0,0,0,0,0,1,1,5
75014,0,1,0,0,0,0,0,0,0,1
75015,0,2,0,0,0,0,0,1,0,3
75016,0,2,0,0,0,0,0,0,0,2
75017,0,0,0,0,0,0,0,0,1,1
75018,0,0,0,1,0,0,0,0,0,1
75019,0,1,0,0,0,0,0,0,0,1
75020,0,3,0,0,0,0,0,0,0,3
75022,0,0,0,1,0,0,0,0,0,1
75025,0,0,0,0,0,0,0,0,1,1
75027,0,0,0,0,0,0,0,0,1,1
75038,0,0,0,0,1,0,0,0,0,1
75039,0,0,0,0,1,0,0,0,0,1
75041,0,0,0,1,1,0,0,0,0,2
75044,0,0,0,0,0,0,0,0,1,1
75052,0,0,0,0,0,0,0,0,1,1
75053,0,0,0,0,0,0,0,1,0,1
75056,9986,59,3,15,109,0,1,3,83,10259
75061,0,0,0,0,0,0,0,1,0,1
75062,0,0,0,1,0,0,0,0,2,3
75068,0,0,0,1,0,0,0,0,0,1
75080,0,0,0,1,0,0,0,0,0,1
75101,74,70,80,103,81,87,6,9,337,847
75102,2773,50,77,107,55,97,5,6,279,3449
75103,52,47,82,144,45,58,7,16,241,692
75104,369,392,61,142,106,67,18,13,361,1529
75105,563,932,132,225,186,153,35,40,742,3008
75106,322,193,110,204,102,189,13,33,387,1553
75107,333,308,99,232,86,87,13,40,397,1595
75108,3106,363,173,275,141,340,13,13,721,5145
75109,521,357,230,350,132,265,14,41,634,2544
75110,1484,1988,246,438,294,215,66,59,1689,6479
75111,365,385,410,542,198,299,41,116,796,3152
75112,1612,2478,477,595,271,313,240,97,1881,7964
75113,2712,3357,412,676,309,317,68,146,2214,10211
75114,2516,3305,420,778,339,189,242,138,2316,10243
75115,3964,5598,575,704,634,434,184,200,2537,14830
75116,576,744,430,308,204,472,36,87,1006,3863
75117,592,372,398,370,203,369,52,96,1007,3459
75118,887,1685,223,380,240,239,115,114,1186,5069
75119,1159,1816,266,500,201,240,103,104,1474,5863
75120,759,1494,214,394,202,176,84,81,1160,4564
76001,1,4,0,0,2,0,0,1,0,8
76004,0,0,0,0,0,2,0,0,0,2
76005,4,4,2,1,2,1,1,0,2,17
76007,1,0,0,0,0,0,0,0,0,1
76013,1,2,0,0,0,0,0,0,1,4
76014,7,2,3,0,2,0,0,2,2,18
76015,0,0,0,1,0,0,0,0,0,1
76018,5,6,4,0,3,1,0,0,5,24
76019,0,0,0,0,0,0,0,0,5,5
76020,0,2,0,0,0,0,0,0,1,3
76024,0,0,1,0,0,0,0,0,0,1
76025,0,0,0,0,1,0,0,0,0,1
76026,3,14,0,6,3,1,0,1,7,35
76030,0,0,11,0,0,0,0,0,1,12
76034,6,8,5,0,4,1,4,2,6,36
76035,8,15,4,1,4,4,1,0,22,59
76036,0,0,0,0,0,0,0,0,1,1
76040,1,2,0,0,0,0,0,0,3,6
76041,0,1,0,0,0,0,0,1,0,2
76043,1,0,0,0,0,0,0,0,1,2
76051,6,8,4,3,4,2,0,4,12,43
76057,29,83,18,8,19,12,4,7,72,252
76067,0,0,0,0,0,0,0,0,1,1
76068,0,0,1,0,0,0,0,0,0,1
76069,5,4,13,3,2,0,0,3,9,39
76070,0,2,0,0,0,3,0,0,0,5
76081,1,0,1,0,0,0,0,0,0,2
76082,0,2,0,0,0,0,0,0,0,2
76089,0,0,1,0,0,0,0,0,0,1
76090,1,2,0,1,0,0,0,0,0,4
76095,22,14,0,1,7,4,4,9,26,87
76098,0,1,0,0,0,0,0,0,0,1
76100,3,3,3,0,3,1,1,0,6,20
76101,5,14,5,3,7,2,1,1,8,46
76103,15,17,2,6,7,3,0,2,16,68
76107,0,0,0,0,0,0,0,0,1,1
76108,278,483,84,44,26,33,3,24,294,1269
76110,0,0,0,1,0,0,0,0,1,2
76111,1,3,0,1,0,0,0,0,0,5
76114,21,48,11,8,8,2,1,5,46,150
76116,7,8,11,3,4,5,0,7,13,58
76120,0,0,0,1,0,0,0,0,0,1
76123,0,0,0,1,0,0,0,0,0,1
76124,0,2,0,0,0,0,0,0,0,2
76125,4,12,2,1,3,0,2,1,12,37
76128,0,0,2,0,0,0,0,1,0,3
76131,0,0,1,0,0,0,0,0,0,1
76133,1,4,0,1,0,0,0,0,1,7
76135,0,3,0,1,0,0,0,0,0,4
76136,0,0,1,0,0,0,0,0,0,1
76141,1,5,2,1,2,1,1,0,5,18
76143,5,2,3,1,0,5,2,4,1,23
76146,7,22,12,2,4,0,1,2,18,68
76152,1,6,3,2,2,0,0,0,2,16
76157,19,66,10,57,16,0,1,4,65,238
76159,5,14,2,4,8,0,1,3,43,80
76164,5,22,4,5,3,0,0,1,16,56
76165,6,48,9,4,7,2,0,2,33,111
76166,1,0,0,0,0,0,0,0,1,2
76167,0,1,0,0,0,0,0,0,0,1
76169,0,2,0,0,0,0,0,1,0,3
76172,0,0,0,0,0,0,0,0,1,1
76178,6,17,3,2,5,0,2,0,43,78
76179,5,5,2,0,2,0,0,1,5,20
76192,5,6,1,0,3,0,1,1,5,22
76196,12,16,4,6,3,6,2,2,26,77
76197,0,0,0,0,2,0,0,0,0,2
76198,0,0,0,1,0,0,0,0,0,1
76200,0,0,0,1,0,0,0,0,0,1
76201,5,4,3,0,2,0,2,0,7,23
76203,0,0,0,1,0,0,0,0,0,1
76209,0,2,0,0,0,0,0,0,0,2
76210,0,0,0,1,0,0,0,0,0,1
76212,23,63,9,12,12,5,0,8,47,179
76216,11,26,10,4,7,1,1,5,17,82
76217,225,643,27,70,53,25,31,10,346,1430
76219,1,6,1,4,3,0,0,1,14,30
76222,9,16,6,3,5,2,0,1,18,60
76224,0,2,0,0,0,0,0,0,1,3
76231,213,496,19,22,35,13,42,5,178,1023
76235,1,12,1,0,4,0,0,0,13,31
76236,0,0,0,0,0,0,0,0,1,1
76237,0,0,0,0,0,0,0,0,1,1
76238,6,16,6,4,3,1,0,0,9,45
76240,0,2,0,0,0,0,0,0,0,2
76245,1,0,0,1,0,0,0,2,1,5
76250,0,4,0,0,0,0,0,0,0,4
76252,0,0,0,0,0,0,0,0,8,8
76254,4,9,0,3,3,0,0,1,2,22
76255,23,70,10,4,18,4,0,3,51,183
76258,6,19,1,2,4,0,0,0,12,44
76259,87,281,19,26,22,15,22,4,145,621
76260,0,1,2,0,0,0,0,0,8,11
76263,1,11,1,1,3,0,0,0,6,23
76266,0,0,1,0,0,0,0,0,0,1
76270,3,6,1,2,3,1,0,0,8,24
76271,6,4,4,1,2,0,0,0,1,18
76272,7,2,1,0,2,0,0,0,3,15
76273,0,0,1,0,0,0,0,0,0,1
76275,0,2,0,0,0,0,0,0,0,2
76276,13,34,11,5,4,1,1,3,22,94
76278,6,16,1,1,2,0,1,0,4,31
76281,2,2,2,2,3,0,0,0,5,16
76282,1,4,0,1,0,0,0,0,2,8
76285,0,1,0,0,0,0,0,0,0,1
76287,0,0,0,0,0,0,0,0,1,1
76289,3,2,1,1,3,0,0,1,3,14
76291,0,0,0,0,0,0,0,1,0,1
76294,0,0,0,0,0,0,0,1,1,2
76295,3,14,1,0,1,1,1,0,0,21
76296,3,5,2,1,3,0,1,1,2,18
76302,5,15,6,0,6,0,0,4,16,52
76303,1,0,0,0,0,0,0,0,0,1
76305,7,31,3,1,9,3,5,1,30,90
76307,1,1,1,0,3,5,0,0,8,19
76310,0,2,0,0,0,0,0,0,0,2
76312,37,41,5,4,7,2,2,2,31,131
76314,0,0,0,0,0,0,0,0,1,1
76315,3,12,0,2,0,0,0,0,3,20
76319,23,33,2,10,9,0,0,4,23,104
76320,2,0,0,0,0,0,0,0,1,3
76321,3,12,1,0,2,0,0,2,3,23
76322,29,57,28,10,43,13,1,8,69,258
76325,0,0,0,1,0,0,0,0,0,1
76329,3,5,5,0,4,1,0,0,15,33
76330,0,3,0,0,0,0,0,0,0,3
76331,3,39,0,9,1,0,0,0,16,68
76341,12,54,16,14,10,1,0,2,53,162
76342,0,0,1,0,0,0,0,0,0,1
76349,2,4,0,1,2,0,0,1,3,13
76351,521,1677,192,191,136,130,60,67,752,3726
76354,0,0,0,1,0,0,0,0,0,1
76355,7,12,3,3,3,1,0,1,11,41
76362,0,0,1,0,0,0,0,0,0,1
76363,2,11,0,1,0,0,0,0,0,14
76364,1,0,0,0,0,0,0,0,1,2
76366,4,13,3,0,5,0,1,0,11,37
76367,3,3,4,1,2,3,0,3,1,20
76371,0,1,0,0,0,0,0,0,0,1
76372,0,0,1,0,0,0,0,0,0,1
76373,0,2,0,0,0,0,0,0,2,4
76374,0,2,2,0,0,0,0,0,0,4
76376,1,0,0,0,0,0,0,0,0,1
76377,21,29,5,5,8,6,3,3,39,119
76378,1,0,1,0,0,0,0,0,1,3
76384,64,126,8,9,34,0,21,2,66,330
76385,0,5,4,4,2,0,0,2,5,22
76386,4,3,3,0,0,0,0,1,1,12
76390,0,0,2,0,2,0,0,0,1,5
76391,3,2,0,0,0,0,0,2,0,7
76392,4,7,2,2,2,0,0,1,9,27
76395,0,3,1,0,0,0,0,0,0,4
76397,2,2,2,1,2,0,0,0,4,13
76399,0,0,1,0,0,0,0,0,0,1
76400,5,11,3,3,4,1,0,0,11,38
76401,4,2,3,0,3,0,0,0,0,12
76402,9,11,7,2,5,3,2,0,47,86
76404,0,2,0,1,0,0,0,0,0,3
76408,0,0,0,0,0,0,0,0,1,1
76409,0,5,0,0,0,0,0,2,0,7
76410,41,41,12,6,14,0,3,6,37,160
76411,0,0,0,1,0,0,0,0,0,1
76412,0,0,0,1,0,0,0,0,0,1
76414,27,51,2,3,4,0,0,1,7,95
76418,0,0,0,0,0,0,0,0,1,1
76421,1,2,0,0,0,0,0,0,0,3
76424,0,0,2,0,0,0,0,0,0,2
76425,0,1,0,0,0,0,0,0,0,1
76429,36,22,11,10,7,11,4,3,59,163
76434,0,0,0,0,0,0,0,1,0,1
76435,0,2,0,0,0,0,0,0,1,3
76442,0,0,0,0,0,0,0,0,1,1
76443,2,1,0,4,0,0,0,2,10,19
76446,2,1,4,1,0,0,0,0,0,8
76447,313,596,34,44,43,17,81,11,316,1455
76448,3,0,5,0,2,2,0,1,10,23
76450,1,0,0,5,0,0,0,0,4,10
76451,131,129,34,40,22,10,91,18,74,549
76452,9,17,7,3,6,7,0,1,59,109
76453,1,1,1,1,0,0,0,0,0,4
76457,0,3,0,1,0,0,0,0,1,5
76462,57,52,9,3,12,5,5,2,59,204
76463,0,0,0,1,0,0,0,0,0,1
76464,0,0,1,0,0,0,0,0,0,1
76465,0,0,0,0,0,0,0,0,1,1
76466,0,1,0,0,0,0,0,0,0,1
76467,4,15,3,1,0,0,0,0,1,24
76468,3,2,1,1,0,0,0,1,1,9
76474,6,19,7,4,33,2,0,4,13,88
76475,8,22,8,7,6,8,1,2,29,91
76476,6,23,7,2,12,9,0,0,28,87
76481,30,12,4,0,3,5,5,3,17,79
76482,7,9,3,1,4,1,3,1,17,46
76484,13,35,9,10,13,3,1,2,29,115
76485,2,1,0,2,0,0,0,1,3,9
76490,1,2,1,0,1,0,0,0,1,6
76492,4,4,1,0,3,0,0,0,4,16
76493,0,8,0,0,0,0,0,0,0,8
76494,0,0,1,0,0,0,0,0,0,1
76495,20,14,15,2,5,3,0,4,22,85
76497,1,10,5,0,5,0,0,4,11,36
76498,43,74,20,14,24,8,3,6,78,270
76499,0,3,0,0,0,0,0,1,0,4
76502,0,0,0,1,0,0,0,0,0,1
76503,1,0,0,0,0,0,0,0,7,8
76506,0,0,2,0,0,0,0,1,0,3
76508,0,0,1,0,0,0,0,0,0,1
76509,2,4,0,0,2,0,0,0,2,10
76514,5,4,5,2,3,0,0,0,5,24
76517,6,5,7,4,5,2,0,2,13,44
76520,0,3,0,0,0,0,0,0,0,3
76522,0,1,0,0,0,0,0,0,0,1
76533,2,8,0,0,2,0,0,0,0,12
76534,0,3,1,0,0,0,0,1,3,8
76536,2,2,3,1,0,0,1,0,3,12
76540,1819,3611,269,349,228,172,187,104,1660,8399
76541,1,13,0,0,0,0,0,2,17,33
76545,0,0,2,0,0,0,0,0,0,2
76548,4,4,3,1,3,2,0,0,3,20
76550,2,4,0,0,0,0,0,0,0,6
76551,0,2,1,0,0,0,0,1,0,4
76552,12,31,13,4,5,3,0,5,16,89
76555,1,0,0,0,0,0,0,0,1,2
76557,0,1,0,1,0,0,0,2,0,4
76558,0,0,0,0,0,0,0,0,1,1
76560,0,0,3,0,0,0,0,0,0,3
76561,36,35,13,1,4,2,3,3,33,130
76562,0,0,0,1,0,0,0,0,0,1
76565,83,67,6,2,3,12,4,2,20,199
76570,5,20,5,2,0,1,0,3,5,41
76571,0,0,0,1,0,0,0,0,0,1
76572,0,0,0,0,0,0,0,0,1,1
76573,0,1,0,1,0,0,0,0,0,2
76575,24,80,17,8,29,0,0,10,67,235
76586,0,2,0,0,0,0,0,0,0,2
76591,7,12,6,1,3,0,0,1,12,42
76593,0,1,0,0,0,0,0,0,0,1
76594,0,14,0,0,2,0,0,0,2,18
76595,2,2,5,1,0,0,0,0,1,11
76596,0,0,1,0,0,0,0,0,0,1
76597,2,2,3,0,2,0,0,0,0,9
76599,7,3,4,1,5,1,1,3,14,39
76600,1,1,0,5,0,0,0,0,15,22
76605,0,0,0,1,0,0,0,0,0,1
76608,1,0,2,0,2,0,1,3,4,13
76609,0,0,0,0,0,0,0,0,1,1
76610,5,0,5,1,0,1,0,0,11,23
76614,6,3,4,1,2,1,0,1,5,23
76615,1,3,1,4,0,0,0,3,12,24
76617,5,11,4,2,0,0,0,0,6,28
76618,1,11,4,2,3,1,0,2,5,29
76621,0,1,0,0,0,0,0,0,0,1
76624,5,12,3,1,3,0,0,0,7,31
76627,2,2,0,0,0,0,0,1,3,8
76634,0,0,0,0,0,0,0,0,2,2
76636,3,4,5,1,2,2,0,0,3,20
76637,0,3,0,0,1,0,0,0,0,4
76638,0,2,0,0,0,0,0,0,0,2
76640,7,10,2,3,6,2,1,1,21,53
76647,14,42,11,4,10,3,3,1,42,130
76648,10,14,5,5,3,6,1,3,21,68
76649,0,1,0,1,0,0,0,0,1,3
76650,0,2,0,0,0,0,0,0,0,2
76653,0,0,0,0,0,0,0,0,1,1
76655,12,39,11,4,7,0,2,2,19,96
76656,0,2,0,2,0,0,0,0,3,7
76657,0,2,0,0,0,0,1,1,0,4
76660,0,3,0,1,0,0,0,0,0,4
76663,1,3,1,0,2,0,0,2,3,12
76664,7,0,0,0,0,0,0,0,0,7
76666,0,0,0,0,0,0,0,0,4,4
76672,3,6,1,0,3,0,0,0,2,15
76675,0,2,0,0,0,0,0,0,0,2
76680,0,0,0,0,0,0,0,1,0,1
76681,178,856,31,133,28,10,1,17,200,1454
76682,0,1,0,0,0,0,0,0,0,1
76683,0,0,1,0,0,0,0,0,0,1
76684,0,0,0,0,1,0,0,0,1,2
76685,0,0,1,0,0,0,0,0,0,1
76689,1,1,0,3,0,0,0,0,3,8
76690,1,1,0,0,0,0,0,0,0,2
76697,0,0,0,0,0,2,0,0,0,2
76700,4,7,5,0,2,0,0,7,5,30
76703,0,0,1,0,0,0,0,0,0,1
76705,11,9,3,3,5,3,2,0,46,82
76708,0,2,0,0,0,0,0,1,0,3
76709,5,20,3,4,40,1,0,1,23,97
76711,5,14,3,2,5,2,0,3,2,36
76715,0,2,0,0,0,0,0,0,0,2
76716,0,3,3,1,3,0,0,2,2,14
76717,0,0,0,0,0,0,0,0,1,1
76718,0,1,0,0,0,0,0,0,0,1
76719,3,10,3,0,1,2,0,1,1,21
76720,4,2,2,0,2,0,0,0,2,12
76721,0,0,3,0,0,0,0,0,0,3
76735,0,3,0,0,1,0,0,0,0,4
76738,0,0,0,0,0,0,0,0,1,1
76740,0,0,0,0,0,0,0,0,1,1
76743,0,3,0,0,0,0,0,0,0,3
76745,0,0,0,0,0,0,0,0,1,1
76748,0,5,0,0,0,0,0,0,0,5
76750,0,8,0,1,2,0,0,0,3,14
76751,0,6,0,0,1,0,0,0,4,11
76752,4,17,2,4,4,1,0,1,8,41
76753,0,1,1,0,0,0,0,0,0,2
76754,0,4,0,0,2,0,0,0,0,6
76758,121,160,16,22,24,13,6,9,108,479
77001,0,0,1,0,0,0,0,1,3,5
77002,2,3,1,1,0,0,0,0,2,9
77005,3,5,0,4,2,2,0,0,9,25
77006,0,10,1,6,0,0,0,0,14,31
77010,0,9,0,0,0,0,0,0,1,10
77013,1,1,2,1,0,0,0,0,1,6
77014,44,79,37,22,11,28,0,3,55,279
77016,1,6,0,0,1,0,0,0,3,11
77018,8,5,8,2,7,7,2,3,33,75
77022,10,3,1,1,4,6,0,1,7,33
77027,1,7,3,0,2,0,0,0,0,13
77029,0,0,0,0,0,0,0,0,2,2
77030,1,0,1,0,0,0,0,0,0,2
77031,0,0,0,1,0,0,0,0,0,1
77032,1,0,1,0,2,0,0,0,1,5
77033,0,0,0,0,0,0,0,0,1,1
77034,0,0,0,0,0,0,0,0,1,1
77037,18,51,6,19,3,2,2,5,25,131
77038,0,0,0,3,0,0,0,0,0,3
77039,3,10,0,2,0,0,0,0,6,21
77040,20,41,36,8,3,0,0,13,30,151
77042,1,5,5,0,2,0,0,2,5,20
77044,2,6,0,1,0,0,0,0,1,10
77045,0,1,0,3,0,0,0,0,2,6
77047,0,1,0,1,0,0,0,1,2,5
77048,3,4,3,0,1,2,1,0,4,18
77049,0,0,1,0,0,0,0,0,0,1
77051,3,19,3,5,3,0,1,0,11,45
77052,0,0,0,0,0,0,0,0,1,1
77053,41,48,17,16,17,12,2,5,83,241
77055,111,93,7,4,3,2,1,1,17,239
77058,52,104,22,20,12,38,4,6,99,357
77059,0,0,0,0,0,0,0,0,2,2
77061,7,6,0,3,1,0,1,5,2,25
77062,0,0,0,0,0,0,0,1,1,2
77063,0,0,1,0,0,0,0,0,2,3
77065,0,2,3,0,0,0,0,0,3,8
77067,16,16,5,8,11,13,1,2,45,117
77069,0,4,2,1,2,0,0,1,3,13
77073,0,0,6,0,0,0,0,0,0,6
77075,0,0,0,0,2,0,0,0,0,2
77076,0,1,0,0,0,0,0,0,0,1
77078,7,18,0,4,0,0,0,0,1,30
77079,8,7,2,2,3,1,0,2,8,33
77082,1,2,1,0,1,0,0,0,0,5
77083,77,33,36,28,14,23,4,4,75,294
77084,0,0,0,0,0,0,0,0,1,1
77085,7,8,4,1,7,3,0,0,27,57
77086,0,2,3,0,1,0,0,0,2,8
77088,4,11,2,0,3,1,1,1,11,34
77095,4,3,4,0,2,0,3,0,1,17
77096,2,4,1,4,2,2,0,2,12,29
77099,3,17,0,7,2,1,0,3,7,40
77100,15,11,8,7,3,0,1,1,23,69
77106,0,2,0,0,0,0,0,0,2,4
77107,0,2,1,0,0,1,0,0,1,5
77108,144,99,37,32,27,40,8,14,144,545
77109,1,4,2,1,1,0,0,0,3,12
77110,0,0,0,1,0,0,0,0,0,1
77111,14,52,21,7,3,5,1,0,19,122
77113,0,0,0,1,0,0,0,0,3,4
77114,5,7,8,1,3,2,3,0,5,34
77116,1,2,0,0,2,0,0,0,3,8
77118,60,32,10,22,15,11,0,4,106,260
77121,0,3,0,1,1,4,0,0,24,33
77122,22,52,9,11,13,12,2,3,65,189
77123,0,0,0,2,4,0,0,0,0,6
77124,0,7,10,2,0,0,0,0,4,23
77125,1,2,3,0,0,0,0,0,2,8
77126,0,2,0,0,0,0,0,0,0,2
77127,24,79,31,21,4,2,0,9,84,254
77128,4,10,0,1,0,1,0,0,4,20
77131,162,185,14,35,24,18,14,10,145,607
77132,3,3,7,4,1,2,4,2,19,45
77135,0,1,0,1,0,0,0,0,0,2
77136,0,0,0,0,0,0,0,1,0,1
77139,4,6,8,1,1,2,1,3,15,41
77141,1,1,1,0,0,0,0,0,1,4
77142,31,11,6,3,4,2,2,1,13,73
77143,4,3,3,2,2,2,2,2,6,26
77144,0,0,0,0,0,0,0,0,1,1
77146,1,4,1,0,9,0,0,0,6,21
77147,0,2,0,0,0,0,0,0,0,2
77148,2,4,2,2,2,0,1,0,2,15
77152,49,41,13,27,23,8,0,7,58,226
77153,44,13,3,6,7,11,1,4,49,138
77155,2,8,8,2,1,2,0,1,4,28
77156,0,0,0,0,0,0,0,0,1,1
77159,4,11,3,4,3,1,0,0,7,33
77161,0,5,5,1,0,0,0,0,0,11
77163,0,0,1,0,0,0,0,0,0,1
77164,0,1,0,0,0,0,0,0,1,2
77165,0,0,0,0,0,0,0,0,1,1
77166,3,0,9,0,0,0,1,0,1,14
77168,1,6,1,0,2,1,0,1,5,17
77169,6,259,17,1,6,2,0,0,42,333
77171,7,17,4,5,4,3,0,1,15,56
77175,2,3,1,1,1,1,0,0,6,15
77176,2,3,0,2,3,1,1,0,8,20
77177,0,3,0,0,0,0,0,0,0,3
77178,0,2,0,0,0,0,0,0,0,2
77179,0,0,1,0,0,0,0,0,2,3
77180,91,145,8,3,3,2,1,2,27,282
77181,0,2,5,0,2,0,0,2,6,17
77182,6,33,6,6,5,3,1,2,27,89
77183,47,27,7,7,13,23,2,2,42,170
77185,0,0,0,5,0,0,0,0,0,5
77186,240,358,53,55,26,34,41,13,205,1025
77188,0,0,1,1,0,0,0,0,1,3
77192,6,16,2,12,4,1,2,1,38,82
77196,5,1,1,0,0,0,1,0,0,8
77197,0,0,0,0,0,0,0,0,1,1
77199,0,1,1,0,0,0,0,0,1,3
77202,0,0,0,1,0,0,0,0,0,1
77203,0,0,2,1,0,0,0,0,0,3
77208,1,2,0,0,0,0,0,0,0,3
77209,0,1,4,1,0,0,0,1,3,10
77210,2,6,2,1,3,0,1,0,4,19
77211,0,2,0,0,0,0,0,0,0,2
77214,1,2,1,1,0,0,0,0,1,6
77215,6,8,3,3,8,7,0,0,18,53
77216,0,3,0,0,3,0,0,1,0,7
77217,0,3,3,0,0,0,0,0,0,6
77219,2,2,0,1,2,0,1,0,3,11
77220,0,0,0,0,0,0,0,0,1,1
77221,1,2,0,0,0,0,0,0,0,3
77222,9,13,5,3,3,1,0,2,14,50
77224,1,8,0,3,0,0,0,0,1,13
77226,5,9,9,2,3,0,0,1,10,39
77229,0,2,0,0,0,0,0,0,1,3
77232,0,0,0,1,0,0,0,0,1,2
77237,367,417,6,22,27,0,24,1,123,987
77238,5,19,3,4,3,0,0,0,6,40
77239,0,2,2,0,2,0,1,1,0,8
77240,1,3,0,1,0,0,0,0,2,7
77241,3,2,0,1,2,1,0,0,5,14
77242,0,0,1,1,0,0,0,0,0,2
77243,83,84,26,40,20,17,36,12,216,534
77245,0,0,0,0,0,0,0,0,1,1
77248,0,1,0,0,0,0,0,0,2,3
77249,6,9,9,8,4,3,1,1,20,61
77251,93,44,24,14,21,12,7,8,105,328
77252,0,1,0,0,0,0,0,0,0,1
77255,2,3,0,1,1,0,0,0,2,9
77257,2,9,0,2,4,1,0,0,5,23
77258,25,15,7,14,12,4,4,0,28,109
77259,1,7,1,2,2,0,0,0,7,20
77260,3,9,1,0,3,0,2,0,1,19
77261,6,4,7,1,1,0,0,0,3,22
77262,0,0,0,0,0,0,0,0,1,1
77264,0,0,0,0,0,0,0,1,0,1
77265,0,1,0,7,0,0,0,0,0,8
77268,52,12,7,4,4,3,2,3,45,132
77269,1,1,0,5,4,0,0,0,2,13
77270,1,7,0,4,0,0,0,0,0,12
77274,0,0,0,0,0,0,0,0,1,1
77275,1,1,0,0,0,0,0,0,0,2
77276,83,58,3,12,7,0,0,0,33,196
77277,0,2,1,0,0,6,0,1,2,12
77278,0,0,1,0,0,0,0,0,0,1
77279,1,4,1,0,1,0,1,0,1,9
77280,4,5,4,4,0,0,0,3,6,26
77281,0,0,2,0,0,0,0,0,2,4
77282,0,0,0,0,2,0,0,0,2,4
77284,415,563,95,120,48,77,37,17,465,1837
77285,15,26,8,5,11,8,3,9,28,113
77288,509,858,48,110,54,80,77,12,384,2132
77291,2,11,0,0,6,0,0,1,6,26
77293,0,2,0,0,0,0,0,0,0,2
77294,17,50,6,12,22,20,5,2,33,167
77296,15,34,6,9,6,10,0,1,16,97
77300,0,2,0,1,0,0,0,0,1,4
77301,0,2,0,0,0,0,0,0,0,2
77302,1,3,0,1,3,0,0,3,0,11
77305,109,306,10,27,21,21,11,6,133,644
77306,0,1,0,1,0,0,0,0,0,2
77307,45,34,29,12,14,24,1,9,87,255
77309,5,4,2,1,1,2,3,5,10,33
77311,2,4,1,1,1,0,0,0,4,13
77312,5,3,2,3,2,3,1,2,10,31
77315,1,1,5,2,1,1,1,0,3,15
77316,8,42,4,15,9,13,2,9,45,147
77317,3,13,3,2,4,0,0,3,13,41
77318,3,8,1,2,0,0,0,1,6,21
77320,2,2,6,0,1,0,0,0,10,21
77321,0,0,7,0,0,0,0,0,0,7
77322,3,2,0,1,9,1,0,0,10,26
77323,0,2,0,1,0,0,0,0,0,3
77326,7,7,3,3,2,1,1,2,12,38
77327,17,26,9,5,6,2,2,0,29,96
77329,3,8,0,10,0,0,0,0,5,26
77330,8,12,1,3,6,6,2,0,15,53
77333,68,190,23,45,19,12,7,6,116,486
77335,3,2,2,0,2,0,0,0,8,17
77336,10,68,13,20,3,0,0,2,38,154
77337,16,34,22,11,13,12,3,5,28,144
77339,0,1,0,1,0,0,0,0,2,4
77340,0,0,0,1,0,0,0,0,0,1
77341,0,2,0,0,0,0,0,0,0,2
77343,0,1,0,0,0,0,0,0,0,1
77344,0,1,0,0,0,0,0,0,1,2
77347,0,6,0,0,0,0,0,0,3,9
77349,4,7,7,2,4,1,0,0,7,32
77350,28,34,19,10,16,15,1,6,74,203
77352,0,0,1,0,0,0,0,0,1,2
77353,0,0,1,0,0,0,0,0,0,1
77354,1,3,2,0,0,0,0,0,3,9
77357,0,1,0,0,0,0,0,0,0,1
77358,0,0,0,0,0,0,0,0,1,1
77359,3,2,0,1,4,0,0,0,3,13
77361,0,0,0,0,0,0,0,0,1,1
77363,1,1,0,1,3,0,1,0,6,13
77365,0,0,0,0,0,0,0,0,1,1
77371,1,2,1,0,2,0,0,0,2,8
77372,2,3,0,2,1,0,0,1,7,16
77373,139,100,47,23,24,34,1,5,139,512
77374,2,2,0,0,2,0,0,0,3,9
77377,1,4,2,2,0,0,0,2,14,25
77378,1,5,1,1,1,6,0,0,7,22
77379,136,331,19,31,22,13,20,5,150,727
77380,0,0,0,0,0,0,0,0,1,1
77382,3,5,13,2,1,1,0,1,8,34
77384,1,8,1,4,0,0,0,0,2,16
77385,9,12,1,1,2,0,0,2,12,39
77386,0,0,1,0,0,0,0,0,0,1
77389,9,3,3,2,3,2,0,4,8,34
77390,79,49,14,13,35,18,3,2,79,292
77391,0,0,0,0,0,0,0,0,1,1
77393,8,10,5,2,1,2,0,0,20,48
77394,3,11,2,7,1,7,0,0,10,41
77397,0,4,1,0,2,1,0,0,3,11
77400,3,3,1,1,2,1,1,0,1,13
77401,0,0,0,1,0,0,0,0,0,1
77402,0,0,0,0,0,0,0,0,1,1
77403,3,0,0,0,0,0,0,0,1,4
77404,0,0,1,0,0,2,0,0,0,3
77405,1,3,1,0,0,1,0,0,2,8
77406,0,0,0,0,0,0,0,0,1,1
77407,35,65,24,14,18,5,4,9,72,246
77409,1,5,0,0,0,0,0,0,0,6
77410,0,0,0,7,0,0,0,0,0,7
77413,3,6,0,3,3,3,0,0,13,31
77414,0,0,0,0,0,0,0,0,1,1
77415,2,8,0,0,3,1,0,0,0,14
77418,0,0,0,0,0,0,0,0,1,1
77419,8,3,0,1,1,0,0,0,0,13
77420,3,3,3,0,3,0,0,0,12,24
77425,0,0,2,0,0,0,0,0,2,4
77429,0,0,0,0,0,0,0,0,1,1
77430,1,2,3,2,3,1,1,1,4,18
77431,5,17,8,4,4,3,2,2,9,54
77432,0,0,0,0,0,0,0,1,0,1
77433,1,3,0,1,0,0,0,1,2,8
77435,0,0,1,1,0,0,0,0,1,3
77436,0,0,0,0,0,0,0,0,1,1
77437,4,4,1,0,6,1,0,0,7,23
77438,5,8,4,11,5,11,0,1,31,76
77439,0,3,0,0,0,0,0,2,0,5
77440,0,0,0,0,0,1,0,0,0,1
77441,4,7,3,2,1,0,0,0,2,19
77442,4,15,4,5,2,1,0,0,17,48
77445,33,75,9,24,17,21,1,4,52,236
77447,1,2,2,1,0,2,0,1,1,10
77448,0,0,0,0,0,0,0,0,1,1
77449,106,90,45,19,24,47,3,5,108,447
77450,3,3,13,2,3,9,1,1,10,45
77453,0,0,0,1,0,0,0,0,0,1
77454,0,0,0,0,0,0,0,0,1,1
77455,0,2,1,0,0,0,0,0,2,5
77458,5,12,3,5,2,2,0,0,9,38
77459,2,5,2,1,1,0,0,0,1,12
77461,0,0,0,1,0,0,0,0,0,1
77463,6,6,5,3,3,1,1,1,16,42
77464,6,7,9,5,4,6,1,0,12,50
77465,0,2,0,0,0,0,0,0,0,2
77468,70,27,18,22,16,25,6,12,108,304
77469,1,3,0,0,0,0,0,0,0,4
77470,99,116,7,8,25,7,8,2,47,319
77471,0,0,0,0,0,0,1,0,0,1
77475,5,6,2,2,4,5,0,2,18,44
77477,2,5,2,1,2,0,2,0,0,14
77478,0,0,0,0,0,0,0,0,1,1
77479,21,32,6,9,19,13,1,6,54,161
77480,7,2,0,0,0,0,0,0,1,10
77482,9,12,2,0,2,1,0,0,48,74
77483,3,13,9,1,1,0,0,0,1,28
77485,0,0,1,0,2,0,0,0,0,3
77487,20,48,6,18,10,3,4,4,39,152
77489,1,2,0,2,0,0,0,0,1,6
77491,6,5,2,0,0,1,1,0,0,15
77493,2,3,0,0,2,1,1,0,4,13
77494,1,9,1,3,0,0,0,0,15,29
77495,14,15,1,11,4,2,2,5,22,76
77498,0,0,0,1,0,0,1,0,0,2
77501,0,3,0,0,0,0,0,0,3,6
77504,0,1,4,0,0,0,0,0,2,7
77506,0,1,0,2,0,0,0,0,3,6
77508,1,5,1,3,2,1,0,1,5,19
77510,11,23,2,4,0,0,1,0,3,44
77511,0,0,0,0,0,0,0,0,1,1
77512,0,2,3,1,3,0,0,0,4,13
77513,4,6,1,3,1,0,0,1,14,30
77514,22,31,8,6,10,18,3,3,41,142
77516,0,0,2,1,0,0,0,0,3,6
77517,0,4,0,3,0,0,0,0,1,8
77518,0,1,0,0,0,0,0,0,12,13
77519,0,3,0,1,0,0,0,0,1,5
77520,1,1,0,0,0,0,0,0,0,2
77521,0,0,0,0,0,0,0,0,2,2
77528,1,7,3,2,0,0,0,1,6,20
77529,0,0,0,0,0,0,0,0,1,1
77530,0,1,0,0,0,0,0,0,0,1
77531,5,18,1,0,2,0,0,0,1,27
77533,4,11,4,3,1,1,0,1,5,30
77534,0,1,0,1,2,0,0,0,2,6
78001,0,0,0,0,3,0,0,0,0,3
78003,2,8,2,3,2,7,0,1,12,37
78005,27,65,36,12,11,14,1,12,60,238
78007,0,3,0,1,0,0,0,0,1,5
78010,1,2,0,3,0,0,0,0,1,7
78013,0,0,0,0,0,0,0,0,1,1
78015,20,22,17,12,10,4,0,3,32,120
78029,78,62,10,7,34,7,3,1,61,263
78030,0,4,0,4,1,1,0,0,1,11
78033,0,0,0,0,0,0,1,0,2,3
78034,0,0,0,0,0,0,0,0,1,1
78043,6,14,14,8,2,3,1,12,39,99
78048,0,0,0,1,1,8,0,0,1,11
78049,0,2,0,0,0,0,0,0,0,2
78050,0,0,0,0,0,0,0,0,1,1
78053,0,0,0,1,0,0,0,0,0,1
78057,0,1,0,1,0,0,0,0,0,2
78062,6,10,16,3,3,4,1,4,14,61
78068,2,0,0,0,0,0,0,0,0,2
78073,27,27,18,10,16,22,2,6,47,175
78077,0,1,0,0,0,0,0,0,0,1
78078,0,0,0,0,0,0,0,0,1,1
78083,0,0,0,1,0,0,0,0,0,1
78084,0,1,0,0,0,0,0,0,1,2
78087,2,3,6,4,3,2,0,2,8,30
78089,5,19,2,6,4,6,2,1,16,61
78090,2,2,2,2,2,0,0,1,4,15
78091,0,0,0,0,0,0,0,0,1,1
78092,12,9,8,7,4,3,1,1,19,64
78096,0,0,0,0,0,0,0,0,2,2
78097,0,0,0,1,0,0,0,0,0,1
78104,0,0,1,7,0,0,0,1,23,32
78107,5,7,4,1,2,2,1,2,5,29
78108,0,0,0,0,0,0,0,0,1,1
78111,0,0,0,0,0,0,0,0,1,1
78117,7,14,4,13,11,1,2,2,18,72
78118,4,14,1,3,7,7,0,3,21,60
78120,9,72,9,8,1,0,0,4,24,127
78123,5,14,9,9,6,15,2,1,37,98
78124,12,14,9,10,7,3,1,4,32,92
78125,0,0,1,1,0,0,0,0,1,3
78126,28,27,13,23,18,21,3,14,57,204
78128,2,3,5,2,4,0,0,2,1,19
78133,14,14,9,4,7,7,1,0,39,95
78138,2,7,1,7,4,2,0,1,10,34
78140,0,0,1,1,0,0,0,0,1,3
78143,2,1,0,0,0,1,0,0,1,5
78146,46,35,22,24,15,19,4,15,75,255
78152,4,2,4,3,2,0,0,0,3,18
78158,742,713,69,100,80,33,100,22,426,2285
78160,8,38,16,8,3,6,0,3,24,106
78162,0,0,0,0,0,0,0,0,1,1
78163,0,0,0,0,0,1,0,0,1,2
78164,6,6,7,2,0,0,0,0,3,24
78165,13,15,3,13,13,15,3,8,69,152
78168,3,4,1,2,5,0,1,1,19,36
78171,0,2,5,2,0,0,2,2,5,18
78172,53,86,33,44,27,32,10,16,125,426
78174,0,0,0,0,3,0,0,0,0,3
78185,0,0,1,0,0,0,0,0,1,2
78189,2,3,2,0,2,2,1,2,3,17
78190,11,14,11,16,6,8,1,11,48,126
78192,0,2,2,1,2,0,0,1,0,8
78193,3,1,0,1,0,0,0,2,5,12
78194,1,0,0,1,0,0,0,0,0,2
78202,0,1,0,0,0,0,0,0,0,1
78206,3,12,1,3,5,1,0,1,7,33
78208,39,56,27,22,15,16,1,1,81,258
78209,0,1,0,0,0,0,0,0,0,1
78210,0,0,0,1,0,0,0,0,0,1
78217,3,15,1,2,4,2,0,3,19,49
78220,5,7,5,5,6,6,1,5,41,81
78224,3,2,2,3,5,2,1,1,6,25
78227,38,48,2,2,1,0,0,0,9,100
78230,0,0,0,0,0,0,0,0,1,1
78231,0,0,0,1,0,0,0,0,0,1
78233,3,4,3,3,1,2,0,2,10,28
78236,0,0,0,0,0,0,0,0,1,1
78238,3,1,4,0,5,1,2,0,31,47
78239,4,1,2,2,0,1,1,0,1,12
78242,10,10,15,8,10,7,3,7,32,102
78245,0,2,0,0,0,0,0,0,1,3
78251,1,4,7,0,3,2,0,0,1,18
78255,2,8,0,3,5,1,0,1,11,31
78262,0,2,2,2,0,0,0,0,0,6
78263,1,1,2,0,2,0,3,0,13,22
78264,1,0,0,0,0,0,0,0,1,2
78265,0,0,1,1,2,1,0,2,5,12
78266,0,0,0,1,0,0,0,0,0,1
78267,10,12,9,2,5,2,1,2,30,73
78269,3,14,0,2,0,2,0,1,40,62
78281,6,21,11,2,1,0,0,0,20,61
78283,1,0,0,0,0,0,0,0,1,2
78285,0,0,0,1,0,0,0,0,0,1
78289,1,0,0,3,0,0,0,0,0,4
78290,0,0,1,0,0,0,0,0,2,3
78291,1,2,2,0,1,1,2,1,2,12
78296,1,0,0,0,0,0,0,0,2,3
78297,48,95,63,22,26,17,3,7,103,384
78299,3,3,1,2,2,2,0,0,10,23
78305,0,0,1,0,0,0,0,0,0,1
78307,0,0,0,1,0,0,0,0,0,1
78310,77,49,6,30,12,6,1,2,56,239
78311,38,26,34,20,15,35,1,16,87,272
78314,1,1,3,0,2,0,0,0,3,10
78317,0,1,0,2,0,0,0,1,1,5
78320,0,0,0,1,0,0,0,0,0,1
78321,12,24,10,8,6,2,1,1,19,83
78322,12,20,6,22,8,4,2,3,24,101
78325,0,0,0,1,0,0,0,0,0,1
78327,2,3,5,1,2,0,0,1,8,22
78329,1,0,0,1,0,0,0,0,1,3
78334,0,0,0,1,0,0,0,2,4,7
78335,14,19,4,5,17,2,0,3,36,100
78343,7,36,0,3,1,0,0,3,5,55
78345,0,0,0,0,0,0,0,0,1,1
78346,3,4,0,0,0,0,0,1,1,9
78349,0,0,0,0,0,0,0,0,1,1
78350,12,44,11,8,8,2,1,1,32,119
78354,7,53,3,6,7,0,0,1,6,83
78356,9,14,6,5,5,7,1,2,29,78
78358,108,85,39,37,16,19,2,9,85,400
78361,284,572,35,72,34,53,41,10,320,1421
78362,12,21,16,8,9,14,2,1,48,131
78364,0,1,0,0,0,0,0,0,0,1
78367,5,6,1,4,2,2,2,1,15,38
78368,1,2,3,0,2,0,0,1,2,11
78369,0,0,0,0,0,0,0,1,0,1
78372,44,22,19,20,16,10,4,6,51,192
78380,9,19,11,8,7,4,2,6,56,122
78381,1,0,2,0,0,0,0,0,5,8
78382,4,2,4,0,3,1,0,2,4,20
78383,48,26,9,14,22,20,3,7,89,238
78384,2,0,0,0,0,3,0,0,5,10
78389,3,6,7,4,0,0,1,0,9,30
78391,0,0,0,0,0,0,0,0,1,1
78396,9,8,7,4,8,0,1,1,19,57
78397,7,6,2,2,3,3,1,2,13,39
78398,1,2,1,3,0,0,0,2,8,17
78401,119,277,14,30,12,2,16,4,135,609
78402,22,2,1,0,1,2,0,0,4,32
78403,2,4,0,1,0,0,1,0,1,9
78406,0,2,0,0,0,0,0,0,38,40
78410,0,0,0,0,0,0,0,0,1,1
78415,0,0,0,1,0,0,0,0,1,2
78416,0,0,0,0,0,0,0,0,1,1
78418,60,177,14,58,16,13,0,5,108,451
78420,29,12,7,8,5,9,0,3,23,96
78423,143,69,44,35,26,56,8,8,237,626
78431,0,6,5,3,4,2,2,3,2,27
78437,0,0,0,0,0,0,0,1,1,2
78440,64,84,25,38,51,35,4,11,154,466
78442,8,3,4,3,1,4,1,1,12,37
78443,0,0,0,1,0,0,0,1,0,2
78444,0,0,0,0,0,0,0,0,1,1
78451,0,0,1,0,0,0,0,0,0,1
78455,12,13,8,8,6,7,0,2,45,101
78460,2,3,2,0,2,2,0,0,5,16
78464,0,2,0,0,0,0,0,0,1,3
78465,1,7,2,2,2,0,1,1,4,20
78466,6,8,6,5,5,6,2,0,26,64
78470,0,1,0,0,0,0,0,0,2,3
78472,0,0,0,1,0,0,0,0,0,1
78474,0,1,0,0,0,0,0,0,0,1
78481,16,39,5,15,7,11,2,11,27,133
78486,10,17,8,8,6,1,1,1,48,100
78490,172,346,41,92,30,32,4,22,239,978
78497,0,10,1,2,0,0,0,0,3,16
78498,408,730,42,95,46,71,127,30,423,1972
78501,3,8,1,3,5,1,0,0,1,22
78502,150,136,13,6,8,2,0,0,60,375
78512,0,0,0,0,0,0,0,0,1,1
78513,6,21,1,4,3,0,2,2,25,64
78516,0,0,0,1,0,0,0,0,0,1
78517,189,228,66,53,38,30,38,12,317,971
78520,5,30,20,9,1,0,0,7,29,101
78522,0,2,1,0,0,0,0,1,0,4
78524,1,0,0,0,0,0,0,0,0,1
78530,0,1,0,0,0,0,0,0,1,2
78531,2,15,5,3,1,3,0,0,9,38
78532,0,0,0,3,0,0,0,0,0,3
78537,4,8,6,0,6,3,0,6,15,48
78542,0,0,0,0,6,0,0,0,0,6
78545,23,35,14,8,15,19,1,4,52,171
78550,0,0,0,1,0,0,0,0,0,1
78551,255,381,79,112,39,59,16,35,344,1320
78557,0,0,0,1,0,0,0,0,0,1
78561,1,2,0,3,0,0,0,2,2,10
78562,1,2,1,2,2,1,0,1,4,14
78564,1,0,0,0,0,0,1,0,2,4
78569,0,2,0,0,0,0,0,0,0,2
78571,9,3,5,7,2,5,2,1,12,46
78575,30,54,13,14,9,4,1,0,55,180
78576,3,1,4,0,0,0,0,0,5,13
78586,102,80,40,44,29,32,10,14,160,511
78591,7,19,6,3,3,1,1,2,14,56
78595,0,0,0,1,0,0,0,0,0,1
78601,2,2,0,1,0,0,0,0,3,8
78605,0,0,0,0,0,0,0,0,1,1
78609,0,0,0,1,0,0,0,0,0,1
78615,0,2,0,0,0,5,0,0,1,8
78616,5,6,3,6,3,1,1,3,5,33
78620,0,3,1,0,0,0,0,0,0,4
78621,167,256,23,29,29,14,21,18,77,634
78623,0,1,0,1,0,0,0,0,0,2
78624,10,12,9,8,6,7,0,4,29,85
78638,6,11,7,5,1,1,1,2,9,43
78640,63,48,32,13,18,29,3,9,106,321
78642,25,19,9,15,6,10,4,7,64,159
78643,23,22,6,16,7,13,1,6,35,129
78644,26,159,2,21,5,0,0,0,55,268
78646,567,935,194,276,102,105,46,61,936,3222
78650,90,85,53,37,23,23,10,13,106,440
78652,0,0,0,0,0,0,0,1,0,1
78655,12,19,0,6,1,0,0,0,3,41
78661,0,0,0,0,3,0,0,0,0,3
78668,0,0,0,1,0,0,0,0,0,1
78672,13,13,6,7,3,8,1,3,25,79
78674,17,17,16,11,7,9,3,3,70,153
78681,0,0,0,0,0,0,0,0,1,1
78683,0,2,0,1,2,1,0,0,1,7
78686,24,33,16,31,13,17,5,9,47,195
78687,0,0,0,1,0,0,0,0,0,1
78688,18,29,21,30,8,17,0,14,89,226
79001,2,10,1,0,4,2,0,0,0,19
79003,3,5,3,1,4,2,0,1,9,28
79005,5,11,1,5,3,3,1,2,9,40
79010,0,2,0,0,0,2,0,0,0,4
79012,0,0,0,1,0,0,0,0,2,3
79013,1,15,0,0,2,1,0,0,7,26
79014,3,7,1,0,2,0,0,0,1,14
79020,0,1,0,0,0,0,0,0,1,2
79024,2,3,1,6,3,0,0,0,15,30
79025,0,0,0,1,0,0,0,0,0,1
79029,0,0,0,0,0,0,0,0,1,1
79031,2,11,3,4,4,3,0,0,5,32
79032,0,8,0,1,0,0,0,0,0,9
79034,25,13,8,5,0,3,3,2,39,98
79046,0,2,0,0,0,0,0,0,0,2
79047,0,1,0,0,0,0,0,0,0,1
79048,4,11,3,3,5,0,0,1,6,33
79049,37,36,7,21,15,8,6,6,123,259
79056,0,2,0,0,0,0,0,0,0,2
79057,5,1452,1,5,2,1,0,0,6,1472
79058,0,0,0,1,0,0,0,0,0,1
79061,6,13,2,2,3,3,0,0,8,37
79062,5,18,6,5,4,2,1,0,11,52
79063,1,0,0,1,1,0,0,0,1,4
79066,3,20,2,2,3,4,1,0,10,45
79071,0,0,1,0,0,0,0,0,0,1
79076,0,9,0,2,2,0,0,0,5,18
79079,13,34,8,5,4,3,1,2,20,90
79080,4,10,0,4,2,0,0,0,11,31
79081,15,44,7,4,12,2,0,6,31,121
79083,8,15,4,0,4,2,0,0,9,42
79086,7,25,2,4,4,0,0,0,7,49
79087,0,0,0,1,0,0,0,0,0,1
79088,0,3,4,0,0,0,0,0,2,9
79090,2,13,1,3,2,0,0,0,3,24
79092,0,3,0,0,0,0,0,0,1,4
79094,1,0,0,0,0,0,0,0,0,1
79096,0,2,0,0,0,0,0,0,0,2
79100,0,7,1,4,2,0,0,0,6,20
79101,3,22,2,3,6,1,1,3,12,53
79103,0,4,0,2,1,1,0,0,1,9
79104,0,0,0,1,0,0,0,0,1,2
79106,1,2,0,0,1,0,0,0,2,6
79109,6,10,6,0,4,5,2,3,10,46
79112,2,2,1,0,3,0,0,0,1,9
79114,0,0,0,1,0,0,0,0,0,1
79115,0,0,0,0,0,0,0,1,0,1
79116,58,146,0,9,9,0,26,0,25,273
79118,0,0,0,1,0,0,0,0,0,1
79119,0,0,0,0,0,0,0,0,1,1
79120,1,0,0,1,0,0,0,0,0,2
79123,1,4,0,0,2,0,0,0,5,12
79125,1,0,0,0,2,0,0,0,2,5
79126,0,0,0,0,0,0,0,0,1,1
79127,0,0,0,2,0,0,0,0,0,2
79128,0,0,0,0,0,0,0,0,1,1
79129,1,3,0,1,0,0,0,0,0,5
79130,7,9,1,3,3,0,0,0,9,32
79137,0,1,0,1,0,0,0,0,0,2
79148,9,13,2,1,5,1,0,1,7,39
79150,0,4,0,1,0,0,0,0,1,6
79159,0,2,0,0,0,0,0,0,0,2
79162,5,9,8,3,4,2,0,3,7,41
79166,0,0,2,3,0,0,0,0,2,7
79170,2,13,3,2,3,0,0,0,7,30
79171,1,3,0,0,0,0,0,0,0,4
79172,1,8,1,1,2,3,0,1,3,20
79174,31,35,6,9,8,1,2,1,43,136
79176,4,11,1,0,2,1,0,0,0,19
79177,0,0,0,0,0,0,0,0,1,1
79179,4,14,1,4,4,2,1,0,16,46
79184,6,7,4,3,5,1,1,0,5,32
79185,3,3,0,2,4,3,0,0,4,19
79189,0,0,0,0,2,0,0,0,2,4
79191,579,1376,108,179,87,43,68,26,738,3204
79193,0,2,0,0,0,0,0,0,0,2
79195,5,18,6,2,4,10,5,1,15,66
79196,0,15,0,2,0,0,0,0,2,19
79199,0,2,0,0,0,0,0,0,0,2
79201,0,9,2,1,2,1,0,0,3,18
79202,37,140,16,14,12,3,7,3,108,340
79204,0,0,0,0,1,0,0,0,1,2
79208,4,7,0,2,1,0,0,0,2,16
79213,4,11,1,3,2,0,0,1,11,33
79215,0,0,1,0,0,0,0,0,0,1
79216,4,10,3,2,2,0,0,1,2,24
79217,0,1,0,0,0,0,0,0,1,2
79225,0,2,0,1,0,0,0,0,0,3
79229,0,3,1,1,0,0,0,0,1,6
79235,1,0,2,0,3,3,0,0,2,11
79239,2,5,6,0,2,1,0,0,2,18
79242,0,0,0,0,0,0,0,0,1,1
79249,1,0,0,0,0,0,0,0,0,1
79254,0,3,0,0,0,0,0,0,0,3
79256,0,0,0,1,0,0,0,0,0,1
79257,4,6,1,2,2,0,1,0,4,20
79258,0,0,0,1,0,0,0,0,0,1
79264,0,3,0,0,0,0,0,0,0,3
79267,0,1,0,0,0,0,0,0,0,1
79268,3,9,0,4,3,0,3,0,2,24
79270,30,96,11,10,12,2,3,2,38,204
79271,0,1,0,0,0,0,0,0,0,1
79277,0,6,0,1,0,0,0,0,0,7
79279,0,0,0,0,0,2,0,0,0,2
79285,0,6,0,2,0,0,0,0,2,10
79292,1,1,1,0,0,0,0,0,0,3
79293,0,0,3,0,0,0,0,0,3,6
79295,0,0,0,0,0,0,0,0,1,1
79298,1,2,0,0,4,1,0,0,5,13
79299,3,14,1,1,2,0,0,0,15,36
79300,1,1,0,2,2,0,0,0,11,17
79303,0,0,0,0,0,0,0,0,1,1
79304,0,1,1,0,0,0,0,1,1,4
79307,3,8,2,0,3,0,1,0,4,21
79311,2,14,1,3,5,1,1,0,7,34
79322,1,6,0,4,2,0,0,0,3,16
79326,0,12,1,2,2,2,0,0,10,29
79329,33,66,8,14,9,5,3,4,99,241
79334,1,0,0,0,0,0,0,0,0,1
79336,0,0,0,0,0,0,0,0,1,1
79339,4,7,2,2,3,0,0,0,7,25
79340,0,0,0,0,0,0,0,0,1,1
79345,0,0,0,0,1,0,0,0,0,1
79351,1,7,2,1,2,0,0,0,6,19
79355,3,5,3,3,1,0,2,0,1,18
80001,258,578,35,51,52,26,30,12,292,1334
80003,2,9,6,1,1,0,0,1,9,29
80004,0,1,0,0,0,0,0,0,0,1
80009,2,7,1,0,2,1,0,3,0,16
80010,6,12,3,1,5,0,2,3,13,45
80011,5,5,7,2,5,0,0,2,8,34
80013,3,12,4,1,2,2,1,0,10,35
80016,49,78,28,9,15,4,3,6,49,241
80017,0,0,0,1,0,0,0,0,2,3
80021,1484,2607,202,297,245,136,162,98,1169,6400
80023,0,0,0,0,0,0,0,0,1,1
80025,0,3,0,4,0,0,0,2,4,13
80029,0,2,0,1,3,0,0,1,1,8
80031,0,0,3,1,0,0,0,0,1,5
80034,1,5,0,0,1,0,0,0,1,8
80036,0,0,0,0,0,0,0,0,2,2
80039,0,0,1,0,3,0,0,0,0,4
80044,0,1,0,0,0,0,0,0,0,1
80050,0,2,0,0,0,0,0,0,1,3
80062,0,5,0,0,2,0,0,0,0,7
80063,0,2,0,0,3,0,0,0,0,5
80070,4,4,3,0,3,0,0,2,2,18
80071,8,5,2,1,3,0,0,1,7,27
80079,0,0,0,0,0,0,0,0,1,1
80084,0,2,0,0,0,0,0,0,0,2
80086,4,4,2,0,3,0,0,1,4,18
80092,0,0,0,0,0,0,0,0,1,1
80096,0,1,0,0,0,0,0,0,1,2
80100,0,1,0,0,0,0,1,0,0,2
80107,0,0,0,0,0,0,0,0,1,1
80109,0,1,0,0,0,0,0,0,0,1
80110,0,1,1,0,0,0,0,0,1,3
80113,0,1,0,0,0,0,0,0,0,1
80116,1,1,2,1,0,0,0,0,0,5
80123,0,0,1,0,0,0,0,0,0,1
80126,0,0,1,0,0,0,0,0,0,1
80130,0,0,4,0,0,0,0,0,0,4
80131,33,108,11,11,10,5,1,2,29,210
80136,7,9,2,2,4,2,0,1,10,37
80137,0,0,0,0,0,0,0,1,0,1
80144,0,0,0,1,0,0,0,0,0,1
80147,0,0,0,0,0,0,0,0,1,1
80149,0,0,1,0,0,0,0,0,0,1
80150,0,0,1,0,0,0,0,0,0,1
80156,1,0,0,3,0,0,0,2,3,9
80159,0,0,0,0,0,0,0,0,1,1
80160,2,15,4,3,0,0,0,0,3,27
80162,0,3,0,0,0,0,0,0,0,3
80163,0,1,0,0,0,0,0,0,0,1
80164,5,6,6,6,8,2,1,3,15,52
80166,3,1,0,0,3,0,0,0,2,9
80168,1,0,2,0,0,0,0,1,1,5
80171,0,1,0,0,0,0,0,0,0,1
80173,0,1,0,0,0,0,0,0,0,1
80177,1,2,0,0,0,0,0,0,0,3
80182,4,19,6,2,4,0,0,1,9,45
80184,0,2,0,0,0,0,0,0,0,2
80186,10,10,0,0,6,1,0,0,3,30
80187,1,0,0,0,0,0,0,0,0,1
80190,0,1,0,0,3,0,0,0,0,4
80191,0,0,0,1,0,0,0,0,0,1
80198,0,2,0,1,0,0,0,0,0,3
80199,1,2,0,0,0,0,0,0,0,3
80202,0,1,0,0,0,0,0,0,0,1
80204,2,3,1,1,2,0,1,0,1,11
80205,0,2,0,0,0,0,0,0,0,2
80209,4,2,2,0,0,0,1,0,2,11
80211,4,18,8,3,3,2,1,5,8,52
80212,36,111,19,11,11,2,2,8,62,262
80213,0,1,0,0,0,0,0,0,0,1
80218,0,0,0,0,0,0,0,0,1,1
80222,9,20,6,4,7,2,1,1,13,63
80228,4,2,1,0,4,4,0,0,1,16
80234,5,2,5,0,3,4,1,3,8,31
80238,0,2,0,0,0,0,0,0,0,2
80240,1,2,1,0,0,0,0,0,1,5
80241,0,4,4,3,0,0,0,0,0,11
80244,0,1,0,0,0,0,0,0,0,1
80247,0,2,0,0,1,0,0,0,0,3
80250,0,1,0,0,0,0,0,0,0,1
80253,56,140,15,10,11,0,7,3,64,306
80256,4,3,3,1,3,1,2,1,2,20
80260,0,4,1,0,0,0,0,0,3,8
80261,38,83,7,11,3,0,3,2,33,180
80271,2,7,3,1,1,1,0,0,8,23
80274,0,0,1,0,3,0,0,0,3,7
80275,0,0,0,1,0,0,0,0,0,1
80279,1,7,0,2,0,0,0,0,4,14
80288,1,2,0,0,0,3,0,0,1,7
80295,0,0,0,0,0,0,0,0,1,1
80296,0,1,0,0,0,0,0,0,1,2
80302,0,1,0,0,0,0,0,0,0,1
80303,0,1,0,0,0,0,0,0,0,1
80305,0,0,1,0,0,0,0,0,0,1
80308,4,7,3,1,2,0,0,0,3,20
80315,1,2,0,0,0,0,0,0,0,3
80316,3,4,4,0,2,0,0,1,9,23
80317,0,0,0,1,0,0,0,0,0,1
80318,4,3,8,2,4,2,1,4,13,41
80319,0,0,0,0,0,0,0,0,1,1
80326,0,0,0,0,0,0,0,0,1,1
80331,0,1,0,0,0,0,0,0,0,1
80332,0,0,1,0,0,0,0,0,0,1
80333,3,7,4,2,3,0,0,1,1,21
80337,0,0,0,1,0,0,0,0,0,1
80338,1,5,1,3,3,0,0,0,6,19
80340,0,0,1,0,0,0,0,0,0,1
80341,0,0,0,0,0,0,0,0,1,1
80344,0,0,1,0,0,0,0,0,0,1
80348,0,0,0,1,0,0,0,0,0,1
80357,0,0,0,0,0,0,0,0,1,1
80359,0,1,0,0,0,0,0,0,0,1
80360,0,5,1,0,3,0,0,0,1,10
80364,6,6,0,0,0,0,1,1,2,16
80366,0,0,0,0,0,0,0,0,2,2
80368,1,16,2,3,6,3,0,1,29,61
80373,4,20,2,0,4,0,0,0,9,39
80374,0,1,0,0,0,0,0,0,0,1
80377,0,0,0,2,0,0,0,0,0,2
80379,0,7,0,1,8,0,0,0,19,35
80380,0,1,0,0,0,0,0,0,0,1
80383,0,0,0,1,0,0,0,0,0,1
80385,0,1,0,3,0,0,0,0,0,4
80387,0,2,0,0,0,0,0,0,0,2
80395,0,0,0,0,0,0,0,1,0,1
80402,0,2,0,0,0,0,0,0,0,2
80406,2,5,0,0,2,0,0,0,1,10
80410,21,71,1,6,8,3,1,3,46,160
80415,3,6,0,0,4,0,0,0,3,16
80417,6,4,0,1,2,0,0,0,3,16
80424,0,1,6,2,0,0,0,1,3,13
80442,0,0,0,0,0,0,0,0,1,1
80443,2,11,1,1,2,0,0,1,4,22
80446,1,2,0,0,2,0,0,0,1,6
80452,0,0,3,1,0,0,0,0,2,6
80463,0,0,0,0,0,0,0,0,3,3
80464,0,0,1,1,0,0,0,0,0,2
80479,0,4,0,0,2,0,0,0,0,6
80484,6,0,1,0,0,0,0,0,0,7
80485,2,1,0,1,0,0,0,0,1,5
80488,5,4,1,0,3,0,0,0,2,15
80489,9,10,2,2,12,0,0,4,25,64
80494,0,0,0,1,0,0,0,0,0,1
80498,1,1,1,0,3,0,0,0,1,7
80507,4,3,1,0,3,0,0,2,0,13
80512,0,0,0,0,1,0,0,0,0,1
80518,0,0,0,0,0,0,0,1,0,1
80519,1,0,0,0,0,0,0,0,1,2
80523,1,5,0,0,0,0,0,0,0,6
80524,2,0,0,1,0,0,0,0,0,3
80527,0,0,0,0,0,0,0,0,1,1
80530,0,0,0,1,0,0,0,0,0,1
80533,4,7,2,1,5,2,0,1,22,44
80536,0,0,0,0,0,0,0,0,1,1
80542,0,4,0,0,0,0,0,0,0,4
80546,0,2,0,0,0,0,0,0,0,2
80549,1,2,1,0,2,0,0,1,3,10
80552,0,4,0,0,1,0,0,0,0,5
80554,8,10,4,1,2,0,0,1,1,27
80555,0,0,0,0,0,0,0,0,1,1
80557,0,4,0,0,0,0,0,0,0,4
80561,48,104,4,9,16,1,4,1,65,252
80562,0,0,0,1,0,0,0,0,0,1
80570,20,11,9,2,8,1,1,1,10,63
80571,0,0,0,0,0,0,0,0,1,1
80578,0,1,0,0,0,0,0,0,0,1
80579,0,0,5,0,0,0,0,0,10,15
80583,0,1,0,0,0,0,0,0,1,2
80584,1,2,0,0,0,0,0,0,0,3
80585,6,14,2,0,4,0,0,1,9,36
80588,0,1,0,0,0,0,0,0,0,1
80590,0,0,4,0,0,0,0,0,0,4
80595,0,0,0,1,0,0,0,0,0,1
80598,4,6,2,0,3,0,1,2,3,21
80600,1,0,0,0,0,0,0,1,0,2
80601,0,2,0,0,0,0,0,0,0,2
80606,5,12,2,0,4,2,1,2,9,37
80611,0,1,0,0,0,0,0,0,0,1
80613,0,4,0,0,0,0,0,0,0,4
80615,0,2,0,0,0,0,0,0,2,4
80619,0,0,1,0,0,0,0,0,0,1
80620,71,227,11,24,17,5,13,2,94,464
80622,2,9,4,1,2,0,0,0,3,21
80625,1,1,0,0,2,0,0,2,4,10
80627,0,3,4,0,2,0,0,0,1,10
80630,26,29,6,15,4,1,1,2,10,94
80632,18,5,4,4,0,0,0,1,18,50
80633,2,1,0,0,0,0,0,1,0,4
80635,3,6,1,0,3,0,0,2,1,16
80639,1,2,1,2,2,0,2,3,1,14
80643,0,0,0,0,0,1,0,0,0,1
80644,0,0,0,1,0,0,0,0,0,1
80647,0,0,0,0,0,0,0,0,1,1
80649,1,0,1,0,0,0,0,2,0,4
80650,5,7,3,0,3,0,0,1,2,21
80656,4,6,6,1,2,0,1,1,5,26
80661,2,4,2,0,0,0,0,0,1,9
80672,0,2,0,1,2,0,0,0,0,5
80674,2,2,5,4,4,0,0,3,7,27
80677,3,7,1,2,2,1,0,1,7,24
80678,0,0,0,0,0,0,0,0,1,1
80679,0,1,0,0,0,0,0,0,0,1
80680,2,7,6,1,8,0,1,2,8,35
80685,43,38,5,9,12,3,1,2,30,143
80686,2,3,3,1,2,0,0,1,1,13
80688,7,28,7,0,8,2,1,2,20,75
80690,0,0,0,0,0,0,0,0,1,1
80692,0,2,1,0,0,0,0,1,1,5
80696,5,2,6,1,3,1,1,3,7,29
80700,0,2,1,0,0,0,0,0,0,3
80702,0,0,3,2,0,2,0,0,2,9
80706,0,2,0,0,4,0,0,0,1,7
80710,0,1,0,0,0,0,0,0,0,1
80711,11,6,1,0,4,0,0,0,1,23
80716,3,17,1,3,3,0,2,1,3,33
80717,1,2,0,0,3,0,0,3,3,12
80718,1,9,0,1,3,0,0,0,0,14
80721,19,61,3,3,3,2,0,1,18,110
80724,6,9,2,0,4,1,0,1,3,26
80725,10,14,17,4,7,8,2,5,28,95
80730,0,2,0,0,0,0,0,0,0,2
80732,0,3,0,0,1,0,0,0,0,4
80746,1,2,0,0,0,0,0,0,0,3
80752,0,0,0,2,0,0,0,0,0,2
80759,0,0,0,1,0,0,0,0,0,1
80765,0,1,1,0,0,0,0,0,0,2
80770,1,1,0,0,0,0,0,0,0,2
80778,0,2,0,0,0,0,0,0,0,2
80779,21,0,0,0,1,0,0,1,22,45
80780,1,0,0,0,0,0,0,0,0,1
80790,0,1,0,1,0,0,0,0,0,2
80791,0,0,0,0,0,0,0,1,1,2
80793,5,7,2,1,2,1,2,1,3,24
80795,0,0,0,3,0,0,0,0,1,4
80798,2,3,4,1,3,4,0,1,8,26
80799,20,23,14,0,7,1,0,7,15,87
80805,0,0,2,0,0,0,0,0,0,2
80815,3,2,6,0,2,0,0,1,0,14
80820,4,6,4,2,2,3,1,2,3,27
80827,9,14,1,0,3,0,1,0,3,31
80830,0,2,0,1,0,0,0,0,0,3
80832,0,2,0,0,0,0,0,0,0,2
80834,0,2,0,0,0,0,0,0,0,2
81002,1,4,0,0,1,0,0,0,1,7
81003,0,12,3,1,3,1,0,0,3,23
81004,554,1344,128,200,89,53,59,55,683,3165
81008,0,4,0,0,0,0,0,0,2,6
81011,0,0,0,0,0,0,0,0,1,1
81013,0,2,0,0,0,0,0,0,0,2
81014,2,9,2,0,0,0,0,0,2,15
81015,0,0,1,0,0,0,0,0,0,1
81016,0,1,0,0,0,0,0,0,0,1
81018,2,4,4,2,2,0,1,0,3,18
81021,0,25,3,1,4,0,1,1,14,49
81029,0,2,0,0,0,0,0,0,0,2
81031,0,4,0,0,0,0,0,0,1,5
81032,1,10,0,2,0,0,0,0,0,13
81033,2,26,0,5,2,0,0,0,67,102
81034,0,2,0,0,1,0,0,0,1,4
81036,0,4,5,0,0,0,0,0,5,14
81037,4,18,4,2,2,2,0,1,7,40
81038,4,22,8,2,3,6,0,0,11,56
81039,3,17,3,1,2,0,0,0,5,31
81042,8,3,7,2,0,0,1,1,4,26
81043,0,3,0,0,0,0,0,1,0,4
81045,0,0,1,0,0,0,0,0,1,2
81046,8,10,5,4,2,0,0,0,2,31
81048,4,16,2,1,3,0,0,2,12,40
81049,2,25,5,1,0,0,0,0,7,40
81050,0,1,0,0,0,0,0,0,0,1
81051,2,5,2,2,2,2,1,1,8,25
81052,1,6,1,0,2,0,0,0,1,11
81053,0,0,0,1,0,0,0,0,0,1
81054,0,0,1,0,0,0,0,0,0,1
81055,0,3,0,0,0,0,0,0,1,4
81058,0,3,0,0,0,0,0,0,0,3
81059,0,3,0,0,0,0,0,0,0,3
81060,22,101,21,13,14,6,3,4,136,320
81062,0,0,1,1,0,0,0,0,1,3
81063,1,12,4,2,1,0,0,0,7,27
81064,3,3,1,0,2,0,0,0,2,11
81065,284,635,70,72,70,49,42,21,401,1644
81067,0,2,0,0,0,0,0,0,0,2
81069,4,16,2,4,1,5,0,0,8,40
81070,7,10,10,1,2,3,1,0,5,39
81074,0,5,0,1,0,0,0,0,4,10
81076,1,2,2,3,1,1,0,2,0,12
81077,0,1,1,0,0,0,0,0,0,2
81078,2,0,2,0,0,0,0,0,2,6
81079,0,2,0,0,0,0,0,0,0,2
81081,1,4,0,3,2,0,0,0,2,12
81088,0,3,0,0,0,0,0,0,0,3
81092,0,2,1,0,0,0,0,2,0,5
81093,1,7,0,5,0,0,0,0,18,31
81096,1,0,0,0,0,0,0,0,0,1
81097,0,1,1,0,0,0,0,0,2,4
81099,51,85,35,31,16,15,4,12,131,380
81100,1,1,0,0,0,0,0,0,0,2
81101,0,2,3,0,0,0,0,4,2,11
81104,0,4,10,1,2,3,0,1,5,26
81105,18,67,9,14,18,8,4,7,64,209
81106,0,0,0,1,0,0,0,0,0,1
81109,1,4,0,1,0,0,0,0,1,7
81112,0,5,0,0,0,0,0,3,2,10
81114,0,2,1,0,0,0,0,0,0,3
81115,5,14,3,0,3,1,0,0,2,28
81116,0,0,0,1,0,1,0,0,1,3
81117,1,1,0,0,0,0,0,0,0,2
81119,2,3,1,1,3,0,0,1,5,16
81120,7,29,14,1,3,2,2,4,22,84
81124,3,18,3,4,3,3,3,1,17,55
81128,0,6,4,2,2,0,0,0,1,15
81130,2,2,2,0,3,2,2,2,3,18
81131,3,16,4,2,2,2,2,2,10,43
81132,2,0,0,0,2,0,0,1,1,6
81138,0,4,0,0,0,0,0,0,0,4
81139,2,9,5,3,2,1,0,1,4,27
81140,104,210,31,55,21,11,22,16,142,612
81142,0,2,0,0,0,0,0,0,0,2
81143,0,1,0,0,0,0,0,0,0,1
81144,9,14,2,1,2,6,1,0,22,57
81145,9,14,7,0,5,0,1,4,22,62
81147,0,0,0,0,1,0,0,0,0,1
81156,8,14,16,3,4,5,2,2,27,81
81158,0,3,0,0,0,0,0,0,0,3
81159,0,1,1,0,0,0,0,0,0,2
81161,0,2,0,0,0,0,0,0,0,2
81162,1,0,0,0,0,0,0,0,0,1
81163,36,84,16,7,12,11,3,4,58,231
81165,0,1,0,0,0,0,0,0,0,1
81168,1,11,2,1,2,1,0,0,3,21
81170,0,11,2,1,1,0,0,0,1,16
81171,1,2,0,0,0,0,0,0,1,4
81174,0,5,0,2,0,0,0,0,1,8
81178,1,2,0,0,0,0,0,0,0,3
81179,0,0,0,0,0,0,0,0,1,1
81182,3,15,2,1,2,1,0,1,5,30
81183,0,0,0,0,0,0,0,0,1,1
81189,0,0,0,1,0,0,0,0,0,1
81191,0,1,0,0,0,0,0,0,0,1
81192,0,6,1,3,2,0,0,1,1,14
81195,1,0,0,3,0,0,0,4,8,16
81196,0,2,0,0,0,0,0,0,0,2
81198,0,1,0,0,0,0,0,0,0,1
81200,0,2,0,1,0,0,0,0,2,5
81201,2,9,9,2,2,0,1,1,1,27
81202,0,0,0,1,0,0,0,0,0,1
81203,0,2,0,0,0,0,0,0,1,3
81204,2,5,1,3,3,1,0,0,2,17
81206,0,2,1,0,0,0,0,0,3,6
81209,1,8,0,1,2,1,1,2,6,22
81217,1,0,1,0,0,0,0,0,0,2
81218,4,15,5,2,3,1,0,2,5,37
81219,4,18,9,3,3,3,3,1,12,56
81220,7,19,14,12,4,6,1,5,34,102
81222,6,25,8,17,4,4,1,1,17,83
81225,0,1,2,0,0,0,0,0,1,4
81227,5,10,1,1,2,0,1,2,2,24
81232,0,1,0,1,0,0,0,1,0,3
81237,1,0,0,0,0,0,0,0,0,1
81238,1,14,3,2,4,0,0,1,5,30
81244,0,4,0,0,0,0,0,0,1,5
81249,0,2,0,0,0,0,0,0,0,2
81250,1,0,0,0,0,0,0,0,0,1
81253,0,0,0,0,0,0,0,0,1,1
81257,10,22,6,3,4,5,2,0,23,75
81259,0,0,0,1,0,0,0,0,0,1
81261,0,1,0,0,0,0,0,0,0,1
81263,0,6,0,0,0,0,0,0,0,6
81266,2,4,5,2,2,0,0,1,1,17
81267,2,7,2,2,0,0,0,0,1,14
81271,9,31,17,14,8,13,3,7,67,169
81273,11,26,9,6,2,1,3,4,16,78
81274,0,0,0,1,0,0,0,0,1,2
81276,2,11,3,2,2,1,0,0,2,23
81279,1,0,0,0,0,0,0,0,0,1
81281,4,10,6,1,2,1,0,1,4,29
81283,0,2,0,0,0,0,0,1,4,7
81284,14,8,12,4,5,2,0,1,35,81
81285,1,5,0,2,0,0,0,0,38,46
81286,1,6,0,1,0,0,0,0,1,9
81288,5,17,8,2,2,2,0,0,15,51
81289,7,9,7,2,3,3,0,2,13,46
81292,1,3,9,1,2,0,0,0,1,17
81294,0,0,0,1,0,0,0,0,0,1
81295,2,2,1,0,3,0,0,0,0,8
81297,1,2,5,0,0,3,0,0,0,11
81298,0,0,1,0,0,0,0,1,0,2
81300,0,1,0,1,0,0,0,0,2,4
81303,2,12,1,3,1,0,0,1,2,22
81305,1,4,1,0,1,1,0,0,1,9
81306,3,4,5,0,1,0,0,0,1,14
81307,0,2,1,0,0,0,0,0,0,3
81308,5,46,8,1,3,1,0,0,25,89
81311,0,2,0,0,0,0,0,0,0,2
81312,7,7,7,0,0,0,1,0,3,25
81314,2,1,0,2,1,0,0,1,3,10
81315,2,3,1,1,3,1,0,4,7,22
81317,3,10,5,2,3,1,1,1,8,34
81319,0,2,0,1,0,0,0,0,0,3
81324,0,0,1,0,0,0,0,0,0,1
81325,0,2,1,0,2,1,0,0,3,9
81326,2,0,0,0,0,0,0,0,0,2
82001,0,4,1,0,0,0,0,0,1,6
82002,2,6,6,1,2,1,0,0,17,35
82005,1,1,6,1,3,2,0,0,5,19
82008,2,1,1,2,1,0,0,1,2,10
82011,0,0,0,1,0,0,0,0,0,1
82012,0,0,1,0,0,0,0,0,0,1
82013,26,37,7,6,6,4,1,2,38,127
82017,0,2,0,1,0,0,0,0,1,4
82018,0,2,0,1,0,0,0,0,1,4
82019,0,0,0,2,0,0,0,0,0,2
82021,0,0,1,0,0,0,0,0,0,1
82022,0,3,0,0,1,0,0,0,1,5
82023,0,2,0,1,0,0,0,0,1,4
82024,0,1,1,0,0,0,0,0,0,2
82025,7,7,6,0,4,4,0,4,15,47
82027,0,3,0,1,0,0,0,0,0,4
82028,2,2,1,2,5,1,0,2,9,24
82030,0,2,0,0,0,0,0,0,0,2
82031,0,1,3,1,0,0,0,0,0,5
82032,0,5,0,0,0,0,0,0,0,5
82033,34,65,13,8,15,4,1,3,66,209
82037,20,45,14,8,10,5,2,4,53,161
82038,3,10,1,3,2,0,0,1,5,25
82042,0,5,2,0,0,0,0,0,3,10
82043,0,1,0,0,0,0,0,0,0,1
82044,2,4,5,0,0,0,0,1,2,14
82048,0,4,2,0,0,0,0,0,0,6
82049,0,2,0,0,0,0,0,0,1,3
82050,1,4,3,0,2,0,0,0,2,12
82051,0,7,0,0,0,0,0,0,1,8
82052,0,3,4,0,0,0,0,0,1,8
82053,0,2,0,0,0,0,0,0,0,2
82061,0,0,1,0,0,0,0,0,0,1
82062,1,1,0,0,2,0,0,0,3,7
82063,0,0,1,1,0,0,0,0,0,2
82065,0,0,1,0,0,0,0,0,0,1
82066,0,2,1,0,0,0,0,0,0,3
82067,0,0,0,0,0,0,0,0,1,1
82068,0,0,0,0,0,0,0,0,1,1
82069,0,0,0,1,0,0,0,0,0,1
82072,5,5,4,1,0,0,1,2,4,22
82075,4,9,6,2,2,1,2,4,9,39
82076,3,6,6,1,0,0,0,1,1,18
82079,7,6,12,2,1,3,2,0,8,41
82080,0,2,0,0,0,0,0,0,0,2
82085,0,2,0,0,0,0,0,0,0,2
82086,0,0,2,0,0,0,0,0,0,2
82087,3,9,7,4,1,0,1,2,13,40
82088,0,6,1,1,3,0,0,0,3,14
82089,3,3,1,2,3,1,0,0,2,15
82090,0,4,0,0,2,0,0,2,6,14
82093,0,8,0,3,0,0,0,0,1,12
82094,3,17,4,2,3,0,0,0,6,35
82095,0,0,0,1,0,0,0,0,0,1
82096,0,5,5,1,2,0,1,1,7,22
82097,8,25,2,3,2,3,0,0,10,53
82098,1,2,1,0,0,0,0,0,2,6
82099,0,2,0,0,0,0,0,0,1,3
82101,1,6,2,1,1,1,0,0,0,12
82102,0,1,0,0,0,0,0,0,0,1
82105,1,0,1,0,2,0,0,0,2,6
82108,1,3,3,1,2,0,0,0,4,14
82110,0,5,1,0,0,0,0,0,0,6
82112,33,161,22,16,15,5,1,4,119,376
82113,3,4,2,2,1,1,0,1,6,20
82114,0,2,0,0,0,0,0,0,0,2
82115,4,7,4,1,2,1,0,0,5,24
82117,1,9,2,0,3,1,0,0,6,22
82119,0,0,1,0,0,0,0,0,0,1
82121,505,1047,117,156,70,67,43,50,783,2838
82123,0,2,1,0,0,2,0,0,3,8
82124,3,18,7,6,4,2,0,1,25,66
82125,11,30,15,8,6,3,2,3,37,115
82126,0,4,0,0,0,0,0,0,0,4
82127,0,3,2,0,0,0,0,0,0,5
82131,2,3,1,0,2,0,0,0,3,11
82132,5,7,2,1,3,0,0,1,5,24
82134,9,66,14,10,7,2,3,5,21,137
82135,0,0,1,0,0,0,0,1,0,2
82136,0,2,0,0,0,0,0,0,7,9
82137,1,6,1,3,1,0,0,0,4,16
82138,0,0,0,1,0,0,0,0,0,1
82141,0,0,0,0,0,0,0,0,1,1
82142,2,1,2,1,0,1,0,0,0,7
82148,0,4,1,0,0,0,0,0,0,5
82149,1,6,4,1,1,0,1,0,6,20
82150,0,2,0,1,0,0,0,0,2,5
82154,0,0,0,1,0,0,0,0,0,1
82155,2,7,4,1,2,1,1,5,5,28
82161,2,11,2,7,4,1,1,2,16,46
82167,9,30,4,4,4,0,1,0,13,65
82168,0,1,0,0,0,0,0,0,0,1
82169,7,6,2,1,2,0,0,0,5,23
82170,0,0,0,2,0,0,0,0,1,3
82171,0,2,0,1,0,0,0,0,0,3
82173,0,4,0,0,0,0,0,0,0,4
82178,3,2,0,0,0,0,0,1,3,9
82179,2,17,4,3,2,3,0,0,5,36
82184,0,2,1,0,0,0,0,0,0,3
82185,0,0,0,1,0,0,0,0,1,2
82186,28,62,12,6,10,7,1,4,43,173
82187,2,3,3,2,2,0,1,0,5,18
82188,0,0,0,0,0,0,0,0,1,1
82190,5,16,7,5,4,7,0,3,19,66
82192,0,0,0,0,0,0,0,0,1,1
82194,2,8,10,1,3,0,0,0,3,27
82195,0,2,0,0,0,0,0,0,1,3
83001,3,9,3,2,2,2,0,0,2,23
83003,0,2,1,0,0,0,0,0,0,3
83004,4,28,13,1,6,2,1,2,15,72
83005,0,0,1,0,0,0,0,0,0,1
83007,9,20,3,3,2,1,1,1,10,50
83008,5,19,8,3,2,1,0,4,4,46
83009,31,65,32,10,12,9,0,7,68,234
83011,1,8,1,1,1,0,0,0,1,13
83012,8,14,3,3,5,4,0,2,15,54
83016,28,58,43,10,12,13,4,9,43,220
83017,3,5,2,1,0,1,0,0,1,13
83018,4,8,6,1,1,0,0,3,5,28
83019,16,34,8,3,8,2,1,0,20,92
83021,1,7,1,1,1,2,0,1,3,17
83023,138,265,45,22,37,32,21,4,156,720
83024,0,0,1,0,0,0,0,0,0,1
83025,0,0,1,1,0,0,0,1,1,4
83026,0,7,1,3,0,0,0,2,1,14
83027,10,18,18,5,3,3,0,1,20,78
83028,5,19,4,1,1,2,0,0,4,36
83029,8,33,7,3,4,2,0,2,26,85
83030,1,1,1,1,0,0,1,0,1,6
83031,13,22,12,3,8,21,1,2,38,120
83032,4,17,2,2,2,4,0,1,5,37
83033,2,8,11,0,2,1,1,1,12,38
83034,13,43,45,4,8,10,2,3,38,166
83035,2,17,21,1,3,2,0,1,8,55
83036,9,35,13,3,9,8,0,2,23,102
83037,5,2,2,0,0,0,0,0,2,11
83039,0,0,0,1,0,0,0,1,2,4
83041,1,2,0,0,0,0,0,0,0,3
83042,19,47,25,11,12,11,0,3,40,168
83043,4,24,5,8,2,0,1,3,26,73
83044,1,2,2,1,0,0,1,0,0,7
83045,0,2,0,0,0,0,0,0,1,3
83046,3,9,6,2,2,1,0,0,4,27
83047,39,77,41,9,14,13,3,5,77,278
83048,3,13,7,3,3,1,0,0,22,52
83049,43,56,31,9,16,9,2,4,60,230
83050,272,558,79,55,44,55,27,21,339,1450
83051,0,2,2,1,0,0,0,0,1,6
83053,2,7,1,2,3,3,0,0,4,22
83054,13,24,29,4,11,4,2,4,38,129
83055,8,25,3,2,5,5,0,2,16,66
83056,10,30,8,3,4,4,0,1,6,66
83057,2,9,3,2,5,0,0,0,1,22
83058,3,25,2,1,2,1,1,2,9,46
83059,0,6,5,0,2,0,0,0,2,15
83061,368,849,117,69,74,55,39,16,409,1996
83062,63,515,85,27,27,14,4,17,171,923
83063,2,3,1,0,2,1,0,0,2,11
83064,10,27,14,5,4,3,1,4,34,102
83065,105,119,4,4,8,3,15,2,42,302
83066,2,7,3,1,0,1,0,1,1,16
83067,2,21,4,1,3,2,1,1,12,47
83068,9,18,3,5,7,8,0,0,9,59
83069,485,1133,287,75,85,65,36,47,500,2713
83070,11,22,20,4,7,8,2,3,39,116
83071,11,60,42,2,11,8,2,4,31,171
83072,10,43,22,7,8,6,1,3,27,127
83073,10,39,9,7,14,9,1,5,34,128
83075,0,1,0,0,0,0,0,0,0,1
83077,2,2,5,0,3,1,0,0,0,13
83079,0,2,1,1,0,0,0,0,1,5
83080,0,2,2,0,0,0,0,0,0,4
83081,24,20,17,2,4,6,4,4,35,116
83083,0,5,2,0,0,0,0,1,0,8
83084,0,0,1,0,0,0,0,0,0,1
83085,1,10,2,0,0,1,0,1,4,19
83086,8,43,14,10,11,10,1,5,46,148
83087,18,76,10,7,6,0,1,3,15,136
83088,2,11,1,1,2,1,0,0,7,25
83090,298,441,56,25,17,23,7,15,150,1032
83091,56,221,21,38,7,3,1,3,88,438
83092,3,26,1,2,3,1,0,2,12,50
83093,3,14,2,2,0,1,0,1,3,26
83094,3,3,4,1,1,0,0,0,3,15
83095,0,0,1,0,0,0,0,0,0,1
83096,0,0,1,0,0,0,0,0,0,1
83097,3,8,13,3,4,4,2,1,15,53
83098,26,56,51,11,10,11,2,8,58,233
83099,16,36,30,6,11,20,2,3,45,169
83100,5,10,4,1,2,2,0,2,5,31
83101,2,2,2,0,1,0,0,0,1,8
83102,1,7,1,0,2,0,0,0,5,16
83103,11,79,11,8,4,4,0,3,14,134
83104,8,20,6,4,2,4,2,2,17,65
83106,6,8,3,3,4,1,2,2,18,47
83107,17,53,28,6,10,12,3,6,43,178
83108,2,14,2,1,2,0,0,2,3,26
83110,0,3,3,0,0,0,0,0,3,9
83111,2,3,2,0,0,0,0,0,3,10
83112,61,109,113,21,17,14,5,11,77,428
83113,2,7,4,0,3,0,0,0,1,17
83115,65,63,28,11,21,24,1,4,99,316
83116,65,79,30,28,29,16,5,14,124,390
83117,0,5,2,3,0,0,0,2,1,13
83118,190,277,159,28,42,68,3,16,207,990
83119,20,25,10,2,9,6,1,0,29,102
83120,5,12,16,4,4,3,0,6,12,62
83121,4,26,5,3,4,3,0,3,28,76
83122,0,2,0,0,0,0,0,0,0,2
83123,56,156,47,8,23,17,3,10,108,428
83124,2,11,2,4,3,0,0,3,5,30
83125,5,7,4,0,1,0,0,1,2,20
83126,298,482,107,49,80,55,27,31,357,1486
83127,2,9,4,4,19,1,1,1,2,43
83128,1,0,0,3,0,0,0,1,5,10
83129,56,153,94,24,37,34,5,22,172,597
83130,63,57,30,6,12,10,3,1,79,261
83131,5,61,9,9,4,2,0,1,37,128
83132,2,0,3,0,2,0,0,0,2,9
83133,0,0,0,0,0,0,0,0,2,2
83134,2,3,4,0,0,0,0,0,0,9
83135,0,1,3,1,0,0,0,0,2,7
83136,3,7,5,2,2,0,1,1,5,26
83137,1258,2215,447,215,209,188,134,73,1387,6126
83138,13,11,18,2,2,8,0,2,13,69
83139,2,4,1,0,0,0,0,0,0,7
83140,11,22,9,0,2,1,0,0,19,64
83141,2,14,9,9,7,2,1,0,22,66
83143,0,19,5,1,4,2,0,3,11,45
83144,112,124,70,31,37,30,5,10,176,595
83145,3,10,0,0,1,0,1,0,2,17
83146,1,1,3,0,0,0,0,1,1,7
83148,20,32,7,7,8,0,3,2,30,109
83149,2,4,4,1,0,0,0,0,1,12
83150,4,11,7,1,2,4,1,5,13,48
83151,0,1,0,0,0,0,0,0,0,1
83152,1,1,1,0,1,0,0,1,1,6
83153,6,30,10,4,5,3,1,1,17,77
83154,0,1,0,1,0,0,0,0,0,2
84001,3,14,7,1,2,0,1,2,7,37
84002,1,3,0,0,0,0,0,0,1,5
84003,67,144,20,11,14,9,6,5,91,367
84004,3,18,7,3,1,1,0,1,11,45
84007,931,1759,175,244,137,112,97,48,1150,4653
84008,0,0,0,0,0,0,0,0,1,1
84009,0,3,2,0,0,0,0,0,2,7
84010,1,0,1,2,0,0,0,2,1,7
84012,5,12,5,4,2,0,0,3,4,35
84013,5,1,4,0,0,2,0,1,2,15
84014,1,5,1,0,0,0,0,0,0,7
84015,0,0,0,0,0,0,0,0,1,1
84016,5,13,6,3,5,5,0,0,7,44
84017,5,8,1,2,3,3,1,1,7,31
84018,0,0,1,0,0,0,0,0,0,1
84019,12,29,19,5,11,8,4,4,85,177
84020,2,2,2,0,1,2,0,0,1,10
84021,0,0,0,0,0,0,0,0,1,1
84024,0,0,1,1,0,0,0,0,1,3
84025,24,2,2,0,4,0,2,1,5,40
84026,13,24,12,2,5,1,1,7,18,83
84027,3,12,3,0,1,0,0,0,2,21
84028,1,2,1,1,0,0,0,0,1,6
84029,1,7,5,2,4,0,1,2,9,31
84030,3,10,6,1,2,0,0,1,6,29
84031,170,394,56,43,34,40,44,13,221,1015
84034,3,7,5,2,4,3,0,1,5,30
84035,149,239,21,31,35,16,20,7,167,685
84036,7,13,6,5,2,0,0,2,5,40
84037,2,9,1,1,1,1,1,1,10,27
84038,0,12,4,1,3,1,1,2,8,32
84039,7,14,9,3,7,3,2,2,12,59
84040,1,0,0,0,0,0,1,0,2,4
84042,3,9,3,1,4,0,1,0,7,28
84043,10,38,8,2,6,2,0,5,54,125
84044,0,1,0,0,0,0,0,0,0,1
84045,1,3,4,0,0,1,0,0,1,10
84047,3,4,5,4,2,1,0,1,3,23
84050,8,26,6,3,4,0,0,1,2,50
84051,1,3,0,1,2,2,0,1,4,14
84052,2,3,0,1,3,0,0,0,3,12
84053,1,3,1,0,2,0,2,1,5,15
84054,75,97,41,24,18,22,3,16,137,433
84055,1,4,1,2,0,2,2,4,8,24
84056,3,22,7,3,4,2,0,2,40,83
84057,0,0,1,0,0,0,0,0,0,1
84061,0,0,0,0,0,0,0,0,1,1
84062,3,3,3,0,1,0,0,1,3,14
84063,0,0,0,0,0,0,0,1,1,2
84064,3,11,4,2,1,0,0,0,7,28
84065,9,24,9,0,3,0,1,1,8,55
84067,2,2,10,0,3,0,0,0,10,27
84068,2,5,1,0,2,2,0,2,6,20
84069,6,18,4,0,3,1,0,0,10,42
84070,1,7,4,1,0,0,0,0,2,15
84071,0,6,3,2,0,3,0,2,25,41
84072,7,14,3,3,5,4,0,0,25,61
84073,1,5,1,1,1,0,0,0,0,9
84074,5,3,4,1,3,0,0,1,7,24
84075,0,0,1,0,0,0,0,0,0,1
84076,2,3,4,0,4,0,0,1,2,16
84078,4,5,7,0,2,3,0,1,7,29
84080,17,22,12,10,16,8,2,8,78,173
84081,13,17,14,11,10,4,0,2,34,105
84082,1,5,1,1,3,1,0,1,2,15
84083,3,8,7,0,2,0,0,1,6,27
84084,2,6,1,0,0,0,0,0,1,10
84085,0,0,1,0,0,0,0,0,0,1
84086,0,2,0,0,0,0,0,0,2,4
84087,166,374,42,36,44,19,36,22,272,1011
84088,15,33,31,4,13,14,2,4,38,154
84089,107,98,53,24,22,29,19,19,162,533
84090,0,0,1,0,0,0,0,0,0,1
84091,3,13,9,0,6,1,0,1,11,44
84092,66,85,17,8,25,16,3,4,127,351
84093,0,0,1,0,0,0,0,0,0,1
84095,0,2,0,0,0,0,0,0,2,4
84096,4,2,5,0,0,0,1,1,2,15
84097,0,2,0,0,0,0,0,0,0,2
84098,0,2,1,0,0,0,0,0,1,4
84099,3,18,13,3,5,2,0,2,12,58
84100,1,0,0,0,0,0,0,0,0,1
84102,2,1,1,0,3,0,0,0,1,8
84104,3,7,5,2,3,4,0,0,7,31
84105,0,3,1,2,0,0,0,0,2,8
84106,2,10,5,1,2,2,0,1,24,47
84107,2,7,2,0,1,0,0,0,3,15
84108,15,48,3,10,1,1,0,0,9,87
84109,0,0,1,0,0,0,0,0,0,1
84113,0,0,1,0,0,0,0,0,0,1
84114,0,0,0,1,0,0,0,0,0,1
84115,0,0,1,0,0,0,0,0,1,2
84116,0,0,0,2,0,0,0,3,6,11
84118,3,16,4,2,3,0,0,0,5,33
84119,6,16,10,6,3,1,0,1,12,55
84121,0,1,1,0,0,0,0,0,0,2
84122,2,9,4,2,4,3,1,5,29,59
84123,1,8,1,0,2,0,0,0,6,18
84124,0,1,0,0,0,0,0,0,0,1
84127,2,4,4,0,3,0,0,1,4,18
84129,135,114,21,20,16,11,3,7,79,406
84131,4,2,7,1,1,2,0,0,4,21
84132,7,27,9,7,5,2,5,6,43,111
84133,6,22,20,14,5,3,0,2,17,89
84135,2,5,0,2,0,0,0,0,0,9
84136,0,7,1,0,1,0,0,0,2,11
84137,27,90,18,12,12,8,1,2,85,255
84138,13,78,16,6,11,2,2,1,68,197
84139,0,0,1,0,0,0,0,0,0,1
84140,2,2,1,1,0,0,0,1,5,12
84141,8,17,13,1,12,3,0,3,67,124
84142,2,4,6,1,2,0,0,1,5,21
84143,0,7,0,1,0,0,0,0,4,12
84144,0,3,0,1,0,0,0,0,0,4
84145,0,0,0,1,0,0,0,0,2,3
84146,0,0,0,2,0,0,0,0,3,5
84147,1,4,3,5,2,1,0,0,8,24
84148,1,3,3,1,0,0,0,0,1,9
84149,1,8,2,1,2,0,0,0,1,15
84150,1,5,2,1,3,0,0,0,3,15
85001,3,13,2,3,4,1,1,0,9,36
85002,4,7,4,2,1,1,3,0,3,25
85003,14,17,12,9,15,8,2,3,64,144
85004,2,21,3,1,1,0,0,0,3,31
85005,0,5,0,0,0,0,0,0,6,11
85006,1,6,1,1,2,0,0,0,3,14
85008,5,13,6,2,6,4,0,0,9,45
85009,0,2,0,1,0,0,0,0,0,3
85010,1,8,2,1,2,1,0,0,4,19
85011,6,3,1,0,2,0,0,3,12,27
85012,2,9,3,0,2,0,0,0,2,18
85014,2,2,0,0,2,0,0,0,1,7
85015,0,0,1,0,0,0,0,0,0,1
85016,6,10,0,1,3,1,1,1,5,28
85017,5,2,2,1,2,0,0,0,4,16
85018,13,17,4,1,7,2,0,2,8,54
85019,1,12,11,5,3,5,0,2,15,54
85020,4,9,1,5,3,1,1,2,14,40
85021,0,3,0,0,0,0,0,0,1,4
85022,0,0,0,0,0,0,0,0,2,2
85023,0,0,0,1,0,0,0,0,0,1
85024,3,3,2,0,3,0,0,0,5,16
85025,0,4,2,0,1,0,1,0,4,12
85026,0,2,0,0,0,0,0,0,1,3
85027,2,0,1,0,0,0,0,0,2,5
85028,0,0,0,0,0,0,0,0,2,2
85029,2,13,2,3,2,0,0,0,3,25
85031,2,26,0,1,2,0,0,0,4,35
85034,1,9,1,1,2,2,0,0,10,26
85035,9,13,8,3,8,3,0,2,31,77
85036,0,3,0,0,0,0,0,0,2,5
85038,1,9,1,1,3,1,0,1,8,25
85039,8,7,4,0,2,1,0,3,10,35
85040,0,3,0,1,0,0,0,0,1,5
85042,4,22,1,0,3,1,0,0,6,37
85045,2,6,0,1,0,0,0,0,1,10
85046,3,16,2,1,2,3,0,1,12,40
85047,223,259,42,31,38,19,28,11,270,921
85048,0,0,0,0,1,0,0,0,0,1
85049,2,7,2,2,1,1,0,0,2,17
85050,1,8,5,0,2,0,0,0,3,19
85051,15,34,3,3,8,4,2,3,48,120
85059,9,41,6,6,8,4,1,3,52,130
85060,15,7,20,0,0,10,1,0,8,61
85061,1,4,0,0,0,0,0,0,0,5
85062,2,3,2,0,0,0,0,0,0,7
85064,0,5,1,2,1,2,0,0,7,18
85065,5,15,2,5,2,0,0,0,5,34
85067,0,0,0,0,0,0,0,0,1,1
85069,4,0,0,0,0,0,0,0,1,5
85070,6,13,6,3,3,1,0,1,24,57
85071,6,15,8,1,4,2,0,2,13,51
85072,0,3,0,0,0,0,0,0,0,3
85076,10,40,9,6,5,6,0,6,23,105
85078,1,2,4,0,1,0,0,0,1,9
85080,1,5,0,2,0,0,0,0,2,10
85081,7,8,2,6,2,3,0,1,18,47
85082,4,20,4,1,2,2,0,1,11,45
85083,1,3,4,5,2,1,0,0,4,20
85084,8,21,7,4,6,9,4,4,40,103
85086,0,8,1,1,0,0,0,0,1,11
85088,3,10,11,2,1,0,1,3,11,42
85089,6,9,2,3,3,2,1,2,12,40
85090,2,10,3,3,2,0,0,1,4,25
85091,2,0,0,0,0,0,0,0,0,2
85092,98,217,20,29,21,14,22,4,147,572
85094,1,5,0,1,2,0,0,0,4,13
85095,1,1,2,0,0,0,0,0,1,5
85096,9,12,4,0,3,2,0,2,11,43
85097,6,7,4,1,2,0,3,1,12,36
85098,0,2,2,0,0,0,0,0,0,4
85099,0,1,0,0,0,0,0,1,0,2
85100,3,8,2,2,0,0,3,2,10,30
85102,0,0,0,1,0,0,0,0,0,1
85103,3,3,2,0,2,0,0,0,2,12
85104,0,4,0,0,0,0,0,0,0,4
85105,1,2,0,0,0,3,0,1,1,8
85106,0,8,3,2,3,2,0,1,9,28
85107,5,0,0,0,0,0,0,0,1,6
85108,3,4,4,1,2,0,0,3,10,27
85109,57,73,14,12,15,13,6,11,121,322
85110,3,14,1,2,2,0,0,0,7,29
85111,0,7,0,2,2,0,0,1,0,12
85112,2,3,2,0,2,1,0,2,3,15
85113,15,29,7,4,3,3,0,2,14,77
85114,4,14,3,3,6,0,0,0,10,40
85118,3,3,0,1,0,0,0,1,3,11
85119,2,9,2,2,2,2,1,3,8,31
85120,0,1,0,0,0,0,0,0,1,2
85121,0,0,0,0,0,0,0,0,1,1
85123,0,0,0,0,0,0,0,1,0,1
85126,0,0,1,0,0,0,0,0,0,1
85127,3,12,3,3,1,3,1,0,8,34
85128,41,56,19,14,14,10,5,7,117,283
85129,3,20,1,3,2,1,0,1,4,35
85130,0,2,4,0,0,0,0,0,1,7
85131,0,0,1,0,0,0,0,0,0,1
85132,0,1,0,0,0,0,0,1,0,2
85133,2,12,1,0,1,1,0,0,3,20
85135,4,20,7,1,4,3,0,1,8,48
85139,0,0,1,0,0,0,0,0,0,1
85140,0,0,0,0,0,0,0,0,2,2
85141,0,0,0,0,0,0,0,0,1,1
85143,2,0,1,0,0,0,0,0,2,5
85144,0,0,0,0,0,0,0,0,2,2
85145,0,2,0,0,2,0,0,0,1,5
85146,62,61,27,18,22,13,5,12,124,344
85147,1,2,0,0,1,0,0,0,1,5
85148,0,0,0,1,0,0,0,0,0,1
85151,11,38,7,5,6,1,4,2,37,111
85152,6,30,10,8,3,2,1,7,24,91
85153,1,1,5,1,1,2,0,0,7,18
85154,1,8,6,2,1,1,0,0,5,24
85155,9,18,4,3,3,1,0,2,25,65
85156,17,13,6,3,5,2,2,3,16,67
85157,0,0,5,0,0,0,0,1,2,8
85158,0,3,0,0,0,0,0,0,0,3
85159,5,6,0,2,2,0,0,1,7,23
85160,1,2,1,0,2,3,0,1,5,15
85161,6,9,2,1,2,0,0,3,8,31
85162,2,5,0,2,1,0,0,1,4,15
85163,16,27,2,1,5,2,1,0,22,76
85164,2,18,2,3,1,0,0,0,8,34
85165,0,0,1,0,0,0,0,0,1,2
85166,26,10,52,0,0,21,1,0,7,117
85167,0,3,0,0,0,0,0,0,0,3
85169,1,7,1,0,1,1,0,1,1,13
85171,0,1,0,0,0,0,0,0,0,1
85172,3,7,2,0,2,0,0,0,0,14
85176,2,5,0,0,0,0,0,0,1,8
85177,0,1,1,1,0,0,0,0,0,3
85178,7,13,10,9,6,3,2,4,19,73
85179,0,2,1,0,0,0,1,0,0,4
85182,6,37,12,4,6,3,2,3,41,114
85185,1,2,0,1,0,0,0,0,2,6
85186,0,1,0,0,0,0,0,0,0,1
85188,0,0,1,0,0,0,0,0,0,1
85189,1,8,3,2,0,1,0,0,6,21
85190,8,6,6,2,3,2,0,0,13,40
85191,832,1388,91,172,102,60,114,45,926,3730
85194,200,365,62,42,60,18,24,26,309,1106
85196,0,5,0,0,0,0,0,0,0,5
85197,0,6,1,1,0,0,0,0,1,9
85198,0,2,0,0,0,0,0,0,0,2
85200,0,1,0,0,0,0,0,0,1,2
85201,0,0,0,0,0,0,0,0,1,1
85202,4,2,0,1,0,0,0,0,2,9
85204,1,11,1,1,2,2,0,0,10,28
85207,0,0,0,1,0,0,0,0,0,1
85208,0,8,0,1,2,0,0,0,3,14
85210,3,10,2,1,2,0,0,0,3,21
85211,5,4,2,0,2,1,0,0,2,16
85213,8,25,5,4,1,0,0,5,18,66
85214,3,3,2,0,1,1,0,0,4,14
85215,7,19,1,3,3,0,0,2,20,55
85216,1,8,1,0,0,2,0,0,1,13
85217,2,3,2,0,0,6,0,0,3,16
85218,0,0,0,0,0,0,0,0,1,1
85220,1,6,4,6,1,0,0,2,9,29
85221,0,4,1,0,2,0,0,1,3,11
85222,40,47,38,10,17,7,1,10,119,289
85223,8,15,6,2,4,2,1,3,11,52
85224,0,0,3,0,0,1,0,0,2,6
85226,10,28,26,5,15,10,1,3,23,121
85227,2,14,2,2,2,0,0,0,3,25
85229,0,0,0,0,0,0,0,0,1,1
85231,0,3,0,0,0,0,0,0,0,3
85232,0,2,1,0,0,0,0,0,1,4
85233,0,0,0,0,0,0,0,0,1,1
85234,11,70,26,6,13,6,1,7,60,200
85236,1,1,3,0,2,0,0,1,2,10
85237,0,0,0,0,0,0,0,0,1,1
85238,5,22,2,2,3,0,0,2,8,44
85239,0,2,1,0,0,0,0,0,0,3
85240,0,0,0,0,0,0,0,1,0,1
85243,3,11,6,2,4,0,0,0,12,38
85244,0,2,0,0,0,0,0,0,0,2
85246,0,4,1,1,2,0,0,0,3,11
85247,0,0,0,0,0,0,0,0,1,1
85250,2,0,2,0,0,0,0,0,1,5
85251,0,1,0,0,0,0,0,0,0,1
85252,0,0,0,1,0,0,0,0,0,1
85254,1,0,5,0,2,0,0,0,2,10
85255,3,17,2,0,3,1,0,1,5,32
85256,0,1,0,0,0,0,0,0,0,1
85257,2,0,0,0,0,1,1,0,0,4
85260,0,0,1,0,0,0,0,0,0,1
85262,2,6,3,0,3,0,0,3,13,30
85264,0,10,0,0,2,0,0,0,4,16
85266,0,5,1,0,0,0,0,0,1,7
85268,0,1,1,3,0,0,0,0,0,5
85273,1,1,0,0,0,0,0,0,0,2
85277,0,2,0,0,0,0,0,0,0,2
85278,1,3,2,0,0,0,1,1,0,8
85279,0,1,0,0,0,0,0,0,0,1
85280,5,5,2,0,3,1,0,0,4,20
85282,1,0,1,1,0,0,0,0,0,3
85284,1,11,2,2,2,3,0,2,9,32
85288,10,31,8,5,7,5,1,5,34,106
85289,0,1,0,0,0,0,0,0,0,1
85292,0,1,1,1,0,0,0,0,0,3
85293,0,0,2,0,2,0,0,0,1,5
85294,5,8,6,4,5,2,0,1,11,42
85295,2,6,1,3,2,0,0,0,5,19
85297,1,0,0,0,0,0,0,0,0,1
85298,1,6,0,0,0,0,0,0,2,9
85300,5,9,3,1,4,1,0,2,11,36
85301,0,0,2,0,0,0,0,0,0,2
85302,3,13,9,2,4,1,1,3,19,55
85303,3,5,2,0,2,0,0,0,3,15
85304,0,4,0,0,0,0,0,0,1,5
85305,2,6,3,0,1,0,0,0,1,13
85307,0,0,1,0,0,0,0,0,0,1
86001,0,2,0,1,2,0,1,0,2,8
86004,0,0,1,0,0,0,0,0,0,1
86007,0,2,3,1,0,0,0,0,2,8
86010,1,1,0,0,0,0,0,0,0,2
86013,0,0,0,0,4,0,0,0,0,4
86014,2,3,1,0,2,0,0,0,1,9
86015,2,2,1,0,1,2,0,0,0,8
86016,2,2,1,1,0,2,0,0,0,8
86017,7,2,1,1,2,0,0,3,3,19
86019,0,3,0,0,3,0,2,3,3,14
86024,1,4,0,2,0,0,0,0,0,7
86025,0,3,0,0,0,0,0,0,1,4
86027,5,22,22,14,0,2,0,5,84,154
86028,3,1,2,0,0,0,0,0,3,9
86031,1,2,4,1,2,0,0,1,2,13
86032,4,5,3,0,1,1,0,1,3,18
86037,0,7,0,1,0,0,0,0,0,8
86041,10,20,10,10,8,1,0,2,32,93
86043,0,0,1,0,0,0,0,0,0,1
86045,3,0,0,1,0,1,0,0,2,7
86046,5,4,0,0,2,0,0,1,3,15
86048,0,0,1,0,0,0,0,0,0,1
86052,0,3,0,0,0,0,0,0,0,3
86053,1,3,0,0,2,0,0,0,1,7
86061,2,4,5,0,2,0,0,0,0,13
86062,13,30,11,15,13,2,0,0,82,166
86064,1,5,1,2,0,0,0,0,0,9
86065,0,2,0,1,0,0,0,0,1,4
86066,143,247,21,46,40,22,28,7,205,759
86068,1,4,3,0,2,0,0,0,1,11
86069,0,1,0,0,0,0,0,0,0,1
86070,22,28,11,4,10,5,1,3,36,120
86071,0,0,1,0,0,0,0,0,0,1
86076,1,2,3,0,2,0,0,1,2,11
86077,4,12,6,1,2,0,0,0,2,27
86078,13,37,8,4,5,9,2,1,21,100
86081,0,3,0,0,0,1,0,0,0,4
86082,5,11,3,3,4,0,0,2,12,40
86083,2,1,1,0,0,0,0,0,0,4
86086,0,3,0,0,0,0,0,0,0,3
86088,5,2,0,3,0,2,0,2,2,16
86092,1,12,2,2,2,0,2,2,5,28
86095,5,3,0,0,2,2,0,0,2,14
86096,0,0,0,1,0,0,0,0,0,1
86099,1,6,5,1,0,0,0,2,2,17
86100,5,10,2,4,6,1,1,1,12,42
86103,5,10,4,3,7,2,2,1,11,45
86105,0,3,0,1,0,0,0,0,0,4
86111,3,2,1,1,2,1,0,1,5,16
86112,4,10,2,4,3,0,0,0,3,26
86113,4,6,3,1,2,0,0,0,10,26
86114,1,0,1,0,0,0,0,0,2,4
86115,9,15,1,9,2,4,3,1,19,63
86116,1,1,0,0,0,0,0,0,1,3
86120,2,5,0,1,0,1,0,1,1,11
86121,4,6,0,0,3,0,0,0,1,14
86123,0,2,0,1,0,0,0,1,3,7
86124,0,3,0,0,0,0,0,0,1,4
86125,0,0,0,1,0,0,0,0,0,1
86126,0,2,0,0,0,0,0,0,0,2
86128,2,15,2,3,5,3,0,0,6,36
86129,0,1,0,0,0,0,0,0,0,1
86131,0,0,1,0,0,0,0,0,0,1
86133,5,10,3,2,4,1,0,0,4,29
86135,0,0,1,0,0,0,0,0,0,1
86136,0,0,0,1,0,0,0,0,0,1
86137,23,52,6,7,6,5,1,3,43,146
86138,1,2,0,1,0,0,0,0,0,4
86139,10,18,1,1,5,1,1,3,14,54
86140,3,14,1,2,3,4,1,2,11,41
86145,0,1,0,0,0,0,0,0,0,1
86147,0,0,0,1,0,0,0,0,0,1
86148,0,0,0,1,0,0,0,0,0,1
86152,2,4,0,0,2,0,0,0,1,9
86153,0,0,0,0,0,0,0,0,1,1
86157,10,15,10,10,4,2,2,6,29,88
86158,10,14,5,16,5,1,0,6,42,99
86160,7,17,7,2,5,1,2,1,40,82
86161,5,6,1,2,2,0,1,1,2,20
86163,6,5,3,2,2,1,0,1,10,30
86165,20,72,5,7,8,5,3,0,66,186
86167,4,6,1,2,1,0,0,1,2,17
86171,0,0,0,1,0,0,0,0,0,1
86172,0,1,0,0,0,0,0,0,0,1
86174,5,7,2,3,4,0,0,0,6,27
86177,9,20,7,5,6,5,1,3,27,83
86178,10,14,3,4,3,1,0,1,14,50
86180,5,7,1,0,3,1,0,2,1,20
86183,0,0,0,0,0,2,0,0,1,3
86186,0,0,0,0,0,0,0,1,0,1
86187,0,3,0,0,0,0,0,0,0,3
86189,4,11,0,2,1,0,0,0,2,20
86190,1,2,0,0,2,0,0,0,0,5
86193,2,4,0,1,2,0,0,0,4,13
86194,1193,2722,168,309,186,54,135,42,1312,6121
86200,0,6,0,0,0,0,0,0,1,7
86202,2,10,0,2,0,0,0,0,1,15
86203,0,0,0,1,0,0,0,0,0,1
86204,3,3,5,3,0,0,0,3,3,20
86207,12,13,13,1,6,5,1,2,14,67
86209,3,3,0,1,2,1,0,2,4,16
86211,1,2,1,0,0,0,0,0,0,4
86213,1,4,3,0,2,1,0,0,3,14
86214,38,87,24,24,11,7,0,10,112,313
86220,0,0,0,0,0,0,0,1,5,6
86222,0,13,4,2,3,1,0,0,9,32
86223,1,5,2,0,0,1,0,0,3,12
86224,2,6,1,0,2,2,0,1,7,21
86225,2,7,1,0,1,0,0,1,0,12
86226,7,4,4,8,5,0,1,0,23,52
86233,2,3,2,1,2,0,1,1,2,14
86235,1,0,0,0,0,0,0,0,1,2
86236,1,2,2,0,0,0,0,0,2,7
86237,0,0,0,1,0,0,0,0,0,1
86244,0,2,0,0,1,0,0,0,0,3
86245,2,5,0,2,0,0,0,1,1,11
86246,0,0,0,1,3,0,0,2,1,7
86252,0,3,0,0,0,0,0,0,2,5
86255,3,0,2,0,3,1,0,0,9,18
86256,0,0,0,0,0,0,0,0,1,1
86258,5,6,4,1,1,1,0,0,3,21
86261,3,9,3,3,0,0,0,2,4,24
86262,0,0,0,0,0,1,0,0,0,1
86263,3,5,3,2,3,2,0,0,7,25
86264,3,4,0,1,2,0,0,0,4,14
86265,0,2,0,0,0,0,0,0,0,2
86272,2,1,0,0,2,0,0,0,0,5
86273,2,6,0,0,0,0,0,0,2,10
86274,3,17,2,1,2,0,1,1,5,32
86276,5,12,4,2,2,2,0,0,8,35
86281,7,9,2,2,3,0,0,2,4,29
86285,4,5,0,1,1,3,1,1,5,21
86289,0,1,0,1,0,0,0,0,0,2
86290,3,3,3,2,2,0,0,1,3,17
86293,7,15,7,7,7,1,2,3,19,68
86294,5,16,15,3,6,0,1,2,9,57
86297,7,20,11,5,6,1,0,4,10,64
86298,6,7,2,1,2,1,0,0,4,23
86299,0,2,0,0,0,0,0,0,0,2
87001,8,35,11,5,9,0,0,2,25,95
87002,7,39,9,4,7,2,2,3,19,92
87003,2,0,0,0,1,0,0,0,0,3
87011,50,100,14,7,10,2,1,2,34,220
87012,0,0,1,0,0,0,0,0,0,1
87014,3,10,8,0,4,3,0,1,10,39
87018,0,3,1,0,0,0,0,0,1,5
87019,4,14,4,1,5,0,0,0,12,40
87020,2,3,5,1,0,0,0,1,0,12
87021,4,6,6,0,3,1,1,1,1,23
87023,0,0,1,0,0,0,0,0,0,1
87024,0,5,2,0,2,0,0,0,1,10
87025,0,1,0,0,0,0,0,0,0,1
87027,1,4,0,0,1,2,0,0,2,10
87028,2,3,0,1,1,0,0,0,2,9
87029,0,10,0,1,0,0,0,0,2,13
87030,0,0,1,0,0,0,0,0,1,2
87031,0,1,0,0,0,0,0,0,0,1
87032,5,19,12,1,3,2,1,0,9,52
87033,0,0,4,0,0,0,0,0,0,4
87034,0,5,0,0,0,0,0,0,0,5
87036,0,2,0,0,0,0,0,0,0,2
87037,0,0,0,1,0,0,0,0,0,1
87038,1,4,5,2,0,1,0,1,2,16
87039,0,0,0,0,0,0,0,0,2,2
87040,0,14,2,0,2,3,0,0,8,29
87041,2,29,2,0,2,1,1,0,3,40
87042,0,3,0,0,0,0,0,0,0,3
87043,0,0,0,0,0,0,0,1,0,1
87044,0,2,0,0,0,0,0,0,0,2
87045,1,3,2,0,2,0,0,0,0,8
87046,2,3,0,0,1,1,0,0,0,7
87047,3,3,3,0,2,1,0,0,3,15
87048,7,13,5,0,6,1,0,3,7,42
87049,0,4,2,0,2,0,0,0,0,8
87050,12,36,15,4,11,4,1,12,44,139
87051,3,2,0,1,2,0,0,0,1,9
87054,1,9,8,0,2,0,0,0,2,22
87059,6,27,3,3,2,1,0,0,18,60
87060,3,5,1,0,3,0,0,0,1,13
87063,0,3,1,2,0,0,0,2,3,11
87064,7,12,2,3,3,4,1,1,9,42
87065,7,21,13,3,9,3,1,0,10,67
87066,3,5,1,1,2,0,0,1,0,13
87070,0,3,0,0,0,0,0,0,0,3
87071,1,0,0,0,0,0,0,0,3,4
87072,0,4,1,0,0,0,0,0,0,5
87075,15,53,14,22,14,2,0,1,38,159
87079,10,17,1,4,4,0,2,1,5,44
87081,0,0,4,0,0,0,0,0,1,5
87082,3,12,0,1,2,0,0,0,0,18
87083,0,4,0,1,0,0,0,0,0,5
87085,1221,3417,275,235,279,98,123,67,1466,7181
87086,2,1,0,0,2,0,0,0,2,7
87087,0,2,0,0,1,0,0,0,2,5
87088,1,4,0,1,2,0,0,0,4,12
87089,0,15,1,2,4,0,0,0,2,24
87092,0,0,0,0,0,0,0,0,1,1
87093,0,1,0,0,0,0,0,0,0,1
87095,0,2,4,0,0,0,0,0,0,6
87096,1,3,0,0,1,0,0,0,3,8
87097,1,3,2,0,2,0,0,0,1,9
87099,0,4,0,2,0,0,0,0,1,7
87103,3,17,1,0,3,2,0,0,6,32
87105,0,3,0,0,0,0,0,0,0,3
87106,7,14,7,1,4,1,0,1,4,39
87107,4,9,1,1,2,0,0,2,3,22
87108,0,3,1,0,1,0,0,0,0,5
87109,0,0,0,5,0,0,0,0,1,6
87110,5,9,5,0,2,0,0,0,3,24
87111,4,4,3,1,3,1,1,0,2,19
87113,9,27,9,1,4,0,1,1,1,53
87114,8,35,20,2,10,6,0,2,24,107
87116,0,0,0,0,0,0,0,0,1,1
87117,1,6,0,0,1,0,0,0,1,9
87118,1,3,5,0,1,0,0,0,0,10
87119,5,10,4,2,2,0,0,0,4,27
87122,3,2,0,0,1,1,0,0,2,9
87125,6,17,10,0,5,5,1,0,14,58
87126,7,26,13,1,4,1,0,0,10,62
87128,0,2,0,0,0,0,0,0,0,2
87129,0,1,3,0,0,0,0,1,1,6
87131,0,9,1,0,2,0,0,1,0,13
87133,2,1,0,0,0,0,0,0,0,3
87138,0,0,1,0,0,0,0,1,0,2
87140,1,3,4,0,1,0,0,0,6,15
87142,0,0,1,0,0,0,0,0,0,1
87143,3,5,1,1,1,0,1,1,3,16
87144,0,0,0,1,0,0,0,0,0,1
87146,3,11,2,1,2,1,0,0,5,25
87148,2,4,2,0,0,3,1,0,1,13
87150,0,2,2,0,0,0,0,0,0,4
87152,0,1,0,0,0,0,0,0,0,1
87154,118,212,19,15,19,8,16,4,113,524
87156,3,7,3,2,3,0,1,3,6,28
87157,1,1,0,0,0,0,0,1,4,7
87158,3,17,2,4,3,0,0,0,10,39
87160,0,2,0,0,0,0,0,0,0,2
87161,23,63,8,5,8,5,1,1,32,146
87166,0,2,0,0,0,0,0,0,0,2
87168,0,5,1,0,3,0,1,0,1,11
87169,1,3,1,1,0,2,0,1,2,11
87174,3,7,2,0,2,1,0,0,1,16
87176,0,4,0,0,0,0,0,0,0,4
87177,1,2,1,0,0,0,1,1,1,7
87178,2,4,2,0,2,0,0,1,3,14
87180,0,2,0,0,1,0,0,0,2,5
87181,2,7,0,0,3,0,0,0,2,14
87182,4,7,4,1,2,1,0,0,3,22
87183,0,0,0,1,0,0,0,0,0,1
87185,3,4,0,0,3,0,0,0,1,11
87187,77,151,17,7,13,10,2,3,76,356
87190,0,4,0,0,2,0,0,0,2,8
87191,1,6,0,0,2,0,0,0,2,11
87192,1,6,0,0,3,0,0,0,0,10
87198,0,0,0,0,0,0,0,0,1,1
87199,1,2,2,0,0,0,0,0,0,5
87201,10,43,10,2,5,4,0,8,10,92
87202,0,3,3,1,0,0,1,1,2,11
87203,0,0,1,1,0,0,0,0,0,2
87205,6,3,6,0,0,0,0,0,14,29
87206,0,0,0,1,0,0,0,0,0,1
88009,3,8,3,0,3,0,0,2,13,32
88011,2,7,4,1,2,0,2,0,0,18
88012,3,0,0,0,0,0,0,1,0,4
88018,0,0,0,0,0,0,1,0,0,1
88020,0,3,0,0,0,0,1,0,0,4
88029,5,9,3,3,2,0,0,1,6,29
88031,0,0,0,0,0,0,0,0,1,1
88032,1,4,2,1,1,0,0,1,2,12
88037,0,0,0,1,0,0,0,0,2,3
88048,0,0,0,0,0,0,0,0,4,4
88050,0,0,0,0,0,0,0,0,1,1
88054,0,4,0,0,0,0,0,0,0,4
88059,0,0,0,0,0,0,0,0,1,1
88075,2,10,6,1,3,1,0,2,14,39
88078,9,55,9,3,9,1,1,2,26,115
88079,6,3,3,0,3,1,0,2,8,26
88081,0,2,0,0,3,0,0,0,1,6
88082,2,7,0,0,1,0,0,0,1,11
88087,6,4,5,1,2,5,0,3,4,30
88088,0,0,0,0,0,0,0,0,1,1
88090,9,9,5,3,8,9,1,4,16,64
88092,0,3,0,1,0,0,0,0,0,4
88094,9,32,3,2,1,0,0,2,3,52
88095,3,6,0,1,2,3,0,2,3,20
88098,0,0,0,0,0,0,0,0,1,1
88099,0,0,1,0,1,0,0,0,1,3
88101,5,5,0,0,0,0,0,0,0,10
88108,0,0,1,0,0,0,0,0,0,1
88114,5,10,7,0,6,1,0,1,17,47
88115,5,13,3,0,2,1,2,1,4,31
88116,6,13,6,2,4,1,1,0,10,43
88118,2,2,0,0,2,2,0,0,7,15
88121,0,3,0,0,0,0,0,0,0,3
88122,1,0,0,0,0,0,0,0,0,1
88124,2,19,1,2,2,1,0,0,4,31
88130,0,6,0,0,0,0,0,0,0,6
88132,20,4,3,1,2,0,0,1,2,33
88134,1,4,0,0,0,2,0,0,0,7
88135,3,0,3,2,2,0,0,2,0,12
88136,4,2,1,1,1,0,0,1,1,11
88140,0,0,1,0,0,0,0,0,0,1
88148,6,2,4,0,1,2,1,0,2,18
88150,1,6,0,2,0,0,0,0,1,10
88151,2,8,3,0,2,4,0,0,3,22
88152,0,0,1,0,0,0,0,0,0,1
88157,0,0,1,0,0,0,0,0,0,1
88158,4,9,5,1,2,3,1,0,13,38
88160,430,817,47,68,58,60,58,15,417,1970
88163,0,10,1,0,0,0,0,0,0,11
88165,5,11,5,0,3,1,1,1,2,29
88176,2,1,0,0,1,0,0,0,2,6
88177,0,0,0,0,0,0,0,0,1,1
88178,4,3,2,0,2,2,0,0,4,17
88181,3,19,5,2,2,0,0,0,1,32
88188,1,2,3,0,2,0,0,0,0,8
88196,77,46,14,3,11,8,5,3,28,195
88198,1,3,0,1,0,0,0,0,10,15
88201,4,2,3,1,2,2,0,1,6,21
88203,0,0,2,0,0,0,0,0,1,3
88205,0,0,0,0,0,0,0,0,2,2
88206,0,4,0,0,0,0,0,0,0,4
88209,11,59,9,11,8,4,3,3,57,165
88215,0,0,0,1,0,0,0,0,0,1
88216,0,0,0,1,0,0,0,0,0,1
88218,3,10,2,1,2,0,0,0,1,19
88225,3,4,3,1,4,2,1,1,4,23
88238,0,0,0,0,0,0,0,0,1,1
88253,0,0,10,0,0,0,0,0,9,19
88258,2,17,0,0,2,0,0,0,3,24
88262,2,0,0,0,0,0,0,0,1,3
88266,1,3,1,0,0,1,0,0,0,6
88267,0,0,0,1,0,0,0,0,0,1
88268,0,0,0,1,0,0,0,0,0,1
88270,4,7,2,1,2,0,1,1,4,22
88277,0,0,0,0,0,0,0,0,1,1
88281,1,2,3,0,0,0,0,1,1,8
88285,1,6,0,1,0,0,0,0,0,8
88289,0,0,0,0,2,0,0,0,2,4
88292,1,38,0,3,3,1,0,0,7,53
88293,0,1,0,0,0,0,0,0,0,1
88304,40,194,9,39,10,7,1,4,85,389
88310,4,11,2,0,2,0,1,1,2,23
88312,0,0,1,0,0,0,0,0,0,1
88317,0,4,0,0,0,0,0,0,1,5
88319,5,16,1,1,3,0,0,0,3,29
88320,0,0,0,1,0,0,0,0,0,1
88321,86,131,16,10,16,6,16,3,120,404
88326,0,0,2,0,0,0,0,0,0,2
88327,0,7,2,0,3,2,2,1,6,23
88328,0,1,0,0,0,0,0,0,0,1
88331,0,0,1,0,0,0,0,0,0,1
88346,0,3,0,0,0,0,0,0,0,3
88347,0,1,0,0,0,0,0,0,0,1
88348,0,0,0,0,0,0,0,1,0,1
88349,1,3,0,0,2,0,0,0,1,7
88351,1,9,2,0,2,0,0,0,1,15
88355,0,11,1,1,0,0,0,0,0,13
88356,0,0,0,1,0,0,0,0,0,1
88358,1,0,1,0,2,0,0,0,4,8
88361,2,5,3,0,2,0,0,0,2,14
88363,0,3,0,0,0,0,0,0,0,3
88366,0,0,0,1,0,0,0,0,0,1
88367,9,23,3,1,5,2,1,2,24,70
88369,0,2,1,0,1,0,0,0,5,9
88372,5,10,2,3,5,5,1,1,19,51
88383,76,298,26,19,18,14,21,6,141,619
88385,0,2,0,0,0,1,0,0,0,3
88386,0,0,0,0,0,0,0,0,2,2
88401,0,0,1,0,0,0,0,0,0,1
88408,3,7,6,1,2,1,0,1,7,28
88409,3,4,4,2,2,3,0,2,8,28
88413,201,304,24,26,25,18,22,12,160,792
88415,3,8,1,3,3,1,0,1,6,26
88416,0,6,0,1,0,0,0,0,0,7
88423,0,0,2,0,0,0,0,0,1,3
88424,5,10,2,0,1,4,0,0,14,36
88426,1,5,3,1,2,0,1,1,3,17
88428,2,1,1,1,2,0,0,0,3,10
88429,55,5,0,2,1,1,0,0,3,67
88430,0,0,0,0,0,0,1,0,0,1
88442,0,0,1,0,0,0,0,0,0,1
88445,5,3,5,0,2,2,0,0,1,18
88447,1,17,2,1,3,2,0,0,7,33
88448,0,2,0,0,0,0,0,0,0,2
88451,11,24,8,4,4,3,0,1,17,72
88460,0,0,0,0,0,0,0,0,1,1
88462,0,2,2,0,0,0,0,0,1,5
88463,0,0,0,1,0,0,0,0,1,2
88465,10,34,13,8,7,5,1,5,41,124
88468,8,33,7,1,5,3,0,1,16,74
88470,3,9,3,2,1,0,0,2,5,25
88481,0,0,1,0,2,0,0,0,4,7
88483,2,5,4,0,3,2,0,1,6,23
88486,4,9,7,1,6,0,1,2,9,39
88487,4,11,4,3,3,1,0,3,12,41
88492,0,0,0,0,0,0,0,0,1,1
88493,0,0,0,0,0,0,0,1,0,1
88498,0,2,0,0,0,0,0,0,0,2
88502,0,0,0,0,0,0,0,0,1,1
88504,3,5,2,0,2,1,2,0,2,17
88508,0,8,0,1,0,0,0,0,3,12
88512,0,0,0,1,0,0,0,0,0,1
88513,2,2,1,1,2,0,0,0,4,12
88516,23,66,9,4,11,4,0,3,46,166
88524,2,2,1,0,0,0,0,0,0,5
88530,4,12,3,1,2,1,1,2,14,40
88531,0,2,1,0,1,0,0,0,0,4
89003,1,11,2,2,4,1,1,2,11,35
89005,4,5,1,2,2,0,0,0,5,19
89007,0,0,0,0,0,0,0,0,1,1
89013,11,29,5,6,6,0,0,4,8,69
89014,1,9,1,0,0,0,0,0,1,12
89015,0,0,0,0,0,0,0,0,1,1
89023,1,8,1,1,0,0,0,0,1,12
89024,409,917,51,107,53,49,57,15,484,2142
89025,34,106,21,7,10,2,3,2,78,263
89029,0,4,0,0,0,0,0,0,0,4
89031,0,0,0,0,0,0,0,0,1,1
89032,0,0,1,0,0,0,0,0,0,1
89034,0,0,1,0,0,0,0,0,0,1
89040,0,0,0,1,0,0,0,0,0,1
89046,1,5,4,1,2,0,1,0,3,17
89050,0,2,0,0,0,0,0,0,0,2
89051,0,0,0,1,0,0,0,0,0,1
89054,0,0,1,1,0,0,0,0,0,2
89055,7,25,3,0,2,3,1,1,28,70
89062,0,6,0,1,0,0,0,0,0,7
89063,0,0,0,0,0,0,0,0,1,1
89066,2,3,1,0,2,0,0,0,6,14
89067,1,2,2,0,1,0,0,0,1,7
89068,8,9,0,2,3,2,1,1,13,39
89069,0,2,0,0,0,0,0,0,0,2
89072,1,10,0,1,0,0,0,0,1,13
89073,2,4,2,1,1,1,0,2,4,17
89074,11,57,2,4,3,0,0,0,10,87
89076,0,1,0,0,0,0,0,0,0,1
89077,2,7,1,1,3,0,0,1,6,21
89080,1,4,0,0,0,0,0,0,6,11
89083,3,2,2,0,0,1,1,1,0,10
89084,0,0,1,0,0,0,0,0,0,1
89085,0,1,0,0,0,0,0,0,1,2
89086,3,9,1,0,1,1,1,1,5,22
89088,0,0,0,1,0,0,0,1,0,2
89091,1,5,0,2,1,0,0,0,0,9
89093,0,0,0,0,0,0,0,0,1,1
89094,0,0,0,2,0,0,0,0,0,2
89096,0,2,0,0,0,0,0,0,0,2
89098,0,1,0,1,0,0,0,0,0,2
89099,1,3,0,0,3,0,0,0,1,8
89100,3,8,0,1,2,1,0,0,10,25
89102,3,7,1,0,1,2,0,1,2,17
89108,0,0,0,0,0,1,0,0,1,2
89118,1,9,0,2,0,0,0,0,1,13
89119,3,6,1,1,2,1,0,0,5,19
89122,0,2,0,0,0,0,0,0,0,2
89124,0,1,0,0,0,0,0,0,0,1
89125,1,8,1,1,2,1,1,0,6,21
89127,1,9,0,1,0,0,0,0,15,26
89128,0,0,0,0,0,0,0,0,1,1
89136,0,2,0,0,0,0,0,0,0,2
89139,1,2,3,0,0,0,0,0,1,7
89142,0,2,0,0,0,0,0,0,0,2
89144,3,0,1,0,0,0,2,1,2,9
89147,0,0,0,1,0,0,0,0,0,1
89148,0,2,0,0,0,0,0,0,0,2
89150,0,1,0,0,0,0,0,0,0,1
89151,0,2,1,0,1,0,0,1,2,7
89152,0,0,0,0,0,0,0,0,1,1
89154,0,0,0,0,0,0,0,0,1,1
89158,0,5,0,2,1,1,0,0,0,9
89160,0,0,0,0,0,0,0,0,1,1
89162,0,0,1,0,0,0,0,0,0,1
89163,1,1,0,0,0,0,0,1,1,4
89167,0,3,0,1,1,0,1,0,3,9
89169,2,3,2,0,2,1,0,0,2,12
89179,0,2,0,0,0,0,0,0,1,3
89180,0,1,0,0,0,0,0,0,1,2
89181,0,0,0,0,0,0,0,0,1,1
89183,0,0,0,0,5,0,0,0,1,6
89195,6,2,1,0,1,0,0,0,2,12
89196,0,3,0,1,0,0,0,0,3,7
89197,2,7,1,2,0,0,0,0,1,13
89198,3,2,1,3,2,0,0,0,0,11
89199,0,0,1,0,0,0,0,0,0,1
89201,2,4,3,1,2,0,0,1,1,14
89204,2,14,1,1,2,1,0,0,9,30
89206,49,133,22,10,10,3,4,2,81,314
89208,3,0,9,0,0,2,0,0,0,14
89218,0,2,0,0,0,0,0,0,0,2
89220,0,6,0,1,0,0,0,0,0,7
89221,1,2,0,0,0,0,0,0,0,3
89223,1,0,1,0,2,0,0,0,0,4
89227,6,7,3,2,2,0,1,1,4,26
89228,0,2,0,3,0,0,0,0,2,7
89229,0,4,0,4,0,0,0,0,5,13
89232,0,0,0,1,0,0,0,0,0,1
89238,1,4,0,1,0,0,0,0,0,6
89239,0,2,0,0,3,0,0,0,5,10
89246,0,1,0,0,0,0,0,0,16,17
89251,1,0,0,0,0,0,0,0,0,1
89254,0,0,0,0,0,0,0,0,3,3
89255,0,3,0,0,0,0,0,0,1,4
89257,11,45,6,8,5,4,1,2,41,123
89259,0,0,0,1,0,0,0,0,0,1
89261,0,1,0,0,0,0,0,0,0,1
89263,14,32,8,5,12,0,0,3,40,114
89265,0,0,0,0,0,0,0,0,1,1
89270,0,0,0,0,0,0,0,0,1,1
89273,0,3,0,0,0,0,0,0,0,3
89274,1,0,0,0,0,0,0,0,0,1
89276,3,2,0,0,1,0,0,0,0,6
89277,0,0,1,0,0,0,0,0,0,1
89279,2,2,0,0,2,0,0,0,1,7
89287,2,17,1,5,2,1,0,0,5,33
89295,1,10,1,1,0,1,0,0,0,14
89296,0,0,0,0,0,0,0,0,1,1
89298,0,2,0,0,0,0,0,0,0,2
89304,0,0,1,0,0,0,0,0,0,1
89309,5,22,3,0,3,2,0,1,10,46
89311,2,7,4,0,1,0,1,0,3,18
89312,0,0,0,0,0,0,0,0,1,1
89318,0,3,3,1,1,0,0,0,1,9
89319,0,0,1,0,0,0,0,0,0,1
89321,0,4,1,1,0,1,0,0,3,10
89331,0,0,1,0,0,0,0,0,0,1
89332,0,3,0,0,0,0,0,0,0,3
89334,0,2,0,0,0,0,0,0,2,4
89337,2,5,0,0,2,0,0,0,0,9
89338,17,11,2,1,3,2,0,1,30,67
89342,7,4,0,2,0,2,1,0,19,35
89344,2,12,2,0,3,0,0,0,8,27
89345,4,24,6,2,6,0,0,0,19,61
89346,7,15,8,2,3,4,0,3,15,57
89348,2,9,2,0,2,0,0,1,5,21
89350,0,2,0,0,0,0,0,0,0,2
89352,0,0,0,0,0,0,0,0,1,1
89354,1,3,0,2,3,1,0,0,8,18
89356,0,0,1,0,0,0,0,0,0,1
89359,0,2,0,0,0,0,0,0,1,3
89368,6,12,3,0,1,0,0,1,14,37
89370,1,13,2,0,3,1,0,2,4,26
89373,0,0,1,0,0,0,0,0,2,3
89378,0,0,0,0,0,0,0,1,1,2
89380,0,3,0,1,0,0,0,0,1,5
89382,3,2,2,0,1,0,0,0,5,13
89383,0,0,0,1,0,0,0,1,0,2
89384,0,1,0,0,0,0,0,0,0,1
89387,243,550,46,57,43,35,39,11,353,1377
89390,0,0,0,0,0,0,0,0,1,1
89391,1,6,0,1,2,0,0,0,0,10
89395,0,0,0,0,0,0,0,0,1,1
89398,0,0,0,0,0,0,0,0,1,1
89399,2,2,0,0,1,0,0,1,1,7
89404,0,0,0,0,0,0,0,0,1,1
89407,2,8,3,0,1,0,0,0,4,18
89411,0,2,0,0,0,0,0,0,0,2
89412,0,1,0,0,0,0,0,0,0,1
89414,1,2,1,0,3,0,0,1,0,8
89416,0,0,0,0,0,0,0,0,1,1
89418,26,100,13,9,5,4,2,2,67,228
89419,8,12,3,4,4,2,0,1,15,49
89420,0,0,0,2,0,0,0,0,0,2
89423,0,0,0,0,0,0,0,1,1,2
89425,1,0,0,0,0,0,0,0,0,1
89427,1,0,0,0,0,0,0,0,0,1
89433,0,0,1,0,0,0,0,0,0,1
89438,2,2,1,1,0,0,0,0,3,9
89439,0,0,0,0,0,0,0,0,1,1
89441,3,15,3,1,2,1,1,0,5,31
89443,6,5,2,0,2,1,0,1,3,20
89446,8,5,1,2,2,3,0,0,1,22
89449,0,2,0,0,0,0,0,0,1,3
89453,0,8,0,0,0,0,0,0,1,9
89456,0,0,0,1,0,0,0,0,0,1
89460,1,8,3,1,2,2,0,0,8,25
89461,2,4,4,0,2,4,0,0,4,20
89464,3,34,5,3,3,2,0,1,16,67
89466,0,1,0,0,0,0,0,0,0,1
89467,0,2,0,1,0,0,0,0,0,3
89468,1,0,0,0,0,0,0,0,0,1
89469,0,0,1,0,0,0,0,0,0,1
89471,0,0,0,0,0,0,0,0,1,1
89472,0,0,1,0,0,0,0,0,0,1
89478,0,5,0,3,3,0,0,2,4,17
89480,1,3,0,0,1,1,0,1,1,8
90001,3,2,0,0,4,1,0,0,12,22
90003,0,0,0,0,0,0,0,0,1,1
90004,0,2,0,0,0,0,0,0,1,3
90008,43,111,8,15,11,3,0,1,26,218
90009,4,33,2,5,4,0,0,3,9,60
90010,269,346,51,56,40,48,36,25,494,1365
90012,6,2,0,0,0,14,0,0,26,48
90017,0,4,6,0,1,0,0,0,1,12
90022,4,8,3,0,6,1,0,0,3,25
90023,3,14,3,1,0,0,0,0,8,29
90026,1,5,2,0,3,0,0,0,0,11
90027,0,1,0,0,0,0,0,0,0,1
90029,1,8,0,0,3,0,1,3,3,19
90031,0,0,0,1,0,0,0,0,0,1
90032,4,7,8,2,3,0,1,0,8,33
90033,4,14,2,0,6,2,3,2,24,57
90034,0,0,0,0,0,0,0,0,1,1
90035,0,3,0,0,0,0,0,1,0,4
90036,0,0,0,0,0,0,0,0,11,11
90039,4,5,2,1,2,4,0,1,11,30
90041,2,3,1,1,2,0,0,0,2,11
90042,2,3,2,2,2,0,0,0,2,13
90045,0,0,0,0,0,0,0,0,1,1
90047,0,3,0,1,0,0,0,0,2,6
90049,0,0,0,1,0,0,0,0,0,1
90050,0,0,0,1,0,0,0,0,0,1
90052,10,44,8,3,5,3,2,1,27,103
90053,18,4,3,1,5,3,1,0,14,49
90056,1,0,0,0,0,0,0,0,1,2
90057,0,1,0,0,0,0,0,0,1,2
90058,0,1,0,0,0,0,0,0,0,1
90060,0,0,0,0,1,0,0,0,0,1
90065,0,2,0,0,0,0,0,0,0,2
90067,4,4,0,0,0,0,1,0,8,17
90068,4,0,0,0,0,0,0,0,2,6
90069,0,0,0,0,0,0,0,0,1,1
90071,3,8,2,0,5,0,0,1,0,19
90072,3,0,0,0,1,2,0,0,4,10
90075,2,5,0,0,4,0,0,0,6,17
90076,0,3,0,0,0,0,0,0,0,3
90079,0,0,0,0,0,0,0,0,1,1
90080,0,0,0,0,0,0,0,0,1,1
90081,0,3,3,0,0,0,0,0,0,6
90087,3,6,0,5,2,0,0,0,22,38
90088,1,1,0,0,0,0,0,0,0,2
90089,5,18,2,6,3,1,0,2,15,52
90093,0,1,0,0,3,0,0,1,3,8
90097,236,647,16,10,25,1,37,2,71,1045
90099,6,24,1,3,8,0,0,3,8,53
90102,0,0,0,0,0,0,0,0,1,1
90103,0,0,0,1,0,0,0,0,0,1
90104,1,0,0,2,0,0,0,0,0,3
91016,6,12,4,0,2,2,2,0,20,48
91017,0,8,1,3,2,1,0,0,4,19
91021,167,196,15,25,15,30,26,3,129,606
91027,144,109,20,39,26,46,12,10,87,493
91035,0,1,0,0,0,0,0,0,0,1
91038,0,0,1,1,0,0,0,0,2,4
91041,0,0,0,1,0,0,0,0,4,5
91044,32,83,9,10,4,5,0,8,49,200
91045,10,20,7,6,8,11,2,4,23,91
91047,0,0,0,2,1,0,3,0,0,6
91064,11,12,6,5,4,5,0,3,18,64
91069,0,0,0,0,0,0,0,0,1,1
91079,0,0,0,1,0,0,0,0,0,1
91080,0,1,0,0,0,0,0,0,1,2
91085,4,4,4,2,2,0,0,0,3,19
91086,7,10,4,7,6,0,2,2,10,48
91093,0,0,0,1,0,0,0,0,0,1
91095,3,5,2,2,0,1,0,0,4,17
91097,7,13,1,8,2,1,1,3,32,68
91099,2,5,4,0,2,1,0,0,6,20
91100,0,3,0,0,0,0,0,0,1,4
91103,57,48,16,42,19,26,4,6,143,361
91105,6,12,4,0,6,3,0,1,28,60
91106,1,0,0,0,0,0,0,0,3,4
91109,0,0,1,0,0,0,0,0,0,1
91111,114,192,29,10,7,2,2,1,70,427
91114,46,77,28,43,16,23,3,8,102,346
91115,3,2,3,1,3,2,1,1,8,24
91121,0,0,1,0,0,0,0,0,0,1
91122,17,57,12,22,9,5,0,6,32,160
91129,3,10,2,2,2,0,0,1,7,27
91130,1,4,0,1,0,0,0,1,1,8
91132,0,0,0,1,0,0,0,0,2,3
91135,26,87,3,20,5,0,0,2,55,198
91136,1,6,0,0,1,0,0,0,6,14
91156,0,2,3,1,0,0,0,0,3,9
91159,21,0,1,1,0,2,4,0,9,38
91161,52,21,18,19,21,14,3,5,72,225
91174,564,879,35,102,47,77,109,16,439,2268
91175,1,3,0,3,1,1,0,0,2,11
91179,6,26,1,4,2,1,1,1,14,56
91180,1,0,0,0,0,0,0,0,0,1
91182,8,5,8,0,0,4,0,0,9,34
91186,0,0,0,0,0,0,0,0,1,1
91191,29,63,10,15,8,9,0,1,29,164
91200,107,92,22,21,18,16,8,4,103,391
91201,102,146,52,52,24,23,6,8,132,545
91204,0,2,0,0,0,0,0,0,0,2
91207,7,5,2,6,5,0,0,4,11,40
91215,13,30,2,15,5,0,1,6,32,104
91216,20,37,4,22,4,7,1,2,74,171
91221,0,0,0,0,0,0,0,0,1,1
91223,199,391,25,127,31,43,24,10,228,1078
91225,1,2,1,6,3,0,0,0,3,16
91226,8,30,5,8,8,3,4,3,27,96
91228,365,506,37,97,65,51,34,14,346,1515
91232,3,7,1,8,4,1,0,2,17,43
91235,33,45,12,10,7,7,0,0,21,135
91240,0,1,0,0,0,0,0,0,0,1
91243,0,5,1,1,0,0,0,0,5,12
91244,1,0,0,0,0,6,0,0,6,13
91248,0,1,0,0,0,0,0,0,0,1
91249,6,3,4,3,3,1,1,3,5,29
91272,47,53,27,26,40,27,5,13,93,331
91274,0,0,1,1,0,0,0,0,2,4
91275,5,2,2,1,3,1,0,1,5,20
91284,0,0,0,1,0,0,0,0,2,3
91286,28,39,16,7,10,14,3,3,28,148
91292,0,0,0,0,0,0,0,0,1,1
91293,0,3,1,0,0,0,0,0,1,5
91294,0,0,0,1,0,0,0,0,0,1
91312,7,9,4,4,14,3,1,4,14,60
91315,5,5,2,0,1,1,0,0,8,22
91318,1,6,0,6,3,0,0,1,5,22
91319,0,0,0,0,0,0,0,0,1,1
91326,60,59,20,38,12,25,2,8,127,351
91330,7,10,5,3,6,0,1,2,16,50
91332,0,4,0,3,0,0,0,0,1,8
91333,3,10,7,6,3,1,2,1,6,39
91338,21,15,15,9,7,4,2,5,31,109
91339,2,5,4,0,3,2,0,0,8,24
91340,21,43,3,3,54,1,0,2,95,222
91345,225,289,23,18,19,28,43,2,170,817
91347,10,26,1,9,4,1,0,2,11,64
91359,7,25,0,3,1,0,1,0,1,38
91363,16,24,14,4,6,1,1,2,13,81
91374,0,0,0,0,0,0,0,0,1,1
91376,2,7,3,2,4,2,1,1,6,28
91377,288,328,68,80,46,79,10,37,238,1174
91386,38,43,7,9,10,13,1,3,53,177
91390,1,4,2,1,2,0,0,1,1,12
91405,27,14,14,6,4,7,1,6,26,105
91408,0,0,1,0,0,0,0,0,0,1
91411,2,6,1,3,2,0,0,1,21,36
91421,42,56,18,28,19,25,6,11,80,285
91425,11,22,5,3,5,17,1,6,25,95
91432,12,12,22,4,8,11,0,2,26,97
91433,4,14,4,7,4,2,0,1,14,50
91434,37,31,10,33,10,5,3,10,51,190
91441,1,3,0,2,0,0,0,0,5,11
91457,4,6,1,5,1,2,0,11,10,40
91458,6,9,4,1,3,2,2,3,11,41
91461,1,12,6,1,3,1,5,0,6,35
91463,0,0,0,1,0,0,0,0,4,5
91468,0,0,0,0,0,4,0,0,6,10
91469,0,0,0,1,0,0,0,0,0,1
91471,270,490,24,61,36,25,41,13,265,1225
91477,75,65,39,62,22,41,9,7,108,428
91479,12,30,8,6,13,2,0,1,12,84
91482,0,0,1,0,0,0,0,0,0,1
91494,2,3,2,1,2,4,0,1,8,23
91511,4,8,2,0,2,0,1,0,8,25
91514,253,234,32,10,21,12,10,3,95,670
91521,95,96,15,25,18,24,3,5,122,403
91525,0,5,1,2,0,0,0,2,2,12
91526,0,0,1,0,0,0,0,1,0,2
91533,4,18,7,5,3,1,1,0,20,59
91534,17,20,4,6,5,0,2,2,15,71
91538,0,0,3,0,0,0,0,0,0,3
91540,4,6,1,4,3,2,0,0,18,38
91546,0,0,0,0,0,0,0,0,1,1
91549,51,136,28,40,20,32,3,9,123,442
91552,18,17,5,5,3,2,0,0,20,70
91553,3,8,7,9,3,1,2,4,13,50
91560,0,0,0,0,0,0,0,1,0,1
91568,0,3,0,1,0,0,0,1,2,7
91570,30,33,13,13,14,24,1,9,57,194
91573,9,32,12,8,8,3,5,5,33,115
91577,5,11,7,1,3,0,0,2,8,37
91578,0,0,0,0,0,0,0,0,1,1
91579,4,13,0,5,1,0,0,1,5,29
91581,0,0,0,0,0,0,0,0,1,1
91587,5,11,7,3,3,2,0,2,12,45
91589,52,51,31,34,18,35,3,6,88,318
91599,1,3,0,0,1,0,0,0,0,5
91600,17,52,5,10,6,9,0,1,33,133
91602,0,1,0,1,0,0,0,0,1,3
91617,10,16,8,12,3,1,0,6,17,73
91619,0,0,0,0,3,0,0,0,4,7
91629,0,0,0,1,0,0,0,0,0,1
91630,0,0,0,1,0,0,0,1,0,2
91631,6,16,6,5,1,0,0,1,10,45
91634,1,6,1,1,0,0,0,2,0,11
91635,2,3,0,2,0,3,0,1,6,17
91639,1,2,0,2,0,0,0,0,3,8
91645,29,26,18,16,14,8,8,5,52,176
91648,2,2,2,1,2,0,0,1,3,13
91649,3,3,6,1,1,0,0,0,4,18
91654,1,0,0,1,0,1,0,0,1,4
91657,35,32,10,12,18,13,6,5,41,172
91659,4,8,0,2,9,9,0,0,24,56
91661,11,19,22,11,23,6,0,9,74,175
91662,0,0,1,0,0,0,0,0,1,2
91665,2,4,4,1,9,0,1,2,34,57
91666,1,9,4,2,5,2,0,1,5,29
91667,7,16,8,5,4,1,0,2,14,57
91671,0,0,0,0,0,0,0,0,1,1
91679,0,0,12,0,0,0,0,3,1,16
91685,21,44,50,12,4,0,0,4,33,168
91687,59,84,22,27,24,17,6,7,105,351
91689,2,9,5,3,10,3,0,1,8,41
91691,98,110,31,27,18,19,3,11,124,441
91692,38,45,6,9,53,24,6,7,71,259
92002,489,453,115,115,107,71,50,45,370,1815
92004,213,105,119,109,53,110,27,46,310,1092
92007,80,68,28,23,30,48,1,16,78,372
92009,64,128,36,41,37,27,4,9,68,414
92012,1030,902,216,268,228,198,20,66,805,3733
92014,101,52,32,39,18,36,2,23,85,388
92019,50,80,77,40,28,34,4,12,97,422
92020,145,122,69,55,44,34,7,17,195,688
92022,58,23,17,27,15,15,5,10,66,236
92023,635,1317,84,126,109,67,100,25,591,3054
92024,466,924,72,73,71,85,51,23,499,2264
92025,355,686,58,96,99,144,74,28,409,1949
92026,285,233,164,105,200,128,11,44,294,1464
92032,51,49,29,29,21,22,2,8,57,268
92033,345,410,95,52,36,28,1,39,302,1308
92035,171,116,60,44,26,46,4,10,130,607
92036,132,158,37,47,38,51,7,14,149,633
92040,315,363,140,110,144,90,13,27,295,1497
92044,416,711,145,107,97,108,61,23,353,2021
92046,115,44,29,30,22,36,6,9,80,371
92047,1,3,1,2,0,0,0,0,5,12
92048,177,122,57,63,45,43,2,22,117,648
92049,153,99,81,51,45,107,11,20,156,723
92050,381,568,69,181,116,106,80,26,390,1917
92051,1079,784,146,127,189,105,70,46,598,3144
92060,284,415,53,32,40,18,5,13,135,995
92062,291,170,86,47,219,82,10,13,228,1146
92063,379,340,112,144,279,89,18,36,360,1757
92064,398,421,53,65,77,26,57,16,333,1446
92071,78,82,24,76,19,25,2,7,107,420
92072,64,90,36,42,21,25,23,5,83,389
92073,818,912,99,75,79,70,93,29,399,2574
92075,58,39,36,34,25,19,2,8,109,330
92076,15,29,21,12,8,1,1,10,38,135
92077,24,18,5,38,8,10,2,10,29,144
92078,56,95,13,15,52,19,2,3,84,339
93001,283,317,36,63,55,87,13,13,251,1118
93005,219,230,47,54,66,57,8,9,241,931
93006,188,96,26,31,21,33,6,6,99,506
93007,160,133,38,18,41,45,34,3,127,599
93008,723,693,57,105,85,51,54,21,449,2238
93010,309,529,49,60,35,43,50,8,272,1355
93013,52,62,20,17,10,13,1,12,62,249
93014,34,17,3,4,8,10,3,3,39,121
93015,9,13,6,2,2,0,3,1,8,44
93027,47,54,31,17,23,31,5,7,54,269
93029,134,111,32,20,39,61,7,6,126,536
93030,14,10,5,2,4,3,1,1,9,49
93031,111,75,34,34,20,35,5,4,82,400
93032,38,48,23,24,16,30,2,6,88,275
93033,9,9,7,6,5,6,1,1,20,64
93039,5,3,0,0,0,1,1,0,0,10
93045,102,48,30,33,17,29,4,8,97,368
93046,133,116,36,16,29,63,7,7,133,540
93047,277,406,48,43,39,13,31,6,233,1096
93048,446,518,164,178,85,113,85,35,415,2039
93049,47,39,18,15,13,25,3,2,67,229
93050,169,361,14,202,28,33,0,12,314,1133
93051,78,98,50,55,45,36,11,25,165,563
93053,46,51,19,32,19,29,5,20,121,342
93055,148,88,51,52,57,73,9,18,142,638
93057,30,29,7,10,13,58,0,7,65,219
93059,14,25,9,5,0,10,2,0,12,77
93061,29,43,31,15,12,27,6,3,60,226
93062,56,28,20,19,17,28,7,4,109,288
93063,66,68,43,20,16,43,1,20,89,366
93064,187,87,33,38,27,64,3,9,145,593
93066,892,913,90,208,118,127,100,43,612,3103
93070,204,169,59,45,91,65,5,13,182,833
93071,133,211,41,44,26,24,6,4,101,590
93072,161,212,44,21,17,26,15,8,107,611
93073,144,190,27,21,25,34,2,4,143,590
93074,5,11,12,4,4,5,0,0,13,54
93077,97,41,25,15,12,13,7,7,50,267
93078,340,551,30,126,44,46,53,12,260,1462
93079,17,16,2,7,6,11,1,2,6,68
94001,4,5,2,5,3,1,0,0,10,30
94002,146,86,36,36,27,34,7,17,115,504
94003,27,36,18,20,29,30,1,1,77,239
94004,21,27,8,23,5,18,1,6,79,188
94011,32,27,6,15,16,19,1,2,43,161
94015,333,276,22,36,35,22,27,8,207,966
94016,57,52,39,34,17,21,1,10,68,299
94017,327,272,91,61,58,85,10,25,261,1190
94018,192,70,36,41,27,38,3,11,132,550
94019,20,38,12,6,19,4,0,2,45,146
94021,45,61,15,15,9,25,2,5,55,232
94022,65,89,33,41,27,62,3,5,143,468
94028,1688,2665,102,350,204,143,137,62,1449,6800
94033,137,106,46,68,63,65,5,24,187,701
94034,47,57,19,43,19,16,1,5,75,282
94037,84,76,9,31,70,8,0,15,92,385
94038,39,43,14,26,20,25,3,6,85,261
94041,165,301,70,83,36,98,9,15,449,1226
94042,55,19,38,29,16,19,5,13,66,260
94043,755,1319,50,95,86,47,65,39,582,3038
94044,77,210,12,21,21,12,2,9,79,443
94046,104,68,77,42,59,69,8,17,175,619
94047,10,18,2,9,2,1,0,1,11,54
94048,13,5,2,0,2,2,2,2,8,36
94052,266,144,60,56,27,47,19,10,133,762
94053,6,5,4,2,2,3,2,0,9,33
94054,47,81,24,19,17,13,3,4,62,270
94055,40,20,11,2,3,12,1,3,24,116
94056,1,1,1,2,0,1,0,0,3,9
94058,132,64,65,43,22,32,5,12,129,504
94059,37,23,15,12,14,10,2,8,46,167
94060,50,126,10,40,9,3,0,0,99,337
94065,23,30,8,6,11,8,0,0,27,113
94067,234,348,54,54,39,26,8,11,214,988
94068,478,219,169,128,73,116,21,32,420,1656
94069,182,341,62,114,45,7,68,28,251,1098
94070,12,11,4,4,2,3,0,3,6,45
94071,57,67,22,32,17,22,4,11,74,306
94073,87,101,20,22,23,27,4,8,170,462
94074,28,46,34,7,7,2,1,2,59,186
94075,24,30,14,11,4,16,0,2,56,157
94076,819,1397,63,193,119,54,6,26,1004,3681
94077,25,25,16,6,10,16,1,5,43,147
94078,323,523,16,26,40,38,71,5,190,1232
94079,41,44,53,20,18,30,2,7,71,286
94080,195,74,118,115,40,72,11,32,243,900
94081,175,199,62,84,69,70,18,15,222,914
95002,0,0,0,0,0,0,0,0,1,1
95008,8,17,17,2,3,0,0,3,16,66
95014,10,33,2,15,1,0,0,2,18,81
95018,410,859,95,125,81,90,89,40,526,2315
95019,23,12,7,8,4,17,1,2,33,107
95023,0,0,1,0,0,0,0,0,0,1
95024,0,0,3,0,0,0,0,0,0,3
95026,3,7,3,0,2,7,0,2,4,28
95028,0,1,1,0,0,0,0,0,0,2
95039,5,5,2,4,3,3,1,0,12,35
95040,0,2,0,0,0,0,0,0,0,2
95042,1,2,5,2,2,0,0,0,3,15
95051,8,11,2,7,4,8,0,4,21,65
95052,95,174,11,29,7,4,24,13,119,476
95055,1,3,0,4,0,0,0,0,0,8
95056,3,9,0,4,1,0,0,1,1,19
95058,0,2,7,1,0,0,0,0,2,12
95060,5,3,7,2,5,15,1,2,6,46
95061,0,0,0,0,0,0,0,0,1,1
95063,90,91,20,17,20,37,4,10,73,362
95078,6,8,4,2,2,3,1,1,12,39
95088,0,1,0,0,0,0,0,0,0,1
95091,20,82,18,28,3,4,0,4,50,209
95101,2,11,1,1,1,0,0,0,1,17
95116,2,9,1,1,3,0,0,0,1,17
95120,0,2,1,0,0,0,0,0,2,5
95127,109,134,28,74,48,82,14,10,213,712
95134,3,6,5,3,1,0,2,0,12,32
95142,1,7,1,3,1,0,0,0,4,17
95149,13,4,8,0,6,2,0,2,6,41
95154,0,2,1,1,0,0,0,0,0,4
95166,0,0,0,0,0,0,0,0,2,2
95170,0,0,0,0,0,0,0,0,1,1
95176,47,46,26,28,15,17,6,10,64,259
95177,1,0,0,0,0,0,0,0,0,1
95183,3,5,3,3,2,2,0,0,9,27
95197,57,24,29,18,12,29,5,6,66,246
95199,81,49,25,19,13,9,5,3,72,276
95203,318,421,49,89,31,20,43,28,260,1259
95205,2,6,4,5,4,9,4,0,26,60
95210,61,57,28,42,10,35,5,4,113,355
95211,12,36,11,7,6,0,0,2,20,94
95218,32,23,20,13,13,5,1,3,48,158
95219,174,184,24,32,20,42,21,10,152,659
95229,7,13,11,3,4,3,0,2,15,58
95241,2,7,0,1,0,0,0,0,2,12
95250,13,8,6,2,4,8,3,2,21,67
95252,74,63,28,19,17,26,3,4,85,319
95256,15,4,0,0,24,0,0,0,543,586
95257,0,6,0,3,2,9,0,2,6,28
95258,0,0,0,0,0,0,0,0,1,1
95268,69,63,34,14,20,14,5,6,65,290
95271,0,0,0,1,0,0,0,0,2,3
95277,289,578,30,77,32,13,48,10,250,1327
95280,60,51,4,9,20,23,8,0,57,232
95287,0,2,0,1,0,0,0,0,0,3
95288,32,14,18,14,6,10,2,2,18,116
95298,0,0,1,1,0,0,0,1,0,3
95306,40,75,35,34,12,24,9,9,103,341
95308,0,1,0,0,0,0,0,1,0,2
95313,129,112,32,22,37,30,16,6,142,526
95323,32,26,9,14,7,1,4,3,33,129
95328,0,1,0,1,0,0,0,0,0,2
95348,0,2,0,1,0,0,0,0,4,7
95351,12,21,12,3,8,11,1,0,30,98
95352,7,6,4,3,2,0,0,1,10,33
95353,0,0,1,1,0,0,0,0,0,2
95355,26,37,16,14,3,6,3,5,58,168
95365,0,0,0,0,0,0,0,0,1,1
95369,17,83,9,9,3,2,0,0,24,147
95370,8,35,4,15,3,3,3,1,18,90
95371,2,11,6,3,5,3,0,0,9,39
95388,15,30,29,4,5,5,0,3,38,129
95392,4,7,3,5,6,1,3,0,9,38
95394,6,9,23,2,6,4,1,2,12,65
95395,0,0,0,1,0,0,0,0,0,1
95409,20,118,0,10,2,0,0,0,37,187
95422,0,0,0,0,0,0,0,0,3,3
95424,16,23,12,11,10,20,2,5,42,141
95426,5,15,2,15,1,0,0,1,10,49
95427,12,22,4,7,6,4,2,2,33,92
95428,77,430,25,44,12,14,28,11,124,765
95430,3,6,2,2,2,1,0,3,1,20
95436,0,1,0,2,0,0,1,2,4,10
95445,0,0,1,1,0,0,0,0,0,2
95446,4,2,3,1,2,0,1,1,3,17
95450,23,15,1,5,6,0,0,0,3,53
95452,0,0,1,0,0,0,0,0,0,1
95459,0,0,4,0,0,0,0,0,3,7
95476,161,192,10,20,16,40,5,4,180,628
95480,7,17,7,4,2,5,0,0,7,49
95487,7,14,2,13,8,8,4,0,19,75
95488,7,13,2,9,3,4,0,1,12,51
95489,0,0,0,0,0,0,1,0,1,2
95491,3,8,18,9,4,1,1,2,8,54
95492,0,0,5,0,0,0,0,0,0,5
95500,528,817,48,103,40,33,94,18,334,2015
95504,0,6,2,2,1,1,0,3,2,17
95509,3,1,5,0,3,11,0,0,2,25
95510,0,4,22,0,0,0,1,0,8,35
95523,2,30,4,1,1,0,0,0,10,48
95527,73,51,5,3,7,7,0,0,22,168
95529,0,0,0,0,0,0,0,0,1,1
95535,0,0,1,0,0,0,0,0,2,3
95539,19,14,7,6,18,14,3,3,46,130
95541,0,4,0,0,0,0,0,0,1,5
95543,0,0,0,0,0,0,0,0,1,1
95554,0,1,0,1,0,0,0,0,1,3
95555,28,47,14,13,12,25,4,9,57,209
95563,26,28,21,17,8,9,5,9,48,171
95566,5,7,0,2,3,0,1,0,12,30
95572,76,79,33,43,21,11,2,6,82,353
95574,6,7,3,18,3,1,1,1,13,53
95580,3,3,5,2,3,3,0,3,4,26
95582,27,23,23,22,13,36,2,8,82,236
95585,175,234,51,67,38,64,16,10,217,872
95592,3,2,1,1,0,0,0,0,1,8
95594,0,0,1,0,0,0,0,0,0,1
95598,24,32,19,14,16,18,3,1,77,204
95604,5,9,3,2,2,0,1,0,10,32
95607,91,110,39,27,24,38,8,18,108,463
95612,1,7,4,1,4,0,0,0,2,19
95625,3,3,2,0,0,0,2,4,4,18
95628,0,0,0,1,0,0,0,0,1,2
95637,14,21,7,15,9,20,2,7,43,138
95641,0,4,1,0,3,0,0,0,0,8
95651,1,5,0,1,1,0,1,1,1,11
95652,4,11,3,6,6,2,0,1,11,44
95658,0,2,1,1,2,1,0,0,2,9
95660,1,0,2,1,0,0,0,3,1,8
95675,0,2,0,0,0,0,0,0,0,2
95678,0,0,0,0,0,0,0,0,2,2
95680,34,62,25,24,12,13,5,6,51,232
97103,0,0,0,1,0,3,0,0,0,4
97120,0,10,4,0,0,3,0,0,0,17
97701,2,0,0,0,0,0,0,0,0,2
97801,1,0,0,0,0,0,0,0,0,1
98611,0,0,0,0,0,1,0,0,0,1
98613,14,2,0,0,2,1,4,0,0,23
98712,4,0,0,0,0,2,0,0,0,6
98714,6,0,0,0,0,3,0,0,0,9
98715,17,0,0,0,0,7,0,0,0,24
98720,0,0,0,0,0,1,0,0,0,1
98722,5,0,0,0,0,1,0,0,0,6
98723,0,0,0,0,0,1,0,0,0,1
98724,3,0,0,0,0,2,0,0,0,5
98725,6,0,0,0,0,4,0,0,0,10
98729,13,0,0,0,0,3,0,0,0,16
98731,0,0,0,0,0,2,0,0,0,2
98733,12,0,0,0,0,1,0,0,0,13
98734,4,0,0,0,0,2,0,0,0,6
98735,152,10,0,0,0,31,0,0,0,193
98736,12,0,0,0,0,8,0,0,0,20
98738,18,0,0,0,0,9,0,0,0,27
98740,1,0,0,0,0,1,0,0,0,2
98745,2,0,0,0,0,1,0,0,0,3
98747,15,0,0,0,0,3,0,0,0,18
98750,2,0,0,0,0,1,0,0,0,3
98752,2,0,0,0,0,2,0,0,0,4
98753,0,0,0,0,0,1,0,0,0,1
98754,2,0,0,0,0,0,0,0,0,2
98757,0,0,0,0,0,1,0,0,0,1
98758,12,0,0,0,0,5,0,0,0,17
98803,1,0,0,0,0,1,0,0,0,2
98804,1,0,0,0,0,0,0,0,0,1
98805,2,4,0,1,0,5,0,0,0,12
98811,2,6,0,0,0,2,0,0,0,10
98812,0,2,0,0,0,2,0,0,0,4
98813,0,0,0,0,0,1,0,0,0,1
98814,1,0,0,0,0,0,0,0,0,1
98817,0,0,0,0,0,6,0,0,0,6
98818,31,31,0,0,0,67,0,0,1,130
98821,1,0,0,0,0,7,0,0,0,8
98822,2,0,0,0,0,2,0,0,0,4
98825,0,1,0,0,0,1,0,0,0,2
98829,0,0,0,0,0,1,0,0,0,1
98831,1,0,0,0,0,0,0,0,0,1
