code_insee,n,latitude,longitude
01001,1,46.1534255214,4.92611354223
01002,1,46.0091878776,5.42801696363
01004,519,45.9608475114,5.3729257777
01005,29,45.9961799872,4.91227250796
01007,28,46.0055913782,5.35760660735
01010,3,45.9093715116,5.79516005674
01014,49,46.2834936005,5.69061651221
01015,1,45.7237621545,5.65263086429
01021,14,45.9934611,4.82199649494
01022,20,45.8695891748,5.69065283943
01024,33,46.2861802203,5.1795233845
01025,20,46.3233203302,4.9528678933
01026,16,46.3077069231,4.92862084189
01027,10,45.8311226453,5.10780019249
01029,51,46.4288360203,5.26003405676
01030,1,46.0008580204,4.75600664694
01031,33,46.2373497134,5.6360052884
01032,42,45.8591464826,5.13989505865
01033,232,46.1067901755,5.83202736464
01034,480,45.7494697806,5.68412365526
01037,1,45.8374974718,5.48285330863
01040,1,46.3674371012,5.04021655965
01041,2,45.9368718303,5.36667617009
01043,78,45.8390325448,4.99738002182
01044,1,46.0791346715,5.76591818163
01046,4,46.2266794269,4.94084673168
01047,6,45.8469686113,5.25166055884
01049,29,45.8446213549,5.02783224111
01053,2108,46.2051520382,5.24602125501
01058,6,45.6416854652,5.61653371
01060,5,46.0759940484,5.61418361314
01062,1,45.869423064,5.1009428902
01063,2,46.1686327301,5.54656422194
01064,2,45.7708330939,5.48537461884
01065,10,46.2104135162,5.14487465017
01068,5,46.0720202633,5.47577586118
01069,4,46.1337950959,5.26239539372
01071,20,46.315689376,6.0779844362
01072,58,46.1832170988,5.32007207542
01073,2,45.8335530148,5.71933090966
01074,40,46.0076491739,5.16936568
01075,12,46.0340545373,4.79853838574
01078,8,46.1768358327,5.97115092939
01079,24,45.9316447397,5.69321890072
01082,37,46.005695299,5.76893393185
01083,6,46.0934984191,4.85473364691
01088,6,45.8736786869,5.2211032563
01089,17,45.9730390239,5.30754273532
01092,8,45.9748017433,5.2416027725
01093,172,46.1232390685,4.95810003714
01095,7,46.2750157946,5.41649423093
01098,6,45.7925770617,5.68477063188
01099,13,45.8929448968,5.25528498524
01103,4,46.283152935,6.04707941462
01104,1,46.222573373,5.87248105275
01105,28,45.922467454,4.88633786877
01108,25,46.3866637865,5.3308227014
01109,16,46.1419227898,5.90040256654
01112,4,46.105831161,5.55568206762
01113,4,46.1538469834,5.08437171701
01114,9,46.1543700156,5.83319395258
01115,2,46.270304175,5.05775217893
01118,13,45.9659473187,5.78961970355
01123,3,46.2403530179,4.8276569593
01130,4,46.3130831891,5.17796707174
01134,8,46.283072336,4.87747971182
01135,5,46.2915659686,5.99510417092
01138,38,45.8559966843,5.78398308932
01140,7,46.273150382,5.1020896267
01142,85,45.8531616918,5.07289166803
01143,124,46.3756333495,6.1158647611
01145,2,46.0667883703,5.21665199666
01147,2,46.4244066427,5.29313479651
01148,8,46.3133221173,5.64146584117
01155,2,45.965147537,5.50283599885
01156,1,45.9104942091,5.1249258559
01157,20,46.020997974,4.7620080898
01159,50,46.3365833672,4.88507050971
01160,197,46.2519789243,6.10826403805
01163,6,46.3784759782,5.18483641417
01165,1,46.0735946256,4.81293575559
01166,9,45.9939065077,4.78033196905
01169,1,46.1201611728,4.79288195016
01170,1,46.1896733539,5.55139781353
01173,171,46.3471891747,6.04650555568
01179,14,46.2633634407,4.84621318847
01180,3,46.3318810665,6.11366767978
01181,8,46.2260039429,5.61095413441
01183,4,46.106624674,4.78159420118
01185,328,45.9696520061,5.57627261783
01187,4,46.0317412192,5.70267027388
01189,3,46.0497734524,5.75991363273
01192,12,46.2179780137,5.56258251719
01194,82,45.9777239103,4.75984637871
01195,16,46.2150037064,5.31215372338
01197,1,46.1464982407,5.33452833151
01199,27,46.0497041467,5.41094771899
01202,106,45.8917015798,5.32917518895
01207,1,45.9859131165,4.98196682865
01211,18,46.1160216305,5.20200684747
01213,3,45.9269989549,5.2947657235
01216,11,45.7444141403,5.53602066955
01224,21,45.7921564114,5.21770971647
01227,3,45.7754050255,5.71540945601
01228,8,46.1201642836,5.52854394238
01229,1,46.3295545661,5.14386299599
01230,1,46.4302754511,5.10675899732
01231,18,46.3643830585,4.90242777155
01232,31,46.3434312497,5.24374534963
01235,5,46.0549073186,5.0741150816
01236,1,46.3409117711,5.06434294764
01237,3,46.2030768095,5.61384033805
01238,28,45.9094016817,4.82779660051
01240,1,46.2565319445,5.53958933702
01241,22,46.244997627,5.33594738489
01243,4,46.0472670758,4.75935643933
01244,189,45.9060530318,5.20404833653
01245,2,46.1427060662,5.3780109646
01246,14,46.2423102101,5.04725416984
01247,1,46.3622451724,6.00902631941
01248,23,45.8955939299,4.92416967439
01249,234,45.8442099203,4.94106746787
01250,5,45.9762325343,4.81028471711
01254,26,46.1686969123,5.27962107938
01258,4,46.0962893261,4.80453564172
01259,1,46.219333227,5.11149132074
01261,1,45.9622791838,4.94555984534
01262,125,45.8909006209,5.01987566185
01263,42,46.0849573236,4.7608579486
01264,3,46.1867200301,5.11706011755
01265,47,46.1795688194,5.59510550127
01266,84,46.3252811442,5.11295966315
01267,3,46.1830720992,5.51435812316
01268,2,45.6420014274,5.66039684889
01269,31,46.1537845403,5.61352793799
01272,15,46.1567753049,5.00942432434
01273,2,46.0909654813,5.37349784691
01274,1,46.1342937114,5.63714517869
01275,23,45.8184192468,4.9309045685
01276,6,45.8222941077,5.05949629195
01281,32,46.2774557513,6.09454723599
01283,557,46.2605435859,5.65344320923
01284,2,46.3867168877,4.91805840196
01285,1,45.9184267932,4.82747423402
01288,23,46.1913554154,5.91968751164
01289,174,46.1711903413,5.21802169564
01290,10,45.8803945768,5.17955874977
01293,1,46.1498184067,5.50572312284
01294,6,45.6762428663,5.67912809192
01296,1,46.385801285,5.27417594024
01297,1,45.8928509581,5.08915465965
01301,24,46.2463108642,5.13794412439
01303,29,46.089530586,5.41681266947
01304,56,46.0542077091,5.34703652618
01305,65,46.4422864477,4.92862459427
01306,76,46.2637215091,4.88186068102
01307,10,46.155963139,5.57615832883
01310,4,45.6806263123,5.64396081449
01313,103,46.25827228,6.07223251859
01314,14,46.0197521486,5.28523353803
01320,32,46.3077356023,4.8746938271
01322,62,45.9367652442,4.82840395968
01323,2,46.4285569061,4.91285056272
01328,20,46.1237520756,5.0217131176
01330,2,46.0037108867,5.65322391497
01333,62,45.927001954,4.95373324492
01336,2,46.1492410532,5.14175200148
01338,5,45.6891842277,5.5843972561
01339,11,45.9493830581,4.74276628471
01343,13,46.2754005606,4.96757105158
01344,144,46.2111998453,5.18462806771
01345,17,45.9488551151,5.32367701698
01347,6,45.9564926067,4.77766764875
01348,30,46.1840408682,4.81645666173
01350,31,46.2749447261,5.28428557632
01351,4,46.1468059584,4.86696454244
01353,1,45.9669798317,4.79478189169
01354,206,46.254539333,6.0362907345
01357,2,46.1821955394,5.74672259773
01360,16,46.2178585727,5.94203093769
01361,5,45.8405002569,5.21167430462
01362,3,45.9598424323,4.89936410681
01363,28,46.0291437714,5.38252835538
01366,11,45.8819723176,5.28452304614
01367,8,46.3997655501,5.10354296019
01369,23,46.1929758576,5.28494181398
01370,23,46.3051486294,4.83949202669
01372,3,45.848212674,5.67889099153
01373,28,46.135983782,5.57106016428
01374,1,46.1061500835,5.32551470817
01376,83,45.8343709108,4.97726215174
01378,16,45.8200191939,5.16980415584
01379,3,45.9527471237,5.2708276475
01380,2,46.4528537121,5.1759906585
01382,1,46.0142006121,4.93624894982
01383,26,46.0956691617,5.12762470203
01384,33,45.9504631708,5.44017084612
01385,1,46.1846642149,5.16771354778
01386,5,45.886308438,5.37608915006
01388,39,46.4612969335,5.06679195727
01389,23,46.0618477991,4.90158948884
01390,33,45.8222315102,5.27019602929
01396,7,45.8654038798,5.40416104083
01397,1,46.3126908233,6.11043836433
01398,5,45.997346828,4.8576200906
01399,18,46.2935928404,6.07287743792
01401,2,46.2626243003,5.98914553194
01402,1,46.4981991944,4.97856020441
01403,12,45.8133219416,5.44125880379
01407,10,45.9484118176,5.82616979887
01408,1,46.2340471594,5.42240815305
01410,1,46.2229768712,5.50566888767
01412,2,46.1735383313,4.95772382526
01415,21,45.8637167128,5.72090411074
01416,15,45.922698278,5.51453923595
01418,1,45.8169214201,5.0184098869
01419,45,46.2435475879,5.96506297987
01420,53,46.1700943481,4.79387095814
01422,17,46.1384790158,5.30400055922
01423,1,45.959898291,4.82898610612
01424,23,45.8745670311,4.9639268325
01426,26,46.2803281838,5.36083165162
01427,272,45.940671655,4.7714415007
01431,5,45.9201205456,5.36353184193
01433,3,46.4848229774,5.10590413121
01435,20,46.2997631425,6.10057952207
01443,119,45.9927150222,5.04507856642
01446,1,46.0319048788,4.85182526102
01447,45,46.1926750369,5.3947679407
01449,2,46.0099989032,5.25214547187
01450,23,45.932014998,5.22953071636
01451,1128,46.2508985632,5.22302249216
01452,23,45.8464417872,5.63971940347
01453,14,45.9063608209,5.73707051523
01454,9,45.7267387762,5.71282330936
01457,24,46.2168871367,4.99744373712
02002,1,49.6936187791,3.39735632148
02003,2,49.3471963534,3.41817609834
02011,6,49.3762672939,3.18334679178
02014,1,49.6108275885,3.30289341579
02017,2,49.6940879195,3.42823182437
02018,28,49.5045058305,3.43129584952
02025,1,49.7617999337,3.19725095546
02028,30,49.5757750686,3.69006632109
02031,11,49.8252306759,4.19066939985
02037,5,49.6198117499,3.60981962105
02057,29,49.9965608612,3.32970842537
02058,27,49.402806797,3.75287161991
02059,32,49.648319958,3.33811188104
02063,3,49.9261057081,3.2441994692
02064,37,49.3567574344,3.34051688283
02065,1,49.9592991729,3.23020850852
02077,1,49.3172125296,3.29666086699
02080,2,49.5928792816,3.57657238799
02083,3,49.1308547007,3.49165019107
02085,5,49.1046732888,3.40812513224
02089,5,49.3556556532,3.37609947556
02093,15,49.5076223945,3.15179502187
02094,2,49.0264919363,3.46405474705
02095,61,49.989032874,3.46522354976
02102,1,49.4606212957,3.75658607824
02103,10,50.0114554001,3.71432024852
02106,17,49.4022354002,3.65944342757
02110,44,49.3484719318,3.53596629744
02111,12,49.5176286609,3.41282321335
02114,31,49.0567927241,3.42453409652
02126,6,49.7718100626,4.18649398572
02127,1,49.1996571467,3.44535846468
02128,18,49.5239615523,3.66954693798
02131,27,49.3884447185,3.39828602712
02132,1,49.5790852566,3.496908306
02135,12,49.9577111138,3.838016082
02141,41,49.9732109539,3.91398483546
02143,4,50.0009779444,3.2423098464
02151,2,49.5778658953,3.54646763896
02153,4,49.5595788079,3.50190405701
02157,11,49.5986366056,3.67200832611
02163,43,48.9898678258,3.29365157876
02165,3,49.6508532429,3.38525104222
02167,1,49.3783410842,3.50271467967
02168,686,49.0564070801,3.38160004843
02172,4,49.3150223009,3.25276338247
02173,441,49.619880673,3.21875355041
02184,6,49.7616780422,3.5837583969
02186,30,48.983996655,3.38226485102
02187,7,49.035155356,3.43302324278
02190,1,49.4029298198,3.43836038727
02191,3,49.5326303582,3.58562168803
02195,2,49.3674868367,3.46778299062
02201,17,49.3295432232,3.15290453511
02203,5,49.1632280955,3.43633795455
02209,14,49.0016101753,3.56116999962
02212,2,49.6370236167,3.27726632135
02215,19,49.4620558975,3.82654082441
02217,27,49.5159709578,3.31548892957
02220,1,49.1980463524,3.62776592985
02226,2,49.3434328339,3.30199112892
02228,2,49.0715288855,3.54168079771
02231,1,49.6458776473,3.52446684584
02232,49,49.2133089693,3.01306173751
02237,32,49.698624191,3.62256564798
02238,10,49.6082534854,3.5125070585
02239,10,49.0428713757,3.51138201699
02243,30,49.4078535405,3.36640020468
02245,14,49.4081126802,3.32236958826
02259,2,49.2414407733,3.14413128827
02261,1,49.709705981,3.68499803784
02264,8,49.6355575735,4.01312880234
02269,1,49.9652064178,3.7033753973
02279,1,49.1029988371,3.35359350285
02286,2,49.9822300914,3.75309920982
02287,5,49.7740780116,3.27214459324
02290,12,49.0341132047,3.34014174183
02292,9,49.0317558536,3.41777664616
02295,2,49.8962633822,3.92348915288
02296,22,49.8325776228,3.15800068609
02298,15,49.9996010721,3.65890491685
02303,24,49.8710844824,3.25278845948
02304,105,49.6662828073,3.36938834693
02305,59,49.1875000917,3.51106425515
02306,1,49.7409973498,3.55129770695
02307,28,49.1759874423,3.14237641756
02309,2,49.5252642949,3.76013631694
02310,1,49.9018502295,3.44594045878
02312,1,50.0002036206,3.92466690244
02315,29,49.7047240534,3.19451403575
02318,12,49.5492820594,3.29319165625
02321,3,49.8537390603,3.90543025367
02334,26,49.9540724704,3.41858032499
02336,3,49.6835552621,3.23680430341
02338,2,49.6818768902,3.72070844849
02339,2,49.0832089104,3.18156231552
02340,57,49.8234688599,3.28649189661
02352,1,49.9987486908,3.26458305638
02355,2,49.8869947757,3.23960817466
02359,2,49.8100941328,3.2751623814
02360,36,49.4433017606,3.95534582458
02361,169,49.8960415076,3.62476062929
02370,2,49.9664492878,3.19055510378
02371,9,49.8407051764,3.33484724239
02372,2,49.2789534457,3.35763287633
02374,1,49.911760676,3.27675235436
02381,223,49.9426458618,4.10483732841
02382,15,49.8612556888,3.20085325892
02383,10,49.8577543083,3.37495127984
02387,9,49.803442885,3.34942752527
02388,3,49.7858863872,4.13552902559
02389,19,49.0895236955,3.53359601877
02397,2,49.7172050931,3.23611732777
02408,1094,49.5679724897,3.62089561902
02419,2,49.9605709227,3.77740709683
02420,5,49.9043632178,3.31462117869
02426,1,49.9345380686,3.31185579217
02430,41,49.6108544067,3.81711786834
02455,1,49.921297034,3.73000059946
02456,1,49.5650654162,3.17962639988
02468,40,49.7451393478,3.7652054501
02469,12,49.8913737841,3.7849871912
02476,1,49.9919704555,3.55884133428
02477,4,49.3705627456,3.27070140635
02483,2,49.7918999939,3.38740833653
02487,5,49.3855898418,3.43829672684
02495,1,49.9637441269,4.05128113518
02497,11,49.5379451828,3.55478457954
02498,1,49.5531328831,3.84439779259
02500,3,49.9642449609,3.35609147368
02502,27,49.6890129328,4.02915061151
02503,1,49.8514997521,3.52673568406
02504,9,49.7360396205,3.26188923395
02514,5,49.3726900463,3.09924630011
02520,3,49.2921467742,3.5821661713
02521,10,49.0264607134,3.19454438663
02527,1,49.4616807631,3.19122405616
02532,22,49.750274961,3.35100553228
02533,1,49.2781417953,3.43464742094
02539,3,49.9508154668,3.25861980976
02540,2,48.9997837313,3.44587892818
02541,1,49.4367296826,4.0236471269
02543,18,49.1626366671,3.26436269893
02545,13,49.7145039747,3.83367274994
02549,2,49.8206477091,3.33360991741
02554,1,49.0140758623,3.40340404208
02555,20,48.9426222247,3.332802902
02558,72,50.0086867152,3.80929288198
02559,1,49.7075667391,3.49359729343
02560,4,49.7079830783,3.46084868911
02566,3,49.6136864694,3.19142372904
02572,1,49.3759679828,4.01565856496
02574,11,49.8861904623,4.01101149757
02575,21,49.8268502674,3.52909324665
02580,15,49.2070701806,3.38202413773
02587,1,49.5385213412,3.70351915315
02589,1,49.4629055692,3.53929108659
02593,1,49.4022800131,3.29799527999
02598,4,49.3756522114,3.23031459047
02600,1,49.6482784601,3.78777546723
02602,19,49.488480349,3.46156583024
02605,2,49.7965883398,3.5260425643
02608,3,49.8188816623,4.01999597737
02610,4,49.3921873782,3.27884937169
02614,2,49.921599489,3.20120191987
02617,3,49.6778615755,3.58559308314
02618,2,50.0143067533,3.39725258008
02619,338,49.5493580112,3.4177638358
02620,1,49.3900726835,3.54013980029
02624,10,49.8906172484,3.75241120947
02631,1,49.5641090409,3.14613795931
02643,4,49.3881779495,3.1411755288
02648,24,49.7885436581,3.47018526049
02658,1,49.8120572031,3.18195896491
02659,3,49.8579447094,3.33298681219
02662,1,49.1982180685,3.29738760461
02666,21,49.706447861,4.13134010865
02668,16,49.8276068685,3.70490926861
02673,1,49.4290499245,3.12949472733
02676,40,49.5182833727,3.86386406835
02680,138,49.5953887213,3.39411143672
02684,78,49.9259700696,4.15288229364
02691,2232,49.8472336321,3.27769499462
02694,3,49.7458877556,3.18260412516
02703,8,49.9626066437,3.49425998163
02706,1,49.3384597812,3.36210276584
02710,3,49.780519235,3.21829749297
02719,31,49.5910938147,3.26877002882
02720,27,49.5639648451,3.92032139579
02722,1119,49.3791742979,3.32471758491
02727,1,49.7689463972,3.66761782458
02737,3,49.7296446334,3.9190519179
02738,138,49.6572646109,3.29924077478
02741,1,49.8314948078,3.45894075748
02747,3,49.859082365,3.08864647254
02750,3,49.5175794818,3.23167717474
02753,1,49.9705608416,3.59399622464
02755,14,49.4940437763,3.55713233917
02756,3,49.7897507931,3.31629966887
02758,32,49.4108623288,3.52012059802
02759,12,49.8571725081,3.794382858
02765,1,49.5206900038,3.55877460724
02767,2,49.4205077489,3.27709335238
02769,17,50.0111472485,3.52295400201
02770,12,49.357283338,3.29549391938
02775,14,49.719870808,3.3449169008
02776,4,50.0120254621,3.20888614063
02780,7,49.3676425771,3.39248543249
02785,11,49.8839098456,3.15146515668
02788,4,49.658136733,3.44270966266
02789,74,49.8351798708,3.92522602825
02792,1,49.0832976282,3.2188650234
02795,21,49.410747629,3.10912550549
02798,3,48.9070425737,3.39571892839
02799,1,49.2868570454,3.27759490696
02805,25,49.3789013616,3.36175815803
02807,4,49.6606240148,3.19834244186
02808,2,49.9494418046,3.18749892652
02810,115,49.2392000574,3.09612191097
02812,3,49.2649355463,3.26786134731
02816,1,49.1715150184,3.53152683586
02818,224,48.9977206046,3.26104064101
02820,22,49.6385456387,3.24823591959
02822,4,49.3051885401,3.09196075945
02826,3,49.8387507375,3.83266238617
02830,9,50.017642986,3.59944731539
02834,2,49.5301896159,3.44102073707
03001,27,46.0955766716,3.45052482175
03003,73,46.7155678491,2.72085613518
03006,3,46.1431515084,3.74329110559
03008,1,46.0520854633,3.57527535836
03009,6,46.6733055007,3.16204245022
03013,23,46.5983891991,3.3186329397
03015,1,46.6455268495,3.20422374955
03019,10,46.5874411926,3.66899984776
03022,22,46.2055132294,3.06605990143
03023,173,46.1214944433,3.39719062136
03025,4,46.4507552937,3.36752338544
03026,6,46.4808588768,3.25477616923
03027,2,46.3323101362,2.84939307523
03030,3,46.0812713782,3.28868518632
03031,3,46.4015746011,2.73071658216
03036,80,46.5836819113,3.05141625983
03038,1,46.3291248847,3.21707091921
03040,3,46.5280643075,3.295748661
03042,2,46.1767784559,3.66869091002
03043,14,46.1961727418,3.28851651471
03044,3,46.0728347147,3.3660599245
03045,4,46.0568912652,3.51533127883
03046,5,46.4698341323,2.95493090181
03047,7,46.2278844579,2.77894118647
03048,21,46.6265101815,2.80901857226
03052,1,46.3283879186,2.71331446339
03053,29,46.2365355832,3.16046709261
03055,10,46.4276365849,2.50433585569
03060,10,46.1598815241,3.39334670689
03063,3,46.441587471,3.97329862567
03065,3,46.4160449941,3.29822520917
03066,1,46.1000720289,3.71657168388
03068,1,46.1980382828,3.72511111092
03072,5,46.4871767183,2.51910449046
03074,16,46.6082038568,3.56403297131
03076,1,46.612475752,3.45934804797
03080,3,46.1074095478,3.29764762028
03082,66,46.2787466852,2.74916734673
03084,66,46.482962805,2.82323006329
03085,10,46.5546535461,3.24541387326
03090,2,46.6443750911,3.11347416578
03092,3,46.4443092739,3.17072489552
03093,9,46.1781234697,3.46274147991
03094,19,46.1605988745,3.43435089726
03095,236,46.1377738304,3.48296708451
03096,2,46.252932184,3.1458559831
03098,191,46.3569236858,2.62735601895
03099,1,46.3749069193,3.04059198306
03100,6,46.5226236257,3.7367345302
03101,67,46.3681510176,2.54346219645
03102,47,46.5305895294,3.67644076991
03103,28,46.3449718057,3.7999456795
03104,3,46.3433946285,2.79161075003
03106,5,46.2540040648,2.69686439225
03107,48,46.1176543632,3.07363121151
03108,11,46.1956641038,2.94596916837
03109,4,46.1418285128,3.26795917971
03110,2,46.1292798016,3.33501762138
03111,12,46.4250969781,2.62477435556
03113,7,46.0200050808,3.64850064576
03117,1,46.6436566411,3.03662004358
03118,141,46.0984192073,3.17790823629
03122,4,46.5110673404,3.05138939193
03126,2,46.0773045238,3.43868453629
03127,17,46.5199077449,2.71052889853
03128,14,46.3770986154,2.48198364823
03131,1,46.1542955213,3.61825876933
03132,11,46.3770497759,3.59029838546
03133,5,46.1601157879,3.19738809001
03138,85,46.264846808,3.63838425184
03140,11,46.3086016059,2.60160340266
03142,1,46.3039709752,3.83067027438
03145,2,46.2822531749,2.56690530803
03155,26,46.7350922642,2.91800325447
03156,11,46.5717045071,3.48949898102
03158,9,46.4928636302,2.65852361334
03159,9,46.3072678602,2.77027684739
03160,2,46.237174267,3.39703242692
03161,18,46.1701624404,2.63441118376
03162,1,46.579557675,3.20989648546
03163,2,46.0252722149,3.48652009889
03165,37,46.0602181682,3.65546570851
03168,7,46.5959256579,2.62022117679
03173,4,46.464220041,3.9262713854
03174,5,46.1150413617,3.55648495184
03176,1,46.3810175167,3.28932554471
03183,12,46.4062028922,3.0541000253
03185,1358,46.3385883496,2.60390499777
03186,43,46.3201872756,2.95237432039
03187,23,46.3375770064,3.45102443628
03189,8,46.315678912,2.82223124184
03190,1557,46.5624641056,3.32662040221
03192,5,46.1542506646,2.96861834904
03195,58,46.2994420207,2.67574785449
03196,1,46.3427363495,3.88528963495
03197,22,46.466710676,3.43721508538
03200,8,46.5712518334,3.28275338591
03202,8,46.4796760503,3.11878325467
03203,3,46.6598970323,3.60383070741
03208,1,46.4222179747,3.88958660139
03210,1,46.7049856575,3.00718039936
03211,30,46.3099309772,2.54719729208
03212,7,46.3092023874,2.49444625529
03217,14,46.3558498078,2.68461176543
03218,2,46.535765709,3.00144398409
03220,1,46.1505309834,3.14079379444
03221,10,46.6697641721,2.69613341169
03227,1,46.2294445001,3.33625437059
03230,1,46.1731804107,3.53616252147
03232,1,46.229193409,3.47524603973
03235,27,46.2637640044,3.51175451596
03236,49,46.1959477042,3.42997700831
03238,38,46.4866887035,3.01543389624
03240,3,46.410638894,3.68775721106
03244,1,46.1532804539,2.58075381141
03246,4,46.3329189292,2.44287081295
03247,12,46.5823923172,3.14494082801
03250,2,46.1954561376,3.77027031369
03252,3,46.1588138012,3.29855532517
03253,2,46.4817772858,3.64933142149
03254,156,46.3045094327,3.30537827054
03256,1,46.3556892534,2.90261837567
03258,13,46.1924635321,3.38335990994
03261,1,46.2433906142,2.57271161868
03262,21,46.3882767935,2.60941319336
03264,46,46.0642575713,3.46749665689
03265,2,46.4629712549,3.75125723141
03271,3,46.098919682,3.35245745606
03273,3,46.2045684264,3.46787844535
03275,21,46.5243440423,3.18992960249
03281,1,46.3563893296,3.12547357039
03282,1,46.587490556,2.87994545903
03283,2,46.5311020411,3.57823760672
03286,4,46.51061605,3.37706265767
03288,2,46.3483905337,2.3521991874
03289,1,46.3677104422,3.51996970707
03290,9,46.6370512909,3.31589139326
03292,98,46.418633391,3.08862365583
03297,27,46.5401383727,2.61674884517
03298,64,46.3170256578,3.40012828582
03300,1,46.4484082735,3.6241176484
03301,6,46.4214002132,2.57435492547
03304,16,46.1618116569,3.34727094186
03305,1,46.4080547115,2.6746212521
03306,18,46.1067527363,3.47492140254
03307,1,46.3540600283,3.25057881171
03309,6,46.7427276777,3.04259770031
03310,1433,46.1300051383,3.42442081174
03313,1,46.5619095522,2.79303077979
03314,12,46.277798684,2.63276519171
03315,11,46.3963110357,2.84126895926
03316,10,46.6741150218,3.25033675035
03320,1,46.5497137895,2.94199693043
03321,253,46.5636456232,3.37978160133
04001,60,44.0638744567,6.13842845338
04006,11,44.2614961379,6.62671789984
04008,19,43.9620009704,6.66395811566
04012,1,43.9335584163,5.67694693989
04013,5,44.1182449561,5.95734484907
04018,16,44.0269448077,5.64964715248
04019,94,44.3785614205,6.65215089713
04020,1,44.2730280199,6.25325743878
04021,1,44.1006575617,6.09850212835
04022,7,43.9462808705,6.37811558709
04023,1,44.3249277264,6.17282537759
04025,1,44.1439752737,6.5977277471
04033,11,44.4434662119,6.28924750363
04034,14,43.9319005392,5.88421838797
04035,1,43.8858785364,6.03257536276
04036,22,44.1681621392,6.30347351863
04039,37,43.8449862174,6.49029842016
04045,23,43.8503161664,5.58976926214
04047,25,44.096935134,6.14456451427
04049,114,44.0854706133,5.99239535024
04053,1,44.0954534225,5.93054683108
04061,12,44.1724272821,6.6615406144
04062,3,44.4627686721,6.69629170403
04063,5,43.7606909826,5.74590452535
04065,1,44.0831626991,5.83846949092
04068,5,43.8932434369,5.776452248
04070,891,44.0908723554,6.23590323452
04073,4,44.3640085405,6.71028980662
04076,12,43.9502625021,6.80238543689
04079,16,44.0810058608,6.03455494518
04084,7,43.943168614,6.19407821084
04086,1,44.4135826726,6.67868075997
04088,153,43.9599082374,5.7882827572
04094,91,43.7676102812,5.86495046225
04096,21,44.3876110175,6.78602312361
04101,1,44.0850792894,5.72691612181
04102,3,44.432913878,6.41942527455
04106,3,43.9698343331,5.8804940629
04108,20,44.0336660524,6.0504243737
04110,7,44.0420071966,6.11807147192
04111,23,43.9388973757,5.74234213479
04112,1033,43.8354040831,5.79106654173
04113,2,44.128219237,6.28007885939
04116,32,43.9944767361,5.96601755581
04121,6,43.9980863365,6.17879892264
04123,2,44.2624329752,5.86562678758
04124,1,43.766525069,6.09454805934
04126,9,44.401613844,6.34112805174
04127,11,44.0591709898,5.95286093626
04128,2,43.831580084,5.68859318549
04134,11,44.3408705676,6.03052669324
04135,5,43.8383278559,6.22818909628
04138,1,43.9318568104,5.84735007889
04139,7,44.1686523521,5.80998243978
04143,107,43.911106033,5.92458011626
04145,37,44.1413026547,5.9437147381
04149,36,44.03515352,5.92833355728
04151,4,43.9623331645,5.83601873141
04152,27,43.8065050599,5.72273821724
04155,1,44.2134336367,6.46376994635
04157,9,43.8708152829,6.12200213815
04158,4,43.7080624854,6.02269492276
04159,1,44.0981211073,5.61414591507
04160,12,43.8861362182,5.65935415272
04162,2,43.9754850716,5.67501221174
04163,3,44.0940903498,5.54050938545
04166,57,43.8284587474,6.08237819985
04171,1,43.7966594802,6.39318145128
04172,2,43.821041609,6.14864703263
04173,24,43.9713301406,6.50149712225
04176,1,43.7642821493,6.15158882357
04178,28,44.0670149849,5.78046052827
04182,2,43.9266153853,6.07806454992
04188,1,43.900642071,5.801542403
04189,9,43.7774768739,5.96250175121
04192,3,43.909879406,5.72004315449
04195,2,44.4172713189,6.61507424866
04197,60,43.7830482525,5.77302331731
04199,1,44.1697659083,5.74794765286
04205,33,44.3390108176,6.38482796835
04206,1,44.0045227576,5.85658315569
04208,1,43.9838128235,5.56248994589
04209,225,44.2001925067,5.93083716039
04217,10,44.1473006003,6.12401298333
04218,1,44.1071929199,6.48931325437
04220,1,44.390358455,6.56135597439
04222,36,44.3915882101,6.15918221528
04226,4,44.3191132083,6.67028443403
04230,26,43.8380844852,5.94191847166
04237,1,44.2766068334,6.40297525512
04242,23,43.8957056864,5.85732128727
04244,41,44.1239478859,6.03467827528
04245,38,43.8706676132,5.83153973779
05003,28,44.7793442905,6.87518098236
05004,16,44.6190703929,6.22962169969
05006,59,44.7821732712,6.47214497323
05007,1,44.7638980345,6.72230859416
05010,15,44.5617512104,5.77203298744
05012,12,44.5049966967,6.50494218197
05017,34,44.5797566279,6.21267983536
05018,1,44.5553227405,6.15570739329
05023,932,44.8994986041,6.64947524018
05024,1,44.4677366709,5.50388863719
05025,1,44.6575269333,6.14755068818
05026,1,44.6526516194,6.80366189831
05028,1,44.4775755934,5.78305319582
05029,1,44.6475783169,6.16791978587
05033,1,44.3646760156,5.66013922855
05036,7,44.6423670958,6.48290823337
05037,1,44.4841748312,6.05187114632
05039,2,44.7581501379,6.01187494014
05040,42,44.5455124295,6.28782392595
05045,3,44.496293828,6.46197152572
05046,278,44.5804294908,6.47559298927
05047,2,44.2138373403,5.72894553965
05050,27,44.4931786054,6.23271348149
05052,5,44.6925244966,6.66688741371
05053,5,44.3570512046,5.78336490177
05054,33,44.6653766254,6.05826038858
05056,1,44.6298014381,6.14107531251
05059,11,44.535534165,6.00812804583
05061,1883,44.5798600596,6.06486052138
05062,2,44.7481922763,5.97487247782
05063,4,45.0601102401,6.28406977587
05065,82,44.6680987436,6.7010158705
05070,199,44.3340345431,5.81650957133
05071,3,44.4366046505,5.97348526761
05072,1,44.6417417308,6.07103943315
05077,3,44.7166553487,6.89190806069
05078,3,44.3930962547,5.93397190265
05079,5,44.9956106766,6.46966497275
05082,2,44.6690562408,6.62465091015
05085,8,44.9389932221,6.72778259009
05087,2,44.5897361415,5.88561114683
05089,1,44.3867626789,5.74626176371
05092,1,44.4958417609,6.02550737641
05093,3,45.0441286352,6.59862935541
05096,6,44.6840982803,6.34897527824
05097,19,44.3146933801,5.70618607588
05098,3,44.4850666477,6.57973142216
05100,3,44.5102662977,5.99877739937
05101,17,44.899639207,6.43586430867
05103,3,44.2789746584,5.90131318428
05107,3,44.8909036618,6.56677781045
05114,1,44.6107753971,6.36046039369
05115,1,44.4716185236,6.15977657931
05116,2,44.6813566833,6.56457884975
05118,10,44.2207910151,5.84342231314
05119,6,44.6240380773,6.62317402744
05121,1,44.452250356,6.19249346455
05122,4,44.7656681153,6.61644369734
05123,27,44.5838170428,5.96045927972
05126,12,44.399871954,5.46146531817
05127,3,44.4843785512,6.2666913091
05128,1,44.5866569322,6.57072142721
05129,2,44.3647393809,5.52097371787
05132,43,44.6823269908,6.10286050171
05133,27,44.9346479572,6.60139023926
05136,21,44.7243260485,6.63555027257
05139,8,44.6775419763,5.94047368781
05140,1,44.5080346822,6.16323058106
05142,21,44.7934858148,6.02571058056
05145,32,44.6744954225,6.23085847467
05146,1,44.6264570637,5.71979975938
05147,4,44.6685288872,6.129921943
05148,2,44.6342790978,6.10886829684
05149,23,44.6468761009,6.21171867053
05151,5,44.8375257288,6.58255010654
05156,2,44.5365820455,6.52920301665
05161,21,44.9526685727,6.5653564178
05162,64,44.4305124468,6.01099383219
05163,1,44.485574244,6.32317639258
05164,44,44.5273256992,6.39368059257
05166,36,44.4213858087,5.71549751124
05168,3,44.4802333692,5.96951792615
05170,109,44.459122073,6.04485602868
05171,3,44.4852106101,6.19688253047
05173,4,44.3196073716,5.88311432396
05177,10,44.5925220925,6.71351456892
05179,67,44.5571529708,5.82286002514
05181,7,44.999721765,6.36428454594
05183,17,44.8395685825,6.65048294053
06004,2311,43.587465146,7.10635418256
06005,4,43.9193423,7.01550684755
06006,22,43.7750731742,7.24475771199
06007,38,43.612406867,6.91211356657
06010,22,43.6992943088,6.96272779051
06011,83,43.7079039397,7.33256934881
06012,318,43.747724383,7.42222154586
06014,12,43.8303269547,7.28447130629
06015,4,43.8378738812,7.33076301102
06016,2,44.1081242884,6.97212458083
06018,198,43.6276558141,7.08318612891
06019,58,43.7934680936,7.36033477624
06022,1,43.8254399796,7.12553872813
06023,53,43.9404304718,7.50391615024
06025,2,43.8147822086,7.15907633922
06026,30,43.6599560638,6.87825509814
06027,1366,43.6715162078,7.15275703379
06029,2612,43.5526202843,7.00427592728
06030,738,43.5729768613,7.00642057758
06031,10,43.7712030999,7.31316892728
06032,51,43.7247392327,7.40161617522
06033,218,43.7850390592,7.18414159904
06034,6,43.7921108913,7.2277413307
06035,1,43.8220566609,7.49891571145
06038,78,43.6656345765,6.9791405929
06039,2,43.7999098278,7.29412423176
06041,2,43.7695926923,6.92814526285
06042,1,44.0049097261,7.17876366942
06043,5,43.8664901786,7.29913349222
06044,122,43.6871701387,7.09773643833
06046,55,43.7594234187,7.22263249849
06048,118,43.8092959296,7.3242451162
06050,3,43.7915580349,7.03622643471
06054,71,43.7582432488,7.33724090222
06057,55,43.8339717674,7.36565804143
06059,6,43.7289260198,7.36057188413
06060,16,43.752536584,7.26554536957
06061,1,43.8424232733,7.09342755196
06062,3,44.0219052577,7.54428215207
06064,29,43.7652195423,7.16877468184
06065,85,43.721423765,7.16039926444
06066,13,43.8481962471,7.1613234113
06067,15,43.7860281963,7.44603824995
06069,1501,43.655639428,6.93190508233
06071,16,44.088068317,6.87493501534
06073,10,44.1872585336,7.07488062255
06074,12,43.9706457549,7.30485730116
06075,80,43.8500976014,7.24033027327
06077,9,43.9005726905,7.35265575307
06079,568,43.5380510468,6.91808936542
06081,1,43.8369129507,6.85894074749
06083,754,43.7908233727,7.49365612374
06084,271,43.6185304023,6.96494426706
06085,818,43.5961410556,7.00129444919
06086,1,43.9536991394,7.41400405447
06088,12756,43.7119992661,7.23826889465
06089,28,43.6575610719,7.00860864158
06090,148,43.5865553156,6.92224837943
06091,20,43.8064648293,7.41111016741
06092,3,43.7727352898,7.3714797073
06094,2,44.1299250439,6.92098583862
06095,82,43.6305294544,6.88166520884
06098,1,43.9872004758,6.93685582204
06099,67,43.9521649219,6.90609311435
06100,11,43.8831297435,7.16778277098
06103,69,44.0270951827,7.29269467197
06104,167,43.7638278953,7.4587361611
06105,95,43.6741732535,7.0530127273
06106,8,43.8677906196,7.02413611655
06108,62,43.5849092456,6.95049794824
06109,5,43.8332735566,7.20466243305
06112,52,43.6795612779,7.00962553615
06113,4,43.8055344567,7.46128496982
06114,68,43.745876244,7.28871372647
06117,4,43.8129337899,7.23022336252
06118,29,43.6594259137,6.80329376165
06120,33,44.2491492809,6.92452445063
06121,20,43.687178893,7.32993632437
06122,72,43.758845389,7.14073211756
06123,1207,43.6859625772,7.18218791815
06126,57,43.8166172421,7.19929220425
06127,11,44.1020722047,7.30244071608
06128,25,43.6950190291,7.12116951865
06129,4,44.1210676615,7.11814485955
06130,42,43.696895033,6.85062748704
06132,3,43.9935318832,7.53767348426
06135,1,43.8757999129,6.96558618108
06136,62,43.8844607415,7.44794904955
06137,19,43.6524506812,6.85685670407
06138,23,43.4985345439,6.92965248383
06140,32,43.623581463,6.85261791799
06143,27,43.9433123484,7.01347640084
06144,4,43.9626877314,7.19994914649
06145,1,43.8782752079,7.13734511498
06147,76,43.7860737213,7.2725568209
06148,30,43.7174536642,7.03989376281
06149,197,43.7433480978,7.33946073911
06150,33,43.7451419024,7.39791811712
06151,3,43.9273181411,7.23864462941
06152,321,43.628288325,7.02954476696
06153,12,44.1127596533,7.19571891201
06154,16,43.7942044466,6.71003568639
06155,513,43.5766472999,7.05836612893
06157,519,43.7384640641,7.10194436087
06158,7,43.9518663257,7.08024521071
06159,113,43.7122153121,7.32225410533
06161,232,43.6492560734,7.10728434873
06162,10,44.0714555606,7.65147828925
06163,69,44.0997669286,7.54053179417
07002,1,44.5986106793,4.33305809833
07005,11,44.5544439142,4.59597695147
07006,1,44.8152938105,4.42503897561
07007,19,44.9397584607,4.73413213329
07008,12,44.7070337034,4.6240636083
07009,28,45.2279590632,4.79738593664
07010,883,45.2460902392,4.65026947295
07011,14,44.7393183247,4.35517589387
07013,11,45.1913605655,4.74320427692
07014,1,45.0403037816,4.63051185018
07017,2,44.4254776855,4.1848933711
07019,938,44.6102127084,4.39638981424
07022,1,44.7063788805,4.75106497533
07024,2,44.3607782702,4.15113804507
07026,3,44.8556634675,4.13043465741
07027,17,44.8294995047,4.79715382132
07028,2,44.3546311078,4.25062082781
07031,5,44.3832302552,4.20749715425
07035,3,44.919020401,4.69606511142
07041,25,45.2673233399,4.64536894386
07042,130,44.3830866916,4.61398365069
07044,1,45.3271714387,4.67851483083
07045,9,44.748232889,4.23385605882
07048,3,44.8797912682,4.55772069308
07050,12,44.4263051358,4.12909504882
07051,6,45.2767867383,4.79826211581
07053,1,44.4136372398,4.24331144158
07055,49,44.8667597066,4.83342054458
07058,59,44.5660636279,4.30216796986
07064,109,44.9076391858,4.42108479359
07066,40,44.7102364616,4.67022375795
07068,5,45.0115690732,4.71536623274
07070,7,44.9664601048,4.84063933956
07071,25,44.7949192399,3.96166497009
07072,1,44.7432838199,4.62306333755
07073,1,45.0098651232,4.63903742378
07076,45,44.6566420857,4.75658824385
07078,111,45.2551141043,4.70210482466
07079,2,44.992108782,4.50096602027
07084,3,45.1606533164,4.74888485543
07085,2,45.026338574,4.59724737009
07086,19,45.0948570024,4.73950529738
07089,13,45.3160676288,4.72706276274
07090,5,44.7507352776,4.66001992522
07091,2,44.5814496268,4.34709805042
07094,1,44.8632410732,4.74540308425
07095,1,44.9855282825,4.67742067444
07097,10,45.0070163516,4.82465206981
07099,1,44.4453699955,4.5342825809
07100,20,44.4213974082,4.07179678867
07102,615,44.9301318307,4.86629603942
07107,22,44.6298203979,4.23815139749
07109,1,44.5725478202,4.24633374271
07110,102,44.470531994,4.24753667585
07113,11,44.3533257557,4.41978848183
07115,1,44.4680870605,4.31105082566
07116,17,44.6420481125,4.35738052578
07117,20,44.4602290219,4.21397084394
07119,6,44.8233324216,4.07465283031
07121,1,44.8117618119,4.01886475359
07122,54,44.5622616562,4.35906947518
07126,1,44.4449016448,4.43141639823
07127,31,44.6521200865,4.31392373316
07128,9,45.1156584818,4.52555631475
07129,87,44.9822539936,4.59081075503
07131,3,44.5369264194,4.38390095509
07132,32,44.5338484702,4.30128054451
07134,9,44.5033057192,4.28830492174
07138,25,44.5821673927,4.44782050169
07141,1,44.6092419896,4.29820132309
07143,4,45.3534326814,4.75026547747
07145,6,44.6192177092,4.46630461903
07146,2,44.7568405764,4.59691440375
07149,15,44.8058528887,4.3890569537
07151,1,45.0104543843,4.3290005107
07152,17,45.0288028345,4.81953244192
07153,1,44.6646143476,4.10092674787
07155,5,44.6260697061,4.35077904415
07156,31,44.677562906,4.26001410237
07157,14,44.6193386638,4.71649252868
07158,1,44.8068921216,4.34184721755
07161,14,44.7167471772,4.19649706588
07167,20,44.8101851934,4.61974464994
07168,4,44.3101002443,4.42369715287
07171,3,44.4550131939,4.14925400268
07172,22,45.2857807098,4.72747805706
07174,2,45.2964031304,4.78361394668
07177,1,45.0156478685,4.78034594921
07178,3,44.6657587714,4.29738768266
07181,41,44.751745622,4.74858526888
07182,1,44.632791917,4.31054797837
07183,2,44.473019743,4.37584445661
07184,1,44.7808511718,4.57520431156
07186,908,44.7225391147,4.59449538667
07188,22,45.1922513246,4.69504598366
07189,1,44.5036367428,4.19775293307
07191,22,44.589264353,4.69211996285
07192,1,45.0856715901,4.45942671204
07195,1,44.9217587491,4.23164949821
07197,29,45.2189397431,4.64922144398
07198,4,44.7787195427,4.73009856646
07199,14,44.492135712,4.26203943269
07200,1,44.7211157335,4.14333586468
07201,78,44.4479030757,4.34786189328
07203,1,44.8014042397,4.215812246
07204,64,45.0052980637,4.41285687419
07205,6,45.1862322828,4.63179784217
07207,7,44.4342653055,4.29515757348
07211,1,44.315163637,4.21241172389
07212,5,45.1164853445,4.40960303294
07216,6,44.9596196474,4.64950098004
07217,1,45.0454601149,4.74368013077
07219,1,44.672668231,4.66869584538
07224,4,44.7681344892,4.0890257431
07225,3,45.2755892948,4.68712205
07227,11,45.2490601224,4.73642640952
07228,2,45.2586090044,4.77940382807
07229,22,44.6117595327,4.42022719051
07231,25,44.5985890529,4.37388980251
07232,8,44.6472996058,3.97320731219
07235,7,44.8287147176,4.18597793288
07236,65,45.0768793363,4.60975134284
07237,4,44.8349868514,4.68914271532
07240,17,44.8592532012,4.8096971497
07241,1,44.5531057942,4.44825609237
07245,41,45.0791512889,4.79987361991
07247,4,44.5873773407,4.53812653504
07250,3,45.1448039852,4.71028966691
07254,4,44.6600211072,4.40395881158
07255,19,44.7586202476,4.69261801015
07259,6,44.2932027853,4.62448546044
07260,4,44.6916750931,4.71621277437
07261,6,44.8232083643,4.7449478067
07262,5,44.5971365641,3.95806929863
07263,1,44.6641637879,4.48470756924
07264,22,44.3299965394,4.60656490626
07265,1,45.2885682592,4.62947742876
07267,1,44.8627438374,4.25132239874
07268,5,44.3068621325,4.57318657163
07269,41,44.9365910249,4.37076169199
07279,9,44.4341193457,4.63258472487
07280,16,44.3323751475,4.15520621175
07281,142,44.9410716967,4.82459034307
07285,1,45.1287002576,4.48532647522
07286,14,44.819009873,4.48134078114
07289,23,44.6285700497,4.42285507734
07290,2,44.9471894695,4.50107572096
07291,5,44.3781737875,4.49634983061
07292,2,45.1657034684,4.68149456221
07293,7,44.9763077401,4.79626374125
07294,2,44.2949958385,4.25831849321
07295,28,44.8202271347,4.57255179328
07296,17,44.5764544041,4.38197564257
07298,1,44.7285052281,4.705839287
07300,1,44.5023905897,4.61908212557
07301,3,45.0991678025,4.6879539211
07302,5,44.6573798022,4.70779936262
07304,4,44.3884517023,4.36713374298
07307,1,44.5327416488,4.23228758163
07308,29,45.1872505321,4.78407766188
07309,30,45.1414705974,4.58761138968
07310,1,45.3013144956,4.67282946981
07313,29,45.313905067,4.7629922758
07314,1,44.8740499723,4.61339409596
07316,24,44.8920478488,4.85094581265
07319,99,44.5432149708,4.66470569343
07322,32,44.6744968668,4.21216612879
07323,7,44.9021816561,4.79271125843
07324,313,45.0535734386,4.81493474284
07325,30,44.6426743916,4.38805305163
07327,1,44.5176949506,4.3270953047
07328,4,44.3596132039,4.34424564679
07329,20,44.5942570326,4.11258793798
07330,85,44.4003012449,4.40537086036
07331,82,44.6671044258,4.3432629413
07332,4,44.5005207324,4.56110237736
07334,81,44.392206287,4.11524168722
07336,1,44.506232057,4.2261837868
07337,18,45.2215835502,4.72347943452
07338,52,44.9051558168,4.64438568731
07339,24,44.6575169192,4.44419824196
07340,8,44.735095562,4.55638123378
07341,127,44.549017078,4.50337369457
07342,7,45.2257853403,4.59519658449
07343,5,44.5464277181,4.33294323997
07344,1,45.330873084,4.70162834233
07345,4,45.1117422465,4.79854763187
07346,33,44.4834547319,4.66986126314
07347,1,45.1946478686,4.56450150023
07348,16,44.5576610723,4.41089587827
07349,71,44.8015403943,4.78018830634
08001,5,49.4918922835,4.32704942138
08003,18,49.7902205775,4.77008728822
08008,5,49.5164052633,4.50308478101
08024,40,49.473325858,4.12377173054
08025,27,49.4761720465,4.58492485149
08028,2,50.0873542875,4.76694917171
08032,1,49.3455509602,4.32720413528
08036,1,49.265704992,4.8311535079
08037,30,49.8661184339,4.36077137657
08040,4,49.7217923857,4.75240985606
08043,18,49.6897594511,4.96358286973
08053,42,49.6774342411,4.98515455089
08057,27,49.4653139409,4.8175627334
08060,1,49.4194188436,4.24742333455
08067,7,49.6239121874,5.19807738578
08076,8,49.6898690039,4.69742034088
08078,1,49.8889233145,4.55443692603
08081,40,49.8477354025,4.7508301548
08085,1,49.481616678,4.86131007494
08089,11,49.418434996,4.97363448798
08090,52,49.6387329311,5.1718269254
08096,1,49.7077474752,4.75646154251
08097,1,49.3083659488,4.74594763415
08105,2439,49.7752965803,4.71724655966
08107,30,49.5340250071,4.24761875411
08113,16,49.6486344865,4.23823742678
08116,18,49.511753823,4.76986600812
08122,9,50.0907731291,4.80080378655
08139,4,49.8750647112,4.69366948073
08142,25,49.7374565797,4.89027824131
08145,26,49.6732112,5.03586246087
08147,11,49.3935675536,4.51560795965
08158,9,49.6869749564,4.7486340191
08160,1,49.7271036646,4.6755894996
08170,1,49.7761707649,4.96364089015
08173,26,49.6952977524,4.77517346922
08174,11,49.7233281136,4.93287278052
08180,12,49.7255789105,4.70732068022
08183,4,50.114956311,4.86298935774
08185,70,49.9726262845,4.66006812542
08188,5,49.8176588618,4.84437565328
08190,101,50.1424845969,4.83512248031
08194,12,49.7168781678,4.9057121108
08198,11,49.3557413178,4.86541939254
08211,4,49.6241121193,4.95360724408
08214,1,50.0091831933,4.79099611271
08217,1,49.8579040636,4.79255790765
08218,9,49.9089878632,4.84738950465
08222,16,49.9928060436,4.73512767453
08237,1,49.8321076843,4.76385704202
08239,22,49.3942990916,4.37988598391
08248,4,49.6645721589,4.52730784056
08254,11,49.7612029643,4.34152094033
08262,7,49.5371334292,4.47628128678
08263,1,49.7351968419,4.78694401385
08264,6,49.3529253335,4.50744242096
08276,6,49.5804831297,5.2715842279
08282,13,49.8821419517,4.43262736768
08284,5,49.8968391326,4.63190460974
08289,1,49.6912180369,5.15283901706
08298,8,49.7906751202,4.74345986239
08302,26,49.8995880396,4.74792062514
08303,7,49.3091411656,4.70416534611
08311,35,49.5898672379,5.07669736879
08314,1,49.4065310007,4.31198213958
08316,1,49.8226585503,4.8066677893
08322,5,49.7327847632,4.58984068094
08327,23,49.708839768,4.79759753674
08328,80,49.819774473,4.75390800409
08329,3,49.5959529049,4.42856653433
08331,2,49.6588347678,4.9300445508
08341,17,49.6441162488,4.65261121158
08343,10,49.6809685609,5.08867231139
08346,30,49.7480987384,4.6856741205
08349,2,49.6818291341,5.18018679003
08352,1,49.6525273198,4.59097690404
08354,12,49.5891690543,4.96192418756
08357,9,49.6485856467,4.99371291541
08361,17,49.8491275921,4.60517090507
08362,435,49.5131807048,4.3835241644
08363,100,49.9343612918,4.69218802167
08365,25,49.8387403616,4.53539067168
08366,1,49.7003603712,4.24698300901
08367,47,49.9315002925,4.55842430748
08370,11,49.7853360056,4.50242620208
08373,2,49.8046346416,4.27087313138
08381,17,49.5206305047,4.13492327626
08385,2,49.759138963,4.77607432501
08389,2,49.7678945166,4.57513627257
08402,11,49.5762159457,4.50750212768
08403,13,49.4872135038,4.35605993632
08409,431,49.697058875,4.9298505244
08417,1,49.8792027455,4.47923063972
08419,28,49.7029435011,4.40415204398
08420,26,49.9309499097,4.2990463026
08422,2,49.6418383616,4.70598126209
08429,3,49.8083418844,4.56343699968
08434,1,49.5140552485,4.87192502711
08435,19,49.4497696397,4.2922571776
08436,5,49.9272427923,4.47480367257
08446,1,49.4060946457,4.92137626366
08449,2,49.7150524983,4.51191807216
08457,22,49.7992413246,4.63988652343
08461,1,49.4408407157,4.71763738316
08480,59,49.7411448562,4.7510548564
08483,1,49.7557065835,4.79606849833
08486,19,50.0772550914,4.70502555078
08487,6,50.0568483332,4.74702825636
08488,18,49.7320421095,4.82406160373
08490,139,49.4000316087,4.70126283768
08491,31,49.7370150528,4.85605381662
08497,18,49.7682874486,4.66643502857
08498,25,49.7325377304,4.65582481048
09002,1,43.0006575328,1.87695638902
09003,1,42.9097070011,1.90052351136
09005,1,42.893742098,1.26749393485
09015,41,42.8760950162,1.5950781123
09018,1,42.9475606635,1.01996413494
09024,5,42.680832026,1.65945312513
09027,1,42.9108818851,0.916808840124
09029,4,42.7666138667,1.35664183654
09030,4,42.7023538618,1.44304412674
09032,83,42.6873576342,1.81825994194
09039,4,43.0585487701,1.88443383803
09041,1,43.0614872214,1.00017697542
09042,42,43.0242795037,1.42677885373
09043,14,42.9509022615,1.89982042742
09047,16,42.8934707761,1.95274389658
09049,1,42.9583402851,1.52803181268
09050,14,43.0777992381,1.60901857498
09051,1,42.895006557,1.85092848655
09052,2,43.072738948,1.84596031443
09057,3,42.9046164394,1.3087912454
09061,12,43.1130459282,1.36643495416
09062,1,42.8335034576,1.03424218178
09066,5,42.9322144767,1.51243170827
09070,16,42.7860666312,1.68644152228
09073,1,43.0693773441,1.27737161361
09079,10,43.1575348436,1.37254711167
09085,30,42.9165658331,1.05571963783
09091,1,42.9980540032,1.03529654774
09102,1,43.0675702569,1.82251157352
09103,1,43.0283504432,1.58947099246
09105,21,43.1445751789,1.30386151934
09106,3,42.9440531861,1.87119790216
09109,3,43.1953151642,1.46374682599
09113,6,42.8341376861,1.30310687762
09117,2,43.1866045103,1.4996220667
09119,9,42.9553633761,1.15625348151
09120,12,43.1194009842,1.11405257208
09121,11,42.9382958572,1.60726284155
09122,423,42.9658502274,1.61037495894
09124,43,43.1796907844,1.41506357343
09128,3,43.0372259317,1.13491653966
09130,5,42.9307441238,1.55979316845
09131,1,42.7646194319,1.74523092663
09138,18,42.9730292924,1.67888356727
09140,1,42.7427436536,1.84606817097
09149,1,42.9330702659,1.17065014177
09157,34,42.9675623246,1.87181602964
09160,167,42.9336867312,1.84586953504
09161,7,42.9847156991,1.91842200411
09165,1,42.9276359247,1.93926031529
09167,61,43.280210332,1.34476803133
09171,1,42.7985041105,1.78455165815
09176,7,42.7200086673,1.74308334552
09177,1,43.1091748089,1.51121426863
09181,26,43.0692744925,1.34937176896
09182,15,42.8756880579,1.37725705929
09185,81,43.2305454388,1.67905538155
09187,2,43.0533409773,1.06840881939
09188,19,42.8795171828,1.6442180232
09194,64,43.1093995072,1.86916991814
09201,1,42.9834376015,1.09301526592
09202,4,43.0757579679,1.49683578194
09203,1,43.0059500308,1.46985998541
09207,47,42.9377639768,1.64370144319
09209,2,43.0152342505,1.17565361444
09210,2,42.9040427071,1.60501449774
09217,1,42.8161799796,1.59941091068
09221,5,42.822281281,1.64644484913
09223,9,42.8601715616,1.23475872502
09224,1,43.1002752651,1.44680858932
09225,371,43.1234860673,1.61523399037
09227,1,42.9291256621,1.80848741794
09229,4,42.9558799437,1.92773507045
09235,33,43.0312285165,1.02890152351
09238,9,43.0917243273,1.71845001991
09239,2,42.6833720456,2.11436748471
09240,1,42.8425853909,1.58955333024
09244,1,43.0760375517,1.76327077527
09245,3,43.0579984327,1.59934492972
09246,3,42.9878381325,1.28379661881
09247,2,42.951363295,1.26184128734
09257,18,43.1197309589,1.17100553891
09259,1,43.1236879845,1.75631301429
09261,258,42.9752923045,1.15326595533
09262,6,42.9189081448,1.87680686803
09264,840,43.0129896461,1.63277165832
09265,77,43.0862015725,1.62439338858
09268,463,42.9998808556,1.12929754476
09269,2,42.9919399277,1.53796781616
09270,1,43.1661314489,1.48369592125
09272,18,42.8959154584,1.67206872652
09273,7,42.9664677033,1.55739954781
09275,2,43.2790165591,1.50232499606
09277,6,43.2421519244,1.39839166457
09280,1,42.883738441,1.50479848751
09282,91,43.2265667321,1.57373634569
09283,1,42.6824950812,1.77944672349
09285,29,42.8178331497,1.14814568291
09289,13,43.0159566285,1.10827434601
09290,1,42.8358878297,0.920341995173
09293,12,42.9701435492,1.5043958432
09306,61,42.8461514685,1.59648461871
09309,2,43.0973378632,1.78252133871
09312,53,43.1046663015,1.6669791178
09321,1,42.8339319836,1.62186318062
09324,66,43.0547690657,1.63364245482
09331,2,43.1871732316,1.60423543704
09332,39,43.0809118963,1.6610092477
09334,14,42.7733893717,1.51114862986
09336,14,42.9114883664,1.82063042142
09339,7,43.1586748014,1.64287363091
09340,1,43.0488081188,1.75644029197
10002,1,48.2549995704,4.69449329268
10003,51,48.1975745771,3.73632794113
10006,64,48.5278271069,4.14197110248
10018,19,48.0923181622,3.92346188322
10024,2,48.0531394763,3.99802844236
10030,18,48.3271986159,4.01643187202
10033,132,48.2339751025,4.71595700167
10034,121,48.1127221863,4.37880982139
10035,5,48.1924942272,4.79087455896
10049,1,48.1880650067,4.11899705959
10051,25,48.1864006342,3.99123563409
10056,1,48.3750872651,4.24288832976
10060,45,48.2562259501,4.10756293028
10063,2,48.3730744162,4.54688493664
10064,304,48.3974195288,4.53928532253
10067,6,48.2364830009,4.11414103262
10069,6,48.1371746662,4.45605728723
10080,25,48.0548103736,4.14007416764
10081,249,48.3161316832,4.03517553523
10084,11,48.4150600401,4.18047013925
10094,17,48.5158465508,4.56655874954
10100,18,48.208429876,4.1939087968
10101,1,48.4708420035,4.33090572683
10106,1,48.4683742502,3.40826279907
10109,1,48.1546612208,4.31372014435
10110,3,48.2683513867,4.22551791779
10115,39,48.342847974,4.13898615195
10116,2,48.1427730557,4.02038435351
10123,10,48.3297297619,4.5139323628
10124,1,48.3050645625,3.83470708192
10129,1,48.3146008777,4.26804909725
10140,17,48.0557945163,3.90532960286
10141,14,48.0494900211,4.53941791707
10142,11,48.2557294277,3.81076673969
10148,1,48.4624429856,3.60107070347
10151,12,48.4128351962,3.88910514408
10156,2,48.2823364218,3.87111996216
10158,1,48.1485731236,4.27075945691
10173,1,48.2054661706,4.12228896976
10179,2,48.1156606446,4.05456641907
10190,1,48.3004850515,4.22586095829
10191,16,48.3334867186,4.09283972542
10202,1,48.0989054968,4.11142843878
10209,44,48.2629805812,4.27634825277
10216,10,48.6742219512,4.18559230801
10220,37,48.5043607411,3.78940830122
10223,2,48.3312815098,3.64419365693
10224,23,48.4016409293,3.72139203898
10233,27,48.5090415373,3.89883069261
10237,5,48.3083238587,3.77156922851
10238,1,48.2511690464,4.34558452983
10239,1,48.3358644177,4.20667057813
10240,1,48.2636235898,3.91533250888
10246,6,48.148825142,4.1578812358
10261,12,47.9845203158,4.50679375168
10265,29,48.3033387671,4.04203482801
10267,7,48.4846626534,4.29910667758
10268,100,48.4962576328,3.49983013092
10280,4,48.4812645725,3.72853000882
10282,3,48.3754453406,3.95779312203
10287,33,48.3314574257,4.35909414684
10289,7,48.5851575322,3.98528853809
10297,52,48.3193392667,4.09949303348
10298,10,48.509386823,3.59718207099
10300,2,48.4368741428,4.3487522917
10306,1,48.2326139251,4.67236770859
10310,1,48.215021538,4.51130773229
10314,8,48.5223260562,4.30433768781
10317,19,47.9874878792,4.36950096332
10319,1,48.2023856771,3.62729053332
10321,40,48.2801548843,4.0140574686
10323,359,48.5185939749,3.72154151549
10324,1,48.1967315175,4.04486518985
10325,117,48.2626897407,4.06345677209
10328,1,48.3472856402,4.27393742571
10329,23,48.2647207301,4.1494550348
10333,337,48.2782659904,4.04840305057
10334,1,48.4828875357,3.55326963748
10336,1,48.3800523103,4.05187885884
10340,14,48.2535079309,4.01065245328
10341,1,48.4978643652,3.65717692243
10343,91,48.2745172927,4.10297688057
10349,63,48.3442113534,3.9810222993
10350,1,48.1634046099,3.78937817149
10352,10,48.3566905258,4.07198737935
10353,2,48.4369664082,3.89872863616
10357,132,48.2913084954,4.13302448391
10358,19,48.1734919803,4.21620941399
10360,1,48.224064228,4.04074318461
10362,139,48.2963408998,4.02333022061
10363,1,48.2010515888,4.14696728723
10372,13,48.3784420023,4.71797387888
10375,1,48.2893448693,4.18526592573
10377,2,48.3409418137,4.78858247296
10381,4,48.2754934679,3.97217127639
10382,12,48.4140944853,3.45656011239
10387,2486,48.2967099637,4.07827967525
10392,2,48.4606930046,3.88605241357
10401,52,48.2461425886,4.46090923858
10406,11,48.2345711401,4.15425792921
10409,1,48.407677761,4.00228117316
10412,18,48.3182253913,4.14937893854
10417,2,48.1996782401,3.79189787326
10420,24,48.5945779935,3.5477753332
10423,3,48.2487579972,4.39081684128
10425,2,48.1734982781,4.01734084562
10426,3,48.1358669154,4.77205760299
10429,2,48.5289053559,4.10868142527
10437,1,48.1344044788,4.30578605656
10441,2,48.1085969671,3.83539152599
10444,1,48.2404690972,3.62649011278
11004,3,43.0978286628,2.09203368421
11005,10,43.1820306523,2.2370439206
11007,1,42.946718737,2.44639291505
11008,2,42.9943909775,2.25844650226
11009,18,43.2652998624,2.17459434048
11011,2,43.298766565,2.30707240315
11012,8,43.3110246072,2.91115452781
11013,1,43.2458340699,2.77062357779
11014,17,43.187641628,3.08927705991
11018,15,43.2008547509,2.20537916173
11021,19,42.7974645623,2.24059640574
11022,6,43.2737058086,2.65746942689
11023,32,43.2207146123,2.50470148133
11024,1,43.1176416685,2.97718129024
11026,1,43.3308772937,1.82285483659
11028,10,42.831546255,1.94592570583
11029,1,43.0278574306,2.34929567664
11033,25,43.2034214828,1.76339036009
11034,28,43.1243426589,2.09178940091
11035,1,42.8470909079,2.21251651397
11036,1,42.8560597727,2.07533369425
11039,1,43.0291058072,2.09555791235
11040,10,43.1482543689,2.86981441339
11041,26,43.3290216831,2.87155465865
11043,1,43.232345623,2.44410859417
11046,1,42.9855167789,2.12392685607
11048,3,43.1464757563,2.79815661148
11049,77,43.2514206471,2.11029895207
11053,2,43.1356849654,2.16049752521
11056,2,43.3764538568,2.47186785708
11066,1,42.79912779,1.92368266374
11067,22,43.2263270796,2.83123999016
11068,41,43.1836102247,2.5538350475
11069,2347,43.2093798444,2.34398855385
11070,1,43.306335097,2.12148270363
11071,3,42.9806877582,2.74761489893
11074,4,43.4266610754,1.86444537803
11075,2,43.4141480376,2.48796143931
11076,408,43.3230173159,1.96073752488
11078,1,43.0207809156,2.12731730664
11081,18,43.3327963198,2.51635482478
11084,2,43.2258961133,2.25442069615
11085,1,43.1689835434,2.33479005955
11086,2,42.9370852126,2.96042838757
11088,23,43.1781298027,2.35922152634
11089,8,43.3239782132,2.12966126404
11090,1,43.1079654901,2.23811930779
11091,46,42.9817651679,2.01049024009
11095,1,43.1656693314,2.58551535137
11098,5,43.1847654132,2.71572755182
11099,57,43.2842108379,2.38445720467
11103,30,42.9352199297,2.27047605296
11106,77,43.247330951,3.05926886129
11111,3,43.200032094,2.81675386265
11115,31,43.3915075028,2.2785219316
11116,47,43.2578013318,3.00547549948
11122,4,43.1792686737,2.61186266424
11124,24,42.9976164909,2.81275011537
11129,49,42.9316895316,2.22104640259
11130,4,42.8429058129,2.02561550138
11131,1,42.9276860891,2.17956693905
11132,22,43.1259965939,2.70495303156
11133,1,43.1210342703,2.46311809989
11136,19,43.1870163521,2.03666099746
11137,2,42.984590933,2.61454462855
11138,2,43.2708066932,1.94828248478
11140,7,43.1431544039,2.7387140866
11143,2,42.9291375888,2.90138923544
11144,12,42.8959362575,2.96671997397
11145,35,43.214412802,3.17666583157
11148,1,43.1679703026,2.68609403746
11150,4,43.3746615673,2.25320474783
11164,21,43.2758588523,2.87717593442
11169,1,43.0745101503,2.39378914841
11170,82,43.1040163547,3.08229513652
11172,6,43.2673621854,2.72098282202
11178,21,43.3468106616,1.85317961566
11181,1,43.3964166976,2.01100168074
11182,1,43.4060884767,2.24016063772
11183,3,43.1012521113,2.3863195178
11185,6,43.0957230349,2.60436046295
11187,2,42.9662795152,2.48612053622
11188,21,42.9660377916,2.99265326968
11190,21,43.2477384944,2.64987073042
11191,2,42.9503532669,2.55912967767
11192,1,43.2996016528,2.06333742676
11197,1,43.0965194461,2.17010023085
11198,7,43.271055447,2.50991120089
11199,7,43.1922487019,2.27058563177
11200,1,43.4088985719,2.54776717601
11201,19,43.1412292044,2.33961454504
11202,96,42.8993650672,3.02676038573
11203,348,43.2036730565,2.76215028732
11206,574,43.0499293279,2.23958811407
11209,1,42.9640628627,2.28123974033
11210,11,43.1757442805,2.78804456863
11212,1,43.3076774057,2.83059491685
11215,5,43.250190518,2.45343864014
11217,15,43.2247080876,2.91473054807
11220,6,43.2106331935,2.54884252568
11222,2,43.3995255593,2.35766754646
11225,1,43.314008864,1.87769752208
11233,7,43.2844349747,2.89700023741
11251,2,43.1285553787,2.56525134026
11252,1,43.4003889656,1.84463626478
11253,22,43.3135618602,2.21473143338
11254,27,43.2000530731,2.14809473682
11255,431,43.1813624756,2.92455318608
11256,1,43.1053577967,2.80704090239
11258,11,43.2305950634,2.95635636294
11261,5,43.1727610204,2.64604983695
11262,2076,43.1652399898,3.02023868739
11264,9,43.2036456469,2.88578890635
11266,112,43.0210644931,3.03976442192
11267,7,43.1784619561,2.83659066279
11269,27,43.2931875374,2.96999154918
11270,2,42.8691333738,2.6512224935
11272,19,43.1671058484,2.38726861011
11273,3,43.2596066026,2.81616059215
11279,51,43.2513741105,2.31315453913
11280,18,43.2970451526,2.6863317434
11281,1,43.2688186857,2.04018606486
11285,12,43.0903004686,2.9485053119
11286,14,43.2937181047,2.56669298957
11288,14,43.2548914724,2.24772297673
11289,2,43.0830763343,2.25477345035
11291,1,43.1414188507,1.90688009289
11295,14,43.0517396235,2.9064611409
11297,2,43.4116401638,2.43867398823
11301,8,43.2293360442,2.61236027776
11302,1,42.8132848695,2.29884099838
11304,84,42.8757498926,2.19080612724
11307,2,43.2283330728,2.87745345663
11310,6,42.9243873687,2.34144050489
11311,25,43.1073015434,2.64058878352
11314,1,43.0785029535,2.54068701739
11315,42,43.2683807595,2.59121140963
11322,1,42.9921607802,2.9297362776
11324,1,43.2494642548,2.79738174883
11325,3,43.1246778558,2.28305296985
11327,1,43.1658809134,2.26951945766
11328,1,43.1062544863,2.13189477025
11332,10,43.0927941425,2.84905910088
11336,2,42.9464872452,1.96310689852
11337,1,43.2084644434,2.63710097186
11339,1,43.3563040517,2.21782788415
11343,1,43.1264567389,1.95859327013
11344,8,43.0789376145,2.33839378811
11348,1,43.160649081,1.9453680798
11351,7,43.0835460249,2.71390822803
11353,33,43.2513488574,2.92392517153
11356,7,43.3015260631,2.01594632957
11357,1,43.2942127146,2.15397156403
11360,5,43.2489566147,2.89118063794
11361,7,43.3374046005,2.04475421603
11364,1,43.0331548632,2.30004919732
11367,18,43.3660090567,2.16153708941
11369,40,43.2700227368,2.93528136754
11370,38,43.2361241545,3.10717237313
11371,23,43.29456777,1.78132422207
11378,4,43.0946905132,2.52557493954
11379,92,43.0395983609,2.98124209143
11382,2,43.3559262458,1.91704210416
11383,1,43.3687280247,1.91691905449
11386,12,43.0299409472,2.66938593164
11387,1,43.0644951313,2.50638468749
11390,1,43.0893654385,2.78310314277
11397,116,43.2054644637,2.45954102477
11399,1,43.3828691726,1.95497022333
11400,1,43.0557381475,1.96306629097
11401,27,42.9063160941,2.72809318439
11404,7,43.275168057,2.28232242512
11405,3,43.2520790063,2.85589136189
11410,14,43.2521774853,2.41886505909
11415,1,43.0573045654,2.29925892511
11416,1,43.2840663729,2.46920880268
11418,15,43.2319320444,2.03314267274
11421,1,43.2113999899,2.85510092401
11425,15,43.2718025661,2.34692667896
11426,12,43.2930208254,2.43699100253
11429,43,43.2495624385,2.36587017807
11430,5,43.285181262,1.91990066613
11432,1,43.178928019,2.11283533112
11433,6,43.3289695308,2.46851612776
11434,19,43.2808698633,2.09551779472
11435,3,43.0054052099,2.63468678953
11436,2,43.0182115243,2.85759896438
11437,2,43.2329788288,2.23031885355
11438,5,43.2278470431,2.08978989468
11439,1,43.3220982034,2.09853439649
11441,17,43.2054224322,3.09538889939
12001,6,44.3513031939,2.69339680513
12002,14,44.1613901609,3.06898957805
12006,1,44.1352241599,2.67560444399
12011,3,44.1907834578,2.66728393102
12012,2,44.555388853,2.13842661504
12013,50,44.5318545051,2.25591796926
12016,12,44.4995549267,2.32166840443
12021,9,44.3386235465,2.14341113213
12024,1,44.3944148302,2.33164860958
12025,33,43.8248066613,2.75112588712
12026,9,44.3951997527,2.78341531364
12028,3,44.5806056647,2.21149187356
12030,2,44.5734390459,2.17431868785
12033,58,44.4675229225,2.70795409779
12034,1,44.3823756053,2.1374677844
12036,1,44.8284548691,2.70476777705
12037,10,44.0179354928,2.70623918127
12039,1,43.7649625087,2.94838918036
12043,70,44.2590321912,2.52423447426
12044,22,43.8183603178,2.88523152665
12047,1,44.4014190434,3.08798041232
12049,7,44.5663603478,2.5847677536
12052,90,44.5596095618,2.06863929998
12056,87,44.2810938954,2.44964862339
12057,26,44.1789643613,2.51462788603
12061,1,44.5310923776,2.88749197911
12062,1,44.1404700763,2.92770802784
12063,25,44.0119187928,3.1838932062
12066,16,44.4068685217,2.40873081566
12068,2,44.3435829134,2.32786073616
12070,1,44.175783777,3.10274106819
12072,2,44.0964783684,2.97961913091
12076,10,44.5952473002,2.4201643341
12077,8,43.8924370352,3.20078895944
12079,1,44.5755974174,2.73237270649
12080,10,43.947128591,2.59314085517
12083,33,44.5186350592,2.28781785665
12084,10,44.064990103,3.05961986973
12086,1,44.1676766844,3.15670064587
12089,260,44.567273002,2.25243853064
12090,31,44.3609252009,2.47671597719
12092,5,44.10079135,2.62177074145
12094,29,44.6544227279,2.57843798744
12096,201,44.5188717043,2.76426608276
12098,15,44.5694224223,2.68750805663
12100,21,44.5476858944,2.32505415911
12101,14,44.5935121569,2.2651648768
12102,21,44.2880137822,2.62175551429
12105,26,44.2345851449,2.04784404559
12106,1,44.4619669953,2.80472572393
12107,1,44.3616362767,2.90279259177
12113,9,44.2633838194,2.3681220954
12116,1,44.7114576875,2.75356213678
12118,5,44.7740969163,2.64249748711
12119,46,44.6942493054,2.86714579983
12120,74,44.3644570513,2.81804424075
12121,24,44.4236494726,2.16109197679
12125,1,43.8122894492,2.63515019916
12127,14,44.0802539644,2.4399944588
12130,17,44.5972432577,2.21621082428
12131,5,44.3909930617,2.65068486955
12133,106,44.3056658484,2.5364516694
12134,2,44.4835018832,2.25588264756
12135,6,44.2405098268,2.10038614517
12136,1,44.3999943584,2.10361790019
12138,62,44.4772361351,2.46487970585
12139,1,43.8794497161,3.04168349472
12140,12,44.3811674619,1.91298331714
12144,1,44.133704443,2.43387018423
12145,724,44.0976252203,3.11705384129
12146,20,44.331592843,2.5872623881
12148,37,44.476808221,2.21289087598
12149,1,43.9795757997,2.63093615826
12150,1,44.2654912574,1.98762525429
12154,4,43.8651798638,2.83361605924
12155,1,43.8617533926,3.11468710973
12157,16,44.394981764,2.72127812252
12159,1,44.3218697288,2.08182819744
12161,2,44.5143822131,2.52108945379
12162,1,44.3275804769,2.42736716891
12164,69,44.8759902067,2.68059365877
12167,11,44.211295506,1.96305922109
12168,36,44.0206117427,3.28565334346
12169,53,44.1898575403,2.34366368782
12171,4,44.5133117554,2.43273501132
12174,75,44.338471851,2.54774198749
12176,238,44.3825530939,2.56000835023
12177,2,44.4009437729,2.84225329377
12178,1,44.1486388779,3.11148254471
12185,101,44.277717255,2.70931526263
12188,2,44.2493343798,2.7929953835
12191,1,44.4103475612,2.19453209894
12193,1,44.534819715,2.4875783018
12197,58,44.031961026,2.54899148777
12198,60,44.3085754076,2.22948755681
12199,62,44.4038329146,2.29228871208
12200,5,44.2108724191,3.12758575217
12201,1,44.4813052355,2.6223380773
12202,2197,44.3582426254,2.5672793892
12203,1,43.9706930615,2.98176110631
12204,1,44.1093444691,3.24200220208
12205,2,44.3097319748,1.9747853664
12208,300,43.9656694471,2.86653125625
12209,24,44.6868560667,2.69135482513
12213,11,44.1692617514,2.96666926692
12214,19,44.5918935634,2.94672559934
12215,19,44.4799129535,2.39660455917
12216,46,44.5314215162,2.82190819996
12217,1,44.4143206609,1.96803908132
12223,28,44.8003905234,2.7434750028
12224,78,44.4732674724,2.98156818185
12225,47,44.0565556182,2.98714381525
12230,58,44.0414081,2.49245464315
12231,11,44.0262087023,3.38224826789
12236,1,44.2089764028,2.93837029184
12237,14,44.4481544099,3.10140451864
12238,15,44.2231129382,2.98202907949
12240,4,44.6329765505,2.29151431858
12241,13,44.3313046455,2.63272943848
12242,1,44.3952055876,2.04173574254
12243,12,44.0092815524,2.98362792023
12244,15,44.0328970436,2.8904868402
12246,3,44.6433670294,2.25787660358
12248,26,43.8788015376,2.62311158409
12251,4,44.0507837492,2.81021922503
12253,20,44.159383352,2.78625740284
12254,23,44.4437884405,2.5250957268
12255,12,44.1937884405,2.58717278711
12257,2,44.5282954974,2.03482919718
12258,18,44.2210453595,2.19673523902
12259,4,44.2844997959,2.04052425454
12262,22,44.2478234048,2.31504773118
12264,80,44.4232783345,2.6111835082
12270,87,44.3000638764,3.08915100601
12280,1,44.8944584471,2.7419390961
12281,7,44.380429669,1.99865710824
12282,4,43.9686808628,3.02681795473
12284,2,44.0536064205,2.74751943168
12286,9,43.9213497351,2.81975476984
12287,2,44.3082129467,1.90937722563
12288,3,44.4471578876,2.44255701566
12291,23,44.2168374801,3.05097559285
12294,7,44.2679981187,2.92575800141
12298,17,44.5432878165,2.57548637915
12299,25,44.0971941681,2.71527258024
12300,533,44.3499160171,2.03103287572
12301,52,44.4470516334,2.0285315392
12305,10,44.5563780482,2.22049316685
13001,6687,43.5360708378,5.39857444582
13002,460,43.3533145712,5.51134767187
13003,19,43.7074197745,5.15105029207
13004,1458,43.5468692378,4.66215642574
13005,2225,43.2934843764,5.56331273477
13006,8,43.7000726884,4.94496642243
13007,188,43.3607946934,5.6583901873
13009,7,43.6183855123,5.21385052651
13010,35,43.894724982,4.74934042876
13012,12,43.5220542383,5.545935902
13013,31,43.4220302139,5.58376148513
13014,107,43.5036442498,5.1606136975
13015,359,43.4472296617,5.41237056144
13016,95,43.397192269,5.61980749093
13017,24,43.867766322,4.69754706735
13018,43,43.8584804516,4.95793402726
13019,150,43.4496421919,5.34976663984
13020,31,43.3941966153,5.53223354589
13021,130,43.3427663021,5.15373765817
13022,162,43.2230470065,5.55117810991
13023,68,43.2238501508,5.63636473345
13024,24,43.721111879,5.24576645287
13025,36,43.4912659702,5.56821681952
13026,214,43.3865906403,5.14753822568
13027,215,43.8824707581,4.83990004648
13028,1191,43.1926410861,5.61318955778
13029,5,43.5783400746,5.07659575248
13030,33,43.2805717043,5.71024615753
13031,219,43.3764232809,5.59885932444
13032,314,43.5711208794,5.32885751916
13033,57,43.3536539601,5.19960307575
13034,21,43.7617047487,4.95211983638
13035,120,43.7025562953,5.01557705248
13036,93,43.84304663,4.84289529399
13037,186,43.5544485185,5.20247621443
13038,61,43.7232610704,4.72310168882
13039,145,43.4556812107,4.90452133912
13040,180,43.4594948454,5.55305747206
13041,468,43.4526063249,5.47963860272
13042,136,43.2981044185,5.64391464048
13043,99,43.3905074118,5.22834752895
13044,67,43.6142225937,5.04474558898
13045,35,43.8539111696,4.76717369182
13046,86,43.4262029745,5.54685109195
13047,677,43.5502689105,4.9511813524
13048,38,43.6334137827,5.65675796328
13049,17,43.704757813,5.0886270398
13050,142,43.6615217681,5.25191446931
13051,96,43.5760406168,5.15953601477
13052,44,43.8230609796,4.78456570653
13053,79,43.7285832667,5.18297726548
13054,860,43.4172068362,5.21221904548
13056,1652,43.3798920489,5.04945402314
13057,6,43.7878902175,4.76385153358
13058,68,43.7145004234,4.83333459578
13059,26,43.6244876475,5.52271513103
13060,103,43.4910522546,5.50062811927
13062,149,43.4128431127,5.49899491017
13063,306,43.5842134124,5.01384348574
13064,25,43.8053410404,4.9488694514
13065,47,43.7008454163,4.89038486174
13066,47,43.8584523466,4.89952194493
13067,34,43.779613013,5.02340520998
13068,17,43.7082242761,4.77828143607
13069,154,43.6308385635,5.15957327275
13070,178,43.2772079729,5.51850914394
13071,323,43.4026791235,5.31547094057
13072,65,43.439686405,5.62516789037
13073,67,43.3847877457,5.57131918284
13074,44,43.6284676935,5.57695734831
13075,263,43.3670927162,5.46488623464
13076,37,43.8181261115,5.00228183234
13077,308,43.4233518835,4.99266322339
13078,103,43.4148193741,4.80679663589
13079,18,43.5186378192,5.67758737833
13080,117,43.6518285649,5.43958389565
13081,144,43.4971347324,5.23106220021
13082,84,43.6648781836,5.35218247017
13083,56,43.9000833173,4.79857977479
13084,164,43.7176409517,5.30157633559
13085,111,43.2510907217,5.62904634328
13086,151,43.3437864693,5.59772643152
13087,98,43.4841496165,5.62380799416
13088,72,43.3653374562,5.25292240431
13089,32,43.8307575371,4.95027358923
13091,125,43.6136286667,5.30698257258
13092,143,43.5436905217,5.07329988936
13093,27,43.6923695558,5.38958912604
13094,33,43.7849429124,4.73566400662
13095,18,43.5561849254,5.52206993794
13096,24,43.50398297,4.46396357194
13097,193,43.6119214615,4.85701475567
13098,65,43.4554029916,5.01494725455
13099,16,43.6854814023,5.75372558845
13100,257,43.7834249015,4.85366665286
13101,28,43.4057248147,5.53101491431
13102,178,43.4142378837,5.25398700813
13103,1537,43.6462885238,5.06814649576
13104,119,43.3456690305,5.11765506999
13105,108,43.7446066018,5.08687884411
13106,145,43.3934944571,5.3808040555
13107,116,43.411551859,5.43796924424
13108,220,43.7939885332,4.68614849204
13109,90,43.5196914136,5.50819253944
13110,201,43.4378087269,5.6999524319
13111,19,43.559011599,5.61324103718
13112,135,43.5239854581,5.24996424883
13113,245,43.5928673895,5.49138381609
13114,86,43.5422528534,5.30622321985
13115,13,43.6841394366,5.18825526479
13116,13,43.8386551607,4.9188995104
13117,664,43.4497831674,5.26357787665
13118,54,43.5600515363,5.25422160677
13119,130,43.2584851646,5.56581431221
13201,938,43.2999009436,5.38227869795
13202,547,43.3126964178,5.36364983265
13203,1481,43.3121200046,5.38010981423
13204,922,43.306733355,5.40087488752
13205,6223,43.2928061953,5.3975770959
13206,1822,43.2870989546,5.38104785394
13207,631,43.28251778,5.36323440435
13208,3777,43.2417271832,5.37464436293
13209,3912,43.2340834927,5.45249683067
13210,991,43.2755155435,5.42681101081
13211,1264,43.2884471881,5.48381466229
13212,2523,43.3077683678,5.43991567678
13213,2087,43.3492780005,5.43372238738
13214,1170,43.3455018067,5.39408915769
13215,2651,43.358794754,5.363407897
13216,463,43.3649054121,5.31337828595
14006,1,49.0911214253,-0.434224922695
14009,10,49.2501431721,-0.241578864111
14015,4,49.25086166,-0.398796097225
14016,3,49.248966024,0.054049962802
14020,65,49.1339723471,-0.158515066328
14021,11,49.3357973304,-0.620617244161
14022,4,49.3336519158,-0.584632970661
14024,1,49.311097988,-0.0268928739803
14026,1,49.2046566574,-0.604235735984
14027,110,49.0144785445,-0.633929762668
14030,2,49.205811786,-0.430653066001
14033,1,49.1974017349,0.0757798080926
14034,1,49.0957497746,-0.464408003458
14035,10,49.1801660324,-0.839275566606
14038,1,49.3091629714,-0.485951971964
14039,1,49.0142202148,-0.345317052278
14042,20,49.1280853524,-0.481929855729
14044,1,49.2759084631,-0.426109621277
14046,13,49.2260268215,-0.182663216453
14047,1026,49.2776559195,-0.704625495378
14055,2,49.2673749732,0.110186947305
14057,5,49.1202677758,-0.233407879923
14059,2,49.3390106956,0.0477938566692
14060,22,49.2437018681,-0.287859699989
14061,27,48.9311056012,-0.829700488318
14066,9,49.3194698748,-0.417743184424
14068,55,49.2394857474,-0.336897222292
14069,1,49.1262889873,0.249746310711
14076,44,49.2281536645,-0.304322423176
14077,8,49.246735105,0.283212958407
14079,9,49.322264685,0.0322391996049
14083,7,49.2183141516,0.0906070280253
14090,2,49.047524459,-0.37826606912
14092,24,49.1159775311,-0.289489702409
14098,62,49.2151517714,-0.51673661621
14100,35,49.0498397509,-0.326047063424
14101,96,49.1731671291,-0.422220210671
14102,13,49.2278153726,0.218766616218
14106,1,49.2360824637,-0.221042310396
14107,1,49.2893189025,-0.956918427952
14110,1,49.2468046177,-0.103823258822
14117,71,49.2834863414,-0.125512945279
14118,8524,49.1847936737,-0.369801713036
14119,27,49.154208668,-0.260672944073
14120,2,49.0671203242,-0.762793901462
14123,9,49.2341225093,-0.437898319221
14124,5,49.3447032998,-1.0093041857
14125,7,49.2314887593,-0.383466697712
14126,18,49.1466063945,0.0539056758479
14135,1,49.2391999485,-0.61396538716
14137,52,49.1866163191,-0.451124708669
14143,38,49.0964311403,-0.812430741234
14150,13,48.9853267914,-0.394469235831
14162,17,48.9025554763,-0.493582660892
14163,1,49.1440586411,-0.0944377388042
14166,20,49.2745125128,-0.301395397787
14167,80,49.1982444899,-0.295509264279
14174,109,48.8496985115,-0.562504676497
14181,93,49.1547732827,-0.327418700171
14184,1,49.2679469163,-0.785755484018
14191,92,49.3205636426,-0.44837253643
14195,1,49.026847125,-0.573849021265
14200,30,49.2864524812,-0.543327621635
14202,267,49.3965340563,0.139094735146
14215,6,49.1917821033,-0.261435495897
14220,188,49.3543800887,0.0744665786308
14221,42,49.1778085857,-0.263135480926
14225,100,49.2829553851,-0.0891775344573
14228,117,49.2895943056,-0.39232887843
14229,76,49.2290318466,-0.0448932247721
14236,9,49.2276401197,-0.68136443609
14241,1,49.0688314523,-0.619078817289
14242,104,49.2200299835,-0.364587830546
14243,16,49.4031514807,0.209917592829
14244,1,48.9048554681,-0.157109731827
14246,2,49.2057509185,-0.245625093928
14251,3,48.9690516026,-0.459505012941
14254,13,49.1478744808,-0.428813516348
14256,1,49.3208069288,-0.793272480023
14257,71,49.0940016709,-0.501372307136
14258,432,48.8957800281,-0.193401711782
14260,1,49.1890209562,0.268855843357
14266,14,49.1119321886,-0.407584971568
14270,1,49.1520628876,0.321640339093
14271,119,49.1444292345,-0.377619145275
14274,21,49.1379993992,-0.454203302795
14277,6,49.0870178586,-0.34496703891
14278,6,49.1736040754,-0.580438390492
14287,7,49.132745489,-0.249029686831
14288,1,49.2562338542,-0.487666830521
14290,1,49.0660952631,-0.3530701321
14297,3,49.1167295393,-0.507962422295
14301,48,49.1781576948,-0.285160708636
14303,5,49.1247880255,0.28133061061
14305,1,49.2895459348,-0.0363153826405
14309,1,49.0365523786,-0.308971879429
14310,5,49.009033334,-0.271865445173
14311,11,49.1386270116,-0.531672189444
14312,15,49.3754390087,-1.04464900141
14318,30,49.3293694096,-0.486683718791
14319,6,49.1460180153,-0.293578977625
14320,2,49.0446792733,-0.443624384517
14325,21,49.2832471592,-0.32297738333
14327,638,49.2073560619,-0.331022626025
14328,1,49.2140427905,-0.260172250622
14332,1,48.8530698263,-0.160675825982
14333,155,49.4129449727,0.237579361279
14334,1,49.140980571,0.407126860632
14338,17,49.2974071263,-0.0677562139709
14341,215,49.1405779091,-0.342694064356
14342,52,49.305761488,-1.10256916512
14349,4,49.0801189772,-0.380625006843
14352,7,48.8983991959,-1.00295458631
14354,12,49.3129812752,-0.378266023421
14357,1,48.9136477151,-0.684142611751
14364,2,49.1732681991,-0.674509816697
14365,18,49.3007695684,-0.333954811691
14366,1075,49.1466628463,0.238274840452
14370,43,49.2344021109,-0.889241335163
14371,32,49.005159699,0.165980940625
14377,1,49.3316737353,-0.694238219905
14380,2,49.225730744,-0.578019893606
14383,74,49.1552771224,-0.396704924192
14384,31,49.3085348418,-0.357463109618
14390,1,49.0595594153,-0.539963670501
14393,1,49.0754358384,-0.454171502367
14396,1,49.1315977028,-0.422983283738
14406,1,49.2486390509,-0.60137367329
14407,19,49.2562339956,-0.366730572403
14408,28,49.0966958599,-0.379270597736
14409,21,49.2723390059,-0.201985643028
14410,3,49.1315507489,-0.0746479739995
14412,2,49.0467992669,-0.606121307613
14421,3,49.1048879579,0.282566648467
14431,64,49.0784400196,-0.0740245515937
14436,1,49.2503317019,-0.689321766659
14437,197,49.1693649378,-0.310691187417
14452,14,48.9239845756,-0.081385727774
14454,12,49.1498499035,-0.488405654437
14456,9,49.1127187184,-0.165293838791
14458,8,49.0231039076,-0.437703643826
14460,14,49.1950035194,0.351238827177
14475,37,49.1241683725,-0.575352839603
14478,47,49.0236641773,0.384953822179
14488,157,49.2745280107,-0.257718317859
14491,1,49.0889824331,-0.608826965285
14514,133,49.2805619214,0.187666368193
14515,35,49.3396014282,-0.772708434394
14516,29,48.9706322834,-0.247353467356
14520,2,49.1496506404,0.145754077347
14530,24,49.2288226214,-0.263538892207
14534,1,49.276489057,0.153456757288
14536,22,49.4080358178,0.268004849021
14538,3,49.0957571442,-0.317250308981
14540,3,49.1686946525,0.249417574053
14542,2,49.2216532191,-0.450027445398
14543,45,49.2060587409,-0.474725507611
14552,1,49.3138908712,-0.627906482519
14554,3,49.0816169321,-0.286022666698
14556,15,49.1244015625,-0.388404822316
14557,26,49.3316309924,0.0895728543881
14558,2,49.2610054485,-0.283867469295
14562,13,49.3224328819,-0.39282763592
14566,126,49.2154597119,-0.400916151699
14570,13,49.0508380133,0.301847275517
14574,14,49.1441541002,0.190725369715
14575,1,49.2916915945,0.117829362713
14578,15,49.3508650728,0.186845848605
14587,16,49.195598359,-0.421595824393
14592,9,49.0700697986,-0.491095883025
14603,15,49.0261365757,-0.394821606161
14605,1,49.3577049946,-0.876012116729
14609,1,49.2602090731,-0.730457240474
14610,2,49.1866187514,-0.500649105973
14614,6,49.2157426905,-0.986867595216
14623,20,49.1146147135,-0.351793766031
14625,8,49.1102778699,0.224396339009
14630,3,49.2574506991,-0.664949215648
14635,1,48.9283510669,-0.443691657906
14646,1,48.9211270425,-0.230012764735
14654,77,49.0158504483,-0.0407749520168
14656,11,48.9398642478,-0.49006634789
14658,29,48.8217597918,-1.04661139436
14659,20,49.0531521208,-0.215598170882
14663,69,49.2877194467,-0.676858813101
14675,18,49.1315274797,-0.287622280265
14676,6,49.292637722,-0.645876714207
14678,7,48.979239508,-0.234726368793
14685,23,49.2549683004,-0.449172989846
14689,64,48.9864514562,-0.485109067102
14692,32,49.1718691291,-0.62341766889
14699,25,49.353602734,0.112669944999
14700,4,49.293916906,-0.783768105699
14707,6,49.1370651902,-0.500682712982
14711,32,49.2992384887,-0.916096268328
14712,55,49.191539378,-0.183683620831
14713,1,49.0488456416,-0.479036744908
14714,3,49.2271134585,-0.819798634317
14715,89,49.3721246762,0.102123470052
14720,1,48.9460697102,-0.290005556569
14724,11,49.2631541111,-0.145923580235
14726,27,48.8636010778,-0.658303472061
14728,27,49.2838991523,-0.735454508917
14738,60,49.1637623946,-0.463308814178
14739,12,49.3338501523,-0.528813485245
14751,1,48.8540077803,-0.102407702289
14752,95,49.0782420975,-0.652664428102
14754,52,49.3110756382,0.00599012303306
14755,2,49.3908763153,0.123148235679
14758,4,49.2361922294,-0.411267584761
14761,1,49.1416235427,-0.194706905612
14762,599,48.8512498219,-0.889601911342
14764,25,48.8768624805,-0.409034326859
15001,12,45.2312708319,2.95300274076
15003,9,45.1644412736,2.32569985798
15004,1,45.0699830319,3.05933407794
15011,1,45.0633298258,2.22626708333
15012,48,44.8763047408,2.46427067251
15014,1567,44.9245233686,2.44162453828
15016,2,44.9909323836,2.32370356489
15021,3,44.7857362078,2.25506235075
15027,18,44.7211847531,2.36192054351
15037,1,45.3633081405,2.40307399126
15038,6,45.4040107728,2.60404165506
15041,1,45.1050602104,2.90845752826
15045,44,44.848937782,2.9982305989
15054,35,45.3488007633,2.79188252959
15059,1,44.981338765,2.93616298746
15074,1,44.9352952684,2.50768962826
15083,21,44.9952366348,2.41802314499
15085,4,44.8520781165,2.54931356081
15086,3,44.9504311526,2.72347580122
15087,1,44.7730782584,2.43049970218
15088,3,44.9257153749,2.27440087718
15090,12,44.7932691483,2.44817059954
15092,11,45.4344225439,2.54974390079
15094,31,44.974801878,2.19344155664
15101,10,45.1035229375,2.78285034579
15107,1,44.9525593557,3.29080870665
15108,1,44.9384891268,3.20556437292
15114,7,45.3162875719,2.85577542136
15117,2,44.7824610941,2.35726989792
15118,12,45.0074931721,2.47840612613
15119,43,45.2454117687,3.19978709447
15120,156,45.2183220694,2.31678475408
15122,57,44.7119433423,2.17308591391
15124,1,45.2974849213,2.57917392075
15134,17,44.6956739577,2.49434704088
15135,1,44.9956514856,2.16312803314
15138,56,45.1111408605,2.86065494152
15140,21,44.952486045,2.42117716236
15141,20,45.1323703921,2.98529315948
15142,28,44.9309902257,2.97942663368
15147,1,44.8274613306,2.17322961599
15149,5,44.8849681536,2.81626761404
15152,21,44.9288418231,2.83819601697
15153,25,45.1304319566,2.24934594486
15154,17,44.9524740825,2.57588922139
15157,3,44.7584182677,2.18352283274
15159,5,44.9019840026,2.65720291985
15160,4,44.9700663332,2.42282064857
15162,109,45.2897248338,2.65677992591
15163,2,44.8450017276,2.39860201238
15168,16,45.0046123239,3.22362001629
15169,15,45.3309843638,2.48182368898
15170,1,45.3284028896,2.70800428863
15173,1,45.2809310303,2.8038235634
15175,17,45.0531263429,2.42554577219
15178,2,45.0405601303,2.60513223834
15181,1,44.6885284522,2.24626593038
15184,3,44.7216425562,2.22943690133
15186,2,45.1248339578,2.38105299616
15187,359,45.0278919825,3.08320563232
15188,4,45.0195024779,3.13844362927
15191,19,45.050570658,2.32079424966
15196,26,44.8563990707,2.30496359467
15202,15,45.1201305737,2.44307130609
15204,19,44.9507306137,2.30039279193
15207,3,45.1594604904,3.19462037388
15215,19,44.9695334779,2.49738848961
15216,3,44.7054618442,2.97925067316
15219,9,45.1450926367,2.49622722458
15221,7,44.8902213985,2.34319236958
15225,3,45.2080545733,2.82298394403
15233,1,44.9756690067,2.36199545657
15236,4,45.0180519173,2.6624257459
15237,3,45.0745302568,3.17567191659
15243,3,45.2442328606,2.5444240314
15244,3,45.0740146626,2.95237927853
15248,13,45.0532332221,2.90711082999
15255,12,44.8954464372,2.5219529711
15258,43,44.9716667765,2.62023551236
15265,35,45.3433264058,2.44997355968
15266,1,44.9307481726,2.5382689478
15267,30,44.9161324548,2.36598098395
15268,28,44.8574381373,2.23422151745
16001,1,46.0995520567,0.715822844014
16005,37,45.8891702634,-0.000376399361894
16007,1,46.0204552645,0.5258351895
16010,1,45.5581634832,-0.224518438236
16011,1,45.7689915038,0.206024179916
16015,877,45.6472585146,0.14514490683
16016,2,45.9943029714,0.619730334325
16018,10,45.6370134609,-0.402334253854
16019,1,45.7078415562,0.0487826997236
16020,13,45.2609347512,0.16792049879
16023,12,45.9151202066,0.255788080504
16025,24,45.374443862,-0.254082617191
16026,5,45.7127837956,0.134124616081
16028,328,45.4780382344,-0.157746079718
16039,1,46.0522061088,0.170991094252
16046,25,45.4714654807,0.0236302142689
16056,6,45.6659937822,-0.222233070692
16058,4,45.711028287,-0.296886698875
16061,23,45.7345393339,0.266852612131
16064,18,45.9509773487,0.869163472197
16065,8,46.067503903,0.776760494264
16066,5,45.3238579692,-0.0465934055861
16070,40,45.8638291864,0.711713773005
16072,1,45.4963678637,0.142555563027
16073,38,45.2739548684,0.0385508867289
16076,16,45.993087674,0.412273153255
16078,48,45.7166708711,0.196450542402
16085,55,45.8243471539,0.441043431658
16086,1,45.8513916699,0.773197167344
16089,155,45.6720237128,-0.316074717824
16090,79,45.5961486354,-0.0514205671468
16093,15,45.6453528845,0.364874391871
16097,20,45.7450738873,-0.337808012724
16101,5,45.54965487,0.050592133605
16102,538,45.6962326551,-0.33507941815
16104,2,46.028495802,0.227925503689
16105,1,45.4011643618,-0.134853631146
16106,192,46.0191386034,0.658522279035
16107,1,45.8134827231,0.277167790315
16109,12,45.7730344217,-0.180841133968
16113,544,45.6096373338,0.109121178707
16119,24,45.5542534164,0.283491007595
16120,10,45.5986667875,0.241731538574
16121,4,45.7009983146,-0.00261844248273
16132,13,45.8907561281,0.783276589997
16134,2,45.8801902004,0.663734809553
16136,1,46.0198359959,0.159355852391
16138,27,45.6757321488,0.0883493158258
16146,18,45.6261876475,0.267214788148
16147,1,45.5102605309,0.309516332026
16148,2,45.8009500924,0.021470943172
16150,13,45.6572262883,-0.268790187481
16151,1,45.636977239,-0.306975028365
16153,1,45.6684412124,-0.155937890008
16154,53,45.6797580078,0.165506204221
16162,1,45.4358693402,0.265230281525
16163,26,45.6755505146,0.00754154202178
16166,120,45.6638640977,0.199231746573
16167,99,45.6865355311,-0.164780604405
16170,1,45.3679418137,0.158358681368
16175,19,45.5351688008,-0.0353997702364
16186,10,45.5660291672,-0.185136397799
16187,17,45.6535202094,0.0737335176195
16192,38,45.9100102437,0.573121657498
16193,1,45.7237365822,-0.39737034952
16196,15,45.8951621262,0.124490429132
16198,1,45.5088381667,0.2552082811
16199,17,45.6559132577,0.236141821195
16206,54,45.8790882664,0.173859970412
16207,1,45.8574304005,0.0183289081135
16211,9,45.6171874581,0.445486850648
16212,8,45.77722919,0.656859261312
16216,24,45.6959537144,-0.0708885459324
16217,6,45.6698268314,-0.371814331652
16223,38,45.667656871,0.504316384558
16225,8,45.7738787675,0.551136998408
16226,3,45.7802147183,0.10266574824
16230,55,45.4225777872,0.127349505692
16231,1,45.9911418674,0.899879118608
16232,8,45.6847658101,0.292715578408
16236,15,45.5576008503,0.122197442928
16242,8,46.0061029111,0.32369225522
16243,4,45.7234512916,-0.270638222071
16244,18,45.6253691605,0.0621903047823
16254,1,45.348051923,0.242588912427
16269,1,45.67389958,0.346548387034
16270,2,45.8193617706,0.739906904422
16271,15,45.6160185943,0.172580597742
16272,4,45.86360531,0.210617195274
16276,1,45.4250019229,-0.174457411531
16280,43,45.7608747272,0.359373568678
16281,142,45.7334327476,0.3937027955
16282,1,45.7979119983,0.310269933524
16283,2,45.4565998165,0.238466664692
16286,75,45.781947293,-0.074390136916
16287,88,45.5803788491,0.0313550273594
16289,2,45.7228708787,0.617688422221
16290,1,45.7200534944,0.562265132073
16291,72,45.6836924747,0.231195852301
16292,173,46.039455304,0.199192104707
16295,23,45.8023519655,0.139724725099
16300,20,45.8371884276,0.272464077721
16304,3,45.6902103203,-0.264553424103
16306,2,46.0040190503,0.849752490764
16308,7,45.8982985604,0.471600426637
16316,15,45.5831748847,-0.303510624665
16318,8,45.8962473577,0.281694716965
16320,4,45.7541273266,0.0365172036644
16329,3,45.9432646636,0.49869730659
16337,1,45.9687818149,0.700155863505
16340,7,45.6446845538,-0.142912340299
16341,1084,45.6398574836,0.110389548668
16348,3,45.6676447323,0.0400326832597
16349,1,45.7641596067,-0.250325475008
16350,8,45.3109814226,0.245248838194
16358,82,45.6818416961,0.128271343194
16359,10,45.6192884058,-0.344548280548
16360,1,45.4517011196,-0.121693762991
16366,37,45.6180187853,-0.215554491203
16368,4,45.5853962792,0.318693870271
16369,8,45.7376347381,-0.165302283456
16370,9,45.6203072664,0.0196009850937
16372,1,45.5866525328,0.498091026273
16374,477,45.6397669318,0.206625703571
16375,1,45.8479006288,0.513524239877
16379,7,45.7739607246,0.417726239972
16384,7,45.3740871149,-0.201503841604
16385,4,45.658185613,0.267862440841
16388,8,45.6399613297,0.0464434707725
16392,1,45.8823772883,0.317842370883
16393,29,45.7564469034,0.136239937646
16400,4,45.9780560567,0.226069473062
16405,1,45.5067551698,-0.0973753032134
16408,27,45.4787469231,0.282759824793
16409,22,46.0118055338,0.0886198122699
16412,1,45.8074616252,0.173120462313
16413,1,46.0512318303,0.109503463372
16415,3,45.7209359116,0.107728857643
16416,1,45.7977956824,0.494903805374
16418,6,45.5931085464,0.158699054904
16419,1,45.807659891,0.0797642978998
16422,3,45.6000909965,0.359871662145
16424,3,45.2735939808,-0.0246156679485
16425,1,45.7349799572,0.466227721983
17003,72,46.116506287,-0.944542003492
17004,9,46.0183336808,-1.1696249203
17008,24,46.2630044811,-1.01765756102
17009,10,46.2061055614,-0.949106581868
17010,117,46.1067042744,-1.10617840927
17011,8,45.8451541952,-0.606940524552
17016,23,45.5228923637,-0.301856482703
17018,2,46.0498769657,-0.890135865297
17019,28,46.2111995219,-1.51504354145
17020,1,45.5031576669,-0.323776644453
17021,68,45.7467177587,-1.12303418678
17024,23,46.0203377417,-0.348095789107
17025,4,45.880093124,-0.411702053139
17028,188,46.134271716,-1.11454913295
17037,10,45.8934079411,-0.179132842333
17038,1,45.1855001238,-0.31284209172
17041,13,46.1994730581,-0.797193296126
17043,11,46.0666811311,-0.625648729603
17044,11,45.6570139489,-0.598024601666
17045,7,45.861283729,-0.845151509892
17046,1,45.9212951544,-0.601162350534
17051,32,46.1825283655,-1.37625908104
17053,15,45.8953761527,-0.785050392193
17055,32,45.1918411913,-0.0719487146419
17057,6,46.1629168745,-0.85833337983
17058,35,45.8473362816,-1.13429637237
17059,7,46.1681538525,-1.02181156322
17064,33,45.6939630579,-1.05445584311
17065,16,46.0002799003,-0.966249355235
17070,15,45.8065841077,-0.476018876791
17072,15,45.777851301,-0.428355211255
17073,10,45.7919880619,-0.624437131463
17074,10,45.2021566078,-0.378592509253
17075,8,45.9278243256,-0.849803658691
17077,10,45.1273503043,-0.207698631448
17078,1,45.5445094942,-0.450256839324
17079,1,45.7303444149,-1.06814190261
17080,9,46.1091600914,-0.845524833213
17084,6,45.5097912928,-0.647721858096
17086,22,45.7339723464,-0.551943475215
17089,10,45.7644455528,-0.534261419507
17091,28,46.2936903771,-1.08092039856
17093,66,45.8813853125,-1.2166234835
17094,90,46.0727342481,-1.08262101984
17099,1,45.2531986872,-0.326507193163
17100,7,45.7130812452,-0.446891176255
17102,6,45.6928090808,-0.677270965738
17104,22,45.2991036157,-0.212745427896
17107,13,46.0380687499,-0.930603200492
17109,5,46.1423813762,-1.03660142128
17110,3,45.170720294,-0.234166115218
17111,1,45.470800102,-0.509938882977
17112,2,45.7320429784,-0.75493581331
17113,5,45.1155746531,-0.143215362973
17116,1,45.4182495786,-0.588917528415
17119,1,45.6322589932,-0.864025818728
17120,45,45.7457848259,-0.809484393759
17121,20,46.2010718838,-1.4366169353
17125,1,45.9586702795,-0.481078558771
17127,34,46.2550691794,-0.795122277526
17128,1,45.7030914699,-0.563571541525
17130,4,45.3197414345,-0.409244232565
17131,37,45.576167197,-0.823756709657
17133,5,45.5951968202,-0.714548761582
17136,6,46.1029311754,-0.998866254473
17140,56,45.9096185439,-1.25750953748
17141,1,45.7079445507,-0.496852759842
17142,58,46.1840946232,-1.06784317719
17146,31,45.9024659097,-0.953390493199
17147,3,45.8146188936,-0.51932413355
17148,1,45.7939911304,-0.694780604398
17151,1,45.7019009166,-0.979905969423
17152,7,45.5457212602,-0.795992154585
17153,19,46.2481463868,-1.11394343673
17155,35,45.7225172256,-1.10053747379
17158,13,46.2293761837,-0.854091719945
17159,1,45.5312541741,-0.525777430829
17160,6,45.4763669964,-0.747580624551
17161,46,46.1793660462,-1.32163012232
17164,22,45.767715256,-0.590510817969
17166,4,46.1090753059,-0.892101839793
17168,61,45.9830753407,-1.07700521801
17172,59,45.5615748972,-0.684082033771
17179,30,45.7062633213,-0.60684737481
17181,1,45.8753248293,-0.602567687993
17185,41,45.7264855028,-0.965197924835
17186,1,46.1876266957,-0.870885218413
17187,1,45.443029378,-0.511210601117
17190,32,46.1935718627,-1.18641543002
17192,10,45.5533573947,-0.405979459811
17193,37,46.1214512061,-1.07142455217
17194,28,46.1239232012,-1.01164042157
17197,507,45.4419827405,-0.427614839205
17200,222,46.1865247974,-1.15219925305
17202,1,45.9948050533,-0.600345343347
17203,1,46.0695634718,-0.857047499487
17204,1,45.3778692779,-0.333027025612
17207,4,46.2206970303,-1.44742224343
17211,23,46.0441648862,-0.513759292382
17216,3,45.9428507855,-0.822245809156
17218,61,46.3120332384,-0.979496238951
17219,106,45.8221269588,-1.10929995315
17220,1,45.5195994451,-0.472009798859
17221,3,46.1217050535,-0.619473280005
17222,24,46.2279815939,-1.13416579432
17224,64,45.8637317103,-0.314996278369
17225,18,45.7059879117,-1.17086670363
17226,2,45.9158199464,-0.559708232455
17228,15,45.64232723,-0.957332811747
17229,1,45.329823943,-0.300959977347
17230,39,45.5728672886,-0.94771675691
17231,1,45.3464492913,-0.313416526888
17232,11,45.6523583243,-0.82013449004
17233,2,45.44359095,-0.355376176711
17235,3,45.8057541534,-0.397192651315
17236,38,45.364556119,-0.565410361333
17237,4,45.8887503165,-1.05150894917
17240,56,45.2880726146,-0.387479585943
17241,23,45.2102562362,-0.16987214667
17243,51,45.2335398359,-0.270683431895
17244,10,45.633394289,-0.754060385506
17247,2,45.7079105893,-1.02132531485
17248,9,45.4982547943,-0.777581892089
17252,1,45.8721844676,-0.714571429678
17253,9,46.0112293883,-0.863875531259
17255,1,45.7474799691,-0.875438147918
17257,14,45.9770392382,-0.242404369884
17262,1,45.7541162328,-0.745291406801
17264,67,46.2087181622,-1.16596945116
17265,8,45.7567012734,-1.02839049392
17266,1,45.9351578691,-0.656955735884
17267,15,46.2376314923,-0.92874328241
17270,9,45.4075198729,-0.402895489298
17273,15,45.6367129971,-0.459608407894
17274,174,46.1574551352,-1.08886084864
17275,6,45.7245689026,-0.710843452649
17277,2,45.9951682951,-0.52001872758
17278,16,45.7047969225,-0.794411464518
17279,2,45.4510770094,-0.578865597012
17280,3,45.8251164352,-0.728894727031
17283,88,45.5770487335,-0.557449237102
17284,43,45.8257228994,-0.865695822843
17285,3,45.818051845,-0.672067298755
17286,6,46.2420561008,-1.50055338015
17288,1,45.949447685,-0.452458051451
17291,518,46.1853935247,-1.11393605159
17293,2,46.1338386234,-0.817268568399
17295,3,45.4656327459,-0.380359644815
17296,2,45.6729776474,-0.729506627362
17297,20,46.159061213,-1.28302289715
17298,1,45.6387910641,-0.708723744526
17299,1105,45.9432344536,-0.972356445692
17300,3726,46.1620643972,-1.17465702836
17303,4,46.299708575,-0.786738515903
17306,859,45.6346574238,-1.01791403375
17307,2,45.7137265647,-0.895448885479
17308,38,45.8677929392,-0.952947405262
17309,20,45.1668978802,-0.0436327584694
17310,2,45.5833337815,-0.75733412108
17311,17,45.6859547185,-1.10616889515
17312,15,45.3405019965,-0.644960130156
17314,2,45.7554033226,-0.490821600158
17315,1,46.1399234323,-0.948048348977
17317,7,45.4314531462,-0.633076943744
17318,1,46.2363966414,-1.53823691013
17322,5,46.2689963967,-0.827114338607
17323,23,46.0234747885,-1.38577964477
17328,19,45.461784663,-0.722254131989
17330,7,45.7749267656,-0.892730905107
17331,35,45.4802811029,-0.569721710177
17333,220,45.6036278448,-0.980098297165
17336,72,45.7703624625,-0.701151604065
17337,26,45.9762465553,-1.32432969206
17338,11,46.1500553419,-0.739061354783
17339,11,45.4642351151,-0.44363159116
17340,19,46.0675190065,-0.79880232463
17344,23,45.8589827004,-0.536045938535
17346,2,45.9198703097,-0.905117939333
17347,292,45.9427172637,-0.519834100838
17348,9,45.8311345147,-0.972275648087
17349,26,46.2797585875,-0.882374660253
17350,9,45.9286301344,-0.485268545942
17351,27,45.7944979756,-1.0542452381
17353,26,45.9878727507,-1.02745670693
17354,1,45.6164955032,-0.569645544567
17355,3,45.5224276512,-0.356868114482
17356,1,45.9997627208,-0.647620851494
17357,1,45.4152024373,-0.278686157018
17359,1,46.0930729273,-0.695778851
17360,42,46.1560367496,-1.32154377304
17363,5,45.4626102999,-0.430235388703
17365,6,45.2182774762,-0.20120779956
17366,3,45.1455143902,-0.11038952138
17369,84,46.1990908569,-1.36683779933
17373,24,46.1592023268,-0.967137851085
17374,1,45.8798297244,-0.456697276737
17375,8,45.943056045,-1.0281857286
17376,25,46.2295901157,-1.03191615683
17380,39,45.6579754062,-1.10115118709
17385,130,45.9396931461,-1.30530935595
17386,1,45.1589862484,-0.150996652179
17387,38,45.8230381488,-0.774633081138
17389,1,45.8492187707,-0.872725907585
17391,37,46.1454739,-1.06187828787
17393,12,45.6918302258,-0.85616928455
17394,7,46.1401428747,-0.665133364912
17395,3,45.7324197214,-0.497484915481
17396,38,46.2102668971,-0.891705417189
17397,62,45.8862799418,-0.677457125043
17400,8,45.6909400588,-0.52078042473
17403,1,45.410900172,-0.452211214542
17405,3,45.3565207322,-0.694899173419
17407,43,46.1930484901,-1.01648335022
17409,43,45.6735457263,-1.00633243777
17411,90,45.8319189499,-1.22713007046
17413,31,46.0762768567,-1.04882454068
17414,44,46.2127706642,-1.09160546158
17415,1688,45.7422300162,-0.649623035643
17418,2,45.6692835871,-0.415946816258
17420,18,46.1025147874,-1.05196380014
17421,171,45.6754417186,-0.936728980856
17425,14,45.5992753658,-0.915156967296
17427,1,45.839849714,-0.190558367177
17429,30,45.9097262725,-1.00226108589
17434,167,46.1044773827,-0.753715269757
17436,8,45.8452927158,-0.635939473122
17440,1,45.9465741862,-0.561311450959
17441,15,45.6319623788,-0.656221839044
17443,7,46.0773803387,-1.00436533555
17444,9,45.6757625165,-0.651811940995
17445,1,45.6764768852,-0.789153508281
17447,20,46.0868700947,-0.937375206626
17448,24,45.9748907338,-0.710979318464
17449,101,45.9633766445,-0.874412067316
17451,6,45.9076315101,-0.26562144892
17452,59,45.7595222262,-1.19070707014
17453,8,45.8824159109,-0.903805758025
17455,2,45.8908313129,-0.845996319512
17457,2,46.0532187101,-0.753825189117
17459,8,45.9226742862,-0.426927895363
17460,1,45.7002243997,-0.743043174473
17461,88,45.6448017664,-1.05853577703
17465,8,45.9708906994,-0.567291200569
17466,15,46.1972486983,-0.972947355741
17472,11,46.2434012234,-1.07321328867
17474,11,46.0950730201,-0.490293993465
17482,6,46.1518956728,-0.797123329244
17483,3,46.0392686841,-1.03449244286
17484,8,45.9419529118,-1.07230587054
17485,15,45.8620787516,-1.24274513266
17486,4,46.0078502924,-1.35092343182
18002,2,46.6641114038,2.54417379933
18003,26,47.192968882,2.56146410193
18004,1,47.2339866645,2.30681136882
18005,1,47.1778132314,2.24096841873
18010,1,46.6450269496,2.3518517619
18011,20,47.5626482877,2.4300855539
18015,70,47.4861718263,2.42121788452
18018,31,47.0320503423,2.66580708853
18022,1,47.4937866179,2.62277593565
18023,12,47.0713406909,2.71558067108
18025,5,47.0930093416,3.00110748775
18026,9,47.5017852498,2.84619659629
18028,3,47.1305841465,2.29645039352
18030,2,47.5351356226,2.54166761341
18031,4,46.8822848044,2.73104674271
18032,10,47.4322257963,2.88490125663
18033,2407,47.0749572013,2.40417137557
18034,1,46.704910988,2.47008751664
18037,7,47.5685456102,2.2264194575
18038,2,46.7757107356,2.42892835888
18040,4,46.8966843974,2.62063037796
18042,1,46.770990086,2.45882023985
18047,7,47.3709734883,2.44003339096
18050,17,47.0576566337,2.31864168106
18052,46,46.74275373,2.65293994234
18055,7,46.9913097017,2.1285312337
18057,26,46.5546814085,2.20738539036
18058,24,46.8663441588,2.34034434393
18059,16,46.6281920568,2.29315665601
18065,14,46.8317666343,2.11116982783
18067,2,47.562852584,2.33055121422
18075,4,47.0221738133,3.03745097069
18078,1,46.8142017646,2.34261889116
18082,2,46.9693684862,3.03803252226
18083,14,46.5455100179,2.35583784131
18087,42,46.8920491203,2.56065525402
18092,1,47.0658935028,2.64111638709
18094,1,47.229346809,2.86665110758
18096,11,47.1803415795,2.15455136481
18097,21,47.1409616832,2.42597712218
18100,1,47.1905784621,1.88477464044
18101,1,46.9149646451,2.88246532896
18103,21,47.1408422625,1.85668822147
18108,33,46.9518824158,2.94540320329
18109,32,47.2982614047,2.53601083137
18110,2,47.2284204871,2.9415312436
18115,1,47.355231934,2.5102170858
18117,4,47.3912030155,2.66658069402
18118,9,47.0454813599,3.00331831093
18125,15,47.4660367439,2.8732698385
18126,20,46.9301181385,2.39251813835
18127,16,46.7617210337,2.20479418633
18132,1,47.177490889,2.82796687911
18134,5,47.1346444236,2.06403657777
18137,4,46.8786192829,2.16312700894
18138,14,47.0892553874,2.27075651411
18139,6,47.0700384029,2.9939315256
18140,10,47.1549090518,1.98560116565
18141,70,47.1356637883,2.22043045347
18145,10,47.241732115,2.49021091816
18148,51,47.1794168881,2.05220231898
18152,1,46.8069612124,2.2474231379
18157,1,47.0436630553,2.27235598629
18158,3,47.0934510675,2.52827991158
18160,30,47.0040801539,2.83841274012
18162,2,47.305628773,2.65561084881
18165,24,47.3220132955,2.2713674082
18166,11,47.0899990268,2.58066243646
18169,1,46.734983408,2.42074813599
18172,11,46.7220226061,2.46720008987
18174,8,47.0631160847,2.50571113255
18179,1,47.1639629987,2.4440003398
18180,11,47.0077517141,2.43617013189
18184,4,47.0904100974,2.92907066727
18187,1,46.4533938495,2.25291754357
18191,2,46.9716860127,2.68986237741
18194,3,47.184837825,2.6197112281
18197,319,46.726171431,2.52013626979
18205,438,47.1109300599,2.35703710189
18206,3,47.1692906668,2.33076138218
18207,91,46.9913946761,2.25409311039
18210,5,47.2199114874,1.94950200368
18212,1,46.8892474462,2.45128555429
18213,56,47.1076641241,2.47889343421
18218,2,46.9879440291,2.50186876753
18223,33,47.2103197455,2.38165698999
18228,1,47.1395164801,1.81121677425
18233,19,47.3465019322,2.85418697553
18235,7,47.1423943953,2.55094608842
18240,13,47.1626367318,2.89993573993
18241,116,47.3256994042,2.82156691385
18242,44,46.8245784906,2.91377950744
18245,9,46.6018523222,2.49199571585
18246,12,47.4437813454,2.7982040526
18255,3,47.0183022938,2.30988777756
18259,1,47.4600582347,2.71117919113
18265,2,47.009472692,2.98349703012
18266,1,46.7151900372,2.21019388747
18267,45,47.0200069929,2.36619290348
18269,15,47.4563676608,2.65132659906
18270,3,46.7727933629,2.37854027909
18271,1,47.1606916636,2.3864256936
18272,11,47.2655815273,2.75561064588
18278,2,46.5533487781,2.43911843304
18279,553,47.2368836077,2.0790757049
18281,6,47.2080522932,2.18031155899
18284,1,47.4175834406,2.59936995832
18290,3,47.2723604119,2.21589340689
19004,4,45.1413289444,1.8139819421
19005,34,45.2556220149,1.46918061552
19006,1,45.5636726085,2.21836208439
19007,7,44.9804416467,1.86889705524
19010,67,45.1011667634,1.93436308377
19011,42,45.410632637,1.36145818193
19013,3,45.1857945286,1.68640722366
19014,1,45.2002215851,2.13938146562
19015,12,45.2543308546,1.32442831194
19019,39,44.9808198297,1.82767287912
19023,38,45.1315842922,1.7298060186
19024,1,45.368379997,1.41904693308
19025,1,45.4022168067,1.30367937423
19028,91,45.3932255345,2.49171563604
19030,3,45.1769208427,1.33285501672
19031,2368,45.1435830664,1.51936836063
19033,20,45.5900445661,1.93002669773
19035,1,45.3140230281,1.34219381764
19036,30,45.6025012498,1.71951080332
19037,14,45.4270783097,1.70936524222
19038,5,45.2478873538,1.70626007972
19042,4,45.3124205901,1.6226623783
19043,5,45.1437616861,1.62661152472
19044,3,44.9831181613,1.71908951558
19045,1,45.0490483837,1.94780274708
19048,2,45.1752926501,1.73283876352
19052,1,45.6193925333,2.09923298827
19057,2,45.0661814484,1.65335823441
19060,3,45.4824773803,1.59889305142
19061,31,45.2137162961,1.69660747239
19062,31,45.3655110046,1.87090523159
19063,26,45.1307416236,1.58601909494
19066,7,45.1562309473,1.30589609182
19068,3,45.1638501631,1.63821621038
19072,30,45.23129159,1.52635846524
19073,83,45.4216623668,2.03629867165
19075,1,45.2408229294,1.89882225318
19076,2,45.3992793069,1.5950172659
19079,1,45.4690737187,1.64470023601
19080,6,45.6767881141,2.42408510368
19081,4,45.3273225675,1.94274800441
19082,6,45.2632599727,1.67035512416
19083,1,45.6844902907,2.47902463461
19084,1,45.1588528226,1.86527330178
19089,1,45.21473166,2.00326104775
19090,1,45.2198203568,1.96223391046
19093,7,45.0889828477,1.55455491162
19094,20,45.3226150546,1.29232118318
19098,6,45.1855958017,1.81780911509
19100,12,45.3552708977,1.62385425403
19101,14,45.2402545634,1.78668276464
19102,1,45.3730034504,2.17148208461
19105,1,45.1177049487,1.64002369199
19106,2,45.2972681387,2.15927130911
19107,20,45.1137863095,1.41998991347
19109,3,45.3405090712,1.37203323389
19113,9,45.405035846,2.32343781175
19115,1,45.0492268727,1.61825978828
19117,2,45.1101297922,1.45969694671
19118,11,45.4699663224,1.73115503451
19121,50,45.454027392,1.40027554352
19123,151,45.176099789,1.58386372231
19124,17,45.1603327019,1.38223903365
19125,14,45.2528826231,2.0341111396
19128,1,45.4564248108,2.41560570074
19129,13,45.5414714695,1.51966936931
19133,8,45.0115300882,1.95247311189
19134,15,45.6253424705,2.45844193074
19136,41,45.5542315824,2.14009183651
19138,53,45.0503878402,1.68376616908
19140,2,45.07174218,1.88908252368
19141,207,45.6502055059,2.48933845927
19146,25,45.3149479371,1.75065002598
19147,4,45.0563342157,1.50252648148
19148,35,45.3714171238,2.25865560062
19151,5,45.0985911705,1.51852120349
19153,77,45.2632333605,1.41287237115
19154,1,45.3405611146,1.46183907103
19158,1,45.2212791943,1.85894195894
19162,21,45.3370896874,1.55340576295
19164,21,45.7101794638,2.03734286848
19173,3,45.1727059294,2.18984077677
19174,1,45.1986182258,1.96353579663
19176,5,45.3879504108,2.01084744458
19178,2,45.274045175,1.54972416906
19180,2,45.4941878032,2.23150721951
19181,1,45.4330402984,1.83259259547
19182,4,45.2363536459,1.38790567067
19187,3,45.2931005483,1.35936979218
19191,1,45.0919444107,1.41237097897
19192,4,45.1266782862,1.89882074872
19194,4,45.3308184051,1.68701999554
19202,15,45.2269634196,1.58885948296
19203,27,45.2069322003,1.76313688229
19207,6,45.2671975982,1.62099868397
19211,10,45.2103986023,1.64187495214
19213,1,45.3931451216,1.6489461128
19220,4,45.2721132058,1.88642214024
19222,7,45.1711303234,1.99473483674
19227,24,45.2895303019,1.67629634388
19229,32,45.1467893413,1.43249583574
19230,1,45.4428777879,1.45525591811
19233,4,45.6022320235,2.27197616263
19234,2,45.2998663219,1.58155594244
19236,2,45.3086188465,1.8936669424
19237,25,45.136566968,2.07738034635
19239,1,45.2536741713,1.29535319885
19241,3,45.696753232,2.1173595487
19242,4,45.3063549675,1.403519902
19243,12,45.3741557979,1.37135404677
19246,12,45.2102922064,1.46418044061
19247,3,45.4654766822,2.38592172613
19248,3,45.4491159844,1.51880664164
19255,55,45.3668078049,1.72303452473
19257,1,45.0983013338,1.73319338162
19258,29,45.1398764504,2.02231486142
19261,19,45.6694408619,2.18045644477
19262,5,45.5456519392,1.72687990718
19264,3,45.2617933713,2.20363976923
19269,42,45.5524776279,1.80105006647
19272,873,45.2731516999,1.76313875655
19273,4,45.0610532957,1.57106480469
19274,23,45.1901861032,1.51268724107
19275,422,45.5502290763,2.30449906488
19276,68,45.4238857521,1.56525480659
19278,37,45.1887606718,1.43403558868
19285,33,45.3786371667,1.51888196425
19289,3,45.2044238204,1.38366828391
21001,5,47.1250474303,4.98564114053
21002,1,47.2873713877,4.76268467218
21003,28,47.3713563421,5.02129727446
21004,6,47.6717538581,4.7507180753
21005,25,47.1728785893,5.16876522456
21006,3,47.7479865538,4.57814842131
21008,14,47.5355145985,4.48820121343
21016,1,47.3759150158,5.19629196424
21021,25,47.3382300377,5.20032142407
21023,43,47.1275592202,4.47951494721
21027,7,47.3872203652,5.04520527186
21028,5,47.2251419104,5.3617920944
21038,202,47.1886126051,5.41450389351
21043,7,47.6010296046,4.6514540386
21046,1,47.1461439865,4.3014564581
21048,1,47.2092455725,5.05951734595
21052,1,47.7261392413,4.73343312021
21054,913,47.0255189366,4.83767985985
21056,55,47.4180183198,5.21317142788
21059,11,47.3801760764,5.06389579154
21060,20,47.3575073832,5.27408508272
21071,3,47.4660482708,5.27867233051
21072,6,47.3838896873,5.3354189969
21076,2,47.3252506577,5.2690666865
21080,5,47.3693914963,4.73506402999
21086,4,46.9826471816,4.82973563081
21087,25,47.1150954708,4.68344440559
21088,1,47.1377542581,4.99799682538
21103,42,47.1384086462,5.21195206146
21105,3,47.3084523992,5.18436143116
21106,3,47.2358783125,5.10342361177
21110,10,47.2386657395,4.95610732845
21114,2,47.6568975951,4.27470162202
21120,1,47.2265782926,4.69946543531
21127,1,47.4767317204,5.06048874496
21132,1,47.227568941,4.90257555999
21137,1,47.5549844256,4.34798073365
21154,197,47.8582160336,4.59192199701
21162,1,47.1272831301,4.90718762417
21166,426,47.2926136721,5.00488353457
21169,1,47.1587967474,4.83357896263
21171,136,47.2999007268,5.13656967893
21189,2,47.0107613074,5.00919232333
21191,1,47.1692110216,5.08258953072
21194,4,47.0819087095,4.93531164133
21196,2,46.9274010331,4.75964773647
21200,12,47.2620834886,4.96092501578
21202,2,47.9155781312,4.73943669739
21209,11,47.3303548853,5.15014868393
21210,5,47.2528641586,4.59321134854
21213,1,47.2702959266,5.12442359823
21221,1,47.0424415882,4.6482234956
21223,23,47.3605540938,4.96901845433
21227,24,47.3938381056,4.9323709651
21231,9043,47.3229437965,5.03788805877
21238,1,47.2810233886,4.68018125598
21247,25,47.5033289277,4.17120505436
21251,10,47.2063506091,4.52226390582
21253,3,47.629388545,4.76665603938
21254,6,47.1826265714,4.87602500249
21255,2,47.4105824508,4.95035757108
21256,2,47.3235446456,5.32194001465
21259,3,47.6174941653,4.40346528629
21261,1,47.2625030215,5.15013738098
21263,16,47.2451587687,5.0541254561
21273,36,47.3003433625,4.86448475268
21277,26,47.5330200113,5.36407135172
21278,276,47.347590176,5.0247087947
21287,1,47.6097085896,4.43871548951
21290,3,47.4772510476,5.14006797437
21292,78,47.2407395134,5.2209768706
21294,3,47.1023774932,5.02325039471
21295,93,47.2200822946,4.98301612333
21297,7,47.1779786537,4.99751060917
21299,1,47.5177863232,4.58559367649
21300,6,47.2606866553,4.78299335665
21304,1,47.6736710294,5.02411190173
21315,8,47.3757754757,4.98131727526
21317,106,47.5263318229,5.10204412547
21319,2,47.1662982943,5.12029891779
21320,1,47.2813484064,5.19627066906
21332,7,46.9957329015,5.08792946182
21334,4,47.0750677068,4.55599388043
21336,15,47.8261016815,4.36829803111
21337,16,47.272628371,5.3700531105
21338,1,47.5203693141,4.83729025625
21339,2,47.3437761758,4.86573170898
21351,3,47.2617509825,5.295682026
21352,6,47.2217035106,5.25044095624
21353,6,47.1979962119,5.14631523953
21355,101,47.285832398,5.05278368483
21356,1,47.0776286494,5.2762318698
21361,1,47.4883380646,5.21763359421
21362,1,47.2256941351,4.57793028997
21369,1,47.3813252899,5.24751740638
21383,20,47.5125107909,5.12883412558
21387,3,47.0078863586,4.95818948974
21390,95,47.2790059419,4.98450898516
21391,11,47.4402798544,5.09615121255
21398,1,47.3312115435,5.41954426061
21404,1,47.559690561,4.45956971302
21405,1,46.9538298366,4.84790991199
21406,1,47.3122266518,4.74410039616
21407,3,47.1618456396,4.86963425286
21408,113,47.4189090037,5.00144598531
21409,5,47.1410996463,4.87828584204
21411,1,46.9815545496,4.94294705881
21412,22,46.9702784903,4.77216959331
21416,42,47.4024616873,5.32235906024
21423,6,46.9849200277,4.8539733561
21425,160,47.6576730148,4.35039569753
21432,4,47.9541936296,4.75595683457
21442,2,47.1999076803,4.96207733314
21446,4,47.5623920251,4.2256453588
21452,22,47.2764524522,5.10401476317
21458,7,47.1883989512,5.08502769038
21460,1,47.9386038243,4.46986601367
21461,28,46.958968613,4.61935844911
21462,1,47.4070463216,5.06948581601
21464,177,47.146518392,4.9385500417
21473,10,47.2613998117,5.0782109526
21481,19,47.25760727,5.02045780663
21485,21,47.3386201573,4.95005416615
21492,1,47.0136884402,4.79517699243
21496,19,47.3015930017,5.41228237116
21497,1,47.4690088064,4.35812492053
21500,1,47.5031151334,4.46065492588
21501,67,47.2627722067,4.55560519834
21502,5,47.0111994809,5.12146704894
21505,15,47.4014711109,4.3167537134
21508,1,47.3750238747,4.90589671665
21515,290,47.3195635398,5.11575310181
21518,1,47.6174690195,4.23973284667
21519,8,47.7803300768,4.86261547003
21520,1,47.29010269,4.72932529701
21522,2,47.4109093151,5.40765013154
21525,5,47.3820372605,4.17164198526
21531,7,47.4174670252,4.11150660638
21532,10,47.2386287717,5.13846471292
21534,1,47.0225171386,4.92262846681
21535,16,47.3676972071,5.08462624452
21540,117,47.336030345,5.09322584658
21541,1,46.9504940966,4.71144303201
21545,1,47.8608080678,4.52802612244
21554,115,47.1017053631,5.26653480307
21555,46,47.396053652,5.14161061569
21557,2,47.7000984346,4.59972785822
21558,4,46.9740829451,4.89156932927
21559,9,47.2887325943,4.80366866589
21572,3,47.1160354094,5.37724582306
21573,29,47.4414380051,4.7823076914
21576,2,47.3777085565,4.46624986198
21579,15,47.6048838106,4.9005997334
21582,21,46.9174107559,4.6933727007
21584,74,47.2840306915,4.23192469784
21585,18,47.2106852941,5.09385756752
21586,4,47.2262535872,5.05001697299
21587,1,47.5504780732,5.02209606556
21590,22,47.0806321437,4.80342918013
21591,2,47.434029559,5.04178102646
21594,1,47.7365116714,4.39978655066
21599,47,47.5949698633,5.19951068819
21600,1,47.2681629756,4.62645384177
21603,463,47.4909559267,4.34106366761
21605,27,47.2920875173,5.10418551217
21606,20,47.0628547875,4.91151199048
21607,65,47.0074486166,5.15220213947
21611,31,47.3105432951,4.70317881741
21617,435,47.3388300285,4.99779516001
21623,2,47.1958586219,5.20512336576
21625,1,47.2001341536,4.83291859588
21632,22,47.2150904574,5.13836316838
21638,11,47.5191360715,5.17912297276
21639,1,47.1889382841,5.3514431505
21643,2,47.192371052,5.28848866288
21651,1,47.4271421558,4.90886346086
21657,15,47.3554476666,5.1255645784
21661,21,47.3186399344,4.90983945871
21663,40,47.5377240472,4.43966492373
21666,1,47.491246958,4.96330752528
21670,3,47.4384612168,4.67446130828
21680,1,47.2683512325,5.45243261786
21683,1,47.0576684335,4.45616718775
21684,14,47.025772583,4.88700502505
21685,4,47.6870774985,4.51967425037
21699,5,47.2102286765,5.34734391445
21710,87,47.3974282764,4.54312292794
21714,1,47.1598072854,4.95546198904
21716,2,47.174271631,4.95989664941
22002,1,48.4944929623,-2.55104146851
22003,1,48.4513138492,-2.12726351859
22004,276,48.6345594689,-3.29153247621
22005,20,48.5310285208,-3.38188859591
22008,3,48.4144897659,-2.09704568121
22011,4,48.4679009136,-2.98514567915
22012,3,48.583703743,-2.44206037787
22013,30,48.465978498,-3.19983137965
22014,7,48.4671372478,-2.26507368746
22015,14,48.393898689,-2.58915945139
22016,2,48.851165388,-3.00126760584
22020,99,48.3108134882,-2.24133807266
22025,50,48.4223048141,-3.41625904984
22026,2,48.4051166885,-2.02621322021
22029,1,48.3372803987,-3.09549135055
22030,2,48.7062365317,-3.36791409215
22031,3,48.3597303691,-3.53248136925
22032,41,48.302140665,-2.16070598296
22034,22,48.6827644007,-3.35255264768
22039,10,48.1346308811,-2.66260913976
22044,6,48.4866224829,-2.59223420538
22046,43,48.2937312654,-2.52246803693
22047,23,48.3097462956,-3.0377460051
22048,13,48.4828884637,-2.16620752689
22049,30,48.5403697104,-2.19064428046
22050,994,48.4557709953,-2.04816149693
22053,4,48.2743206835,-2.34355511126
22054,50,48.6194186311,-2.45858442922
22055,65,48.6255350477,-2.8413899481
22056,42,48.3848559678,-1.97961537709
22057,4,48.6788862743,-3.07342665968
22061,10,48.2058975829,-3.38820300244
22063,1,48.63755375,-3.04800718456
22064,28,48.2358108068,-3.1953780576
22065,6,48.6033329233,-3.02259063099
22067,16,48.5450744926,-3.18200897738
22070,234,48.5612759498,-3.15330223539
22073,1,48.3463965,-2.96935303524
22075,2,48.1571543373,-2.84985311411
22076,11,48.557629556,-2.38155761099
22079,8,48.3866424703,-2.68322883028
22081,65,48.5029884697,-2.64614749418
22082,3,48.3975920314,-2.08327333205
22084,36,48.4166591067,-2.32522349689
22087,1,48.29472326,-3.32538204171
22090,8,48.7735327314,-3.37254108422
22091,2,48.614435841,-3.20327360757
22093,424,48.4684404751,-2.49534815954
22094,12,48.6012844665,-2.14729508559
22098,4,48.4222879155,-2.54229267406
22101,7,48.7347929151,-3.29767130606
22103,6,48.5530223296,-2.01383816063
22104,7,48.3929940858,-2.20566739672
22105,1,48.5115119338,-2.13296467458
22106,115,48.5000522834,-2.70972282168
22107,10,48.2402807469,-3.13725653018
22113,876,48.7433496707,-3.46159799691
22116,5,48.4997744033,-3.04323930161
22117,5,48.6040161525,-2.89860242151
22118,94,48.451759809,-2.01053362747
22119,1,48.6072769742,-3.52795086821
22121,49,48.6334353937,-2.98974658224
22124,1,48.1688076407,-3.20708353658
22127,18,48.8036302757,-3.1089212671
22131,8,48.5106432062,-3.49141017809
22134,42,48.784228067,-3.41180213141
22135,24,48.5612002546,-3.34101341684
22136,189,48.1740293909,-2.75097544378
22137,37,48.2882583933,-3.41055453588
22143,37,48.6017682782,-2.29021789488
22144,3,48.5044768613,-2.84729418508
22146,1,48.1687655698,-3.28980026504
22147,54,48.1936252026,-2.39598361343
22150,3,48.5816215935,-3.07507907802
22152,26,48.7680136612,-3.25834095336
22153,47,48.3581980369,-2.63225581837
22155,10,48.2311050733,-2.70470655082
22156,1,48.5285458399,-3.23462058455
22157,1,48.2739501884,-3.49152606471
22158,26,48.1957524474,-2.9837108711
22161,385,48.58310885,-3.14288475584
22162,368,48.7733386239,-3.05459397042
22163,1,48.2274085967,-3.46128178015
22164,5,48.5880169887,-3.27690620211
22166,34,48.816014407,-3.30224745841
22168,116,48.8094393417,-3.46769227891
22170,1,48.4435359708,-2.85882396738
22171,58,48.4105972441,-2.81039949193
22172,118,48.5148616647,-2.21936660339
22175,9,48.46875643,-2.37175488421
22176,40,48.4430297904,-2.745361546
22177,4,48.634729938,-2.948078639
22178,5,48.6949303191,-3.00638352485
22179,14,48.6348223959,-2.36202603588
22180,17,48.427284639,-2.22409129331
22182,17,48.5539490397,-2.92735554544
22183,36,48.1860837585,-2.5859903316
22185,34,48.3556203022,-2.41594505184
22186,68,48.5840054611,-2.53016887694
22187,797,48.5441732134,-2.77004635921
22189,1,48.4414674679,-3.12592291873
22190,35,48.5279257425,-2.07094753611
22193,5,48.4145560996,-2.44084892144
22194,66,48.6476598998,-3.6197891944
22195,19,48.8434804253,-3.13340767618
22196,2,48.7611404918,-3.15433424139
22197,37,48.5092937336,-1.94145904907
22198,24,48.7852851364,-3.51721058191
22199,30,48.8001346688,-3.15198645075
22201,2,48.6575564031,-2.32020473916
22202,2,48.2237458886,-3.51633070374
22203,38,48.3440952237,-2.76649702896
22204,12,48.7171371071,-3.18015723949
22205,1,48.4632496274,-2.30133142884
22206,70,48.5303656854,-2.98952865818
22207,28,48.6193915255,-3.48297540773
22208,16,48.3117473235,-2.00863040053
22209,70,48.5596688192,-2.12838362694
22210,13,48.80535932,-3.04524739912
22211,21,48.685519576,-3.44839512307
22212,1,48.6722943477,-3.18747531315
22213,45,48.5248482927,-2.00660319758
22214,20,48.7387813748,-2.9791439557
22215,151,48.4877482968,-2.80851630928
22216,1,48.4852045977,-3.37517285292
22218,7,48.8389480714,-3.24154914571
22219,18,48.2772549866,-2.71012681366
22220,264,48.2340717388,-3.24711732443
22221,3,48.8047926753,-3.2454956347
22222,78,48.6822316529,-2.93147403458
22223,13,48.5834889346,-3.19153287341
22224,7,48.7189901633,-3.50164887821
22225,55,48.5304587178,-3.109565675
22226,21,48.6842832137,-3.51392982207
22227,1,48.5667945613,-3.54835047587
22228,4,48.5514852561,-3.44431318727
22229,3,48.2853424694,-3.24078209284
22232,14,48.6312552228,-2.88203367765
22233,7,48.7416286084,-3.09320460347
22234,2,48.4973028138,-2.92552470033
22237,12,48.5232615716,-2.28079325793
22238,3,48.6108539647,-3.57279775883
22239,10,48.3560244309,-2.11489038909
22240,1,48.2450296898,-2.23091188525
22241,5,48.1061077392,-2.59155562582
22242,13,48.6095445151,-2.39978553879
22245,3,48.6363773229,-3.3712110927
22246,8,48.4585503252,-2.62222031469
22248,28,48.6180167491,-3.10285419509
22249,2,48.4740063925,-3.2849339382
22250,25,48.6998384627,-3.1590834016
22251,73,48.5702275208,-2.82517190036
22254,2,48.6822524197,-3.29802324655
22258,18,48.4272969207,-2.65707016677
22259,69,48.463126899,-2.08562877928
22260,14,48.2401978664,-2.89821390268
22262,87,48.4030218249,-2.91221040842
22264,34,48.7456370261,-3.25762802773
22265,9,48.7363664722,-3.38603599093
22266,56,48.2215427736,-3.31179704668
22268,1,48.5614490125,-2.33540451705
22269,2,48.6867514768,-3.22734590799
22272,55,48.5628506514,-3.10081732497
22273,28,48.5551884911,-2.50893906207
22275,1,48.1383637671,-2.70188479455
22277,22,48.3903359027,-2.86345055821
22278,2632,48.5149806053,-2.76154552773
22279,9,48.1922379278,-2.86751466131
22280,2,48.4195714776,-2.05460996507
22281,3,48.4036055637,-2.7500378807
22282,57,48.6037155601,-2.24912296088
22283,5,48.6699370955,-3.13667326185
22284,2,48.412323087,-3.07608940512
22286,1,48.5186895679,-2.38405563335
22287,3,48.4657753573,-2.8865935093
22295,5,48.2503674727,-2.96951412596
22296,2,48.3522657851,-2.52156644539
22299,2,48.4661154661,-1.95919641216
22300,1,48.2737787659,-2.81191749639
22302,8,48.5879964752,-2.1932468359
22304,9,48.5525813879,-3.03402824762
22306,1,48.3625267167,-1.95432639485
22307,17,48.4480990562,-2.81685604656
22319,4,48.6744448926,-3.5570602946
22321,20,48.3228229089,-3.16405050641
22323,3,48.5574203635,-2.29323126178
22324,42,48.7821597009,-3.44898067096
22325,52,48.6542475006,-2.84382337656
22327,11,48.4914561731,-2.01805917808
22331,1,48.2666933558,-3.16936458058
22337,3,48.3321356963,-2.3200523158
22338,1,48.6379229078,-3.16710907614
22339,54,48.4879367095,-2.05402856575
22340,3,48.6751108479,-3.40013620109
22341,2,48.3998800442,-2.38881241338
22343,28,48.7707775944,-3.55769238632
22344,5,48.3102383072,-3.48210939966
22345,5,48.3456919515,-2.55853331378
22346,3,48.346590108,-2.6057121928
22347,4,48.7908718928,-3.20159345047
22348,3,48.3653903588,-2.22290375179
22349,7,48.7075368111,-3.56441252563
22353,37,48.817321796,-3.50640333126
22354,1,48.5568884006,-3.25462345127
22360,122,48.480075769,-2.74506421541
22362,192,48.7850465816,-3.23178776538
22363,13,48.801785558,-3.36967789456
22364,19,48.4303990334,-2.10633550903
22365,4,48.3299865723,-3.26674956087
22369,1,48.351008857,-2.26842512279
22371,1,48.1914259889,-2.30214292641
22372,35,48.5248190208,-2.84790774522
22375,1,48.6103866448,-2.97487593888
22376,2,48.2160142902,-2.80698312231
22377,6,48.6598480306,-2.87375934756
22379,66,48.8121355763,-3.34499178706
22380,1,48.389428188,-2.06825084533
22384,20,48.2806260052,-2.84761696775
22385,5,48.4879334459,-1.98287622329
22386,1,48.3910051078,-3.00385012187
22387,23,48.6138736839,-3.43816740638
22388,17,48.4365421209,-2.1517921556
22389,99,48.4685015878,-2.68098120309
22391,2,48.3488527307,-2.17094067762
23001,18,46.0861690765,2.02430101436
23002,84,46.2109887646,1.9959623106
23004,3,46.2540912663,1.84997964766
23005,2,46.0604129524,2.43471824628
23008,177,45.9509017497,2.16588054786
23013,23,46.0263051505,2.50665292923
23015,20,46.3524585788,1.47492272648
23020,85,45.9815413082,2.29291200261
23021,19,46.1177051494,1.62940216696
23022,2,46.3616170895,2.06970642299
23024,1,45.9634823691,2.11186170514
23025,29,46.3230193342,1.91345063136
23026,1,46.2516533293,2.28716245928
23030,87,45.9488316106,1.74900640908
23031,42,46.3477988383,2.2230835624
23032,2,46.3680932326,2.21561135415
23035,14,46.2207179959,2.47512106932
23036,15,46.2557563737,1.76028995506
23038,1,46.4017907068,2.1551143589
23039,10,46.311979886,1.78178481462
23041,3,46.4013328197,2.00952314466
23045,27,46.1927327161,2.41857573125
23052,3,46.1137729071,1.8336197788
23056,3,46.0069474646,1.62547774124
23057,6,46.2969350634,2.03300541639
23061,15,46.1127495212,2.17151822277
23064,12,46.2993581624,2.11966414545
23065,1,46.288107572,1.61692069958
23067,15,45.7301505844,2.24382828385
23069,12,45.8502209227,2.36477428271
23075,32,46.3032821577,1.66218300041
23076,80,46.168925905,2.49933110004
23077,7,45.7429564648,1.93500942222
23079,45,45.889520976,2.18271124708
23089,13,46.3446574595,1.9934844532
23090,7,45.7846764541,2.00852107248
23093,41,46.1872230665,2.23078389232
23095,15,46.1597264029,1.65508431934
23096,757,46.1632121428,1.87078672735
23099,2,46.0480658385,1.77462877291
23100,14,46.1901556115,2.0803969544
23101,1,46.2681750557,1.93780051823
23105,10,46.0743634605,2.09358271092
23111,1,46.2087390078,1.57238796935
23116,12,46.0476583582,2.38634930311
23117,1,46.3472689397,1.67021270506
23124,19,46.100183678,1.58421912003
23130,1,46.4230950685,1.77996331744
23131,8,45.9084057409,2.49421673584
23132,3,46.1184508913,1.73277255271
23134,1,45.9095469012,1.94488903825
23136,4,46.3956198653,1.90748729651
23137,5,46.079416865,1.63796262107
23139,1,46.3835305321,1.95043016159
23140,7,45.9183117798,2.19838575108
23143,64,46.2422286438,1.58264517372
23146,1,46.3891832834,2.11086671444
23151,3,46.0802725066,2.25227584192
23154,7,46.1700387523,2.02653941278
23155,4,45.9957082481,1.84611482202
23165,16,45.8375355848,1.90167387635
23167,2,46.1229856338,2.41539962939
23168,8,46.0459895877,1.85886765501
23169,4,46.1285230367,1.94133792755
23176,165,46.2366579943,1.47591088913
23177,2,46.2809892727,1.50573009278
23189,9,46.0272675127,1.70488354974
23192,19,46.1269796893,1.53252260223
23193,138,46.1570987846,1.91328237303
23195,2,46.2132149531,1.89527202748
23197,5,45.9974282432,1.96275929639
23199,3,46.3160359158,1.55742406465
23202,1,45.993749867,1.89775218863
23208,4,46.1507777907,1.8151398543
23213,1,46.4127359723,2.21573799955
23227,1,45.9054465384,1.82901180429
23228,1,45.9364998667,2.22787618622
23239,4,46.3933331691,1.53031685925
23245,20,46.2020232419,1.82822095758
23246,3,45.9883129474,2.02002682411
23247,222,46.1999085805,1.74904977519
23257,9,45.9068796825,2.03866677382
23261,17,46.2630214571,2.44518015435
23263,1,46.3295092994,1.69939460292
24001,1,45.5817657415,0.759998823063
24002,32,45.281599202,0.745318376451
24008,1,45.4299135686,1.15056975659
24010,79,45.1826946936,0.595337077035
24011,71,45.2300537681,0.831654901001
24018,1,45.1125569337,1.12728719792
24019,1,45.1597230552,1.10636160477
24020,18,45.1339229192,1.16376326914
24021,2,45.2288608199,1.20372454119
24022,2,44.8391204649,0.800580246575
24023,1,44.8529470727,0.69340604246
24026,25,45.1789592433,0.820956969026
24028,36,44.773801258,0.75409629331
24031,1,44.9936188028,0.632602848395
24034,3,44.9869120353,0.491344255346
24035,51,44.7462034463,0.980486487157
24037,955,44.8543751872,0.486529423457
24040,3,44.8572702356,1.13222078955
24042,4,45.2868677633,0.638949936557
24053,118,45.1737726952,0.769368950586
24054,10,44.7568266794,0.5279714145
24055,22,45.3187110964,0.581100424712
24062,1,45.3484141889,0.289312148374
24064,82,45.360114867,0.65590360604
24067,60,44.9264427991,0.924662888033
24068,31,44.8209697046,0.890058168742
24071,2,45.6446204602,0.601830504987
24077,1,44.9423167258,0.567665908192
24080,8,44.6788316075,0.945174141112
24081,9,44.8869300675,1.35986365521
24082,23,44.8504427417,1.27427497558
24083,2,44.9404735859,0.0946785961046
24085,1,45.0565548056,1.30647398924
24086,2,44.8017266303,1.13058711758
24087,8,44.8705381917,1.08038180095
24091,16,44.7868370138,1.20346249044
24096,18,45.400469208,0.69507098451
24098,44,45.2212466708,0.725037549995
24101,1,45.5404045752,0.771560707867
24102,61,45.2100121087,0.655273444534
24104,1,45.1674514266,0.438130563991
24107,1,45.3743763047,0.761777486719
24108,1,45.2301791258,0.619050495497
24110,2,45.394949122,0.457653171852
24115,14,45.2584930468,0.686400919033
24117,6,45.0871076181,1.37000176576
24120,3,45.2878322795,1.11115123114
24130,5,45.1064273912,1.22906271409
24133,35,45.5444015671,0.965624918469
24134,5,45.3733273094,0.944659017976
24137,3,45.3003467761,0.973890352625
24138,73,45.1650799772,0.687592493639
24139,10,45.1270017517,0.642895051046
24140,3,44.8364921675,0.557691807136
24142,1,44.8481194805,0.967817151938
24143,5,44.8255934988,0.722166655982
24145,49,44.8643965465,0.548982733811
24147,9,45.2253686677,0.939009779749
24150,6,44.7481705464,1.18720141568
24152,27,44.8035117633,1.24433028521
24156,4,45.0680583989,0.86230765342
24157,1,45.0903485072,0.407727332302
24159,1,45.1290868682,0.223067920753
24160,7,45.0887254033,0.732677000493
24164,63,45.3293054433,1.06217894627
24167,50,44.6734878738,0.394630652209
24171,1,45.3874309913,0.902512907037
24172,12,44.9350703851,1.04035256381
24177,7,44.7855307145,0.646344267604
24179,1,45.1156060328,1.39759185904
24182,22,44.880919054,0.262559942743
24186,2,44.7047696483,0.40989488566
24188,6,45.1187435642,0.988118643995
24194,19,44.831194856,0.330972182621
24196,5,45.3306277228,1.16364841419
24197,2,44.904098467,0.437644888806
24199,8,45.4163367159,0.40556165007
24205,3,45.0847043136,0.539775704647
24207,9,44.809654235,1.29264376506
24208,1,45.0461305125,0.642046080067
24210,34,45.2589200751,1.1354185818
24211,4,45.0150209065,0.451710444544
24212,20,44.7277197609,0.605495408497
24214,8,45.5610374028,0.55048383986
24217,1,44.9659647609,0.885753776591
24218,14,45.5051973113,1.08066464254
24220,1,45.0488336059,0.831249852194
24221,1,45.490529686,0.533061381093
24222,134,44.8787624535,0.359531311117
24223,67,44.8557735546,0.74158538401
24224,1,44.901484714,0.588394489219
24225,16,44.8334514819,0.387772567159
24226,14,44.8527560372,0.0166870245724
24227,23,45.3777105918,1.13200271217
24229,24,45.1363136207,1.23246240823
24237,10,44.8921699535,0.521484527262
24243,11,45.2711447548,0.557283730215
24244,21,44.7104272337,0.846288269978
24246,2,44.9246503547,0.399062068302
24251,5,45.08449412,0.590479755164
24252,1,44.9556998288,1.19988431809
24253,28,45.4407517575,0.447904772653
24255,4,44.9410957148,1.12837683704
24256,42,45.1820442564,0.651480923403
24259,6,44.9268775631,0.482243594531
24260,2,44.8823545617,0.780345381452
24263,2,44.6732432158,1.00752492118
24264,2,45.0036275997,0.10542960424
24266,3,45.221163286,0.55882117248
24267,1,44.7414241256,0.425737207718
24269,7,45.5689474684,0.897873313459
24272,1,44.9616610497,0.0299559568134
24274,6,44.7946831977,0.480958013552
24276,2,44.7765593236,0.315283463531
24280,13,44.6807686841,0.894082333283
24285,4,44.978515633,0.542942043095
24286,9,45.2718810746,0.486166925043
24289,10,44.8618483354,0.0660005005906
24291,60,45.0627368774,1.15422675286
24294,361,45.0196715762,0.155545015448
24295,2,45.1310326965,0.58097170515
24296,13,44.8599634791,0.617224513886
24297,6,45.0000110213,0.0583950714149
24299,87,45.0296732356,0.364777087199
24302,2,45.2237342898,1.15487998204
24308,5,45.3402218527,0.878687082758
24309,62,45.0893401063,0.466172128928
24311,123,45.5303295535,0.683993810564
24312,126,45.1273768173,0.712740186269
24320,14,45.4219045977,1.22669113048
24321,1,45.1245283179,1.37517151889
24322,2275,45.1918704873,0.711825549847
24325,2,44.8912941721,1.4075345057
24328,20,45.6318996846,0.699945364852
24329,17,45.0367853074,0.0721083731877
24330,9,45.0437255305,1.03815328208
24335,25,44.8622535573,0.208854675888
24336,4,44.8917275129,1.30870869193
24339,2,45.3419567033,1.10725833882
24340,52,44.8690011937,0.409883661138
24341,2,44.9314130626,1.24431944303
24350,18,45.1605883444,0.615843501221
24351,9,44.7574541307,0.485586188502
24352,198,45.2457883325,0.334782848632
24353,1,45.4660887787,0.382652455353
24354,29,45.1355934306,0.0550563261049
24356,15,45.0511195053,0.96628484329
24362,17,44.9471700299,0.810464512122
24366,3,44.8912301574,1.1476803246
24367,2,45.1409249857,0.325384566649
24370,17,44.8413756885,0.144778277474
24372,146,45.1484357281,0.519678090961
24374,3,44.7969706456,0.602118050756
24376,33,45.1823303924,0.136303399419
24381,1,45.6415499133,0.747042269307
24386,1,44.6540649921,1.04585610677
24395,5,44.7804732346,1.1587393695
24396,39,44.8825740011,1.02538984639
24398,1,45.609832852,0.657993310994
24401,1,45.2493030255,1.02147550691
24405,2,44.9319312699,0.677290095994
24406,3,44.731269814,1.03294229921
24409,6,45.0595554075,0.360152317983
24410,1,45.4652036046,0.719685871549
24412,6,44.9950404568,1.24436332323
24414,5,44.9331773121,0.610874864188
24418,1,45.127972537,0.437779642589
24419,1,44.8286582128,0.591211611663
24425,4,45.4135771577,0.83539033285
24428,3,45.4894020576,0.897020061184
24432,9,44.8619888633,1.38181461735
24436,5,45.0440019083,0.253242646867
24437,1,44.823708986,0.445904004567
24438,1,44.7515526653,1.11564221671
24442,20,45.1169557791,0.49957697448
24443,6,45.0180206005,1.08035107771
24448,2,45.3214362718,1.03713768464
24449,4,45.0016039267,0.217039600164
24450,1,44.7473185081,1.24789673551
24454,7,44.9613529177,0.116208017065
24456,1,44.9646004591,0.620912139417
24461,9,44.9112714239,0.177925010262
24462,48,45.0220026441,0.331868096414
24463,2,45.3470023438,1.0861340351
24466,2,44.8790451767,0.0249387583377
24472,5,44.8061899952,0.550308411387
24479,34,45.5030521403,0.748077099274
24481,1,45.4833291569,0.989443506607
24484,19,45.110891602,0.863217911356
24486,4,45.5841655969,1.00632128921
24487,6,44.8735238216,0.322188451159
24488,1,44.7148110231,1.13582118282
24489,1,45.5411692729,1.02433031105
24490,5,45.2186240618,0.192239513618
24492,1,44.6845072022,0.677670644919
24493,5,45.3040514722,1.07314023244
24494,3,44.9555652213,0.179456869496
24498,4,45.5365082688,0.839648874583
24499,2,44.8734911381,0.583950004245
24509,5,45.1654628762,0.392273102143
24512,1,44.8833667708,1.27542467394
24515,31,45.3155697873,1.21187713732
24516,33,44.9451208201,1.35948434383
24520,432,44.8983558068,1.2066486429
24521,5,45.2398639331,0.866391236032
24523,1,44.8026310555,0.320357088763
24527,9,45.2753181041,0.911755704648
24534,31,44.757893297,0.39899735625
24538,17,44.8168407105,0.979352621358
24540,12,45.2917072354,0.84997318452
24543,1,45.0492143458,0.415407786838
24547,126,45.1181463598,1.29916463367
24550,24,45.1324103618,1.06369846915
24551,88,45.4286304056,0.912184321254
24553,26,45.2373278199,0.496959112951
24554,23,45.3671927431,0.426955885949
24555,2,45.2725889625,1.05559610435
24557,133,45.2097381668,0.778416322658
24559,1,44.9720327079,1.04234396021
24563,1,45.0168357588,1.14780270034
24564,1,45.2121494971,0.28978883887
24568,19,44.8569027334,0.112194568411
24571,47,45.0414204199,0.710309790886
24573,10,45.3499977855,0.376056089953
24576,2,44.9902399091,0.77321349644
24581,22,45.0273572281,0.557956026355
24582,4,45.4222375236,0.766527343161
24584,8,44.9555044342,0.0588917910628
24585,19,44.6334322041,1.10745055962
24586,2,45.2729009279,0.359083456128
24587,19,44.8394527349,1.22440725926
25004,1,47.427439192,6.92162186226
25013,3,47.5223475188,6.75133390116
25014,3,47.3053386559,6.14827312973
25015,28,47.0311972081,6.07639327081
25018,8,47.3758227575,6.57605269789
25020,10,47.4885179108,6.80807595575
25021,27,47.0351046371,5.76978366413
25022,25,47.5194914432,6.65186946515
25025,2,47.052125982,6.3997146018
25029,1,47.0367261474,6.34292904726
25030,4,47.2584882134,5.8691323825
25031,211,47.4811676376,6.85493983157
25032,2,47.380865842,6.38532434702
25033,1,47.3889980473,6.8102011305
25035,19,47.3044311346,5.9681629274
25036,64,47.2013939319,5.9554996988
25039,14,47.1384879691,6.43337259012
25040,4,47.5014450746,6.93860867226
25043,21,47.4914667979,6.76751047027
25046,1,47.2421347156,6.71515082386
25047,180,47.3544401776,6.34345370275
25048,13,47.4835085219,6.72519340865
25051,9,47.2636257295,6.65161515081
25055,1,47.2012632054,5.78031837648
25056,6383,47.2553872249,6.01948696494
25057,36,47.5411126642,6.8003750959
25058,31,47.2060766708,6.00526129105
25060,3,46.9636846209,6.27269283538
25063,35,47.3898085939,6.85552174846
25070,1,47.0062281273,6.11491332446
25074,15,47.1802952744,6.73897461794
25078,17,47.2413584714,6.23301360703
25084,10,47.1514507148,5.90144299782
25090,1,47.0577166935,5.86441681721
25094,1,47.309289583,6.30363374981
25096,6,46.7468077071,6.24254842118
25097,23,47.5276797579,6.86515531674
25098,1,47.0326137172,5.8283117131
25101,1,47.2616950181,5.7819919512
25105,3,47.1129773426,5.84743903869
25111,2,47.261122307,6.09541799233
25112,14,47.2566492293,6.0658783817
25121,1,46.606672007,6.10775555362
25127,30,47.2015092122,6.84277738183
25133,35,47.3060186922,6.00103214604
25147,20,47.2179705804,5.89261031415
25155,1,47.0815649921,6.07062488637
25156,20,47.3991705551,6.50259246766
25157,22,46.8683471293,6.39291993544
25159,13,47.4473299299,6.69006728254
25170,10,47.4947051288,6.78554896767
25184,2,47.4833066926,6.38838690365
25186,12,47.3277456972,5.94001490559
25190,11,47.5074760402,6.91564600074
25193,8,47.2378466799,6.8737017298
25194,1,47.3889972456,6.9000175163
25195,15,47.2062426754,5.86495393288
25196,8,47.4824687942,6.89668230526
25198,17,47.5387786208,6.67184461827
25200,33,47.3240979046,6.01735548201
25201,1,46.9289461841,6.30964767556
25204,106,46.9311755655,6.35996491031
25209,1,47.0470107099,5.94984491488
25212,123,47.2744126676,5.98881788092
25213,1,47.2036110847,6.79732970212
25214,1,47.4230386547,6.73233189748
25216,1,47.4031119157,6.8050274649
25217,11,47.3039067497,5.86864846171
25219,1,47.1339254136,6.38483756366
25220,15,47.1273381655,6.01995883629
25222,21,47.1617288935,6.26148839275
25228,27,47.5062197763,6.87353312717
25230,23,47.5014159474,6.83497235294
25236,1,47.0554375235,6.06471764594
25237,12,47.5196727271,6.90103094864
25240,28,47.0783776419,6.62882589619
25243,9,47.1212999202,6.47198800405
25245,9,47.1923642064,6.03885344956
25254,3,46.8402465243,6.41622226679
25255,2,47.1662085748,6.82524139303
25258,39,47.2253616069,5.92497161799
25259,34,46.852012619,6.14605787966
25262,1,47.1275313249,6.59080450829
25263,1,46.7269667022,6.23705241764
25265,8,47.3201113238,5.97104762863
25270,1,46.9637143049,6.04884299454
25271,25,47.0543794362,6.48814154004
25278,1,47.2264643937,6.29743977089
25282,7,46.9810184806,6.29488743137
25284,60,47.5338572805,6.82318700398
25285,9,47.0158422087,6.55961041125
25287,11,47.1989052804,5.90032789854
25293,9,46.8783998916,6.32016359916
25304,66,47.4359019021,6.8851676894
25305,1,47.1800594325,6.21184360344
25307,11,46.7853001951,6.39130917442
25309,16,46.9119596503,6.30024980473
25315,51,47.4239335933,6.58904515422
25318,16,46.7640858972,6.40386569268
25320,23,46.7792090782,6.276761432
25321,22,47.0702797882,6.68940922893
25323,1,47.3011905975,6.22843372024
25333,1,47.2548002468,6.55940694682
25334,30,46.9571786318,6.11754093497
25339,1,47.0494709187,6.25575647951
25345,3,47.4597602248,6.64960735527
25348,1,46.7450112683,6.3307842634
25349,1,47.1596505995,6.4966589281
25350,1,47.471685071,6.68351356482
25356,80,47.2397795382,6.79879675226
25357,1,46.9795599744,6.41425984955
25361,2,46.7987711533,6.31210934151
25364,42,47.198418447,6.16243839446
25367,44,47.4326690481,6.810330244
25368,13,47.3224782465,6.12169829591
25370,15,47.4423652641,6.77022580965
25371,1,47.2443847246,5.86507797537
25377,1,47.4298209681,6.37991516024
25378,1,47.4180608315,6.89298727209
25379,1,47.0580777963,5.85050213365
25380,16,46.7648830862,6.35324497812
25381,33,47.2878400774,5.97360872254
25385,1,47.4668786084,6.30394133413
25388,994,47.5155169816,6.79148147353
25389,1,47.1811166643,6.67085756871
25390,2,46.9835127856,6.46539409357
25394,11,47.4932375673,6.65827943249
25395,11,47.2418571296,6.08660837587
25397,38,47.1864306678,5.91877377873
25398,1,46.9945339119,6.4355909855
25403,2,47.023060564,6.62116670386
25405,5,46.8204797871,6.34452081973
25406,2,47.1455882714,6.04310785947
25410,6,47.2196069824,6.07140212978
25411,205,47.063408704,6.58305657113
25413,50,46.6820888251,6.20564143464
25416,1,47.0100095777,5.94019899271
25418,4,47.2500159074,6.17754148907
25424,12,47.0885558465,6.3501261359
25426,1,47.3468412202,6.76426619817
25427,2,47.2734382771,5.87070017811
25428,11,47.5395755772,6.84698766674
25429,347,47.2881176746,6.12951986203
25432,27,47.1113422758,6.51419326091
25434,109,47.0978221604,6.15005274633
25437,1,47.2716954435,6.21232234224
25442,7,46.8519222715,6.33846967053
25444,1,47.3657225036,6.09170359133
25448,10,47.2782210495,5.92416021087
25453,15,47.2194158941,6.5503792835
25454,39,47.2606621308,5.96639565137
25455,1,47.2582388477,5.84946760643
25456,1,47.1947537606,6.64914884876
25460,7,47.0662924884,5.91153073564
25462,914,46.9119730882,6.38914602031
25463,80,47.3852773517,6.7626810066
25467,25,47.2602504664,5.93645991139
25468,1,47.3352091384,6.20063332873
25469,3,47.5012810913,6.72665419806
25473,12,47.1714944079,5.99435390384
25475,120,47.1025398446,5.88098542141
25482,14,47.2745847308,5.83450368861
25490,18,47.3885471699,6.18175113626
25495,38,47.2817555255,6.10801938836
25497,1,47.4106474482,6.85440566573
25502,1,47.1536312565,5.83267592874
25505,42,47.4795835178,6.34800687837
25508,18,47.3176462512,6.23539545398
25512,32,47.1549185878,6.73440290446
25513,1,46.9506104043,5.98454603407
25514,2,46.7821317328,6.33373558381
25519,15,47.3121318128,6.81240649339
25523,1,47.5016165362,6.69552545899
25526,10,47.5077397674,6.76777970529
25527,104,47.1854090254,5.82031300598
25529,40,47.2902129246,6.5630744882
25532,67,47.214147166,6.1131738065
25539,83,47.4569305468,6.86452195563
25542,20,47.2393718046,5.9349388655
25547,36,47.5147289222,6.82988348099
25549,1,46.9502322879,6.24102046225
25555,67,47.4947013752,6.85393764134
25558,11,47.1661327751,6.10532851218
25560,32,47.2862704749,6.08224495009
25569,1,47.1693297526,6.16989385238
25571,1,47.2838183983,6.87447144463
25575,3,47.2751664682,6.15290244914
25578,132,47.1633469819,6.33226254465
25580,88,47.4647367767,6.82570788244
25586,1,47.458634296,6.90721789075
25588,4,47.2483159585,6.69118061201
25590,2,47.2837223022,6.42788857639
25601,12,47.1891393068,6.38184480034
25605,2,47.1102498067,6.29541475035
25608,1,47.5668061551,6.67140627153
25609,2,46.886228497,6.44711021726
25614,15,47.5237437505,6.84347198387
25620,1,46.9996929987,6.49767988013
25621,10,46.9391063375,6.04167200953
25626,1,47.3422489797,6.40450092241
25628,1,47.1453733993,6.08965365162
25632,43,47.4733631824,6.78304416053
25633,9,47.063463484,6.22114618291
26001,5,44.7024063065,5.38335100127
26002,7,45.2388897722,4.86235251807
26004,24,44.9822063371,5.01703375369
26005,16,44.4942339425,4.79847467163
26006,25,44.7665515552,4.91520351074
26008,2,44.5798033579,4.72035521485
26010,55,45.2718637753,4.89169921081
26011,71,44.706679476,5.05730534436
26014,1,45.1410571357,5.06059762904
26016,1,44.3893044332,5.1543771035
26023,3,44.9407100008,5.1621339854
26025,1,44.6573608737,5.3674248212
26031,12,44.557639861,4.86691277503
26033,9,44.3277094008,4.86882973562
26034,18,45.0617922342,5.22017217257
26035,5,44.7778627524,5.14914685983
26037,44,44.8734831183,4.9471828168
26038,12,45.0333702322,4.92164362037
26039,5,45.0062739995,5.17662985645
26040,1,44.5601180012,5.55366934247
26041,4,45.2124337402,4.84068109312
26042,19,44.8560524455,4.90520228557
26045,27,44.5522749544,4.93110207079
26049,28,44.9656211698,5.08769941869
26054,7,44.2980175655,4.88499526137
26055,3,44.6379699146,5.58442914276
26056,21,44.5787747922,5.15114352176
26057,220,45.0171592111,5.05096546169
26058,237,44.9651094188,4.89411636376
26061,2,45.1431766661,4.94152540117
26063,61,44.276084918,5.27102720538
26064,84,44.9082255842,5.00743034189
26065,3,44.713669067,4.96072243187
26070,2,44.3946636765,4.87604393903
26071,4,45.0572285587,4.91832006545
26072,4,45.1232050838,4.88926895841
26074,13,44.9725101475,5.41245391515
26078,9,44.5895894991,4.95411000129
26079,3,44.9434242792,5.07948371958
26081,1,44.8995418259,5.09042220366
26083,61,45.2359387102,4.95905904864
26084,37,45.0093944288,4.95283719514
26085,24,44.5034768004,4.72492988631
26086,19,44.7022249654,5.48618538025
26087,30,45.095956421,5.13398617216
26088,90,45.0109934947,5.09724548894
26094,7,45.1726420303,4.93358199655
26095,73,44.6098641585,4.93231560292
26096,16,45.0801761382,4.95477665507
26097,3,44.7223033154,4.83295265702
26098,1,44.7564934592,5.07201219882
26099,5,44.3849707988,4.89981524521
26101,1,44.5517875724,5.1045697988
26102,1,44.6388037984,4.82780234545
26103,7,44.4150216526,5.17856915513
26105,1,44.4553268167,5.36026006175
26106,3,44.6415506371,4.78559017675
26108,412,44.7335665907,5.0221758413
26110,1,45.0984942531,4.844233369
26112,11,44.387658631,5.23421106174
26113,153,44.7482217645,5.37640774818
26114,156,44.5310329912,5.06528375642
26115,4,44.6994155653,5.00951244768
26116,36,44.4321090221,4.70892869285
26118,1,45.3116175099,4.93837201077
26119,3,45.1267358937,4.8356936988
26121,8,44.521406146,4.82247674959
26124,54,44.8313893504,4.87476252885
26125,18,44.758262486,4.97623533568
26129,2,45.0663071333,5.18254259284
26138,2,44.3910321281,4.74995521601
26139,64,45.0819148,5.09023746222
26140,6,45.1234537531,5.09201692077
26143,16,45.2625506689,5.10224795583
26144,26,44.7208645789,4.89731877792
26145,4,44.4276255565,4.75667290767
26146,34,44.4369175751,4.90180143483
26148,24,45.2531318961,5.03890051162
26149,6,45.0322321943,5.20271143898
26154,2,44.2161718587,5.65182288638
26160,10,45.2037746922,4.81998155798
26162,4,45.2960581981,5.04115943203
26165,123,44.7874186099,4.83899378303
26166,76,44.7499742267,4.80530615488
26167,14,44.6107770597,5.45872622815
26168,9,44.6828031377,5.72316122016
26169,14,44.4735237549,4.74537048186
26170,31,44.9007368084,4.95855438773
26171,1,44.6017015334,4.97988711048
26173,8,44.9785812313,5.1153753818
26174,4,45.1319031248,5.03106608255
26175,1,44.8102170504,5.3344028956
26176,18,44.640273082,4.88311372596
26177,4,45.1211976778,4.932214307
26179,20,45.0714881151,4.88879562324
26182,20,44.3146283758,5.10177171848
26183,8,44.7140812623,5.12302837932
26185,1,44.6886093237,4.844585911
26188,14,44.2339086816,5.19464049254
26189,1,44.2773478714,5.51851244253
26191,33,44.5542986445,4.8150831884
26193,14,44.1877148289,5.43426917221
26194,1,45.1920320499,5.03982894227
26196,438,44.8558469973,4.92784684928
26197,83,44.9426423498,5.02096570564
26198,1829,44.5540845734,4.74869387765
26200,2,44.1708554906,5.64511167638
26202,2,44.4893401386,5.10300091233
26206,29,44.8361396041,4.98453227246
26207,1,45.1534746191,5.16002782914
26208,26,44.7975529073,4.93043285806
26211,9,44.3674930757,4.85732107832
26212,11,44.8660693577,5.01205997736
26213,1,45.2853226876,4.99962084513
26215,8,44.4953213004,5.38478825225
26216,1,45.1987797497,4.90084017437
26217,1,45.0452802942,5.27059572584
26218,63,45.0710106759,5.05923924282
26220,211,44.3564879814,5.12880832
26224,2,44.8061327174,5.04664200561
26225,8,45.1132787214,5.15915280668
26231,30,45.0998567072,5.04564040404
26234,2,44.6852387812,5.09750399955
26235,199,44.3606937732,4.68715113615
26240,1,44.824829666,5.16640460986
26243,19,44.5259749457,5.00162993339
26249,2,44.5935802494,5.00432288162
26250,22,45.015193999,4.88159850923
26252,133,44.8757833249,4.88408311324
26256,1,44.276584707,5.20940872423
26258,5,44.6239658602,4.97170950071
26261,10,44.4518475355,4.83915693075
26262,2,44.6516625854,5.40361308462
26263,1,44.1712233115,5.40493973585
26264,8,44.4038075452,5.35604206561
26271,32,45.0186564711,4.85709493142
26273,5,44.975050381,5.16619542188
26275,12,44.2556674573,4.83716476858
26277,1,44.6750858387,4.94016512732
26281,1376,45.0547531985,5.03797756012
26287,3,44.648273557,4.93406395958
26289,21,44.6950992434,5.18821011414
26292,3,44.2973942019,5.43012241748
26293,1,45.1990810013,4.96469186325
26295,9,45.1624784084,4.87594608232
26298,1,45.2165901189,5.07080071319
26301,89,45.1260127512,4.98461565912
26305,3,44.5837379912,4.89798294347
26306,1,44.3334508898,5.27890908641
26307,75,45.0069955398,5.29934748057
26309,2,45.0565543942,5.44625083689
26310,3,45.1781215025,5.1110797449
26311,50,45.0096991551,5.34660172162
26312,8,44.6007862089,4.80435722429
26313,95,44.9723228658,4.95099042538
26315,5,45.0160606703,5.44906004178
26317,3,44.3029325431,5.00596735706
26319,1,45.1463901355,5.12162175387
26320,10,45.0573449267,5.24447209111
26321,1,44.5598132934,5.27103009679
26322,7,44.3954034563,5.04330124496
26323,16,45.0586462417,5.12685510741
26324,151,44.3482808478,4.75744934383
26325,69,45.2891075425,4.8312134754
26326,14,44.327032986,4.79615124312
26330,28,45.2782053024,4.95829922451
26331,28,45.049388788,5.29226972009
26332,31,45.1900433327,4.86747069605
26333,170,45.1794682912,4.8198371003
26336,4,44.6470256973,5.11072905542
26337,27,44.7042406134,4.79084711633
26338,29,44.5897268038,4.82526007849
26339,6,44.6067336832,4.77822199887
26340,8,44.1975046499,5.55416093649
26341,5,45.1418386958,4.83109226677
26345,15,44.2929309503,4.84420435248
26347,228,45.0710728431,4.85070614193
26348,40,44.4589108654,4.97848630034
26353,3,44.6648052297,4.80343747078
26355,7,45.0951576073,5.11184336958
26357,30,44.2840624868,4.93792582794
26358,15,44.7990451826,4.98046228806
26360,12,44.420602445,4.81063104822
26362,3439,44.9229811667,4.91444013136
26365,1,44.7780399465,5.03229421632
26367,6,44.3977805769,5.09846513358
26368,2,44.7147022562,5.24834854956
26373,1,44.5098284454,5.15787850108
26376,1,44.4557494791,5.29971413853
26377,6,44.3356176138,5.0506163995
26379,8,45.0478824506,4.97487229012
26381,1,45.0288659081,5.16948509567
26382,1,44.9323647343,5.12947887915
27003,17,49.1648717394,1.1765581743
27008,10,49.3219074958,1.17828361031
27011,10,49.2130667488,0.925129802159
27015,5,49.2280273549,1.24535712004
27016,139,49.2459086784,1.42805086604
27017,7,48.9889739894,1.15705136083
27022,21,49.1751629599,1.33329956002
27023,1,48.9939471399,1.05509802791
27031,1,49.0566321831,1.12002720385
27032,1,48.9282451292,1.14607632884
27044,2,48.9670536048,1.10669165131
27048,1,49.4044391914,1.52480610334
27049,18,49.0090520551,0.696415474297
27051,40,49.0592104532,0.754833574426
27052,1,49.2249212859,0.726506401236
27054,7,48.8432221726,0.848460496719
27056,391,49.0925877345,0.58959175237
27064,1,49.4308635089,0.357667188037
27065,47,49.3380079083,0.342706713598
27067,3,49.304670197,1.68309214752
27073,4,48.8610331627,1.34099240808
27074,1,49.1561456712,0.649696309423
27076,1,48.9662323678,1.33275154134
27077,5,49.2718051513,0.781442206023
27079,1,49.1567974903,0.578455295801
27082,17,48.997516605,1.03540164833
27085,1,49.3166032869,0.807172708005
27089,1,49.2989521674,0.772087753969
27090,22,49.2933518508,0.922353150022
27099,1,49.0763402724,1.18739745292
27100,5,49.3705498609,0.393309012752
27101,1,49.3995142843,0.49146423829
27103,98,49.3450741127,0.80915990601
27105,50,49.2995530921,0.876522751918
27107,14,49.39187586,0.620240697299
27108,10,48.7632114791,0.806179122315
27112,70,48.8525387012,0.899890466074
27114,1,48.9649279458,1.43949488173
27116,50,49.187842587,0.712154019961
27117,12,49.0033194682,0.525834728262
27118,24,49.1097913222,1.11344092166
27119,19,48.9343375603,1.44434816017
27123,1,49.0034124144,1.31639623095
27138,2,48.9922969415,0.562558424938
27147,1,49.1080526721,1.17181025822
27148,1,48.9851351393,0.463962400697
27151,75,49.3796508002,1.38961447522
27152,14,49.2004173663,1.65874504917
27155,2,48.6841164258,0.774515882818
27158,1,49.0017720899,1.26604981286
27161,6,49.0485570128,1.01887133225
27164,1,49.0960144731,0.885456482131
27165,63,48.9547259686,0.93199579313
27169,3,49.4174960871,0.391276015721
27170,33,49.2517321161,0.384551732765
27174,2,49.3406636029,0.598502676262
27180,29,49.1852202831,1.36612835383
27183,20,48.9020135083,1.396314901
27185,1,49.2039621822,0.969531161079
27188,8,49.2931111781,1.10157387414
27191,13,49.1183025014,1.24841485646
27193,5,48.8507405664,1.36816168904
27196,42,49.2941696239,1.17226957611
27198,33,48.8643668138,1.08042048322
27201,1,49.1891854799,1.02944450993
27213,17,49.1515466021,1.59773112902
27214,20,49.3066926655,1.42999721744
27218,20,49.2733162513,0.45367421999
27226,62,49.3119944705,1.61614236385
27229,2656,49.02015421,1.14164412464
27230,30,48.8709806514,1.41262980866
27233,1,49.4132819634,0.332433959098
27234,1,49.0242697215,1.19907051079
27238,10,49.0203824794,0.987492004365
27240,9,48.9777818863,0.787128070523
27242,2,48.9436797791,0.80246046702
27246,26,49.3635499787,1.35185720942
27254,2,49.0644082735,1.28056210161
27256,1,48.927613225,1.24035993264
27261,8,49.2221102,0.963471124164
27263,7,49.3782168182,0.574020669603
27275,116,49.1591132617,1.34701632223
27278,2,48.9091632866,1.43367322183
27279,16,49.1020218463,1.59975187173
27280,2,49.0356183804,1.24708624979
27281,1,48.9601606074,1.0298861236
27282,1,49.0492815413,1.08358712088
27284,375,49.2786723691,1.76876649685
27287,1,48.9870513401,1.00330761999
27290,1,49.1218249959,0.765958514912
27299,31,49.0522263912,1.16057059772
27302,14,49.2281464419,0.840519309317
27306,86,48.9802791155,1.17901944848
27311,28,49.1659154983,0.776027385524
27313,2,49.231363184,1.00114554009
27316,2,49.3970508691,0.766578744404
27321,1,49.1964315375,1.13412648905
27322,9,49.2372337967,1.06625693496
27332,32,49.1927471606,1.23713234517
27335,3,49.1320841365,1.18870983275
27337,1,49.2872109169,1.32070670028
27338,1,49.4202530059,1.40791828171
27339,6,49.1448656783,1.11623535424
27342,1,49.1293925185,1.09038074785
27348,16,49.3227331737,1.15098333541
27350,8,48.8249944319,1.25958790614
27351,13,49.2521511771,1.15231947532
27355,25,48.886265363,1.44688887159
27358,1,49.0495174919,1.29182535231
27365,13,49.2875848843,1.19524982012
27367,16,49.2331857585,0.500797947975
27369,1,49.4029373278,1.56677975295
27374,1,48.9910763969,0.916140545325
27375,411,49.2206099164,1.15340030158
27377,26,49.3936970778,1.47355856778
27378,18,48.7901504026,1.21800401971
27379,2,49.3748963411,1.68713802474
27384,1,49.3687031435,0.327624616931
27385,1,49.3610819827,0.545943626497
27386,1,49.317522421,1.19943581573
27390,1,48.8270540549,1.18747667453
27391,12,48.8213584613,1.33287296161
27394,1,49.2780639581,1.07107069967
27397,11,49.0388433559,1.37049652274
27398,8,49.1018758441,0.622134982944
27406,6,48.7767004178,1.29009142642
27410,3,49.0197062779,1.26108481938
27412,4,49.2297208339,1.09813170606
27413,13,49.2945278867,0.670560456278
27414,5,48.9396490466,0.468484360386
27421,2,48.90687343,1.33849084974
27422,2,49.2265789248,1.28569054904
27423,2,48.7781253842,1.32569756656
27425,7,49.1339917413,0.739306485861
27427,1,48.8743528336,0.74447514343
27428,140,49.1482790328,0.897176574238
27431,2,48.9023268219,0.736464562108
27432,3,49.1943072566,0.815544482419
27438,12,48.7770036234,1.17931073126
27439,22,49.0725184712,1.16198827821
27445,36,49.2458221928,1.67352293727
27448,112,49.0221961311,1.39950768038
27453,19,49.4084277874,1.36331833867
27458,28,49.3311910772,1.21797145454
27464,2,48.9443249327,1.1332422549
27467,451,49.3463869637,0.533874716445
27468,13,49.2423269123,0.702222226343
27469,66,49.2909189807,1.14424790108
27470,18,49.3427460262,1.28756480304
27471,1,49.2524086765,1.25122427132
27473,3,49.1735749166,1.4105023213
27474,2,49.299571684,1.24071359731
27476,2,49.3281307997,0.480531070543
27477,5,49.1308034237,1.46515135716
27478,4,48.9578582818,1.21917165001
27485,8,49.4700117305,0.501728586509
27486,10,49.1073075931,1.00532238081
27493,27,49.3343917409,1.25410011216
27495,1,49.2593238784,1.34339141954
27496,1,49.3746388684,1.42794431764
27497,1,49.3579322426,0.724785098446
27500,22,49.3851066473,0.726281563291
27502,35,48.8157669223,0.691368655422
27507,94,48.9026554238,1.27831847187
27511,3,49.1431219204,0.986919369779
27512,1,49.1770428434,0.47331713113
27516,7,49.0593510154,0.611660740223
27517,1,49.132834827,1.33624192382
27518,1,49.4493583444,0.52491272728
27524,1,49.1073978726,0.935604057225
27528,46,49.2609960336,1.19894900143
27533,1,49.3218230563,1.71779088308
27534,1,49.2421475882,1.03799697166
27537,1,49.2422112638,1.21540763977
27542,12,49.2421438594,0.579765029769
27543,11,48.7922570884,1.35958388782
27553,1,49.1401487215,1.28700576113
27554,1,49.1061858744,1.4332609397
27558,1,49.2826233384,0.752219384803
27561,1,49.36198979,0.413624402884
27562,70,49.0915999954,1.43925560775
27565,4,48.911287302,0.845987853541
27568,1,48.957887614,0.881178066443
27577,2,49.4248481767,0.533630300174
27580,30,49.3490825032,0.895681824857
27582,31,49.3006192126,0.944908698044
27587,1,49.2773818224,0.647386865123
27593,10,49.2492717737,0.962946697912
27595,12,49.2603785752,0.889845765495
27598,5,49.2236978815,1.21846130643
27602,341,49.0125501489,1.07438380244
27615,1,49.0502192536,1.2227926418
27616,21,49.2545361431,0.9861777025
27621,1,48.9337049982,1.35814785401
27622,31,49.1148167511,0.707564259681
27624,1,49.2013129731,1.10240662519
27629,34,49.1322455831,0.440825641328
27630,3,49.1412155943,0.803549325292
27638,22,49.2568957879,0.939183220001
27641,1,49.0813497086,0.931190842277
27643,7,48.7611224544,1.02819870414
27644,16,49.1423281336,1.52870047144
27654,1,49.2254432812,0.899258865151
27656,3,49.3566331529,0.458677731967
27668,3,48.9788560101,1.26307012857
27672,1,49.4459502042,1.38564792564
27676,14,49.2012200794,1.29594833053
27677,4,49.1731568906,1.0516279972
27678,2,48.9558529022,1.06594660384
27679,236,48.7377022151,0.924765167388
27681,570,49.0879728821,1.48501282787
27684,30,49.0036162938,1.21290711297
27685,2,48.9215744552,0.750049343604
27689,1,48.9984526159,1.46395648175
27693,8,48.9028184134,1.10269659898
27696,2,48.9578709877,1.48073443882
27701,210,49.261335704,1.21147195365
28001,26,48.795057031,1.42001117062
28005,8,48.2289582761,1.36379289637
28006,13,48.4423011417,1.40659215552
28007,32,48.8531068723,1.44282251415
28012,13,48.1120067473,1.08598331855
28013,4,48.4428553048,1.81371743832
28015,58,48.4694338029,1.77316730051
28018,21,48.2017280828,0.885473078137
28021,12,48.3590646091,1.32280842634
28022,8,48.4875827521,1.39655721577
28024,47,48.4066421974,1.47210057567
28027,17,48.140010199,0.970669440312
28031,2,48.239618229,0.952240810191
28032,1,48.3006109163,1.6537618086
28033,9,48.5054756735,1.05051096321
28034,2,48.5350712593,1.4681780093
28036,1,48.8437900512,1.55304230439
28039,10,48.4402167565,1.70331148118
28041,39,48.3153780498,1.29204429237
28047,1,48.3320420844,1.6998719539
28048,1,48.3170148124,1.43019186424
28051,288,48.1812188908,1.3853348704
28055,1,48.6345919447,1.43287089864
28056,3,48.7343916136,1.56955678251
28058,1,48.67275991,1.52098330064
28059,27,48.6888038711,1.06430633901
28061,66,48.2174479455,1.15740318839
28062,1,48.7523989393,1.52435606759
28064,24,48.8022272101,1.49327920018
28070,49,48.4669825206,1.51056677548
28079,1,48.1530043069,1.04379392191
28084,3,48.5430971453,1.54564862938
28085,1450,48.4471464884,1.50570610616
28087,1,48.6926195809,1.23398469234
28088,398,48.0762457334,1.32636728625
28089,52,48.589125049,1.23775016473
28094,7,48.6542763925,1.49383187007
28096,3,48.8886967439,1.48819034746
28098,27,48.7567062776,1.43470618307
28099,1,48.4370118675,1.1888981198
28103,43,47.9934559542,1.22150535909
28110,870,48.41900521,1.50280738837
28113,16,48.6558925205,1.55323037747
28116,43,48.4522710093,1.24921701438
28122,2,48.3378217549,1.49741837777
28127,2,48.1969504376,1.27633745372
28128,1,48.5096674489,1.35007819193
28129,1,48.3929135935,1.79949258254
28134,1280,48.7485203213,1.35931854112
28135,4,48.6019197892,1.70074924736
28136,1,48.7084339399,1.42195083018
28140,81,48.5941135535,1.68537156703
28149,13,48.6000288384,0.88283888665
28154,21,48.4754751752,1.2975045091
28156,1,48.5088733732,0.992529524714
28158,8,48.4059853535,1.42241249487
28161,1,48.2597341794,1.09855168328
28164,3,48.2584598646,1.81447858393
28168,44,48.5338026197,1.68926878076
28171,1,48.6998026129,1.33718579474
28173,16,48.4727517815,1.55494978026
28177,4,48.4162199686,1.53530515243
28184,1,48.3421221995,1.84393517435
28185,2,48.7829804111,1.56001143121
28187,4,48.9218839821,1.48299091693
28188,4,48.4912723078,1.70789056431
28191,15,48.5967671764,1.6482246442
28196,65,48.3032872833,1.22693727509
28197,1,48.2982378814,1.93552953534
28198,1,48.0767840463,1.38589704833
28199,38,48.200814518,1.89039239434
28201,10,48.5156020381,1.54597077528
28202,3,48.6259517253,0.915645729308
28206,1,48.6980280524,1.18635370769
28208,1,48.4925727301,1.74748225078
28209,86,48.4799675774,1.46931768509
28211,4,48.1408053653,1.25353586529
28214,83,48.473175806,1.02235330632
28218,139,48.434779098,1.45277569654
28219,6,48.2366504401,1.02792441815
28220,102,48.4232173062,1.46928323877
28223,1,48.7158016965,1.39904091699
28226,1,48.6321135718,1.1501161639
28227,58,48.5838765563,1.58410337254
28229,324,48.4625411561,1.44581970225
28230,1,48.4036829881,1.84481413865
28232,7,48.5363856348,0.962933887077
28233,7,48.1196433379,1.30776071957
28236,11,48.337398478,0.850887620161
28248,1,48.5900545537,1.08955144793
28251,4,48.7254690446,1.4421064834
28253,4,48.3607988018,1.42399697169
28267,2,48.7726380793,1.38032861219
28269,40,48.3965615994,1.50333516313
28278,49,48.4518880415,1.57822633062
28279,40,48.6300718767,1.52405693927
28280,290,48.3176302432,0.804048016354
28287,20,48.1385604714,1.684325346
28291,5,48.3617202687,1.76951827841
28293,1,48.8665989228,1.4893062268
28298,5,48.5892951017,1.55200898008
28301,6,48.5063843494,1.46123630371
28302,1,48.4914581287,1.14548967214
28304,1,48.2738416281,1.71166561057
28309,5,48.3665143772,1.63539609302
28313,1,48.3375337584,1.73962432713
28319,1,48.2770955308,1.94270719107
28325,2,48.4631418835,1.34544472164
28330,1,48.0457576548,1.46955748581
28334,26,48.0613637512,1.27228736611
28337,30,48.4195557033,1.35743485522
28347,3,48.818368676,1.56052234981
28348,34,48.7509228383,1.18734034626
28354,8,48.4900427542,1.07345601066
28357,9,48.5477876279,1.57936715019
28358,15,48.4920175304,1.5142471785
28359,38,48.7491986422,1.23713784044
28363,13,48.4153857478,1.88200624319
28364,3,48.1825259731,1.57949510769
28366,1,48.3828802713,1.7401363101
28371,4,48.8508071385,1.41035357724
28372,1,48.6560652225,1.58443037368
28373,60,48.559589174,1.01905757079
28377,6,48.8293779269,1.39390446206
28380,14,48.4134954931,1.59645296484
28382,1,48.0896452774,1.72961042495
28387,32,48.3047563926,1.01132470631
28388,15,48.3824570521,1.44888885738
28391,18,48.1954185813,1.94344855336
28393,18,48.5881626072,1.36867843258
28394,14,48.6752456837,1.32503557014
28395,1,48.2928451299,0.878132374708
28403,1,48.3780916809,1.48044063443
28404,192,48.7197917196,1.35089721897
28415,22,48.6710644205,1.4573632348
28417,2,48.6211492274,1.57247991458
28422,43,48.269861494,1.6311008246
28423,2,48.5487143528,1.62251535797
28424,14,48.1911088268,1.1911717339
28426,2,48.2495983689,1.75055866938
29001,13,48.2496052712,-4.29867172624
29002,27,47.8927527459,-3.44326646496
29003,78,48.0241077574,-4.54448750165
29004,67,47.9350863729,-3.69536960662
29005,6,47.8554611987,-3.61273705722
29006,141,47.8780985371,-4.07751294821
29007,4,48.4027305051,-3.76524444228
29008,13,48.0717542642,-4.50670939299
29010,3,48.5153978832,-4.12063096019
29011,265,48.4318157776,-4.52163441138
29013,1,48.3762281047,-3.92275613595
29015,49,48.4956224464,-4.49991805356
29016,6,48.319245053,-3.95010933279
29017,2,48.4709032483,-4.68640383039
29018,6,48.3596142812,-3.85052670212
29019,6163,48.4004997828,-4.5027907853
29020,343,48.0935971343,-4.02078477146
29021,13,48.6673259175,-4.33395670694
29022,28,48.2683595403,-4.58763072295
29023,34,48.6553588661,-3.91293697247
29024,380,48.2687578823,-3.56626363851
29025,11,48.1490980732,-4.11928421519
29026,291,48.2032973995,-4.07350636234
29027,99,48.1889732859,-3.82126129764
29028,16,48.0539041456,-4.65683195318
29029,6,48.2430990086,-3.66446573212
29030,38,48.6605439147,-4.12447333857
29031,59,47.7943407144,-3.56681364982
29032,20,47.8977205626,-4.08306379638
29035,2,48.5056460194,-4.53993489301
29037,40,47.8868597702,-4.16414997559
29038,7,48.4102306361,-3.97012687185
29039,456,47.8966260003,-3.90716871821
29040,39,48.3555977933,-4.76234204122
29041,25,48.0658709885,-3.85508306366
29042,146,48.2449715382,-4.49170347769
29043,45,48.3556171756,-4.26327586414
29044,74,48.2166455285,-4.16674767247
29045,31,48.4011232723,-4.26930832464
29046,508,48.0806526556,-4.32784220122
29047,13,48.5330700302,-4.38126617487
29048,14,48.1199968279,-3.96022667408
29049,33,48.0078908681,-3.90263136694
29051,98,48.0120306692,-4.0074505723
29053,80,48.3059334041,-4.1421494556
29054,3,48.391234337,-3.85236345367
29055,45,48.5666216124,-4.35251906312
29056,12,48.4342711427,-4.31491864921
29057,27,47.9201547936,-3.96862628403
29058,160,47.8783078862,-4.01834628474
29059,2,48.6042377038,-3.766678483
29060,16,47.9170974917,-4.11118575976
29061,129,48.446717951,-4.46327934378
29063,2,48.0579729785,-4.59260441586
29064,2,48.6242161678,-4.29555054376
29065,2,48.0256773072,-4.2699574074
29066,15,48.0409767863,-4.19583398149
29067,38,48.5315286912,-3.58783458581
29068,22,48.5431945117,-3.97996345952
29069,119,48.4189328656,-4.56200695639
29070,7,48.0170524015,-4.36131542798
29072,45,47.8012448483,-4.28617785695
29075,334,48.4307008294,-4.39621450084
29076,47,48.4913026079,-4.56960723712
29077,23,48.6169101259,-4.41110953523
29078,13,48.330060559,-4.13907964389
29079,11,48.6328783034,-3.93010149284
29080,25,48.3241129491,-4.23905082012
29081,40,48.3615514061,-3.75817537147
29082,4,48.7453786907,-4.01403204565
29083,2,48.0384480983,-4.8577259366
29084,9,48.3954039142,-4.96040618355
29085,4,47.8527643575,-4.16160884308
29086,5,48.3668454247,-4.20163770975
29087,4,48.0555333379,-4.2656946244
29090,3,48.0912560808,-4.26315829954
29091,23,48.6474993428,-4.37874276667
29093,4,48.5750998545,-4.41083287138
29095,6,48.4792039548,-4.36259963569
29097,14,48.4836867404,-4.04069753915
29098,11,48.4502704596,-4.76463637416
29099,1,48.5533742758,-4.64744640703
29100,1,48.5609189419,-4.38280376453
29101,27,48.5889449364,-4.57696807959
29102,6,48.2527721686,-3.73269779844
29103,793,48.4507528968,-4.2643453824
29105,289,48.5160095172,-4.06130712731
29106,5,48.0895670142,-4.0756482989
29107,1,48.0564737827,-3.97703879663
29108,23,47.995931967,-4.32763243057
29109,7,48.5343990673,-4.72936031932
29111,3,48.5756574548,-4.20447791215
29112,15,48.4817500302,-4.73355077306
29113,84,48.6422856772,-3.72150726113
29115,2,48.2892302936,-3.90201748494
29117,128,48.569680781,-4.52393031535
29119,11,48.4660390019,-4.63526600246
29120,16,48.275777582,-4.44432214727
29124,318,48.5801251196,-4.31293757639
29130,47,48.3707952955,-4.65000050558
29132,1,48.6234794201,-3.86347353268
29133,12,48.6831366795,-3.66753133845
29134,9,48.0978281716,-4.21322277368
29135,47,47.8239824718,-4.1873881827
29136,1,47.9243454961,-3.48583985781
29137,10,48.3286587483,-4.28895101549
29139,2,48.3017361102,-4.03428132272
29140,111,48.3840209584,-4.31381265183
29143,4,48.0273634035,-4.41897227168
29146,26,47.9129471121,-3.84206992486
29147,43,47.8984536688,-3.58813673533
29150,79,47.8061076978,-3.64546918043
29151,1564,48.5996746612,-3.82052019963
29152,2,48.2197857067,-3.56230710183
29153,36,47.8154082656,-3.77625131302
29155,17,48.4601042319,-5.08534533544
29156,4,48.4436093794,-4.22125825174
29158,83,47.8121478804,-4.34003367039
29159,1,47.9464369545,-4.29604672323
29160,240,48.4938327293,-4.41894214636
29161,40,47.9151360356,-4.04624585302
29162,70,48.2381882091,-3.97526740601
29163,77,48.5106294625,-3.87174749946
29165,38,47.8217825314,-4.22818604821
29167,22,47.9772934585,-4.26371081296
29168,21,48.0349240899,-4.68065084033
29169,40,48.0728440242,-4.1591436628
29170,76,47.9356261766,-4.15034793937
29171,44,47.8382971548,-4.29445064417
29172,26,48.1808861007,-4.21781568947
29173,20,48.0113210792,-4.20934732708
29174,74,47.9084114652,-4.26536047982
29175,31,48.2558447304,-3.82335085497
29176,34,48.1272296746,-4.23927606607
29177,45,48.4388139541,-4.72098791588
29178,241,48.5380194426,-4.66954529014
29179,29,48.5230558972,-4.31368733592
29180,13,48.4572473494,-4.12922591839
29181,10,48.4827412998,-4.25245153196
29182,14,48.621971426,-3.6705039462
29184,24,48.6212293904,-3.981458033
29185,67,48.6657604594,-4.17989213924
29186,13,48.6370431885,-3.81553533985
29187,2,48.5563599197,-4.12888327343
29188,46,48.6775667227,-3.8123079305
29189,220,48.3601932144,-4.38292105021
29190,39,48.3513274854,-4.71760872698
29191,34,48.5052769563,-3.72721201852
29192,17,48.655920654,-4.04176176078
29193,23,48.5535956493,-4.07375029221
29195,56,48.6030672193,-4.48961925754
29196,15,48.52926645,-4.59194113774
29197,47,48.0137327427,-4.48457090531
29198,14,48.602186011,-4.29367754752
29199,45,48.5736126699,-3.7040741716
29201,25,48.3995302533,-4.71529077573
29202,11,48.4451584128,-3.88112677396
29204,8,48.5209452812,-4.2090017471
29205,1,48.3124244266,-3.57451157796
29206,15,48.6198454528,-4.19874644192
29207,206,48.5219190432,-3.80057587276
29208,4,48.503013638,-4.68383669582
29209,21,48.5390737689,-4.46505517448
29210,42,48.5765978002,-4.02210161181
29211,2,48.3207546118,-3.73395205776
29212,128,48.3774359933,-4.59923891903
29213,31,48.5919150435,-4.0954616679
29214,3,47.9325748846,-4.36035398451
29215,28,47.9832115947,-4.40960157261
29216,27,47.972064955,-4.18686466839
29217,43,47.8724810212,-3.76601956645
29218,74,48.0467363685,-4.49625193041
29220,519,47.8654885488,-4.21962319652
29221,34,48.498709078,-4.75352482968
29222,2,48.2176622722,-4.08308169881
29224,6,48.0406832408,-4.32643354494
29225,41,47.9612717515,-4.36413265082
29226,12,48.0772593161,-4.39719631151
29227,7,48.3456851692,-3.63011278827
29228,3,48.0287724431,-4.60550316515
29230,13,47.9553937645,-3.54781313088
29232,3006,47.9971425162,-4.09111944455
29233,403,47.8561303355,-3.55642894655
29234,21,47.8554814745,-3.48681564705
29235,247,48.403174987,-4.40146737314
29236,46,47.8492219169,-3.69069464862
29237,32,48.4731568512,-4.19434003063
29238,3,48.3183736714,-4.55863270014
29239,306,48.7123362901,-3.989722876
29240,1,48.2716564234,-4.19913863918
29241,122,47.9583041483,-3.80153477736
29243,1,48.1819241474,-4.06727219736
29244,2,48.5448011454,-4.1857054177
29245,8,48.454416666,-4.33069811028
29247,29,47.9541694305,-4.00984047973
29249,1,48.1512436347,-3.76561570465
29251,1,48.6703251838,-3.76283111411
29254,119,48.5757887631,-3.85616057853
29256,2,48.2101254198,-4.28068132169
29257,11,48.5627924623,-4.62029383485
29259,176,48.6727716649,-3.98863587243
29260,241,48.4258372849,-4.62348821209
29264,3,48.515337215,-4.15865223031
29265,2,48.5607905718,-3.88888389593
29266,44,48.5113171528,-3.93813377559
29267,3,48.1533398719,-3.90597828016
29268,5,48.4765748709,-4.32223178766
29269,1,47.9568349353,-3.62002977712
29270,8,48.3969194336,-4.22206761804
29271,1,48.589150749,-4.1458078023
29272,28,47.959882104,-3.93921852098
29273,22,48.7000595566,-4.02979290086
29274,64,48.0279903072,-3.73073835764
29275,3,48.4265058611,-3.66856108678
29276,5,48.6638575511,-4.07209865106
29277,50,48.3948012299,-4.04497181745
29278,10,48.1857593376,-3.69132351095
29279,134,48.6041383541,-3.89875729836
29280,26,48.2337280531,-4.35717463573
29284,15,47.8049042408,-4.2597485124
29288,1,48.549214184,-4.28952698165
29291,12,48.1057268762,-3.87130739986
29293,80,47.8380684896,-3.8408529946
29294,1,48.3938578197,-4.12922038869
29295,1,48.5091527499,-4.25573982304
29296,4,47.9067997461,-4.21984168318
29297,9,47.9020408602,-3.52520567711
29300,2,47.8886988261,-3.65660819595
29302,26,48.2755785211,-4.10701817475
2A001,47,41.9844089346,8.79828936731
2A004,2414,41.9347926638,8.70132275974
2A006,51,41.9735186682,8.73133206502
2A008,13,41.860474641,8.87771179182
2A011,1,41.7091975922,9.07705100575
2A017,7,42.0032023283,8.73355643393
2A019,1,42.1278317001,8.79544743856
2A021,10,41.815640033,9.0324658577
2A031,3,41.988063407,9.04861808353
2A032,137,41.9352135675,8.83650751371
2A041,68,41.4354987425,9.18514890376
2A048,14,42.0284281165,8.73772286465
2A065,32,42.1544254567,8.62659836115
2A070,5,42.0695824094,8.75999305453
2A085,15,41.9042036105,8.89390218223
2A090,6,42.1117512753,8.73524258056
2A092,1,41.7530813124,9.33031186511
2A098,2,41.769023404,8.75300439301
2A099,8,41.9335361782,9.18658901993
2A103,11,41.976733682,8.88406617978
2A104,15,41.9231596216,8.89401261483
2A114,14,41.5163043789,9.12059415829
2A130,109,41.8837141916,8.87384830361
2A139,10,41.6654830708,9.31906773443
2A142,23,41.6516390001,9.11567295923
2A163,2,41.5249319364,9.01194250381
2A181,15,41.9503939626,8.909888839
2A189,3,41.7120554576,8.90482669447
2A197,1,42.3435694896,8.62327012341
2A198,9,42.2548660718,8.73294026195
2A204,1,42.1434520228,9.01623489472
2A209,48,42.003934282,8.91155032834
2A211,4,41.7703606471,8.96953349207
2A212,2,42.2260344023,8.62798195907
2A215,14,41.5046258305,9.04899145818
2A228,9,41.8283411519,8.8134589974
2A232,1,41.7923350727,8.89878366545
2A240,27,42.1628161972,8.89848173922
2A247,394,41.5924932873,9.25363087024
2A249,98,41.6504172843,8.89378639473
2A254,1,41.8077584567,9.2009533879
2A269,27,41.8133599634,9.35220683826
2A271,132,42.0010171951,8.83437893445
2A272,92,41.5718443328,8.93538107497
2A276,4,41.7410474334,8.81250812436
2A288,11,41.555960372,9.18208356103
2A300,1,41.6806017168,9.23310910423
2A308,5,41.6682904009,9.06116918689
2A312,24,41.8839751228,8.97997119242
2A336,2,42.0235582479,8.8195514546
2A348,43,42.1506390695,8.73051107045
2A349,1,41.6691692239,8.94530373652
2A359,3,41.8845132229,9.1668409674
2A362,45,41.7213730193,9.26624005547
2B007,3,42.3117941076,8.92423033485
2B009,54,42.1059105058,9.495645512
2B010,6,42.6050790894,8.85735931464
2B020,6,42.591747308,8.8768922389
2B030,1,42.8731830827,9.36073943184
2B033,2127,42.6864768806,9.42502133338
2B034,9,42.6078945875,9.01429591727
2B037,197,42.6164219998,9.44048317398
2B042,199,42.573930097,9.45690314359
2B043,25,42.7792996993,9.45029993821
2B047,3,42.3232788863,9.0338481491
2B049,22,42.4784267166,8.80369225001
2B050,139,42.5454874755,8.7595487404
2B058,1,42.8430542103,9.34556643621
2B074,5,42.2616692125,9.15184231008
2B077,2,42.4705671665,9.50131455475
2B079,2,42.471301177,9.29768308268
2B086,1,42.967184653,9.36449852317
2B087,22,42.3210930584,9.5154262188
2B093,3,42.6171380337,8.90165227126
2B096,217,42.2700703225,9.0828946136
2B107,1,42.9871049875,9.38235735891
2B112,1,42.5493282775,8.93994072673
2B120,218,42.6523411195,9.4172647007
2B123,57,42.0437178075,9.42260770968
2B134,136,42.631545096,8.93355970672
2B135,1,42.0157488768,9.26439576415
2B136,2,42.5804431828,9.16621069911
2B143,8,42.2176450793,9.51024497679
2B145,1,42.4764297797,9.42503725117
2B148,132,42.5413974263,9.47269139438
2B150,12,42.5800438458,8.82575573819
2B152,34,42.8934435302,9.40987964362
2B162,1,42.4744158583,9.12322901577
2B166,1,42.4830064392,9.40129428843
2B168,9,42.6216923341,8.96127656939
2B169,48,42.4476687598,9.25468558646
2B172,11,42.5671895141,9.32704854356
2B175,1,42.5498317519,8.95572841625
2B178,1,42.7882252962,9.35435781818
2B185,26,42.6416261877,9.33321314144
2B187,1,42.766973441,9.37798697409
2B188,2,42.6122409049,9.36435910828
2B193,2,42.3827760667,9.19362569461
2B205,13,42.7066867042,9.3670488048
2B207,113,42.4548433729,9.49604243043
2B220,12,42.4465411561,9.18076402904
2B223,1,42.5426494388,9.18325880414
2B224,19,42.8446413084,9.43811996376
2B242,2,42.40140902,9.51195735668
2B251,76,42.0072330034,9.36772895124
2B261,19,42.9720512637,9.42539823747
2B265,3,42.5827324452,9.38160373146
2B280,1,42.4530552903,9.41788528717
2B281,1,42.8144761556,9.44224958213
2B283,4,41.8795887459,9.32060656681
2B286,1,42.4824735958,9.48942771888
2B290,1,42.5743163085,8.96966763769
2B296,1,42.5845277906,8.90827098079
2B298,61,42.6872130129,9.28317002062
2B303,6,42.2880809404,9.52881178736
2B305,33,42.7323992652,9.43163085599
2B307,8,42.3840957627,9.51068685295
2B309,42,42.7511136181,9.42463745833
2B311,7,42.3499153056,9.50880691499
2B313,48,42.3681811247,9.50945182928
2B315,1,42.2451439725,9.16595729369
2B316,11,42.6011280818,8.93155852318
2B318,1,42.4345865472,9.49734774126
2B319,2,42.4178789576,9.50731616445
2B327,7,42.9440187067,9.44630145154
2B329,2,42.3410940153,9.19284463541
2B333,1,42.5997369417,9.33661797877
2B335,20,42.3352411886,9.51479844418
2B337,1,42.4600748824,9.26425666892
2B341,6,42.213994685,9.13754040802
2B342,19,41.9410129854,9.36287097036
2B343,19,42.5014054825,9.49333701193
2B346,24,42.5156004933,9.47327679289
2B347,3,42.1573513565,9.292359887
2B352,1,42.5826432898,8.99012410909
2B353,74,42.7159914002,9.42737933318
2B354,16,42.1523820761,9.12065538823
2B355,1,42.5200129525,9.36071505878
2B366,1,41.9210089906,9.26560816948
30001,2,44.0695522099,4.31087905786
30002,4,43.9613248241,4.11795546515
30003,121,43.5507249635,4.18349802063
30004,26,43.7345579232,4.19079446148
30006,61,43.6717803693,4.20375100125
30007,1923,44.1250099126,4.08828501262
30008,10,44.1976013658,4.25339592955
30010,107,44.0507893674,3.97484165309
30011,358,43.946680289,4.75255256222
30012,42,43.904199015,4.68302001901
30013,1,43.9815740047,4.49083337312
30014,7,43.9996930612,4.36386339286
30015,1,44.0416960777,3.58679644026
30016,5,43.9579987719,3.51894390176
30017,1,43.9902038605,3.48117676072
30018,5,43.806765526,4.03867369104
30019,49,43.7490254454,4.1457680936
30020,28,43.7512111654,4.31715969164
30021,3,44.0100150626,4.32604375511
30023,4,43.7914361164,4.1286879695
30024,2,43.9989798888,3.58716072515
30025,3,44.0113365754,3.51374005993
30026,7,43.9759439124,3.59883235381
30027,33,44.070391573,4.04387785111
30028,778,44.1622496736,4.62477380854
30029,40,44.3122415211,4.34841481782
30030,1,44.0555735383,4.2751122058
30032,147,43.7797429509,4.59380296865
30033,45,43.6962644399,4.32219796472
30034,57,43.7518139903,4.49573824509
30035,1,44.0908103949,4.3554328805
30036,51,43.7713363574,4.28342960175
30037,70,44.290395291,4.10784015546
30038,2,43.9789082922,3.5343559846
30039,33,43.8745362306,4.50048572074
30041,11,43.9671760777,4.37507310101
30042,39,44.0479381794,4.02713622056
30043,5,43.7701911242,4.22986261144
30046,2,43.9938436911,4.17905217935
30047,107,43.801618461,4.4344842541
30051,10,44.2285932438,3.97464747718
30052,2,44.0295400705,3.55673412919
30053,13,43.9965615202,4.21356610961
30055,2,44.1326190305,4.2508193223
30056,1,44.1032125221,4.40195083358
30057,12,43.9078732541,4.46681487399
30059,23,43.6585975961,4.24246060862
30060,85,43.7920118667,4.39549848347
30061,73,43.9263163144,4.26355372914
30062,97,43.7876770094,4.18871767018
30065,2,43.9793142432,4.04842734125
30068,3,44.014875409,4.08912365782
30069,1,43.8280194179,3.99134225562
30070,4,44.2303398227,4.58526557136
30071,2,44.0194347617,4.1266907842
30073,13,43.9781824573,4.55612573863
30075,152,43.8338668617,4.2678579617
30076,14,44.1170150817,4.51753065913
30077,22,44.150716856,4.03567283331
30079,1,44.3064594979,4.01942334563
30080,32,44.299833692,3.96212811106
30081,27,44.1543328002,4.6882962223
30082,41,43.8371741031,4.22473221709
30083,19,43.7226508777,4.2269417423
30084,2,44.1274492778,4.70097099002
30085,6,43.9490522277,4.47176606244
30087,1,44.0327998105,3.81596701649
30088,2,43.8583420282,4.12087764486
30089,7,43.848697153,4.59238144538
30090,32,44.374273791,3.94567245426
30091,18,43.7752563981,4.15881236462
30092,32,44.0769164231,4.59924544378
30095,2,43.8722496037,3.9404508858
30096,16,44.2191528402,4.49474987476
30098,1,43.8837508539,4.11149749514
30099,1,44.0012514545,3.82331277161
30100,2,44.0122958419,4.19264442539
30101,2,44.0696746429,4.15790538028
30102,1,43.9259952676,4.29189609942
30103,5,43.9372823194,4.6563619676
30104,8,43.9732979744,4.16569285159
30106,1,43.9854341188,3.95398099207
30107,3,43.9542198084,4.63596567123
30108,7,44.0974192863,3.78792074378
30109,2,44.0738028889,4.23568352437
30112,8,43.9072744554,4.18054520529
30113,2,44.1854366663,4.32720441708
30114,3,43.8315622077,4.09323827432
30115,1,44.1163250744,4.43122211916
30116,1,43.9332827518,4.60385526319
30117,15,43.7116543785,4.54884323842
30120,6,44.315356746,4.12257109543
30122,3,43.8985088246,4.22564270538
30123,119,43.716675484,4.17183197752
30125,43,43.7717357731,4.43848561872
30126,2,43.9879024392,4.30556472108
30127,2,44.0759473205,4.57117388121
30128,44,43.7236593605,4.35870073363
30130,34,44.3439338933,3.95189024113
30131,25,44.2089882991,4.43936949575
30132,107,44.2271512171,4.02984902103
30133,253,43.5072810882,4.16622948662
30135,21,43.8279005842,4.55775920877
30136,7,43.7615067362,4.11752159876
30138,23,43.8045117845,4.25533661815
30139,1,44.1272274287,3.37586274913
30140,27,44.0428979358,3.85182045128
30141,54,44.1029568271,4.66389513091
30142,3,44.2151183634,4.0646367548
30144,2,43.8432239983,4.05620169328
30145,4,43.9087685833,4.5151493479
30146,32,43.9854061148,4.10852681331
30147,25,44.012896173,4.05098256075
30148,1,43.8897491816,3.98276323477
30149,4,44.0301466935,4.68213328807
30151,6,44.1667929571,4.37557833137
30152,19,44.2281290306,4.17436325066
30154,1,44.025220492,3.62733015524
30155,92,43.8056903138,4.48826183061
30156,144,43.8611502608,4.45020643923
30158,1,44.0408533992,4.17785978935
30159,8,44.2550484499,4.08132775879
30161,1,44.0223485002,4.11089321183
30162,1,44.0156314122,4.02183233884
30163,1,43.9551103852,4.1622404326
30164,4,44.2309207985,4.36426612667
30165,17,44.10161097,4.15129605543
30166,24,43.8773658406,4.55418222492
30167,2,44.2779055654,4.15935326092
30168,1,44.1249777837,3.93832235648
30169,62,43.7887623974,4.30911976796
30170,21,43.9707308268,3.571824012
30171,18,44.261353293,4.14846746114
30172,3,43.9963876562,3.87875634436
30173,10,44.1210558749,4.17830623987
30174,31,44.0446191857,4.38296878497
30177,2,44.0893365296,4.18124085766
30178,8,44.0783218138,4.74279403652
30179,32,43.8750973783,4.59182307078
30181,1,43.9030471279,4.117330808
30182,22,43.8539397379,4.15932886885
30183,1,43.9255132059,4.12932302147
30184,7,43.9775652657,4.23531660629
30185,8,43.7371547201,4.20278682851
30186,10,43.7870618178,4.2329725276
30188,5,44.0243244124,4.15845569543
30189,7661,43.844938394,4.34806796996
30191,12,44.1348287261,4.66522827508
30192,1,43.8876882882,4.0431656403
30193,10,43.8696516481,4.21350667303
30200,10,43.8962167009,3.85986243613
30201,38,44.3981409467,3.96697312804
30202,222,44.2526637065,4.63901945786
30203,3,44.2634305741,4.03867170883
30204,1,44.2243968087,4.22738343545
30206,38,43.9145982171,4.42394747626
30207,1,44.0390457714,4.5813397789
30209,31,43.9993699011,4.76481099943
30210,173,43.9179934684,3.99722251825
30211,36,43.8345466774,4.51298942933
30212,120,43.9405719288,4.56488938699
30214,9,44.0418878865,4.08501586323
30215,1,44.2144809997,4.28853303845
30216,2,44.272616356,4.10232819302
30217,68,43.9811688272,4.68155728487
30218,1,44.2390551255,4.28316039005
30221,65,44.0414756862,4.7565701251
30223,24,44.1972122109,4.15147892026
30225,2,44.1502616277,4.5512334639
30226,12,44.2239447184,4.63170135907
30227,56,44.2524583659,4.19418573198
30228,13,43.9319120085,4.34202199629
30229,5,44.0274774754,3.67645577466
30231,1,44.1476476774,3.68551072033
30232,1,44.1653858318,4.4963265641
30235,6,43.9271833861,4.53872495872
30237,5,44.2826357657,4.19801867404
30239,1,44.2612523618,3.98352862415
30240,2,44.0366406737,4.20242445704
30241,45,43.9676006581,4.2748195399
30242,1,44.265811476,4.5140617936
30243,105,44.0837854635,4.0766500677
30245,1,43.8311717606,4.18822528852
30247,1,44.2378320115,4.24892271537
30249,24,43.8046137629,4.22332689655
30251,1,44.178936222,4.70010353904
30253,20,44.2374003099,4.1069464512
30254,7,44.0657349298,4.73124185894
30255,31,43.94623194,4.2131714959
30256,4,44.1950468347,4.5792517041
30257,19,43.8745230811,4.46960919044
30258,149,43.6582880911,4.4077842781
30259,50,44.0920759418,4.12381898108
30260,2,43.9723003096,4.59999456727
30263,88,43.9541335722,3.85306084784
30266,13,44.2671009093,4.30048021617
30267,1,43.9898474305,4.0762512043
30269,46,44.1071750382,3.87785905992
30270,18,44.1164232741,4.0327398577
30271,5,44.2129255988,4.20424257202
30273,2,44.2832227467,4.56872809849
30274,24,44.1899717344,4.10039832397
30276,30,43.5704667383,4.24257576884
30278,34,44.0556997374,4.69243062934
30279,9,44.1117248991,4.4613624707
30281,26,43.883428013,4.17283448952
30282,6,44.1419755663,4.4845481491
30284,37,44.1658828602,4.0750003608
30285,5,44.0353174953,4.24315062055
30286,2,43.9881019257,4.45516450439
30287,6,44.2062878701,4.55120347402
30288,5,44.2000873648,4.62191805958
30290,18,44.2607888624,4.58682211598
30294,109,44.1416859983,4.13063351815
30295,66,44.057337074,4.43872425053
30298,1,44.1146870465,3.99030045103
30299,11,44.0153596124,4.46857345963
30300,1,43.9433900871,4.08343704008
30301,1,44.0432790146,4.4844159444
30302,18,44.0551218504,4.64162593876
30305,68,44.1650140999,4.16135836746
30306,1,43.8113201948,4.06673339715
30307,50,44.194603836,4.01746803987
30308,41,43.9548767362,4.4196061912
30309,1,43.8666268066,4.03456687975
30310,12,44.1191109205,3.76891045379
30311,50,43.9373635895,3.95465985604
30312,14,44.0168058845,4.80890320388
30313,8,43.962257461,4.21739461052
30314,1,43.9664958937,4.0802622327
30315,17,43.9447000008,4.69826538851
30317,5,43.9119026242,4.56096710639
30321,188,43.7756118498,4.08232743857
30324,2,43.8195872223,4.13553347163
30325,9,43.9885776737,3.73217518553
30326,15,44.0091067079,4.69193151611
30328,4,43.9037474433,4.6260789572
30329,2,44.0651729545,3.92069060431
30330,2,44.0186321006,3.98505349689
30331,13,44.116981743,4.59282307489
30333,49,43.7590865488,4.26505748262
30334,586,44.0136590402,4.41600031556
30336,8,43.8567379511,4.63352025788
30339,12,44.0875534961,3.61946476562
30340,3,44.0080792047,4.58999068542
30341,188,43.6258468531,4.30597093294
30342,3,44.198514501,4.66816449365
30343,4,44.1658255744,4.44866506669
30344,89,43.7375360363,4.23360990528
30345,1,44.2842521059,4.00752178813
30346,13,43.9668458822,4.51945060223
30347,6,43.7360708726,4.26452194567
30348,36,44.0510480255,4.13455182602
30349,1,43.8679462707,4.07716172546
30350,147,43.9886565575,3.62522883405
30351,239,43.9771673582,4.79466040665
30352,21,43.7960985026,4.10074898591
30354,1,43.9375478225,4.1527019626
30355,3,44.0756512513,4.61675819093
30356,21,43.825503937,4.43410669109
31002,1,43.3349232679,1.58645774821
31003,2,43.5693635882,1.58421445375
31004,51,43.4290243945,1.59439448927
31008,1,43.3522518749,0.810075633308
31009,2,42.9696953465,0.676907980365
31010,1,42.8311657614,0.587701526157
31013,7,43.0667699712,0.64401533309
31020,42,43.0114092218,0.805918611708
31022,180,43.6713968117,1.42370910767
31025,1,43.4804161473,1.45712269625
31026,6,43.519408834,1.82440314638
31028,65,43.2137172821,0.871496161348
31029,1,43.5351953574,1.68120009719
31032,107,43.6836034494,1.32887054853
31033,197,43.3595991576,1.47742796554
31035,89,43.5286122552,1.48721978973
31036,14,43.540140769,1.56831984014
31037,10,43.3769712959,1.77272704833
31038,1,43.7200477116,1.67437358788
31042,133,42.736147731,0.626640395614
31044,374,43.6115258731,1.50459138348
31045,10,43.0349167562,0.621843270665
31047,1,43.2246503124,1.28820389123
31048,60,43.4622367436,1.62799581298
31049,2,43.7357441741,1.51960464279
31050,11,43.1144562142,0.869747129853
31052,6,43.3798440302,1.35610208847
31053,43,43.6525825042,1.55869879525
31056,106,43.667783714,1.37408906279
31057,33,43.5037794316,1.56972339327
31065,25,43.377910708,1.17131231039
31066,87,43.796995756,1.58618244226
31067,1,42.9389029798,0.702058330112
31069,637,43.6421867862,1.37886941086
31070,1,43.2538737528,0.647870154984
31071,1,43.3411967523,1.1619650342
31073,81,43.8426819067,1.5434822211
31074,1,43.6764879436,1.62258710313
31075,9,43.5441107951,1.13701796182
31076,1,43.1236831368,0.634949755967
31079,42,43.7958003847,1.4191891401
31080,67,43.2904403081,0.650641474176
31082,8,43.6062435509,1.69878224324
31084,19,43.1763531912,0.960371645513
31087,3,43.4884997538,1.07003816483
31088,56,43.6156942044,1.23194886903
31089,2,43.7059673494,1.19620532147
31090,1,43.7692039824,0.998300952278
31091,99,43.7271508931,1.40915818124
31093,7,43.7897007314,1.14613239704
31094,15,43.7685831064,1.61379658307
31097,12,43.5220437405,1.86897842751
31098,45,43.7262666734,1.04672330873
31100,41,43.2841584192,1.62632523244
31101,1,43.4619758547,1.17879278743
31102,1,43.4906846108,1.7895005846
31106,55,43.5291002668,1.75296927178
31107,140,43.3014494679,1.21849966052
31109,1,43.2311062604,0.799151440801
31110,1,43.1242700684,0.991401965489
31113,269,43.5136166687,1.50383757047
31114,1,43.0356678546,0.927325532514
31116,126,43.6974132735,1.4355878363
31117,155,43.6845152261,1.53745049477
31118,79,43.7938485319,1.36164575228
31120,4,43.6709769042,1.14478354083
31128,1,43.2953977811,1.45851847854
31135,107,43.2203354224,1.09307402728
31136,55,43.7456992513,1.43660975601
31139,3,42.9406957068,0.66516191816
31140,1,43.0047959072,0.875406568776
31142,1,42.8554210387,0.587203790496
31144,11,42.9126857929,0.634654016295
31145,54,43.3068275347,1.53572104777
31149,834,43.611551508,1.32700218407
31150,793,43.6486265729,1.32242964582
31151,4,43.4715894844,1.48988057955
31157,283,43.5449211242,1.34286223759
31159,7,43.1471175091,0.611931912745
31160,11,43.6872531862,1.26634638544
31161,26,43.482390026,1.53265253499
31162,22,43.4727663351,1.55123674393
31163,35,43.5917450046,1.60317858456
31165,55,43.4276929383,1.35897762267
31167,6,43.0532848166,0.746258275934
31169,85,43.5209125935,1.55243226997
31174,1,43.0338015189,0.844111123426
31175,14,43.108852598,0.781108335801
31181,18,43.3984327015,1.2940830427
31182,101,43.6848098988,1.39052053451
31184,57,43.5977742595,1.55391307823
31186,19,43.6798211278,1.43492132755
31187,144,43.5317695743,1.23863670585
31188,102,43.5554168376,1.19738282576
31189,1,43.4311541464,1.04326431364
31192,3,43.498117622,1.62175051569
31193,37,43.2863317906,1.06495178565
31202,158,43.8517933672,1.37926505581
31203,94,43.5213246491,1.31308144472
31205,43,43.7075932093,1.36359468155
31206,95,43.2567352836,1.45627950177
31208,1,43.0640234495,0.836948319209
31210,38,43.3848367131,1.67826808704
31211,1,43.7592156641,1.45920963091
31212,19,43.7133738852,1.55161276907
31213,1,42.807334211,0.497947731737
31215,1,43.6176900589,1.63698361771
31216,1,43.7390147281,1.59616914343
31217,2,42.9989362033,0.668863538548
31218,1,43.2589572773,0.603577328953
31220,1,43.3026504146,1.67636064192
31224,30,43.0693789495,0.575641802967
31226,1,43.1791349745,1.18187382693
31227,2,43.4816353803,1.42653323258
31228,43,43.6830952674,1.58238144646
31229,5,43.3258752014,1.12264895542
31230,49,43.7204638549,1.43434867607
31231,2,43.3114150359,1.44878574515
31232,229,43.7640507757,1.28038974975
31233,3,43.4078546478,1.45277463176
31237,4,43.0649908424,0.965815037259
31239,54,43.3811500613,0.83387534106
31240,3,43.422775887,1.50277699611
31246,14,43.1078272135,0.832464946547
31247,12,43.0809091883,0.671429953556
31248,87,43.4585461585,1.40082976957
31249,44,43.4833061095,1.66361154425
31250,2,43.3495275482,1.10615893654
31252,36,43.7357715003,1.4659716657
31253,41,43.4572488277,1.23711538242
31254,268,43.539137717,1.5206207109
31256,3,43.4049029199,1.47157960767
31259,34,43.5008164665,1.42391034404
31260,1,43.1654323189,0.913233525531
31261,5,43.3031701623,1.1622399774
31262,4,43.3452720322,1.69665313255
31263,104,43.4146075746,1.39259285705
31264,2,43.3373994555,1.40523002745
31265,1,43.788801434,1.07315140628
31266,13,43.4402741195,1.06577822679
31269,2,43.4845365161,1.24833943627
31270,6,43.1295155523,0.777804003503
31271,34,43.561512681,1.66802980553
31273,34,43.70162146,1.5103595038
31277,1,43.6358181095,1.19125199564
31281,11,43.7503565656,1.17070596349
31282,78,43.6700766081,1.45516003737
31284,10,43.5583468414,1.56690064606
31285,9,43.6393734438,1.59168661555
31286,15,43.2526939851,1.11470722168
31287,51,43.3913118725,1.24635316993
31291,128,43.5919597795,1.2290264629
31293,19,43.7158013757,1.38334888533
31297,40,43.6593918197,1.20389227339
31299,60,43.4293377218,1.22334236594
31300,4,43.1495836513,0.773537344918
31301,1,43.2848643262,0.809582811778
31303,23,43.3574229585,1.21425495972
31310,34,43.4310851091,1.78134765321
31311,9,43.8136980944,1.5350363614
31315,18,43.080178576,0.9447955326
31316,7,42.8948589478,0.666041142898
31317,9,43.3049878647,1.10662037582
31320,24,43.3095545931,1.25946317951
31324,37,43.2020024621,1.00117227256
31334,9,43.3756100753,1.30283298461
31336,5,43.1324112099,0.963599428998
31338,2,43.6792240578,1.18745822863
31339,3,43.6206862872,1.1676078873
31340,2,43.506330557,1.47317310348
31341,57,43.722156746,1.29598401915
31344,7,43.0914345294,0.755642928853
31345,36,43.3768947053,1.41723287336
31346,3,43.8243902958,1.5774699768
31349,2,43.2413424227,1.04245489237
31351,50,43.6630816074,1.28127988411
31352,8,43.6315742429,1.56216413003
31355,44,43.6112261836,1.57399371785
31356,25,43.6803943619,1.2345663902
31358,105,43.7221234765,1.58906433836
31360,8,42.7905243609,0.623354384016
31364,70,43.7203107344,1.48894998415
31365,5,43.1195780479,1.24932023681
31374,2,43.4073286541,1.62763249857
31375,43,43.192539602,1.21785196007
31380,2,43.3434044557,1.64154767835
31381,58,43.4551909277,1.57052406322
31383,1,43.7787304929,1.52666645507
31384,11,43.4853075603,1.5806088714
31389,81,43.6424532193,1.5288063297
31390,80,43.0885884936,0.558463262724
31391,111,43.1102814819,0.932230467606
31395,1167,43.4491077783,1.30784679414
31396,101,43.3652413733,1.61316756794
31399,35,43.3605188083,1.27051945218
31400,1,43.4925754832,1.93375847468
31401,2,43.4150222311,1.52583069326
31402,2,43.5219394516,1.59326586441
31403,1,43.7861277519,1.30409747557
31406,1,43.1942889645,1.06030325813
31407,1,43.7542223312,1.55478228901
31409,14,43.5015132384,1.51044990153
31410,113,43.7112584886,1.45879137829
31411,26,43.5246551254,1.45720316264
31412,2,43.3182848209,0.703637578751
31413,2,43.7414209784,1.11866923915
31416,7,43.3257060217,1.18484909158
31417,159,43.6274385363,1.26139475262
31418,66,43.6223426383,1.53573594468
31420,45,43.503057751,1.39393626333
31421,58,43.4824421099,1.3908759872
31424,311,43.557591642,1.28585811821
31425,3,43.1672002884,1.12227665636
31426,8,43.0908571473,0.625846864385
31427,2,43.0835798216,0.79692777032
31429,10,43.4942932481,1.52109130847
31430,2,43.1122469519,0.596250257433
31433,177,43.529395272,1.40251955724
31435,6,43.423058709,1.16684453964
31439,3,43.520415718,1.63189068715
31445,922,43.5815682751,1.54212357917
31446,669,43.5441837911,1.47782372823
31451,278,43.4656037799,1.99689394052
31454,78,43.4121701053,1.11454294712
31455,110,43.2555733864,1.20637769393
31457,6,43.1598351922,0.986755873381
31458,46,43.5074145403,1.35458627554
31459,1,43.7337247412,1.63773402286
31460,57,43.4947364798,1.37416616378
31461,1,43.0564508263,0.882775908719
31462,70,43.6638973409,1.52541943073
31463,3,43.4646275014,1.93578142821
31464,2,43.4686663563,1.05725626778
31467,102,43.6927708878,1.41260524785
31471,25,42.9045912184,0.685235191061
31474,1,43.1924235552,1.12803637637
31475,14,43.4758983843,1.20896843964
31476,6,43.2818516873,1.13779524495
31478,21,43.4505941916,1.90172958444
31480,31,43.5509540982,1.60301367182
31481,36,43.4808986734,1.13693209455
31483,708,43.1199260811,0.726613564199
31484,21,43.6848850771,1.48047033439
31486,2,43.4206504787,1.26875220211
31487,12,43.1568513226,0.68984481098
31488,796,43.6632000218,1.50080213607
31489,1,43.6977269896,1.61794512613
31490,76,43.739344106,1.35625454624
31492,10,43.2495379286,1.14676806452
31495,4,43.3970008535,1.56284460409
31497,99,43.6978585888,1.47992781027
31499,171,43.5100073275,1.19955711914
31500,1,42.7721497785,0.630003335404
31501,3,43.6566271869,1.61471686848
31503,35,43.1434206034,0.936747778684
31506,390,43.5590787673,1.53513710649
31507,10,43.69951639,1.22058648021
31512,13,43.5681959478,1.62684494584
31513,2,43.1679631081,0.570009022734
31516,23,43.7513409309,1.3957911718
31517,44,43.3245529434,1.34127372326
31518,3,43.5147776927,1.08883796695
31523,118,43.1013456235,0.962933495319
31526,118,43.5754800218,1.26616319872
31530,2,43.2274229505,1.01117765255
31533,17,43.4793134879,1.3595994131
31534,1,43.590855656,1.72440998002
31541,59,43.6900953799,1.35675007167
31542,3,43.0527421754,0.576818914765
31547,158,43.4988915794,1.28690575634
31550,3,43.0509238346,0.782447684283
31553,3,43.710151594,1.15302056631
31555,20450,43.5963814303,1.43167293364
31557,402,43.5781918597,1.33500697752
31558,1,43.4752896942,1.74625050707
31559,1,42.8038266545,0.568978868015
31561,339,43.6542470428,1.48394847329
31563,6,43.7908380932,1.48368573442
31565,7,43.0883480821,0.701390343132
31567,1,43.5947686475,1.64987135863
31571,1,43.5907350293,1.7654488225
31572,83,43.4337432193,1.4666400302
31573,51,43.6637744377,1.67738560148
31574,75,43.4279795368,1.42137431875
31578,6,43.5076843146,1.44766808387
31579,3,43.7508797408,1.49097697457
31580,2,43.46763006,1.38192246692
31581,10,43.831729686,1.43579382014
31582,335,43.4067792695,1.71965126707
31583,2,43.8287331466,1.49684943742
31584,115,43.8644095962,1.49043812706
31585,33,43.1223437031,0.670046646703
31587,8,43.7737816543,1.4238362081
31588,137,43.5266707182,1.34648807644
31589,9,43.4379199394,1.66303514968
31592,11,43.7340725626,1.22427334755
32001,16,43.6944329355,0.0870356646596
32004,2,43.705221087,-0.17265437468
32005,1,43.7407745105,-0.061788186637
32012,11,43.6535011222,0.784637869521
32013,1656,43.6534300414,0.575190250459
32016,1,43.5585584214,1.07381651463
32019,1,43.5796421888,0.632117026282
32027,8,43.69328997,-0.212928744956
32029,3,43.6220194252,0.448452323881
32032,2,43.5746981282,0.250833714545
32036,18,43.5864405522,0.106916356793
32051,1,43.5354869926,0.880550052099
32054,2,43.6946727542,0.404239086653
32056,1,43.6742793399,0.807524720457
32062,1,43.8280033037,-0.00793722543785
32069,1,43.420255903,0.841855457027
32076,1,43.5810895622,0.724408794123
32079,13,43.9434923568,0.10186302495
32083,22,43.8015571753,0.433315812149
32094,1,43.7842826352,-0.0711396072349
32095,3,43.9471704365,0.441602960063
32096,48,43.9251854258,-0.028737932075
32098,3,43.5452047263,0.978268681087
32106,22,43.7176064858,0.975053061253
32107,242,43.9716968333,0.374186827134
32110,2,43.842950369,0.241076890642
32115,2,43.7618537122,0.166713123878
32116,1,43.3407927968,0.419689843256
32117,5,43.672773032,0.561778895339
32119,78,43.8607370613,0.105730356401
32121,3,43.5444326144,1.02189690192
32123,1,43.6455146384,0.911624650166
32124,2,43.4291996718,0.870269920288
32127,7,43.8724476827,-0.104454073266
32132,144,43.8402794076,0.64245586546
32146,1,44.0374266467,0.719582060936
32147,113,43.6206403859,0.880976872847
32149,8,43.8786441863,0.260411080095
32155,26,43.7695328695,-0.185293783845
32156,2,43.5147795841,0.463769960851
32160,234,43.6144926041,1.08127836593
32162,16,43.7570244971,0.444927159956
32165,1,43.6069084453,0.82649870993
32167,1,43.4720603975,0.301177050148
32175,17,43.5362096999,0.060096709408
32180,1,43.8903093881,0.200736474088
32182,1,43.5626431381,0.89864407712
32190,1,43.808107132,0.224965235255
32196,1,43.8298476261,0.46893020045
32197,1,43.9755473747,0.282230658284
32199,1,43.6298461765,0.0609345558619
32200,1,43.6034958124,0.526620389373
32201,1,43.5727715292,0.575516716894
32202,1,43.8030824255,-0.115343246115
32208,67,43.9405030561,0.650762392132
32210,3,43.5677012394,1.13315206231
32212,2,44.0418693896,0.483572865332
32213,74,43.4666661613,0.901915416413
32215,1,43.5013299383,0.511821177501
32219,1,43.6880530746,0.187356485668
32221,1,43.6197914762,0.739735287633
32223,3,43.8927817085,0.72358337576
32227,6,43.8178857934,0.0585536753476
32233,29,43.521249291,0.156300856185
32237,1,43.6479275697,0.723516841894
32239,1,43.9410871869,0.536253009909
32240,1,43.5524108996,0.22300525689
32242,45,43.4317876537,0.586727332554
32246,1,43.8431026932,-0.129777631526
32247,1,43.5849784687,0.916693670895
32249,90,43.7315774069,0.866244798675
32252,18,43.4293162971,0.310399473004
32253,8,43.9947437393,0.758879620932
32256,112,43.5186713962,0.410792361049
32258,1,43.7442786824,0.670131677714
32268,32,43.6126690872,0.98080946812
32269,2,43.7914130393,0.824811045204
32271,9,43.8535441916,-0.189101888026
32278,1,43.3996449694,0.421986128901
32282,77,43.6420882254,0.668712450968
32285,12,43.5780506568,0.33230525991
32286,11,43.7935827191,0.627663665443
32288,2,43.5877135301,0.856761805705
32290,16,43.9513728334,0.199673132444
32292,2,43.8996297752,0.306322638694
32296,97,43.7612028008,-0.0306381303587
32297,3,43.5317727969,0.936447899241
32301,16,43.6837953357,0.477177140595
32306,3,43.8842839137,0.620708224899
32307,35,43.605614575,0.589850870884
32312,2,43.6087293249,0.664949028866
32314,1,43.9964330761,0.80968636062
32319,58,43.6007929078,0.0437492719772
32328,1,44.0383578636,0.521396806967
32329,1,43.7937593553,0.571624025705
32331,20,43.7210485292,0.636835530591
32333,1,43.6074466247,-0.232771033675
32334,12,43.5897953804,1.17106411645
32335,3,43.7472496042,0.74669365251
32340,1,43.8713310328,0.0375331415529
32343,1,43.6535301876,0.33796916031
32344,53,43.6454030402,-0.078542343724
32345,8,43.9866068735,0.503612353282
32365,8,43.3503699473,0.656853892371
32370,45,43.8928262507,0.761393836193
32372,2,43.6982927538,0.988565148255
32373,1,43.4164604134,0.364817830284
32377,1,43.7350584133,0.93023546644
32378,11,43.6752505393,-0.146632518805
32381,3,43.5737293634,0.514611237658
32382,1,43.7345063644,0.381202830374
32389,1,43.5079691513,0.374354787173
32396,1,44.0338368158,0.56893422575
32398,4,43.644278367,-0.140293846717
32404,6,43.8684997872,0.45938385688
32405,2,43.8415690782,0.585585218157
32410,79,43.4935426323,0.934596447621
32412,17,43.5243197387,0.760359973861
32416,1,43.7704131309,0.928322763871
32417,1,43.8493406268,0.533837296503
32426,29,43.4981861217,0.571544728531
32429,2,44.0211935809,0.641183560701
32433,10,43.457392326,0.73670535692
32436,1,43.8030207039,0.886775990796
32448,1,43.6868075437,0.918063549202
32449,6,43.8219002959,-0.178398036084
32459,14,43.8682182718,0.363460547299
32460,1,43.7235746425,-0.188266221507
32462,89,43.762029942,0.297842185088
32463,2,43.6004267711,-0.138847798768
32464,9,43.4001487787,0.200965512965
33001,31,45.0106457764,-0.130179806678
33002,12,44.4835265148,-0.0662157307002
33003,186,44.9444897713,-0.500579133995
33004,21,45.0115337381,-0.548307688841
33005,239,44.754520164,-1.08109347037
33006,2,45.2115004641,-0.638219671471
33007,1,44.670996265,-0.40276700503
33009,292,44.6529002838,-1.17429790933
33010,2,45.0765827796,-0.70962789405
33011,419,44.7952271583,-1.07883221151
33012,44,44.9884555453,-0.701315089192
33013,134,44.8603385038,-0.490377864769
33014,3,44.9726275615,-0.140230577945
33015,25,44.8915609745,-0.2766650988
33016,1,44.948000841,-0.426140042682
33018,17,45.0218017593,-0.404998298287
33019,140,44.7138966628,-0.944173294479
33021,20,44.5076532706,-0.163740689311
33022,32,45.005403307,-0.760815427452
33023,66,44.702438627,-0.484145189594
33029,65,44.6268462922,-0.746697894211
33030,16,44.6017775611,-0.323930210636
33032,98,44.9084140601,-0.525868280903
33033,1,44.7274813784,-0.433879900007
33036,142,44.4424533682,-0.212326795621
33037,28,44.7034400813,-0.459169831543
33038,13,45.3670708459,-0.8958001736
33039,566,44.8016009051,-0.547755768448
33040,15,44.6493296399,-0.325359958986
33042,76,44.4861918644,-0.786911494042
33043,1,44.7382366196,-0.221985163561
33046,17,44.3630023376,-0.259455361877
33047,15,45.1170453361,-0.574457509395
33049,41,44.8720986802,-0.371061505246
33051,348,44.6611063153,-0.948829442283
33052,10,44.962026014,-0.242724056573
33053,1,44.4124016589,-0.143472733247
33055,32,45.3230869763,-0.865864603623
33056,261,44.9231492741,-0.612268950301
33057,17,44.7502132956,-0.089121338882
33058,352,45.127899764,-0.669707092291
33060,1,44.5529791814,-0.344933084862
33061,4,44.8193051355,-0.410997563502
33062,2,45.0072015945,-0.221528081748
33063,13914,44.8572445351,-0.57369678116
33065,63,44.8160953539,-0.50487313207
33067,40,45.0398664572,-0.547187308975
33069,734,44.8661298323,-0.602121558626
33070,5,45.0409201338,-0.948184300809
33071,38,44.8281852222,-0.180276839156
33073,37,45.2544518508,-0.646204430347
33074,1,44.4879887371,-0.177790358519
33075,978,44.8889469436,-0.600427664273
33076,4,44.5346733151,-0.399965558931
33077,11,44.5919178983,-0.549470960581
33080,89,44.7463102353,-0.529387094363
33081,497,44.640655028,-0.305411766484
33082,5,44.9623132376,-0.373407122831
33083,1,44.8255815323,-0.368684633032
33084,47,44.7403794347,-0.462515708887
33085,60,44.7664526073,-0.475866480687
33088,4,45.016429862,-0.0351593823599
33089,1,45.1842358526,-0.560005135989
33090,116,44.7598891584,-0.65697711026
33093,2,44.716585777,-0.327839975905
33094,1,44.7672577691,0.150751886414
33095,20,44.2537330711,-0.28409017243
33096,166,44.9025299083,-0.501176652356
33097,27,45.0847969006,-1.04933512467
33099,50,44.8094507679,-0.472244925995
33100,18,45.1284908523,-0.616952904879
33101,12,45.1912964207,-0.578370670079
33104,142,45.0074633162,-0.812848440368
33106,12,44.5558858175,-0.141301295122
33108,73,44.8619054717,-0.0287795124609
33109,32,44.6858784947,-0.455026609065
33111,24,44.5846738826,-0.144878442229
33112,1,44.6957842338,-0.0109965772154
33114,66,45.096401427,-0.381910358061
33118,83,44.7826946723,-0.456684447802
33119,723,44.8548325665,-0.521018807062
33120,27,44.6273573941,-0.33978567872
33122,278,44.7237410966,-0.726825410115
33123,5,45.0855145427,-0.431075960608
33125,25,45.220435054,-0.848792413525
33126,2,45.1112083478,-0.461315031465
33130,5,44.5004950775,-0.212633821506
33138,156,45.0390867207,-0.105373715279
33140,221,44.770425384,-0.343606134456
33142,5,45.0728274718,-0.419591338026
33143,20,44.9696352985,-0.446132776747
33145,1,44.7957089304,-0.33460674853
33146,5,45.1199548347,-0.72618379335
33151,3,45.2339831114,-0.445024799507
33154,13,45.0928940224,-0.0328830508669
33159,20,45.2209962068,-0.581677744347
33160,1,44.819717778,0.14910058165
33161,3,45.1935625916,-0.60988049368
33162,511,44.8797152377,-0.647899474657
33164,3,44.5353844514,-0.294974824238
33165,92,44.819815277,-0.439992385579
33166,1,45.0551327657,-0.0359458641255
33167,577,44.8338094646,-0.520646895866
33169,1,44.5700178825,-0.0629604195492
33170,1,44.5553150751,-0.0279073992518
33174,22,44.9220632004,-0.279859692474
33175,10,44.7297633138,-0.144178489946
33177,18,45.3129626409,-0.987597387066
33178,2,44.4363899327,-0.134945962959
33179,39,44.9904736061,-0.276833438691
33182,14,45.0640707236,-0.629412029875
33183,7,45.0457476873,-0.395962651945
33185,5,44.8604999548,-0.249176861403
33186,9,44.7947598908,0.0843381724535
33187,14,44.5911619768,-0.0876331035649
33189,6,44.6632972482,-0.1839383774
33192,575,44.7709411201,-0.616137682116
33193,5,45.4351862635,-1.10881933696
33194,1,44.8168819983,-0.218779219407
33195,40,44.4096678184,-0.0256453531001
33196,1,44.8035781649,-0.2106680867
33198,22,45.0431099421,-0.186650688542
33199,316,44.5940361232,-1.08427455858
33200,321,44.8690837903,-0.684443512134
33202,15,44.4849173448,-0.656859781081
33203,66,45.1807913533,-1.06580080764
33204,11,44.537084406,-0.00499948026511
33205,10,44.6070822576,-0.380440319465
33206,1,44.726604598,-0.473681984875
33207,49,44.922024323,-0.355652161244
33210,2,44.8137050234,0.0536333384557
33213,86,44.6801130358,-0.53691849986
33214,111,44.983404414,-1.10810794832
33218,2,45.0781941491,-0.160779804845
33219,40,44.9839394849,-0.380437424573
33220,35,45.0938248209,-0.711211655735
33221,15,44.5644466731,0.0611018511899
33222,1,44.9568056428,-0.206253133932
33223,1,44.7425058294,0.160918010334
33225,23,44.5665616702,-0.442802950502
33226,48,44.7077300213,-0.374262816088
33227,749,44.5376287285,-0.241841251091
33228,1,45.064093095,-0.534857408079
33229,123,44.7744744246,-0.976985580148
33230,5,45.1108151595,-0.286501093262
33233,17,45.1237982623,-0.344529143591
33234,82,44.7900155493,-0.500800441782
33236,169,44.7609440223,-1.19293697437
33238,194,44.7191460436,-0.614707683753
33239,3,44.340461313,-0.151525582762
33240,412,45.2821023678,-0.935162142648
33241,2,44.6919250823,-0.37953441784
33243,1992,44.9130767869,-0.234709332068
33245,9,44.7951113982,-0.429417377257
33248,25,45.0683170003,-0.829346314707
33249,937,44.8765972567,-0.519774925453
33252,15,44.810050839,-0.390948542123
33253,2,44.6282363269,-0.287216072924
33255,1,44.2944038567,-0.34085237286
33256,40,44.9803239234,-0.590569121795
33259,7,44.9523815308,-0.354697747394
33260,2,44.4689386134,-0.915096258031
33261,29,44.9666973699,-0.0939830004604
33262,28,45.004972156,-0.612661871132
33263,1,44.7577269067,-0.397181377193
33264,14,45.073022085,-0.253636034832
33266,2,45.0595596341,-0.344873421107
33268,40,45.0468275892,-0.671911642441
33270,1,44.4100701595,-0.258019615716
33272,5,45.0629627303,-0.376243370882
33273,109,44.8450267218,-0.795499117928
33274,32,44.7153672874,-0.556994506438
33277,2,44.7697025762,0.101172936078
33279,5,44.503806188,-0.250077983098
33281,1627,44.8322953289,-0.681733084891
33284,95,44.6179149385,-0.895043516013
33287,3,44.5716886086,0.0260082761358
33288,1,44.6308462675,-0.255341056142
33289,49,44.6462089079,0.0892904208174
33290,10,44.9320818849,-0.126958398554
33293,27,44.8830118626,-0.429149844535
33294,4,44.6140049596,-0.0976758090404
33296,6,44.8332902441,-0.0217836463631
33297,13,45.0531974317,-0.784543632595
33298,11,44.8575503157,-0.220590516596
33300,8,45.2610002038,-1.05592808876
33302,1,44.9434879811,-0.177921280134
33303,6,44.843131883,-0.284955496145
33305,1,44.4702093406,-0.280941561777
33306,1,44.517026239,-0.0232977040899
33307,5,44.4800097936,-0.360121243141
33309,2,45.3073708232,-0.843285688562
33310,1,44.5038761051,-0.509904943904
33311,6,44.6854994592,-0.361810561695
33312,73,44.9541509661,-0.580766578801
33314,118,45.1990068041,-0.758200153521
33315,3,45.0651284509,-0.0878121434236
33316,11,44.7382200976,0.0952560866567
33317,2,45.0242960787,-0.316735068823
33318,3369,44.7915990521,-0.676303166277
33320,2,44.9814131472,-0.0564567492299
33321,30,45.0484108625,-0.431387189025
33322,121,44.9562692622,-0.670672181899
33323,13,44.5821324623,-0.216934173908
33324,46,44.8236972399,0.233443926253
33325,2,45.097903949,-0.651002369546
33327,94,44.6459179766,-0.358722392268
33328,2,44.9313091859,-0.204692390776
33329,1,44.3995823965,-0.298890658986
33330,27,44.8541963522,-0.431857978579
33331,4,44.5317947567,-0.0798688844488
33332,3,45.0370123077,0.00132456186091
33333,51,44.867037132,-1.14092605911
33334,50,44.6812515729,-0.426367189428
33335,1,44.8044080843,-0.357222869901
33336,7,44.3872999991,-0.36765609959
33337,32,44.5701114534,-0.309617244092
33339,14,45.0258741295,-0.495032335028
33341,27,45.0835194414,-0.498613967058
33342,10,44.9327886127,-0.0632513144683
33344,1,44.806319089,-0.0328874933658
33348,21,45.3608901239,-1.00082649674
33349,20,44.7509609178,-0.490697647694
33350,32,44.7824119957,-0.131058944697
33351,15,45.2294125934,-0.51659465108
33352,293,44.5860904495,-0.042370404021
33355,6,44.6684320932,-0.336471805521
33357,13,44.5054989017,-0.285142833143
33362,4,45.0243699436,-0.182863354079
33363,30,44.7827506267,-0.38947986904
33364,1,44.9570462832,-0.271169418164
33366,344,44.9954623723,-0.43596742679
33369,2,44.8105147656,0.199159623027
33373,3,45.0470360982,0.0461113956176
33374,4,45.2588194568,-0.572897144494
33376,154,44.9333497941,-0.748518197327
33378,3,44.8478527826,0.274744250182
33379,10,44.6937696181,-0.141055094504
33380,4,45.2880354799,-0.566771692266
33381,39,44.7540788366,-0.427673567177
33382,30,45.1439978714,-0.496519035518
33384,4,44.8971613275,-0.12024751685
33385,5,45.0834847193,0.0231131592109
33387,3,45.0354269369,-0.288732170922
33388,2,45.0873767558,-0.602217523862
33389,40,45.2980782445,-0.648058188533
33392,3,44.5979961934,-0.272147017146
33393,71,44.9879017706,-0.183958862029
33394,33,44.8999911844,-0.169955105989
33395,4,45.2509775886,-0.781613837384
33397,54,44.9016662079,-0.479039252599
33400,3,44.6953149671,0.0615909665111
33402,154,44.8408428381,0.217540501109
33405,1,45.1613439952,-0.668437136605
33406,1,44.899794746,-0.0641790008053
33407,1,45.0267396245,-0.345881901281
33408,1,44.7540640198,-0.378689815135
33412,1,45.2552033922,-0.895235523992
33413,34,44.8518771746,-0.334057269081
33415,7,45.0168841442,-0.466644365612
33417,46,44.9726615806,-0.913525242529
33418,1,44.6031750494,0.00530764786777
33422,178,44.7934010703,-0.819193904642
33423,1,45.1572384693,-0.737068946375
33424,89,45.1404040788,-0.862340576235
33425,8,45.0430455574,-0.465863416208
33433,105,44.9220849836,-0.430829260925
33434,14,44.9582743614,-0.533092800544
33435,41,44.5631655827,-0.232549072695
33436,5,44.5545369985,-0.658226760679
33437,34,44.8564111002,-0.0738465578343
33438,10,44.5770246409,-0.246142662745
33439,10,45.1211853951,-0.40505275637
33441,7,45.142779014,-0.642629661548
33442,7,45.0337147655,-0.232425034493
33444,5,44.5868737063,-0.165403223369
33447,23,45.0103439546,-0.0695991585994
33448,25,44.7113116565,-0.509379859547
33449,571,44.8832620816,-0.784239883546
33451,3,44.9260021181,-0.303356529349
33452,8,44.6247110153,-0.441646554916
33454,4,44.6420351361,-0.519894969485
33463,6,44.5791928369,-0.192914222319
33465,1,44.5455986707,-0.213270603156
33466,22,44.8184515689,-0.281173860387
33473,60,45.1636697331,-0.441034693146
33474,64,44.6549808448,-0.472634663136
33477,11,45.1579570055,-0.627426326593
33478,36,45.0105769146,-0.0011367508014
33480,20,44.8612319917,-0.188059653304
33483,44,44.9006929748,-0.386356667148
33484,23,44.4230431057,-0.540077855567
33485,35,44.8338850704,-0.120538591172
33486,1,45.0900998302,-0.580473676207
33487,3,44.9735956651,-0.481421340788
33489,2,45.1041763192,-0.507779257628
33490,22,45.4448997838,-1.02531932797
33492,18,45.1520899174,-0.405167820724
33494,8,44.9276818201,-0.845720627431
33496,62,44.8438707092,-0.39299225545
33498,67,44.5414583126,-0.883819514854
33499,1,44.9144882685,0.0055966007677
33501,31,44.6513032071,-0.631639793816
33503,1,44.9121930542,-1.00529484975
33504,15,44.531082109,-0.341531541732
33505,35,44.7629611039,-0.311980129147
33506,49,44.7005227855,-0.0766193491952
33508,2,44.5147062102,-0.108846337932
33510,1,44.6132843909,-0.232960926916
33511,3,44.4268508366,-0.0945303098396
33514,42,45.493296382,-1.10918123147
33515,1,44.6965920718,-0.288037993647
33517,5,45.0563042075,-0.697907697302
33518,3,44.7242938143,-0.41077713329
33519,142,44.9111778103,-0.680843022546
33522,2936,44.8060817507,-0.591124592873
33523,45,44.7345410468,-0.267821650496
33525,1,45.0535176036,-0.505943273443
33527,139,44.5781043558,-1.02426702104
33528,1,44.8635232625,-0.95904166915
33529,1112,44.5561823053,-1.17530826791
33530,2,45.0962146262,-0.547066877584
33532,2,45.0701772537,-0.314253428253
33533,25,44.5644281696,-0.275202743497
33534,4,44.717281049,-0.397019832374
33535,136,44.8419124871,-0.469935856995
33537,2,44.4334139021,-0.324575198234
33539,48,44.8910656059,-0.32583268578
33540,40,45.3394672808,-1.10059258014
33541,8,45.3988518423,-1.07454435969
33542,3,44.9940061941,-0.336975920597
33543,16,44.592150286,-0.248104423488
33544,10,45.5385656326,-1.07975440879
33545,6,45.2541334712,-0.845409908523
33547,25,44.4500209214,-0.380716602185
33548,5,44.9726067996,-0.312917809378
33550,777,44.773185218,-0.558212256384
33552,4,44.6522568451,-0.395140990742
33553,4,45.0259020314,-0.435395776761
33554,30,44.8802372837,-0.466351132109
33555,68,44.7030054504,-0.856342535157
34001,14,43.4575019905,3.29923508306
34002,9,43.535473519,3.42608475989
34003,504,43.309129116,3.48447903133
34006,1,43.3255517298,2.79308395136
34007,6,43.3476601284,2.82493400005
34009,14,43.4688122746,3.33925724714
34010,47,43.6835011433,3.59259437611
34012,3,43.7249523063,3.67420720253
34013,30,43.5672233099,3.4481611939
34014,16,43.7104129973,3.89790490064
34016,2,43.5777908844,3.61727878859
34017,1,43.4638784757,3.46993966613
34018,6,43.4997194171,3.16767512449
34019,2,43.7483953944,3.10467542388
34022,129,43.6581051757,4.01030491176
34023,167,43.4469007065,3.69072086799
34024,56,43.4659799669,3.69713367505
34025,29,43.4084026514,3.2545400418
34027,30,43.7298984427,4.02118900985
34028,218,43.6125569074,3.16680787195
34029,2,43.5541458971,3.50006172125
34030,1,43.4985990248,2.94998951427
34031,55,43.3569862701,3.41660408543
34032,3206,43.3475883319,3.23076754164
34033,36,43.7523646952,4.07621075324
34035,2,43.6543984294,3.64428863872
34036,16,43.6957752498,3.38710687452
34037,424,43.3803202017,3.26313194789
34038,29,43.7025373477,3.15150280873
34039,29,43.4453207742,3.65707555068
34042,10,43.8680305219,3.70509691756
34043,5,43.771599327,3.99491070508
34045,2,43.5777973112,3.34800607563
34047,4,43.5407744121,3.49239234848
34048,2,43.7858302535,4.03449984137
34050,8,43.6184336518,4.06397943606
34051,26,43.5983184879,3.48279950593
34052,68,43.3217608814,3.04813542922
34054,1,43.3973278254,2.60178289175
34056,6,43.4352029154,3.47130498268
34057,1380,43.6380218809,3.91265416028
34058,201,43.6886913473,3.97909849679
34059,1,43.3674487312,2.78721523132
34061,1,43.4679658506,3.09140817523
34062,2,43.5484030335,3.15563201931
34063,30,43.5044671037,3.36827222924
34064,14,43.8716890931,3.31157473989
34067,3,43.9181503248,3.69073251307
34068,1,43.5018486169,3.45727466019
34069,39,43.3976310061,3.09968408339
34070,1,43.4057714323,2.98753544728
34071,1,43.809322318,3.09184232431
34073,33,43.3302709569,3.31729573152
34074,54,43.454255953,3.04105685842
34076,8,43.6499208195,3.45967930935
34077,126,43.6620192267,3.88689748204
34078,31,43.8572510508,3.87648647293
34079,466,43.6338885209,3.41317415682
34080,3,43.5853145564,3.01084654208
34081,207,43.3154427074,3.14408489609
34082,14,43.6724651023,3.77949432527
34083,7,43.602411245,3.0476220061
34084,6,43.4019158731,3.19646909988
34085,2,43.4507697404,3.27495989155
34087,41,43.5404276115,3.70276147936
34088,84,43.5694241257,3.70642853592
34089,10,43.3771624265,2.99976062143
34090,188,43.6540978695,3.93608851243
34092,11,43.3518501139,2.93451082669
34094,2,43.4372418767,3.25795790915
34095,92,43.5344767016,3.77192951891
34096,3,43.5687652177,3.18349121003
34101,73,43.3858472782,3.4638416795
34102,1,43.7944026303,3.91839771103
34103,15,43.5419967541,3.39026556007
34108,382,43.4482458873,3.74923522416
34109,7,43.5181480219,3.26449755932
34110,2,43.7823313364,4.00782608796
34111,330,43.9457300618,3.70523816055
34113,92,43.4940932526,3.72353998798
34114,202,43.6393937216,3.57384628868
34116,194,43.6507076799,3.79423262021
34117,31,43.6862996463,3.08522636762
34118,1,43.7292469184,3.9239639392
34119,32,43.591789169,3.11770187761
34120,183,43.6629846943,3.9119610777
34123,220,43.6237646402,3.79579375182
34124,1,43.6572095085,3.42316601881
34126,322,43.5964619142,3.08445405222
34127,32,43.6364436854,4.08270443666
34128,4,43.9256514661,3.73343293055
34129,410,43.5638594056,3.90226222861
34130,33,43.5218394157,3.1996305574
34131,5,43.8313701737,3.88187587
34134,51,43.5848099789,3.80168949969
34135,22,43.2737109255,3.16982256617
34136,8,43.4922078632,3.43960981956
34139,21,43.4122997013,3.23066232037
34140,49,43.382486634,3.17270457784
34141,5,43.3372267899,2.63272340257
34142,301,43.7307354901,3.30567667879
34143,22,43.4494192218,3.62638267982
34144,2,43.7089785299,3.20607492455
34145,810,43.6820481757,4.13566472301
34146,31,43.6826642395,4.08422296335
34147,74,43.4808688877,3.21744589266
34148,40,43.370567073,3.1537894615
34150,101,43.3605776007,3.54718963761
34151,72,43.6268280772,4.14781957357
34152,2,43.7875830947,3.77381385903
34153,38,43.7279155498,3.8068218202
34154,349,43.5928279472,4.00425693337
34155,14,43.3515394407,3.10170846517
34157,170,43.4292981138,3.57774572973
34159,30,43.5170572388,3.80306531824
34160,3,43.5698246812,2.96307448549
34161,38,43.3285047609,3.11398724899
34162,49,43.4745284586,3.51074216978
34163,88,43.6470278582,3.69970280024
34164,4,43.7478625345,3.96019972895
34165,42,43.5327997823,3.67193055324
34166,31,43.3707718036,3.35755094036
34169,120,43.6690783518,3.86408542938
34170,1,43.3353694214,2.90623639932
34172,14345,43.6134409138,3.86851657896
34173,11,43.711158125,3.50240555203
34174,2,43.9497259922,3.75555165229
34176,25,43.6402176481,4.03634822151
34178,40,43.4576685107,3.13592247665
34179,15,43.6095675101,3.73935842429
34180,27,43.5995432245,3.43678111885
34181,5,43.5393423873,3.33354409395
34182,12,43.4214743639,3.4038201049
34183,56,43.2811833354,3.11227016
34184,4,43.5137142122,3.41956425429
34185,1,43.8324773443,3.75718423369
34186,9,43.6574397146,3.29580652136
34187,28,43.540135455,2.91772316116
34189,27,43.2811329903,2.73729224863
34191,1,43.4371324494,3.18478770413
34192,262,43.533536456,3.92620839566
34194,50,43.5382461437,3.45878001705
34197,5,43.5749250914,3.39831770364
34198,216,43.5606642689,3.95175708518
34199,398,43.462990168,3.41651652125
34202,176,43.5855297709,3.74922617626
34203,17,43.4090371213,3.51249503942
34204,13,43.5590614886,3.52978704961
34205,2,43.7561210421,3.26564672986
34206,3,43.3045807211,3.08955688711
34207,19,43.3966621859,3.51470119674
34208,2,43.6241428585,3.53329416559
34209,39,43.301736727,3.3476310741
34210,21,43.5925476738,3.51727150563
34211,11,43.5830682965,3.05437993033
34213,65,43.4938682747,3.66060526328
34214,22,43.4790289284,3.27343526543
34215,4,43.6204813753,3.50913792041
34217,94,43.7072541597,3.86489213915
34221,1,43.7250949806,3.60615436685
34223,5,43.4378848969,3.20792607822
34224,5,43.4539009157,3.23775688397
34225,40,43.3772339365,3.04590546447
34226,22,43.3507961482,2.980712669
34227,12,43.7241060431,4.04113886056
34229,1,43.5020076583,2.7978815483
34233,1,43.7962962251,3.20797377545
34235,2,43.6281696619,2.99215452371
34236,1,43.8258792958,3.81594115677
34237,39,43.5109460252,3.30936586252
34239,171,43.6502281651,3.50287642429
34240,91,43.6349513822,3.96578818387
34241,10,43.6102378186,3.55875643759
34242,14,43.776222742,3.95036124695
34243,23,43.9007200249,3.75901045062
34244,49,43.6665945893,4.03794071375
34245,62,43.4211029335,2.93138227583
34246,99,43.7236376937,4.07222709677
34247,290,43.6860686936,3.84318936676
34248,2,43.7680759693,3.91047320364
34249,34,43.7284558791,3.97774419373
34251,3,43.7836963728,3.38499935958
34254,13,43.6608409227,3.46889642638
34255,265,43.6896523672,3.80969577473
34256,26,43.6972031545,4.03751252164
34257,5,43.6879655757,3.00291654936
34258,10,43.4689118509,3.17497763189
34259,72,43.6168353652,3.77376629814
34260,25,43.6671393403,3.0497555288
34263,1,43.7530311064,4.01945192332
34265,4,43.744776404,4.00334009324
34266,3,43.7516512162,3.83370653974
34267,11,43.6938600875,3.5464221395
34268,4,43.7101712397,3.42987273184
34270,845,43.5716282319,3.83221847952
34272,33,43.6561845666,4.1118455055
34274,63,43.7926372953,3.70749671559
34276,160,43.7692073898,3.87002027505
34279,1,43.5174613218,3.08019366504
34281,26,43.5312864116,3.54356674694
34282,12,43.6147377182,3.67925764242
34284,74,43.4788345407,2.74852691953
34285,1,43.5093525294,3.51237930309
34287,1,43.7020641243,3.46562017139
34288,1,43.7355275594,4.1049570212
34289,70,43.3927611076,3.4008093198
34290,17,43.7107487308,3.87689704795
34292,2,43.6220930985,3.31240348008
34293,58,43.6021759228,2.68705591152
34294,7,43.7142810482,4.11714344824
34295,18,43.569013259,3.78095911379
34296,6,43.758954777,4.05038800559
34297,1,43.830914793,3.91858398089
34298,86,43.2910373806,3.25406479284
34299,155,43.2733185307,3.29725083254
34300,68,43.4143351267,3.30645261407
34301,1687,43.3917705831,3.64705148296
34302,5,43.3302941258,2.66325916558
34304,11,43.7796056987,3.35201368511
34306,1,43.7254656283,3.34970945877
34307,24,43.7090174126,3.99451003779
34308,2,43.6330025046,3.07651674533
34309,72,43.6849602174,3.92844546049
34310,68,43.4132925116,3.15810877475
34311,39,43.4426128717,3.37325063166
34312,1,43.6555250797,3.15144431615
34313,2,43.5728727057,3.48660359956
34314,4,43.7367810666,3.85739515015
34315,4,43.5218019107,3.46731273264
34316,2,43.7281811066,3.39872803324
34318,1,43.828951354,3.95059092593
34320,139,43.6641779009,3.72842619012
34321,28,43.67240395,4.05870783975
34322,3,43.8020094105,3.86188285063
34324,61,43.2476112282,3.28929431362
34325,6,43.419189427,3.36141259687
34327,164,43.6610457488,3.96283033113
34328,5,43.5790567885,3.56253401848
34329,23,43.2581519414,3.22720260244
34332,58,43.3131142636,3.39889710362
34333,36,43.4862693496,3.80342869911
34334,1,43.5401854893,3.00065269263
34336,49,43.3172489997,3.28958494349
34337,128,43.5249723481,3.85846205367
34340,8,43.7241089039,4.1368883121
34341,53,43.5001280333,3.59372946669
34342,1,43.7448968901,3.74026730313
34343,18,43.7367573026,3.69220324597
34344,263,43.5685394142,4.0758328467
35001,74,48.1464008617,-1.51879762112
35002,7,47.9998215771,-1.495562097
35004,100,48.4623399244,-1.47875897631
35006,55,48.0483656903,-1.13833015473
35008,3,47.9580414935,-1.1853971789
35009,29,48.5049240687,-1.77192284883
35010,3,48.5500094703,-1.69120416285
35012,279,47.8302948158,-1.67649507218
35013,13,47.7118573151,-2.0751766873
35014,20,48.0108227925,-1.30560487998
35015,11,48.1777363541,-1.18302870433
35016,11,47.9948578338,-1.92813623016
35018,1,48.4439442954,-1.10950795869
35019,27,48.4405619878,-1.56381100666
35021,2,48.3472640722,-1.15617278837
35022,30,48.2965087434,-1.9428236566
35023,53,48.1867854557,-1.94992897957
35024,210,48.1812360423,-1.64589552684
35025,15,48.2936717926,-1.25154460555
35027,5,48.1663042024,-2.08373655963
35029,12,48.4711533763,-1.7614236564
35031,79,48.1743733249,-1.43646357128
35032,23,47.988587599,-1.62222742311
35033,35,47.921351774,-1.72230702011
35034,8,48.5167692001,-1.64943236951
35037,64,48.044637167,-1.86571618785
35039,3,48.1107701278,-1.48991638652
35040,28,48.1381002626,-1.91036057871
35047,409,48.0261755313,-1.74817480915
35049,87,48.6835209896,-1.8650827351
35051,792,48.1202268032,-1.59714447272
35054,10,47.9537247439,-1.62469972831
35055,303,48.0817134724,-1.6038253094
35056,1,48.3817396388,-1.8184050063
35057,6,47.9365752557,-1.92323342783
35058,6,48.2664350425,-1.86414756163
35059,47,48.1768937301,-1.74067185823
35061,1,48.1402551265,-1.08972100382
35062,16,48.3352768083,-1.08530349718
35064,1,47.6972959919,-1.93416464602
35065,8,48.1252826202,-1.8581233152
35066,171,48.0451561683,-1.70650297343
35067,3,48.2351678517,-1.57162603055
35068,115,48.120001247,-1.40402096437
35069,186,48.0441575779,-1.50016256863
35070,40,48.5578928672,-1.92925036505
35072,9,48.2287242632,-1.16547272515
35076,47,48.0561574005,-1.78649242036
35078,9,48.5953506837,-1.7146028897
35079,17,48.2251828699,-1.63670416498
35080,9,48.108708615,-1.88667263001
35082,5,47.8725233348,-1.41640449384
35085,246,48.4083560805,-1.74519435019
35087,2,48.0822592123,-1.31389594614
35088,23,47.9823871404,-1.57026704551
35090,17,47.9303708982,-1.65657334896
35092,3,48.4408107773,-1.65625423904
35093,244,48.6241805945,-2.0619828606
35094,9,48.3468879458,-1.71071061366
35095,189,48.5364110141,-1.74135530934
35096,23,48.0678122281,-1.40586957147
35097,13,47.9990883279,-1.23942096028
35098,1,47.7633908593,-1.67305925291
35099,32,48.0670688041,-1.54288380182
35104,1,48.4994671999,-1.70334615041
35105,2,48.1094104255,-1.11698541654
35106,11,47.818356677,-1.58275557873
35107,2,48.2542003303,-1.51716704496
35109,41,48.0697223278,-1.21606173712
35110,1,48.328121746,-1.62597037804
35115,937,48.3524697115,-1.19431177241
35116,18,48.5874275973,-1.83530541671
35117,8,48.1184219135,-2.22847304876
35118,1,48.2882041864,-1.52746285795
35119,7,47.9983537714,-1.13315830309
35120,62,48.2133254705,-1.79930703575
35121,11,48.2503523895,-1.45860853595
35122,9,48.6030701902,-1.88737306807
35123,36,48.0094372843,-1.83854162867
35124,45,47.7344338208,-1.72820099024
35125,96,47.9442619164,-1.24421600669
35126,126,47.9653877316,-1.79026270939
35127,20,47.9235807621,-1.8619758657
35128,15,48.2923904516,-1.72349623823
35130,24,48.3018808207,-1.77748405021
35131,50,48.1221023417,-1.8166504183
35132,4,48.5948348848,-1.80915236052
35133,46,48.1137342706,-2.02411746064
35135,23,48.246152189,-1.95021443067
35136,160,47.9428950804,-1.50038718382
35137,14,48.3167949383,-1.2059813978
35138,4,48.379896716,-1.152249408
35139,36,47.9672360017,-1.71452676529
35140,1,47.8562627684,-1.52230618592
35142,5,48.4131956969,-1.14760395074
35143,1,48.2476416223,-2.00848370543
35144,4,48.2363756072,-1.84565830249
35145,17,47.733471612,-1.87194975237
35149,4,47.9717256935,-1.86370504959
35150,43,48.3600018318,-1.22059471096
35151,1,47.851789688,-1.92917231951
35152,141,48.204097581,-1.51420907793
35154,30,48.2273048831,-1.34883997825
35155,3,47.8732108316,-1.888495597
35156,2,48.3091791163,-1.94199814381
35161,31,48.0522095083,-1.33866165819
35162,42,48.4868885908,-1.12369660788
35163,21,48.293087363,-1.12955612436
35165,13,47.9584716788,-1.35356162459
35167,42,47.8281952315,-1.32808258577
35168,50,47.8971012974,-1.99867854689
35169,7,47.9788328525,-2.01519596065
35171,12,48.2612561283,-2.06133339808
35172,6,48.4207786657,-1.82223857468
35173,105,48.2193069814,-1.68950220558
35176,73,47.8050001887,-1.79981410683
35177,62,48.2130666672,-1.75057215298
35178,4,48.2971797234,-1.43837213468
35179,33,48.5246933441,-1.89543357334
35181,23,48.5755697077,-2.01309736708
35184,94,48.2028996948,-2.06476180878
35187,7,48.059933472,-1.99008537755
35188,170,48.1261000349,-1.9630334162
35189,58,48.1538376773,-1.71729477816
35191,10,48.4485377499,-1.30298513536
35193,23,48.2442583442,-1.72080742537
35194,1,48.1510951344,-1.24238323574
35195,17,48.3053148028,-1.6686934187
35196,134,48.0857602983,-1.84210731238
35197,4,48.2185090762,-1.60820353926
35202,1,47.795066917,-1.7451274838
35204,45,48.0299058856,-1.55180159639
35206,215,48.0524815273,-1.6633106381
35207,85,48.0914044616,-1.50548866524
35208,41,47.9853322097,-1.66640026267
35210,243,48.152548244,-1.77716643787
35211,16,48.030192406,-2.17342058709
35212,3,47.8889653573,-1.64257071034
35215,7,48.4254993536,-1.19808031545
35216,4,48.1884515911,-1.829797127
35217,18,48.0341523357,-1.05602216053
35218,1,47.9280508952,-1.61613769556
35219,72,47.8116756729,-1.93781141913
35220,18,48.0111877546,-1.42837195377
35221,39,47.8751941838,-1.73375846531
35222,26,48.5311376904,-1.57392395573
35223,95,47.9968736139,-2.07990195207
35224,26,48.5284745342,-1.84558109365
35226,21,48.4045431671,-1.88606418202
35227,34,48.1830495916,-1.8929319831
35228,109,48.5827256783,-2.05991444738
35229,2,48.115220187,-1.25960973465
35231,7,47.8990359513,-1.68518288272
35233,6,48.3560951211,-1.81258742693
35234,5,48.2378252875,-2.14354106551
35236,613,47.6609734327,-2.08008568692
35238,10832,48.1119791219,-1.68186449144
35239,106,47.9060282888,-1.34373706233
35240,114,48.097397419,-1.78149989185
35241,46,48.6095815819,-2.04362780576
35243,16,48.3445101485,-1.26180834878
35245,43,48.2223488257,-1.87904298142
35246,4,48.5458114056,-1.81733391785
35247,4,48.5961737576,-1.59343425986
35248,1,48.5560551633,-1.60318300159
35249,1,47.7338101776,-1.8052140064
35250,17,48.0133072658,-1.58086136058
35251,86,48.2620229996,-1.60028441082
35253,79,48.2585499654,-1.42136462406
35255,1,48.613788991,-1.86036735113
35256,26,48.6163388225,-2.12358766004
35257,60,48.4132416625,-1.3677414096
35258,1,48.3034329234,-1.84362998531
35259,13,48.5799892763,-1.6606819388
35263,15,48.677369423,-1.92087004371
35264,9,48.0932158644,-1.35806845203
35265,39,48.3604701508,-1.86929825665
35266,25,48.019118287,-1.64173794803
35270,1,48.5792508588,-1.54914551771
35271,17,48.5129956863,-1.23490800183
35273,4,48.3974434735,-1.26442564597
35274,2,48.2509838584,-1.65264903322
35275,58,48.1520929859,-1.85374690386
35278,1291,48.1588840471,-1.68571943452
35279,1,48.5793096828,-1.88805991274
35280,1,48.3383000653,-1.36660733195
35281,143,48.0755625884,-1.72405381322
35282,2,48.2768095716,-1.36810224872
35283,3,48.1210316467,-1.34032525907
35284,51,48.6037491663,-1.96530816919
35285,2,47.7645343074,-1.96896648754
35287,21,48.620460045,-2.09655988835
35288,2233,48.6400443482,-1.98060627256
35290,2,48.0944048491,-2.11182383067
35294,5,47.6935116851,-2.01321068932
35296,4,48.2728481526,-1.67038135479
35297,143,48.1925581351,-2.19497591455
35299,50,48.6387125438,-1.90517612803
35300,8,48.1724748255,-1.11096874338
35304,31,48.3270441393,-1.42763675483
35306,8,48.5841780785,-1.9291577364
35307,12,48.2809544263,-1.98293675576
35308,35,48.4550260435,-1.88873891943
35310,15,48.3469024339,-1.31411458673
35312,2,47.9097827425,-1.7902930218
35314,1,48.569900609,-1.96692288512
35315,23,48.21225732,-1.57663512362
35316,2,47.7769253675,-1.62552770861
35317,7,48.280614851,-1.80334544561
35318,2,48.3355023423,-1.93174889174
35319,10,48.0335297683,-1.94037369583
35320,1,48.1669783756,-2.03378556474
35321,2,47.9194668221,-1.57761100368
35322,17,47.8978195482,-1.60609578245
35326,34,48.3367315734,-1.55392717615
35327,23,48.120843256,-1.45777238842
35328,21,47.7748715245,-2.04938893664
35330,2,48.1846341773,-1.24010156402
35331,23,48.0906335682,-1.92552544674
35333,7,47.917964054,-1.42174921295
35334,86,48.1566082899,-1.58409867633
35337,98,48.3231993668,-1.83043308458
35338,5,48.06102043,-1.27189716204
35342,1,48.4389203583,-1.69745222978
35343,5,47.8809229293,-1.55314201505
35347,30,48.1899182799,-1.30478438424
35351,5,48.0658260742,-1.93692739781
35352,211,48.0525245014,-1.60521106164
35353,53,48.1171829255,-1.74956473355
35355,1,48.3340738846,-1.49930744372
35356,7,48.257222573,-1.76336508866
35358,2,48.5488601096,-1.95172640786
35360,585,48.1140815063,-1.19370720718
35361,4,48.597890871,-1.77994172139
35362,11,48.4926615398,-1.84121493446
35363,29,48.0111348801,-1.69601676125
36001,15,46.455684191,1.83976972145
36003,2,46.7837338524,1.94971417939
36005,29,46.7359618133,1.82403149268
36006,115,46.5787862593,1.4926283101
36007,1,46.9410833796,1.46153298844
36009,2,46.6931304896,1.71130740486
36010,11,46.8459784921,1.08124698726
36011,1,47.1677532735,1.75606280452
36016,10,46.5555750256,1.16199318259
36018,209,46.6346200347,1.10013221164
36022,1,46.6263374879,1.68778572639
36025,2,46.5505241827,2.02422131668
36031,54,46.8875380464,1.41254913131
36032,1,46.5302709049,1.55681464943
36034,21,47.2519122488,1.66198740226
36035,9,46.4260014616,1.2915620907
36040,1,46.8327873497,1.45197774217
36042,30,46.6570647712,1.49349614849
36044,1540,46.8029617828,1.69399812001
36045,75,46.9917064296,1.17509631629
36046,173,46.5738617061,1.99112468906
36055,14,46.9379936712,1.22161991718
36056,10,46.5352767635,1.74340331959
36057,2,46.8840276605,1.72143917623
36058,1,46.5939953457,1.01591887364
36060,2,46.4692924616,1.93707320558
36063,61,46.8403192166,1.70244266478
36064,2,46.8294887211,1.81115700532
36066,3,46.7039740517,1.1179251996
36069,14,47.0772111869,1.35366792893
36070,24,46.4342273236,1.56931280113
36071,6,46.7926466693,1.77773981101
36076,1,46.6744006653,0.971856321083
36084,2,46.5963808086,1.73496195112
36088,273,46.9489390293,2.00053790133
36091,1,46.5913517222,2.03649976093
36093,50,46.9727032392,1.63027138239
36094,2,46.4761367692,1.20092870282
36101,8,46.7276279837,1.56239391822
36103,9,47.1147802667,1.42699842882
36105,11,46.7464715422,1.03810161496
36107,5,47.2209145383,1.47358421341
36109,1,46.5566903776,1.95895779843
36112,2,46.8006352308,1.85819593148
36113,6,46.7999203381,1.03953209001
36114,2,46.5783021107,1.10698917227
36119,23,46.6307715976,0.932899384485
36120,2,46.6693679113,1.87334410692
36123,20,46.8120642094,1.25669191407
36124,1,46.7122971226,1.30178557971
36126,1,46.4789542772,1.75403274632
36127,10,46.5962273498,1.96629767733
36128,19,46.8664822009,1.77844723224
36129,1,46.6568299962,1.91357333323
36134,1,46.3892514963,1.44265053138
36140,12,46.9035481163,1.85857404368
36141,19,46.5924338706,1.81276111894
36142,7,46.8018622942,1.55801304217
36146,17,46.4793175378,1.69542411224
36150,3,46.4410252486,1.46522668172
36152,1,47.0346681884,1.92029512181
36154,11,46.5845928645,1.57047280121
36155,23,46.9860152232,1.42163571271
36156,3,46.4754394815,2.14469333686
36158,6,46.532036139,1.60190321862
36159,33,46.7565614091,1.72996377685
36161,3,46.6284901287,1.50039089772
36162,6,47.1498063168,1.64502006889
36163,33,46.4730747606,2.00655850845
36165,4,46.684081947,1.04652871345
36168,5,46.524638893,1.29857907076
36171,45,47.080059286,2.01080444481
36180,14,46.7258764894,1.96323578512
36182,11,46.4476641903,1.39936861789
36186,3,46.6796859188,2.11586073047
36189,5,46.5265897441,1.84504913909
36192,41,46.6480131941,1.43032381865
36194,4,46.911791678,1.3504650552
36198,5,46.8956769207,1.49717761772
36199,3,47.0110071957,1.99544056226
36200,15,46.6083971335,1.52347471994
36202,146,46.7890918907,1.62343965566
36207,2,46.432132753,1.64824478911
36208,24,46.5042219323,2.06769602901
36210,1,46.5974798538,1.90704131796
36215,1,46.8846862374,2.09589433359
36220,1,46.5948540817,1.42889771052
36224,18,46.7300364978,0.983181764115
36228,60,47.1558433483,1.55858540806
36230,27,47.0538873718,1.82531478025
36231,9,46.69976205,1.63686768845
36232,7,46.7879906602,1.3602788548
36237,7,47.1002749222,1.55803357778
36241,27,46.8446125894,1.51599368144
36247,4,46.9074666618,1.65377312715
37001,14,46.9411244235,0.734787296451
37002,17,47.4520562833,0.446595189261
37003,538,47.3917237652,1.00023994675
37006,27,47.2760783229,0.594691444381
37008,33,47.3147073086,0.902278800699
37010,9,47.55445629,0.93712101113
37011,63,47.2237767737,0.18754463005
37012,1,47.1830390826,0.459616405273
37014,82,47.2729677305,0.469464530446
37015,11,47.3343646706,0.844886964045
37016,1,47.2038896853,0.943284326846
37018,201,47.3367884418,0.601376208725
37020,38,47.1281892877,1.02294110179
37021,39,47.568810886,0.67274558764
37022,8,47.1939476684,0.186243013287
37024,3,47.3156279814,0.217451239444
37027,79,47.3074648411,0.987107533288
37028,2,46.8247426459,0.975476397199
37031,46,47.3103261914,0.17424139464
37036,1,47.5595510879,0.260858809315
37038,1,47.2893596195,0.361536652473
37039,4,47.0367101954,1.079173286
37042,1,47.2026345011,0.0740845875144
37043,2,47.4887286786,1.06027361973
37044,8,46.9489706333,0.899411623178
37045,10,47.0207240474,0.615608165766
37047,1,47.5032297847,0.684878284494
37049,4,47.1721202579,0.968767881944
37050,1887,47.3312652065,0.716803612336
37051,1,47.0566092361,0.327929999931
37054,22,47.4781190153,0.703218955868
37059,5,47.4686972065,0.595174138773
37060,11,47.431662181,1.04123088283
37061,1,46.9160338109,0.990841161121
37062,51,47.5271484984,0.329691100223
37063,219,47.592456846,0.909725910608
37065,8,47.0237454107,0.351516641316
37067,10,47.2404359595,0.42271429375
37068,3,47.6592186716,0.668156723378
37072,305,47.1723001595,0.245084664558
37073,3,47.3494308209,1.09603138908
37074,10,47.2459736126,0.109159987827
37075,4,47.2656141951,0.943216158829
37076,3,47.1577838408,0.176177175254
37077,28,47.3535034952,0.453317897903
37079,1,47.3394574162,1.04082548728
37080,1,47.0362576539,0.7127037725
37081,8,47.4456343529,0.37899902505
37083,46,47.2592432669,0.845873952159
37085,1,47.2497992287,0.884516285898
37089,1,47.1685788687,0.341605997967
37091,24,47.34896993,0.992396977664
37094,5,47.0190077261,0.768935236733
37096,2,47.3536037001,0.956010471155
37097,2,47.1649485562,0.890511286523
37099,4,47.2972672597,0.53435694
37104,87,47.2932820552,0.79068276272
37108,1,47.1454064832,1.04844455169
37109,178,47.4111012484,0.603284318045
37110,4,47.3099460236,1.07846481627
37111,14,47.1845516654,1.10886263698
37113,9,46.9180024855,0.816357986634
37115,59,46.9943964229,0.696948012849
37116,10,47.668662913,0.760117303641
37118,3,47.2270033934,0.25509879488
37119,37,47.1228671821,0.423044659345
37122,491,47.333556074,0.654546300116
37123,82,47.3498571755,0.367495526989
37124,18,47.352701653,0.776083557562
37127,26,47.2287701789,1.10899354005
37128,4,47.2948836484,0.417423372604
37129,4,47.1089496241,0.272083554217
37130,124,47.0423190397,0.817374235768
37131,3,47.4553218405,1.03130220301
37132,348,47.1201464232,0.97415185088
37134,2,47.1794670914,0.739652182346
37138,1,47.3899998844,0.920355361305
37139,104,47.4114770179,0.542304378191
37141,1,47.2651645386,1.06257825
37143,11,47.1361002438,0.82161358566
37144,2,47.0829995703,0.209654496806
37148,2,46.9765766171,0.481375571528
37150,1,47.3913160682,0.429463842673
37151,199,47.4448360187,0.624543767532
37152,27,47.4542179515,0.65946644246
37153,46,47.4985433749,0.786215614417
37154,52,47.2839455811,0.706640870715
37156,144,47.3824921367,0.841267944196
37157,4,47.1526392935,1.20166068898
37159,78,47.2779892588,0.64548356483
37161,5,47.4460775152,1.09838820184
37163,29,47.432533517,0.946831274999
37166,1,47.5114791555,0.916388700015
37167,20,47.5504384264,0.550024622575
37170,16,47.6044637053,0.589828004611
37171,2,47.4169793507,0.897184990068
37172,71,47.4541825862,0.709247164919
37173,2,47.1332306828,1.31135598285
37174,6,47.0331254987,0.560780750524
37175,16,47.5371290234,0.740464665905
37178,9,47.1645476117,0.407008827504
37179,31,47.4520948829,0.742956066986
37182,8,47.4537949892,0.518019971725
37183,15,47.0926524002,1.00808800981
37185,56,47.4435625519,0.987369679483
37186,2,47.2649227442,0.564294280514
37189,26,46.8500029976,0.930585707169
37192,5,47.2227739628,0.916489887764
37193,13,47.2867984367,0.23554247776
37194,34,47.4859477646,0.872119692494
37195,271,47.3812692668,0.637590445417
37196,43,47.0143945569,0.315628916983
37200,13,47.2512605554,0.362365468313
37201,2,47.1446277658,0.266267354644
37202,2,47.128052489,0.213550560203
37203,31,47.4295541891,0.760919667695
37204,18,47.5311263676,0.647449146554
37205,4,47.2369371967,0.538217215608
37206,5,47.4959926483,0.631034135983
37208,274,47.3571561121,0.737544440483
37210,230,47.2128964711,0.321999441383
37211,20,47.224480617,0.75823839932
37212,1,47.1566893573,0.676679379745
37213,11,47.6235750307,0.473186358315
37214,913,47.4185650638,0.657856616894
37216,14,47.1529048549,0.578633849265
37217,3,47.3926426978,0.498863635836
37218,18,46.9710693566,1.02123750172
37221,1,47.0575770677,1.13256849166
37222,1,47.0847297585,1.05505942753
37224,2,47.5850036242,0.770610827293
37225,17,47.3613543999,0.909919604886
37226,104,47.1150065072,0.638598437549
37228,7,47.2962592586,0.130334613981
37229,2,47.5842753802,1.0342950178
37231,9,47.5816905056,0.466637692187
37232,2,47.2909121663,0.301054429899
37233,149,47.3884488197,0.738011772072
37234,1,47.2088575557,1.03674729969
37237,3,47.4460052887,0.574049173114
37241,13,47.4496709939,0.326681669854
37242,1,47.2111243782,0.130191774161
37243,31,47.3465342134,0.558778925825
37245,32,47.5034499347,0.564845858172
37247,1,47.0806987926,0.684349143477
37248,8,47.1268380183,0.160711623152
37249,5,47.5132295352,0.477318608406
37250,37,47.2310354675,0.686650122405
37251,3,47.5151982647,0.402687568024
37254,1,47.2077298094,0.829508341853
37257,12,47.2196901123,0.601021340969
37261,5304,47.3986382281,0.696526376417
37263,22,47.2855863976,0.851603945631
37264,2,47.3068592905,0.473611615141
37266,37,47.2888419417,0.729965991438
37267,44,47.3522450777,0.810254495994
37270,29,47.4364709418,0.840522961701
37271,2,47.2202766951,0.496409535046
37273,41,47.3918448824,0.77454986041
37276,5,47.5513740132,0.869987989658
37277,16,47.1350642786,1.23619125838
37280,1,47.0942514937,0.84684851199
37281,73,47.4270674878,0.803667208286
37282,16,46.7902872236,0.876208149129
38001,85,45.5418940561,5.59342426222
38002,13,45.2586070645,5.99155979387
38003,1,45.3365990336,4.85997858164
38004,6,45.2189306254,5.45835784112
38005,18,45.1710812431,6.01841266014
38006,68,45.3798822282,6.11410440285
38009,15,45.3485883521,4.88275176327
38012,42,45.5976216526,5.61289945248
38013,56,45.3973605604,5.4963701967
38015,9,45.537434677,5.16699367154
38017,11,45.4098620584,4.87676181443
38019,7,45.4264263459,4.81869609163
38020,1,45.051711372,6.08358997481
38022,52,45.6426437379,5.56958624007
38026,1,45.8422873745,5.32038841338
38027,16,45.4360335449,5.98047363076
38029,19,45.575480567,5.54140939412
38030,3,45.3427876459,5.46749723438
38034,149,45.3365279901,5.04348562581
38035,2,45.5199988215,5.07965100181
38039,35,45.2653406999,5.86419475853
38043,5,45.4461611441,5.55137429348
38044,34,45.4963748824,5.36908721787
38045,26,45.2431208379,5.79850862941
38046,2,45.4468823262,5.37901659647
38048,2,45.6005617207,5.11452103575
38049,4,45.4177469183,5.14812089926
38050,1,45.6694922312,5.52270028125
38051,15,45.3199496154,4.89224793347
38052,70,45.0344190241,6.03272664873
38053,2384,45.6022027954,5.27393762111
38055,2,45.6960928828,5.53688016446
38056,1,45.3220838,5.2775300501
38057,5,45.1342682884,5.7510667411
38058,8,45.3455407295,5.30808563402
38059,82,45.1234335157,5.77865185697
38061,27,45.331138203,5.62356410613
38062,1,45.4086712829,5.98572771448
38064,6,45.5689096926,5.3761675679
38065,34,45.4485453876,5.42585886408
38067,15,45.6881616804,5.16661541737
38068,3,45.11071592,5.72119318061
38069,15,45.4576152351,5.29213304466
38070,13,45.2814832308,5.93863147318
38071,12,45.0692413973,5.72756303185
38072,37,45.3178362934,4.83092383064
38075,35,45.461591172,5.95800759236
38076,21,45.5893265412,5.47141719996
38077,2,45.3944898603,4.9163173069
38078,1,45.4025988849,6.13800529096
38080,37,45.5205135437,5.57906529008
38081,14,45.5380647102,5.11609065065
38082,36,45.4275810655,5.51841184282
38084,3,45.3423976098,5.52675118378
38085,123,45.7398511068,5.15111694568
38087,72,45.5797669773,4.81420294395
38094,10,45.4770417686,5.22225829688
38095,48,45.139921767,5.2802381895
38097,31,45.7688834941,5.17259586722
38100,23,45.3806432733,5.99862071859
38101,1,45.4259695237,4.8429128403
38102,5,45.5611018876,5.21723441393
38104,6,45.5731073891,5.5894858919
38105,28,45.4166318565,5.556774983
38107,14,45.464474261,4.80291707656
38109,8,45.6995373751,5.20945121769
38110,21,45.5754949001,4.87825997327
38111,87,45.1224170897,5.65707336922
38113,14,44.8246711556,5.62901849156
38114,16,45.4145802588,4.79236442681
38115,2,44.9895989377,5.66101914988
38118,19,45.3941269048,5.4492922949
38124,16,45.6024192088,5.55271499318
38126,47,45.2267664587,5.75814470454
38128,18,44.8199101322,5.94147206383
38130,162,45.3834360946,5.26068376928
38131,14,45.4567699874,4.87918171813
38133,73,45.3567707495,5.61793464006
38134,4,45.4403886535,5.01870532467
38135,6,45.7362411824,5.3922316771
38136,2,45.546295569,5.22002027978
38138,98,45.7316395606,5.25746884592
38139,1,45.7442083563,5.46517571315
38140,272,45.2820293287,5.88883985593
38141,1,45.5238182422,5.24556322676
38144,28,45.5886339429,5.08869481653
38147,2,45.5015004907,5.42840010455
38148,27,45.6153086109,5.48684166259
38149,30,45.581670022,5.24542934804
38150,110,45.2040386681,5.83829604568
38151,1018,45.1471647181,5.71535600177
38152,7,45.4917400376,5.30263669678
38153,1,45.1930404027,5.60939772759
38155,31,45.4156254861,5.75636251084
38157,30,45.5136075933,4.95889651862
38158,218,45.1518093288,5.74847494189
38160,34,45.4781067325,4.99820728602
38161,20,45.3879958398,5.15388883556
38162,5,45.5942581619,5.51385290349
38163,1,45.2788909914,6.08520247302
38169,277,45.1930502486,5.67763066542
38170,37,45.2540718462,5.66423363739
38172,13,45.5768084385,5.19447045153
38173,12,45.0782566577,6.12240202229
38174,13,45.387791522,5.36332803893
38175,42,45.2651956551,5.92632272539
38176,9,45.6511615964,5.18582056366
38179,110,45.1823272189,5.79171566019
38180,3,45.3855913986,5.29779946515
38181,45,45.3363840613,5.98797386744
38182,44,45.3962642718,5.4186427969
38184,2,45.6618405786,5.07693625818
38185,4754,45.1821215167,5.72133051752
38187,11,45.0133395562,5.6155445833
38188,5,45.1435049357,5.79740586224
38189,94,45.6280667803,5.05921319142
38190,2,45.7996652612,5.29431190301
38191,22,45.0969425761,6.08474810987
38193,159,45.6181733164,5.22290423925
38194,24,45.3435240269,5.4297566361
38195,2,45.141987566,5.39486640938
38197,10,45.7512046013,5.11448312594
38198,8,45.3353751556,4.94914192553
38199,37,45.492806451,4.91094457963
38200,47,45.1111027437,5.74674097991
38203,3,45.0299394484,5.7822153115
38205,58,45.1209452513,5.5907415298
38206,3,45.2359002175,5.98150477487
38211,1,45.4577150175,5.17899618537
38212,6,45.0905954329,5.91904092614
38214,10,45.3040708213,5.91320283012
38215,21,45.5897867329,4.95688934298
38218,7,45.3465047773,5.17565086259
38219,5,45.3104247313,5.08838951033
38223,1,45.5660929436,5.25805770086
38225,23,45.1321769623,5.52869303726
38226,41,44.8147716057,5.75218343717
38229,650,45.2123567232,5.78354910277
38230,14,45.5602461635,5.2848381306
38231,63,45.5155327339,5.19856670609
38232,1,45.4623251025,5.06118662132
38235,5,44.973161587,5.61005061532
38236,12,45.4371806956,5.70815670688
38238,6,45.5125997972,5.02180537959
38239,170,45.3189486892,5.56212081976
38240,4,45.3908938983,4.98729399155
38242,52,44.9212938968,5.63637364417
38243,1,44.7844141969,5.64878046907
38244,4,45.4346067842,4.946596799
38246,1,45.5264598257,5.45129139723
38247,68,45.8117809573,5.40305590073
38248,2,45.2598175642,5.5618750133
38249,129,45.2214678068,5.81601552801
38252,1,45.0928956374,5.76098049287
38253,30,45.0159885994,6.13818619624
38256,29,45.4745293334,5.57778075316
38259,6,45.4298742303,4.97438632901
38261,108,45.6800024667,5.47063929574
38264,3,45.0261280024,5.8619002551
38265,32,44.9538042858,5.74061628368
38267,1,45.4232022991,5.30860721755
38269,208,44.9099172773,5.78817442937
38270,25,45.3817551694,5.54168814307
38271,4,45.1884497097,5.82573215499
38272,1,45.2105311405,5.31922284315
38275,2,45.2573268964,5.37164810608
38276,16,45.5617249552,5.30687058323
38277,2,45.009447432,5.70400358606
38278,12,45.2381695946,5.41516438736
38280,2,44.9909492934,5.7414042236
38281,30,45.2413524185,5.61932305431
38282,2,45.7524418147,5.34043707575
38284,2,45.4048662888,5.21296646579
38288,5,45.5646344835,5.03134323358
38289,1,45.1279422675,6.07379501436
38290,10,45.3540175741,4.98747435997
38292,7,45.4823189588,5.55281402751
38294,1,45.6757588794,5.1929687888
38296,2,45.5254700733,5.51478241706
38297,28,45.6918000182,5.42912409085
38298,133,45.3691585738,4.78421704937
38299,1,44.7819380023,5.88025716303
38300,1,45.3732511215,5.18172674953
38304,17,44.9565648579,5.77432306035
38307,1,45.3869511038,5.0738316923
38309,42,45.1541844702,5.77015327234
38310,2,45.2499943618,5.4800749963
38314,149,45.4199322754,6.02051894838
38315,242,45.5318785509,5.66166638514
38316,71,45.7516810527,5.17314203619
38317,114,45.1259127487,5.70193593188
38318,51,45.5342814016,4.92402983198
38319,21,45.0609236607,5.34591472176
38320,1,45.8376455099,5.3925679772
38321,1,44.7780001917,5.71068390088
38322,1,45.0933071522,5.40540834704
38323,2,45.5266905652,5.63237187242
38328,8,45.2568837675,5.73045716055
38330,1,45.2780969864,5.38636938666
38331,1,45.363201362,5.52298554589
38332,14,45.3315741246,5.49397401462
38334,6,45.1681206613,5.90991149845
38335,6,45.3706106048,5.03128950015
38336,15,45.4796682069,4.84348243877
38337,148,45.3608957046,5.48709691309
38338,1,45.2240239365,5.51354806573
38339,4,45.5742314322,5.15591367556
38340,13,45.4535022843,4.76433812277
38341,9,45.587700171,5.41599250559
38343,6,45.5623995351,5.63966032442
38344,238,45.3783247724,4.81820898221
38345,3,45.1840323083,5.46489348229
38347,22,45.248160347,5.24908854809
38348,45,45.590349924,5.344319552
38349,23,45.3212970524,4.78538205618
38350,1,45.2103354169,5.95984837057
38352,43,45.5871624015,5.2245791574
38353,10,45.4179171487,4.75568259683
38357,18,45.5473825383,5.53186055306
38359,13,45.1722353559,5.21609050981
38363,4,45.3413935073,5.08049664145
38368,4,45.3803941059,5.51274680694
38369,6,45.5450974508,5.43494721601
38370,1,45.1216780854,5.22815557766
38372,9,45.473709028,5.68057298861
38374,40,45.6409450603,5.36204346539
38376,2,45.4096520844,5.79306737331
38377,61,45.5708091389,5.48838471268
38378,45,45.4354138205,4.77287890453
38381,13,45.5479526483,5.48734196729
38382,1234,45.2326617752,5.68410149189
38383,30,45.3796872392,5.63667290374
38384,151,45.3456023361,5.34838089834
38386,76,45.4609404816,5.63629815728
38388,31,45.0360297724,5.7185625705
38389,39,45.5603583404,5.0798569447
38392,1,45.6755777946,5.2906631807
38393,4,45.389376572,5.32988018249
38394,5,45.0907903238,5.25013852882
38395,21,45.3128224472,5.87842750871
38397,220,45.2519291498,5.82858729623
38399,115,45.4982631773,5.14748470946
38400,62,45.3369408381,5.58792748637
38401,31,45.5852713494,5.43578432958
38402,1,45.0171172339,5.75169663098
38403,2,44.854865998,5.75330936496
38405,9,45.3646525632,5.69102202537
38407,39,45.34666149,5.66687556311
38408,25,45.5866184586,5.00425101272
38409,9,45.0770717878,5.27949580181
38410,10,45.0933060303,5.18523637419
38412,139,45.3801495125,5.73532117087
38413,2,44.8850127628,5.84545502817
38415,9,45.6480438859,5.23992920137
38416,283,45.1534136901,5.31720171085
38417,3,45.3845890951,5.97577742061
38418,3,45.4062736697,5.93038202226
38421,1319,45.1762012553,5.76476360737
38422,111,45.1533114965,5.85697188801
38423,108,45.2194259388,5.71511762221
38425,62,45.3920113826,4.7770444785
38426,1,45.4259637947,6.05007795734
38427,2,45.3005100986,5.35914982472
38430,1,45.2063585184,5.93278209691
38431,23,45.2585764238,5.85231370954
38432,1,45.4071927108,5.61586556764
38433,3,45.1653613173,5.63185360757
38436,10,45.0648676926,5.63101144999
38439,31,45.3573537268,6.0451681388
38440,1,45.301403987,5.29999858329
38442,11,45.331212571,5.79772583855
38446,13,45.3856272189,5.8512057755
38448,19,45.4453169317,4.80093261008
38449,83,45.6396427762,5.10856784756
38450,13,45.277528088,5.54771829456
38451,22,45.7520483819,5.22392059526
38453,20,45.1052188553,5.31866035876
38454,29,45.1455683904,5.34488906233
38455,24,45.6254619795,5.32143071399
38456,6,44.8487244503,5.80401345281
38457,20,45.3258985851,5.26249818332
38459,1,45.4732844152,4.93813857629
38463,3,45.1823968662,5.34320073942
38464,23,45.5400475666,5.38346631149
38466,16,45.3749280893,5.95880834631
38468,97,45.3442511828,4.80860532784
38470,1,44.8600222062,5.86073436298
38471,10,45.26521241,5.78391032229
38473,1,45.3601004595,5.22079778885
38474,126,45.2130962637,5.65242107292
38475,20,45.682504844,5.12584106732
38480,24,45.5481011598,4.98525636535
38483,7,45.6665923233,5.40919117116
38484,7,45.5576137521,4.91965362732
38485,167,45.1731193462,5.66971556945
38486,189,45.1548597914,5.67545398227
38487,12,45.5601358269,4.84416709965
38488,8,45.7304007028,5.31489253784
38490,16,45.3482750894,5.39137219137
38492,4,44.9430987654,5.65579105811
38496,8,45.3566083614,4.91625352984
38497,1,44.9098323482,5.80696662088
38498,2,45.5295094349,5.34277529499
38499,5,44.9261426887,5.76206988161
38501,15,45.3111766526,5.95861963639
38503,58,45.3253741747,5.93145053792
38504,23,45.2975465976,6.01339575189
38507,93,45.7344692085,5.18364277123
38509,199,45.5725876252,5.44527945798
38511,69,45.3514959567,5.94615794112
38512,1,45.5136127414,5.26771625978
38513,1,44.9030153722,5.6617115745
38515,29,45.6887973335,5.32417967781
38516,4858,45.2104409255,5.74343326974
38517,228,45.2938791725,5.49006158623
38518,11,44.8979470948,5.9099695622
38519,12,45.6076400854,5.02757104948
38520,1,45.491469171,5.53064398602
38523,2,45.2274015748,5.34211585345
38524,109,45.0908638366,5.67685585853
38526,1,45.2609367341,5.41140093645
38527,1,45.1859501917,6.10152969645
38528,21,45.0989005877,5.81149786551
38529,33,45.1153983318,5.8400227882
38530,29,45.6155606962,5.18598476312
38533,2,45.1733618225,5.81062446887
38536,16,45.430347371,4.89879549763
38537,74,45.637750025,5.14915516278
38538,53,45.2221893714,5.85871984364
38540,19,45.2694421656,5.60195085024
38542,2,45.6805675587,5.22802915323
38543,42,45.6543775384,5.46996277663
38544,1475,45.520578372,4.88135156154
38545,119,45.0430999483,5.67425076002
38546,4,45.6317039689,5.42138365917
38547,80,45.2446205727,5.88906725424
38548,93,45.0600847837,5.54420891959
38553,166,45.6136289454,5.15547673355
38554,11,45.7139810956,5.23197765072
38555,3,45.462997823,5.11493429723
38556,6,45.3762742195,4.85882293241
38557,43,45.7844347868,5.10742322844
38558,22,45.5891950037,4.91199377057
38559,69,45.2147129367,5.40750863423
38560,77,45.4710107219,5.47722792273
38561,17,45.3050296653,5.20262742852
38562,152,45.075027515,5.77956710747
38563,1093,45.3791720843,5.58240310671
38564,1,45.4793906375,5.70464271158
38565,133,45.290046149,5.64284060664
38566,14,45.3170286253,5.5223348378
38567,7,45.1197427134,5.89438297795
39008,5,47.1669744984,5.5649107588
39009,9,46.8591094265,5.9289781242
39013,116,46.8941749828,5.77318253275
39014,1,47.1484873028,5.52058392702
39016,23,46.4000913267,5.58894022336
39017,4,46.7695260312,5.52939356263
39018,10,46.2931394653,5.4882078411
39021,3,46.5722801296,5.52869424012
39022,3,46.9370009894,5.39677070986
39030,20,47.1250671722,5.50826789113
39032,1,46.4011757711,5.84079043463
39037,16,46.9829169242,5.58184356707
39038,1,46.5423863314,5.70324307586
39042,5,47.1054660171,5.53628421421
39043,14,46.5858090332,5.43052572582
39047,2,46.5565262236,6.08239156513
39053,2,46.8204461045,6.11715675755
39056,100,46.7316211339,5.42781411933
39059,8,46.5361950227,6.1273377518
39060,3,46.8265028242,5.50052163033
39066,1,46.6118982818,5.55324402199
39072,15,46.9256272441,5.86757188108
39086,1,46.4121311574,5.64360732811
39093,7,46.9910483853,5.70335674232
39097,252,46.7445389751,5.8988102947
39101,12,47.1021842612,5.42048711833
39124,6,46.8433857304,5.47463338737
39126,1,46.6006202227,5.94399129597
39128,36,46.973824579,5.40270953105
39129,8,46.6627966943,5.95679629516
39130,1,46.4998251911,5.8576069903
39141,1,47.1765613583,5.47410569211
39145,1,46.6933516322,5.57237754147
39150,11,47.0588384803,5.45057837104
39153,1,46.7198972063,5.91999404872
39154,38,46.5646560659,5.75476433887
39159,2,46.8790834868,5.57100296371
39160,3,46.8055925733,5.43718044801
39164,1,46.6513724979,5.61109105926
39169,5,46.6530259011,5.52879804743
39170,1,46.6757012909,5.48680231929
39171,1,46.6694520389,5.44937543437
39173,25,46.5333527445,5.37741644744
39177,27,46.6884401125,5.66906572619
39180,1,46.5268687403,5.48381777144
39182,7,47.0503243045,5.47819873684
39183,2,46.7546647764,5.81374887948
39188,1,47.2530677926,5.55397181022
39189,40,47.0709486148,5.40719104716
39190,7,47.1650509305,5.74228998802
39193,2,46.9505140483,5.49877819906
39198,1367,47.0755452538,5.50062446099
39199,9,46.7623690449,5.59000211082
39201,3,46.6499567029,5.77799951166
39209,2,46.3756497717,5.39068206826
39210,5,46.7607810101,5.94097617099
39218,1,47.1104911888,5.6819169156
39228,7,46.6590550612,6.06154968382
39230,1,46.6719633574,5.81528631175
39233,37,47.0856433661,5.44430100511
39235,24,47.1244743587,5.75661818843
39240,1,46.6361110907,5.89061826384
39241,2,46.6495243028,5.48468530029
39246,2,47.1963062843,5.68474768742
39251,4,46.6375986496,5.50938673759
39254,1,46.7301116843,6.03133695605
39265,1,46.5618581979,5.78248121784
39270,5,47.1398982403,5.48513402798
39274,2,46.3914322554,6.00896074386
39275,6,46.4081181986,5.98341720791
39285,1,47.1556350974,5.63422877694
39286,8,46.3901726307,5.77719970471
39288,7,46.717011316,5.60517764784
39297,3,46.4634160554,5.96337151696
39300,1418,46.6744796278,5.55733212947
39305,1,47.0305064268,5.55264274121
39306,8,46.6419396973,5.54481097353
39308,8,47.1838419032,5.61461645047
39310,2,46.7949152079,5.55490459828
39315,1,46.9538587219,5.83609760607
39319,1,46.9295460326,5.67894165868
39327,13,46.6631538185,5.51569429363
39331,6,46.7758072369,6.14394186083
39333,44,46.4388080084,5.73795329823
39335,14,47.1885329382,5.53230467086
39338,2,47.0155461717,5.42348925826
39339,9,46.35182997,5.76359169948
39344,4,46.7245823636,5.81585271352
39348,6,46.6535706829,5.57330995671
39349,8,46.7209461149,5.57753660512
39350,1,47.0202426909,5.63748762259
39360,2,47.2170742688,5.51651426821
39362,64,46.6868843309,5.5196117795
39365,24,46.9631076045,5.59448295865
39367,23,46.55692328,6.01610878304
39368,90,46.5258425381,6.03328656487
39370,29,46.9775766117,5.78997395755
39389,1,46.733302634,5.88549194483
39391,18,46.7701820347,6.03611938375
39396,15,47.1540318861,5.66771529859
39397,51,46.5063359095,5.62225313092
39398,1,47.2407071845,5.65989069882
39402,17,47.250391991,5.69969673686
39403,1,46.9741968646,5.82590898779
39405,9,47.0223001054,5.47952052073
39407,2,46.8041484132,5.62414168281
39411,38,46.676681519,5.59933078022
39413,10,46.286468541,5.85238812673
39415,18,46.9324882884,5.33765918128
39422,1,46.7252404633,5.55598412633
39425,1,46.8806181055,5.80844995624
39426,2,46.7948712678,5.69040057232
39429,2,46.9155544802,5.46006716297
39434,77,46.8222386118,5.73292565089
39435,14,46.5717848345,5.68822628964
39436,44,46.8762807232,5.89928454106
39441,1,46.4538422377,6.03492977371
39451,1,47.1593990404,5.71910019081
39453,1,46.4339212341,5.80032186037
39456,2,46.7663121226,5.43804546339
39462,15,47.1226290709,5.55631642318
39464,1,47.2075786378,5.71828846623
39470,60,46.4984696055,6.07006530541
39471,1,46.7294818864,5.49587228599
39475,48,46.4375471402,5.33561825227
39476,22,47.0326920185,5.33365017851
39478,310,46.408600398,5.87556247635
39485,11,46.3963208,5.4577858737
39486,1,46.8042039085,5.59805956986
39487,35,46.5694227071,5.96258087921
39490,3,46.9965194373,5.30532053825
39491,37,46.4096809138,5.7860900246
39494,2,46.5683636515,5.90301429491
39500,202,46.9478351925,5.89762240995
39501,4,47.127381536,5.44517926709
39502,2,47.0417658474,5.66601850009
39503,1,46.7473328196,5.94642241824
39508,15,46.8254197035,5.55675238512
39510,8,46.3731296175,5.9231555329
39517,4,46.7231337184,5.99171836651
39522,1,46.8540902792,5.9817269733
39523,1,46.6963307591,5.95140796308
39525,3,46.9232742265,5.51257337685
39526,52,47.0377459686,5.40319060267
39528,1,47.2404016854,5.609254394
39530,10,46.2790299356,5.52403173219
39535,1,46.8662991195,5.66636250629
39543,1,46.7732781009,5.91191822689
39546,3,46.9662782086,5.62672865692
39552,1,46.6270087892,5.57793673726
39555,4,46.8243900195,5.52600045116
39557,1,46.3570164509,5.61102870166
39569,9,46.9938950841,5.75983191768
39573,5,47.0447105798,5.49409739566
39579,3,46.2973592921,5.73090207526
39582,23,46.743219074,5.60355195147
40001,349,43.6983525736,-0.265145513574
40002,41,43.5938659835,-0.743678079626
40004,35,43.6586092575,-1.36340493112
40006,2,44.0337772733,-0.787351703043
40016,1,43.66506931,-0.496132903423
40018,3,43.7994823596,-0.824876470862
40021,11,43.798488604,-1.29632205852
40022,2,43.6728345213,-0.345658334641
40024,1,43.7306552333,-0.621226009645
40025,1,43.8308003292,-0.424817437129
40031,13,43.829501653,-0.85600618412
40033,1,44.0621942076,-0.467336759192
40034,5,43.5927734459,-1.11715221654
40036,63,43.6346135825,-1.36478553572
40037,14,43.8221288864,-0.507091491966
40044,10,43.5455674571,-1.31286654056
40046,277,44.409080109,-1.1773616947
40051,3,43.9036504711,-0.398154002649
40055,53,43.8365888593,-0.46531772433
40059,3,43.6046856723,-1.07724977616
40061,2,43.8621880955,-0.639177519978
40065,399,43.6323255498,-1.42907243956
40066,2,43.8551538602,-0.755745605984
40068,1,43.7598934223,-0.86548740659
40069,2,43.5873760564,-0.648925857691
40070,2,43.8073545404,-0.352224623353
40074,1,43.6176642945,-0.787879351472
40075,70,43.87403966,-1.14528108058
40077,12,43.5612550673,-1.0641894945
40080,6,43.7643443034,-0.284507617354
40081,1,43.9953544159,-0.546512240784
40084,5,43.6485435994,-0.909862046514
40085,2,44.2128891183,-0.830607602619
40088,2186,43.7006746973,-1.06014429759
40089,7,43.6926736265,-0.645863331273
40094,7,44.1659417112,-1.04071046156
40095,1,43.6088546655,-0.910488790314
40097,25,43.6942772667,-0.382600517074
40099,3,43.7251767308,-0.451258417068
40102,27,43.986768841,-0.00379328281561
40103,5,43.9379918755,-0.3740739094
40104,21,43.7278148495,-0.872597495596
40105,3,44.0485811628,-0.649725235067
40109,1,43.6385051915,-0.741684144139
40110,22,43.6324028996,-0.365846748561
40111,1,43.9798766807,-0.640212463679
40116,1,43.7784036794,-0.77835350511
40117,67,43.792570586,-0.422528940509
40118,25,43.5613150777,-0.932453413286
40119,104,43.6504279428,-0.590576524806
40122,10,43.8292265274,-0.562242768558
40123,6,43.8073328601,-1.12483470338
40125,8,43.6443078631,-1.08178746791
40126,25,43.7095931585,-0.938441196059
40129,3,43.6448421155,-1.23659908302
40131,13,43.9476376722,-0.17524551528
40132,19,43.5522821806,-0.998234258589
40133,131,43.5956638895,-1.42969814773
40134,32,44.2202753645,-0.906919616539
40135,30,44.1262391646,-0.564277292069
40142,5,43.8510297418,-0.986364609887
40145,2,43.7552492766,-0.424559880021
40149,1,44.1499967564,-0.390748526935
40150,27,43.8492680925,-1.28087921075
40152,12,43.9630085483,-1.07688098141
40155,13,43.9292438732,-1.21865314425
40156,1,44.3085319978,-0.885914043691
40157,41,44.0200072678,-1.2760654515
40160,1,43.7319897674,-0.793463231872
40162,2,43.9749786498,-0.410271763085
40167,5,44.2207948584,-0.515670146445
40168,23,43.7734560223,-1.19972400188
40170,2,44.0265516785,-0.442069606179
40178,1,43.8855485291,-0.435459254424
40179,64,43.7103483825,-1.12243161714
40180,16,43.859612287,-0.695576864864
40181,14,43.811704392,-1.36380228548
40182,5,44.0869839413,-1.13332774767
40183,5,43.646688515,-0.958884857354
40184,199,44.1890027231,-1.24571912607
40187,24,43.8581452244,-1.36096901357
40190,1,43.6151818106,-0.545319135414
40192,1957,43.899361404,-0.490722577455
40194,92,43.7042977993,-0.836338362892
40197,71,44.0410936254,-0.888623636398
40199,1,43.5892643922,-0.884133125413
40200,2,44.3882918763,-0.750880080586
40201,46,43.7412885635,-0.752690282166
40202,243,43.6936975467,-1.00852335605
40207,10,43.6725909194,-1.07802745569
40209,81,43.5663586756,-1.45381098217
40210,22,44.0721406576,-1.02598711756
40211,1,43.6383171694,-1.17398532413
40212,1,43.5643205172,-1.14690876609
40214,2,43.5579537208,-0.878000230136
40217,133,44.3452523952,-1.06520105528
40222,4,43.6159999554,-1.20840982876
40224,160,43.5583873014,-1.10698952951
40226,1,43.577275978,-0.376833921206
40227,26,44.2958433032,-0.780642494163
40228,37,43.6222065603,-0.839267500115
40229,18,44.2548041372,-1.08797105865
40230,37,43.7980252651,-0.940526888731
40231,15,43.567591642,-1.17971224774
40233,48,43.606586426,-1.00135872585
40235,1,43.7536761163,-0.815720310969
40237,3,43.7563106359,-0.919468711064
40243,30,43.9348192825,-0.933954728483
40244,11,43.6990141458,-1.17252770868
40245,38,44.0367351546,-0.326573945505
40246,34,44.1461218641,-0.734828540641
40248,21,43.5655733874,-1.35841255114
40249,1,43.7176125498,-0.720049420031
40250,18,43.945079707,-0.45860276452
40251,1,43.5201160694,-1.33110280888
40252,1,43.6810025684,-0.556768147827
40255,1,43.9004132095,-0.350052068781
40257,5,44.2779759643,-1.21402011254
40258,1,43.9353210525,-0.326805898415
40259,1,43.831513719,-0.306151041119
40260,1,43.7550006241,-0.841178765033
40261,31,43.6867582506,-1.23612727414
40262,3,44.0704357947,-0.23554160647
40264,12,43.6185869716,-1.26201301334
40266,22,44.0910922901,-1.24835443544
40267,16,43.998003454,-0.23036582936
40269,29,43.6208174786,-1.13368115341
40271,5,43.5519446169,-1.23258094215
40272,17,43.5813482178,-1.27728349893
40273,173,43.5323882683,-1.38747903614
40274,12,43.9290627258,-0.652177788305
40275,1,43.7918644129,-0.466687909034
40277,1,43.66874805,-1.03963619936
40278,4,44.2009953973,-1.15027990694
40279,385,43.7464083139,-1.08127980711
40280,7,43.876642393,-0.592344644048
40281,304,43.8710155534,-0.526374406295
40282,134,43.7612851719,-0.566351543475
40283,64,43.7664540568,-1.00192615246
40284,233,43.659126452,-1.30038486512
40286,30,43.6301574528,-0.49120862479
40287,56,44.4778702748,-1.06434519608
40288,7,44.0138235777,-0.311945706682
40291,9,43.6734751398,-1.33295419507
40292,19,43.6077345999,-1.32232554723
40293,25,43.6688378118,-1.18625608435
40294,19,43.6729991208,-0.98928168376
40295,6,44.3899336803,-0.855507920611
40296,67,43.7021964029,-1.3970873051
40298,1,43.6658680832,-0.522780253556
40300,25,43.6832312889,-1.06040363915
40303,1,44.1265617122,-0.900366369017
40304,163,43.6675688674,-1.41245896656
40306,3,43.5226484038,-1.04772749452
40307,20,44.3064675641,-0.611382672476
40309,27,43.792726714,-0.716735897141
40310,149,43.7498040758,-1.3280117155
40312,236,43.5367457997,-1.4653189934
40313,81,43.8182878693,-0.782895218669
40314,20,43.6706423841,-1.11540319377
40315,3,43.746664517,-0.959617745338
40316,2,43.5795107456,-0.837064182098
40317,41,43.6978170443,-1.31723387155
40320,4,43.945851007,-0.548232922366
40321,1,43.6394572934,-0.432512659131
40326,27,43.9395837379,-1.32552380465
40328,22,43.7874374515,-1.39719537879
40331,63,43.9059002211,-0.304063529784
40332,23,44.3573888433,-0.958507887991
40333,21,43.9957133184,-0.720748822032
40334,1,43.7169211073,-1.01616122338
41002,4,47.3165186023,1.23978157464
41003,1,47.7980489789,1.10277891267
41010,9,47.8570277979,0.997062059366
41018,2000,47.5817013938,1.30625551583
41025,31,47.5513439823,1.543537457
41029,4,47.5069378563,1.26560344876
41031,28,47.5283508082,1.38123647264
41032,78,47.5389507854,1.31598876114
41039,2,47.7330590404,1.41192253742
41040,13,47.6758696503,1.23879753733
41042,6,47.2199501992,1.36069389103
41043,2,47.2867451592,1.48367796005
41044,19,47.2992883629,1.93011370714
41045,8,47.4655792877,1.19931554619
41046,2,47.6135106337,1.92322250059
41047,464,47.6111559006,1.35763609326
41049,11,47.3579321588,1.48828738299
41050,10,47.4773814435,1.45430435221
41051,68,47.3535043561,1.13579761791
41052,1,47.4910846499,1.36717520033
41055,22,47.5244470983,1.23897400473
41059,77,47.4210455026,1.43621364655
41060,6,47.962055026,0.907252808617
41061,3,47.4861379273,1.40302326426
41067,87,47.5102298859,1.4769737233
41070,1,47.7491446758,0.685596092581
41071,2,47.6544025153,1.62332490974
41073,2,47.9075675981,1.01369296158
41074,16,47.5875471453,1.67512625206
41075,15,48.0341247129,1.06588244097
41080,12,47.3121076909,1.18291506332
41084,9,47.4015726244,1.95894695638
41087,1,47.798872695,0.835689448447
41091,2,47.6307150923,1.27701587955
41094,1,47.4383129016,1.41006263534
41095,2,47.8900107594,1.20628228428
41097,6,47.2892098162,1.67026537552
41101,15,47.6153995146,1.1561362769
41103,1,47.7228645102,1.01092284734
41104,40,47.5946124012,1.45427249126
41105,4,47.791916148,1.53206628064
41106,207,47.6033008872,2.02321996926
41120,5,47.8098385704,0.904566521301
41123,17,47.8340531045,1.41066062469
41124,1,47.7585797087,1.00338364896
41125,3,47.4626952674,1.87087192257
41126,6,47.2756208547,1.30313031356
41131,4,47.8402255423,0.948834044312
41134,3,47.6472843948,1.3998472166
41135,2,47.2927801953,1.8752007489
41136,56,47.7134200176,1.50398022578
41139,17,47.2459267939,1.50092263509
41142,10,47.5802707156,1.22561710259
41143,26,47.9867303784,0.895813338933
41147,16,47.5035507545,1.3044545594
41148,10,47.6359771926,1.44589857808
41149,116,47.7650269644,0.854948191169
41150,24,47.5576074814,1.44802815155
41151,91,47.3602548411,1.1835710637
41154,24,47.9158762496,1.24887473197
41155,12,47.6651395103,1.53313366555
41156,1,47.6949446536,1.38085020196
41157,7,47.4172155186,1.59888181618
41158,33,47.7865941509,1.02283866344
41159,23,47.5356505563,1.81134758711
41161,16,47.5365531093,2.0295223621
41164,55,47.2831417944,1.41063801702
41167,40,47.5123997667,1.16507315908
41171,15,47.8191691674,1.29908240443
41172,1,47.9431198106,1.34205640205
41173,23,47.9026361174,1.53361751623
41175,8,47.8682993601,1.14633634068
41176,5,47.5270515255,2.12726759593
41180,30,47.3967107707,1.2300894563
41182,1,47.6844730122,1.11113363302
41184,3,47.6845526893,0.912628813807
41185,12,47.3404974973,1.67985209939
41189,6,47.4587549693,1.14496206826
41192,1,47.7861085409,0.88757317848
41194,606,47.3745226341,1.74456385409
41198,116,47.2506398056,1.33425450761
41199,47,47.6840022904,1.00078397415
41201,1,47.7074785599,0.869606203276
41203,7,47.6438472496,1.23917912625
41204,5,47.6176924713,1.41960449512
41206,1,47.6337713111,1.37369539893
41207,12,47.6513917962,1.49460349559
41211,40,47.3092315675,1.13723329231
41212,65,47.5607456407,1.36138962511
41214,1,47.931232261,1.18263470311
41216,1,47.9615429305,1.21005272695
41217,3,47.3196038461,1.20817366204
41220,33,47.709174366,1.62466277515
41223,1,47.6173686118,1.2119692197
41226,23,47.8279128555,1.07133932119
41229,6,47.318457927,1.38640795013
41230,18,47.6028440111,1.26254994847
41231,3,47.5143980793,1.93403680491
41232,49,47.4134591452,2.04499057381
41235,3,47.9281548503,0.863555438639
41238,18,47.86966042,0.831215929044
41239,2,47.2536329104,1.3822063371
41241,10,47.3757781053,1.90655896666
41242,58,47.2776447687,1.56387082496
41243,14,47.7654431209,1.21145906213
41247,15,47.4114968867,1.52845454728
41249,3,47.4571829313,2.17085302343
41250,2,47.7786428573,0.725882199174
41251,3,47.6491986207,2.16743831481
41252,23,47.6814203099,1.4544890001
41255,1,47.7345836701,0.771871183813
41256,4,47.3189665938,2.0395588923
41258,9,47.324633057,1.33039153971
41259,5,47.7859819999,0.970946922736
41262,1,47.5471719848,1.51109071624
41265,1,47.788753217,0.778673124197
41267,10,47.4108790791,1.14756502799
41269,603,47.8013026692,1.06106057175
41275,15,47.9188435468,1.09671366028
41276,26,47.6266800111,1.3190312927
41280,13,47.3061059173,1.75364567539
41281,1,47.696504262,1.20343836438
41282,7,47.3599602222,1.81188563537
41288,1,47.664005074,1.35678076769
41291,1,47.7867092973,1.16554441978
41294,5,47.8095517796,0.997400046062
41295,126,47.5862925993,1.38832136173
41296,22,47.6431910467,2.04960919519
41297,4,47.6366514233,1.84803202811
42001,3,45.412713546,4.12725438172
42003,17,46.1059597472,3.89158878833
42005,242,45.5349913099,4.27650426979
42010,8,45.5692764354,4.37903111201
42011,46,45.8294764785,4.18332533699
42013,19,45.6408137826,4.30888510025
42015,22,46.1622604253,4.35026085349
42017,1,45.3743662773,4.51511479228
42019,77,45.7506601362,4.00890511945
42020,5,45.6250619213,4.2076229179
42021,3,45.5129034516,4.1187324401
42022,54,45.5220857407,4.22151504235
42023,59,45.3037339216,4.56653101213
42026,10,46.1473425939,4.07729342349
42027,3,45.9292601554,3.99269700935
42028,1,45.2639294858,4.55951022656
42029,17,45.8395855736,4.26450714832
42030,1,45.7952908968,4.0351714589
42032,11,45.5213671549,4.53017673396
42039,7,45.6980828693,3.82450309755
42042,1,45.4520672053,4.22612997142
42043,12,45.5743049771,4.32163705727
42044,238,45.3886064564,4.33196255695
42046,55,45.6413921035,4.0502490993
42047,2,45.8535201477,3.84402489217
42048,1,46.1467528549,4.20223388149
42049,3,46.1458600113,3.89966724243
42052,133,46.166320434,4.17407848439
42053,6,45.5146610622,4.63386392848
42054,2,45.6388781024,3.97962390788
42056,22,45.4187757598,4.7287178869
42059,94,45.6292859414,4.37386809116
42060,1,45.4862625628,4.08984378023
42062,8,45.5903538558,4.40832402261
42064,2,45.4555253092,4.70245486643
42065,4,45.7678114571,4.23353082374
42066,2,45.760405726,4.17661128061
42067,1,45.3540411435,4.59395914999
42069,39,45.994800702,4.06003885957
42070,6,45.9426002325,4.05941352074
42071,157,46.0172302823,4.09095787437
42074,10,46.0732580486,4.20593657124
42075,4,45.57428192,4.22555188945
42076,8,45.9152976183,3.92450322981
42077,1,45.9126247194,4.21879856118
42079,3,46.1241485363,4.26553210603
42081,9,45.6062985124,4.26545207151
42083,1,45.5627238803,4.67407383096
42086,1,46.1511332102,4.30522495875
42088,2,45.7905917572,4.20144222446
42089,10,45.6183532974,3.99924034774
42090,2,45.7576341389,4.33837762975
42092,65,45.4943470893,4.37157976104
42093,5,45.4850828855,4.60234719042
42094,355,45.7323040855,4.22324153789
42095,811,45.3788146093,4.28879456136
42097,58,45.5010028075,4.31920755114
42099,25,45.3843710509,4.26046841789
42102,3,45.5739004046,4.44195002454
42103,93,45.5040795864,4.55860381813
42104,3,46.0720149444,4.2760425142
42108,4,45.5919035351,4.19660173459
42110,61,45.4920272407,4.54055415513
42115,14,45.3199228804,4.36218674695
42118,16,45.9686920698,4.24074411631
42119,1,45.7434903751,3.98404823618
42120,14,45.9921445608,3.97528031163
42122,3,45.5599481407,4.05663327551
42123,45,45.5111870937,4.58123296493
42124,1,45.3732296224,4.70055587706
42125,1,45.88323165,3.92941983729
42126,5,45.4513938679,4.07349582691
42127,86,46.0919456873,4.0633211833
42128,1,45.925872477,4.31533789059
42129,28,45.3609273148,4.6976820732
42132,1,45.3854577768,4.72587258984
42134,3,45.6888989207,4.02877328272
42135,1,45.6639852846,4.22116537367
42137,1,45.5249803676,4.05302501039
42138,1,45.660883929,4.35369654471
42139,27,45.2930506564,4.39678475293
42145,10,46.032936055,4.22546405807
42147,1011,45.6008365515,4.0713982073
42149,254,45.6352746305,4.24093173504
42150,12,45.712457493,4.0770159438
42154,1,45.8360580562,4.23058831333
42155,2,45.8118000128,4.14151199652
42156,29,45.900100869,4.16834898085
42159,40,45.805483325,3.7440778928
42161,1,45.9892923941,4.13471430995
42162,7,46.0133225099,3.9959200777
42163,19,46.1848662423,3.88005761466
42165,49,45.7937087884,4.34408742272
42168,83,45.4230806352,4.65991656851
42169,1,45.4473694806,4.14260046979
42170,21,46.0404897361,4.14491926088
42172,2,45.3861155626,4.431442219
42174,4,45.7272583786,4.15060346621
42175,3,45.8008382114,4.23299692399
42176,13,46.0446906414,3.97809193807
42177,23,46.1354023515,4.13250530885
42178,3,46.0000456451,4.17170231294
42179,2,45.6602466343,4.02060723692
42181,17,45.9973316564,4.21374559587
42182,61,46.0476606321,3.90857597535
42183,42,45.4033695674,4.36890566227
42184,166,46.0429114311,4.03375590925
42185,4,45.5885484014,4.25049605154
42186,217,45.5232368969,4.61000981421
42187,2070,46.0449112487,4.0797045647
42188,1,45.6162113424,3.92144569626
42189,103,45.4259230436,4.32495559821
42192,1,45.3763346252,4.1143178936
42193,16,45.803570531,4.27277111132
42195,21,45.7364287162,3.96098461916
42197,1,45.7435935956,4.05118283654
42198,17,46.0060538443,3.93140741051
42199,17,46.0272361831,3.93483213636
42200,13,45.646913833,4.26396291539
42201,1,45.3455074313,4.64751344414
42204,64,45.4251682562,4.06509003822
42205,6,45.655161946,3.9261116009
42206,6,45.5412626706,4.33171249228
42207,845,45.4698319517,4.50184989506
42208,9,45.5362867258,4.4671653165
42211,10,45.5399613626,4.22968401574
42214,3,45.6766538011,4.28890743405
42215,11,46.1763743544,4.20748749926
42217,3,45.7934338068,3.86367748356
42218,5545,45.4301235512,4.37913997076
42219,2,45.739928029,4.09717656731
42220,1,46.1390822509,3.94339360836
42222,146,45.6033793655,4.31450535656
42223,76,45.4557410438,4.33134504197
42224,38,45.3472458116,4.43132626452
42225,36,45.5351394274,4.57332962492
42227,1,45.7069401539,3.930271238
42228,1,45.5439493832,4.09234828784
42230,50,45.8308448728,4.01988837409
42231,34,46.1088139575,3.96414737669
42232,4,46.0647653123,3.91707635373
42234,41,45.5305252119,4.38203656297
42236,1,46.1210288218,4.1833614828
42237,70,45.4568786158,4.44848172147
42238,1,45.7746461063,3.79161072319
42239,3,45.9576591068,3.98572458074
42240,19,45.500965191,4.01116096667
42242,14,45.5552073766,4.61943614225
42245,3,45.8203021782,3.81786181803
42246,16,45.3215951313,4.61802793895
42248,36,45.9235907262,3.84329480251
42249,20,45.8875493245,4.24162884175
42251,3,45.6890006035,4.23185003367
42253,2,46.0416783061,4.00124204353
42254,25,45.8614554366,4.1876629386
42256,39,45.4892854611,4.16817576447
42257,8,46.2089488528,3.81781028236
42259,30,45.5522879045,4.59128489318
42260,17,45.8366527059,3.92057216059
42261,12,45.731526312,4.3688277633
42262,12,45.4080254859,4.18440068436
42264,2,45.5923485305,4.36215864374
42266,1,45.4047039086,4.0825460326
42267,21,46.1624812464,4.12649769645
42270,7,45.3957585018,4.23942143752
42271,60,45.4705874641,4.57893504841
42272,31,45.3766717807,4.74426644516
42275,3477,45.4752840967,4.37334466896
42279,345,45.4903250932,4.25026509629
42283,3,45.5651376948,4.54150317464
42284,14,46.0816280349,3.9953263339
42285,34,45.5569265459,4.13106130921
42286,3,45.3660975776,4.37077848051
42287,21,45.2712880618,4.50055395379
42289,38,45.9435843496,4.21665537628
42293,4,46.0058474894,4.28322306743
42295,10,45.8549120107,3.78440621184
42297,2,45.7593642516,4.27548067122
42299,72,45.6223963471,4.1003957272
42301,7,45.5062879483,4.06396167678
42302,56,45.4997083615,4.43728891788
42304,43,45.5417167026,4.18146739816
42305,195,45.4783411216,4.42393692912
42307,5,45.5540344541,4.66360649191
42308,5,45.4477648412,4.5788900746
42311,7,45.4883528278,4.39780519433
42312,11,45.423867276,4.08330513601
42313,4,45.7251404881,4.00078301382
42315,1,45.6071257773,4.2265660188
42316,53,45.4069770909,4.2690668711
42318,26,45.3918648082,3.93424665058
42319,2,45.7074991536,4.28122611074
42320,1,45.5416204634,4.51147591578
42321,1,45.7570573069,3.84373877987
42323,151,45.5621736685,4.28985644507
42327,3,45.4600485183,4.74079429125
42328,4,45.5680113401,3.98919241451
42329,1,45.3205754592,4.50642756991
42330,84,45.4687923748,4.35203419027
42331,1,45.9825018383,3.93640831898
42332,59,45.9976820966,4.02783295013
42333,1,46.1249923509,4.22717855984
42334,13,45.8519288736,4.34938627101
42336,1,45.6872242929,4.34645637144
42338,12,46.0930613385,4.12402637585
43002,75,45.0530693199,3.88524729137
43003,39,45.1884321561,3.68990996082
43012,69,45.3688645706,4.20459797548
43016,8,45.387357804,3.37851265715
43018,11,44.9961387777,3.76352409678
43020,45,45.3159119273,4.104826748
43021,13,45.1427890679,3.95088637654
43024,23,45.1942542124,4.08248145168
43025,31,45.2567472819,4.09279084729
43026,2,45.2169858786,3.81493834452
43032,29,45.0625246612,3.97204508531
43033,2,45.3179155382,3.17686146037
43034,1,45.3167286043,3.9815552467
43036,1,45.0944224247,3.7919088569
43038,6,45.3431536681,3.32396530998
43039,3,44.9156334152,3.87741582593
43040,364,45.2964378846,3.38526303303
43041,125,45.0463267089,3.92401115104
43042,13,44.9221545341,3.81071346525
43046,81,45.0610194806,3.90105321748
43048,34,45.3187166909,3.69286458356
43049,2,45.1874021192,3.98106749222
43051,103,45.0524632592,4.31966525163
43052,1,45.3545907565,3.50450522586
43053,1,45.0245461662,4.16078636885
43058,2,45.3308947174,4.205185256
43062,6,45.065005117,3.75027511306
43071,1,45.2590104905,3.82139785966
43074,9,45.3350700352,3.3706620305
43076,1,45.2988796944,3.64574676641
43077,29,44.8920718655,3.84194495017
43078,25,44.9998083728,3.92720931438
43079,28,45.1845653807,3.49674774
43080,91,45.3318549451,3.85314004519
43084,4,44.9849156994,3.87473452853
43087,58,45.2146495519,4.34572012446
43088,1,45.3026834057,3.2330870914
43089,33,45.0463892072,3.85796806236
43092,8,44.9856971989,4.21170048593
43096,11,45.2888928849,3.43014729837
43100,2,45.2712815558,3.49959793979
43101,1,44.8933556241,3.92125459334
43102,5,45.1919622476,4.18410968345
43111,15,44.8498332614,3.84500846795
43112,180,45.0822541836,3.47806203807
43113,15,44.9893833018,4.00363662506
43114,14,45.1797852011,4.23494194876
43115,17,44.9669881177,4.05206714167
43118,8,45.1559334997,3.41127089302
43119,10,45.1201169543,3.90303538058
43120,20,45.3790751564,3.28028166005
43124,21,45.0980880485,3.74470915932
43126,2,45.0987649866,3.96694371079
43130,14,45.04385116,4.24003740348
43132,1,45.128318526,3.52792705537
43135,59,44.9345419113,4.00710354299
43137,213,45.2906264528,4.18362572726
43141,25,45.1844564784,4.32318621334
43148,31,45.2181062254,3.51504547862
43150,1,45.1022318676,4.06426000884
43151,2,45.0393522436,3.38513092079
43152,28,45.0800346307,3.8608598463
43153,12,45.3352775627,4.24335306756
43154,21,44.7650507799,3.87177102948
43157,2047,45.0276366659,3.89535229067
43160,1,44.8046724953,3.80135032681
43162,32,45.2190833833,4.0281941736
43163,135,45.2349277703,4.42239825506
43165,35,45.1310458657,4.00299232791
43170,3,45.2770787888,3.28293781034
43172,1,45.143785338,4.43283781114
43174,9,44.9899054151,3.82630657587
43177,44,45.3102257705,4.28479871103
43181,1,45.0855006006,4.00620064069
43184,17,45.3569721044,4.25874245507
43185,46,45.4018591959,3.30958888923
43188,1,45.1592040018,3.55160746234
43190,19,45.0328118142,3.97768212024
43193,3,45.3812027822,3.43912460224
43194,27,45.0776971566,4.04872632629
43198,1,44.9424426092,3.72370302131
43199,5,45.1042127113,4.21151710813
43200,37,45.0298500492,4.07958442261
43201,1,45.3060820741,3.92419181239
43205,41,45.3464620965,4.32210479945
43208,3,45.2105754797,3.58257296293
43211,39,45.2200624958,4.1349880615
43212,17,45.3474785194,3.96287922674
43213,22,45.2420793243,4.28312816043
43216,49,45.135004008,3.82064144653
43218,3,45.0467218155,4.02721222555
43221,2,45.0017025965,3.66961658789
43223,1,45.2650235989,4.33989066795
43224,100,45.2470426213,4.22851598334
43230,4,45.1521679091,3.89844373867
43233,2,45.0461886154,3.7913435493
43234,43,44.9482034569,3.53883236387
43236,12,45.2951430004,4.24948806021
43239,9,45.0787632702,3.62714763448
43241,23,44.9577428375,3.88118652171
43244,63,45.1133166621,4.3002040908
43249,1,45.3212577135,4.04688215633
43251,82,45.0239274743,3.86582485038
43258,36,45.3722827688,3.33088237226
43265,12,45.2404575715,4.17878792262
43267,21,45.1929802448,3.90530679663
43268,286,45.1393761299,4.13104937731
44001,9,47.5560384833,-1.49327262094
44002,54,47.0719256611,-1.41556455507
44003,642,47.3833270209,-1.18241880879
44005,116,47.1592162214,-1.95412512421
44006,14,47.4379772072,-2.41272577216
44007,8,47.635436304,-1.97050871505
44009,195,47.2120137336,-1.46246852595
44010,36,47.2844487793,-2.474374647
44012,50,47.0856704602,-2.03170205961
44013,14,47.3800629578,-2.07409913989
44014,37,47.1004098153,-1.50942309254
44015,498,47.4628210409,-1.76789479614
44018,101,47.1473396882,-1.6725437059
44019,3,47.304903513,-1.91266951692
44020,563,47.1709061678,-1.61739752858
44021,54,47.0381472853,-1.92586734325
44022,25,47.053455839,-1.16316059855
44023,13,47.4171698448,-1.87739194688
44024,15,47.1701591492,-1.72606479691
44025,37,47.4160977851,-1.96776519689
44026,332,47.3017191833,-1.47277200095
44027,14,47.3920308092,-1.55573718805
44028,40,47.3374810886,-1.35950738339
44029,73,47.2808739279,-1.34947633422
44030,35,47.4371350794,-2.24565131355
44032,24,47.1722913827,-1.34993806222
44033,11,47.3530614373,-1.98191491086
44035,355,47.3035629617,-1.56078596697
44036,766,47.7221583524,-1.38664809937
44037,25,47.1158057933,-1.43844838155
44038,14,47.1588661346,-2.01200123653
44039,6,47.1811170912,-1.79840995834
44041,45,47.0891104813,-1.596195347
44043,185,47.097896998,-1.27042598067
44044,3,47.6488519078,-1.76222816396
44045,18,47.2968036073,-1.8357108105
44046,20,47.2600100383,-2.09386404628
44047,180,47.2309985029,-1.72929002573
44048,24,47.3885628195,-1.29271841264
44049,57,47.2922743449,-2.52277844422
44050,12,47.4044611195,-2.15336667516
44051,44,47.6576802483,-1.67772975598
44052,40,47.3392097617,-2.0741602335
44053,6,47.4684630967,-2.05940448032
44054,6,47.6690929055,-1.32185881383
44055,288,47.2909720179,-2.3538291745
44056,29,47.3905699563,-1.79530261946
44057,15,47.5805909749,-2.02458187409
44058,1,47.8000443229,-1.38761214981
44061,26,47.2455073631,-1.93405826107
44062,7,47.5279203716,-1.79412055817
44063,73,47.0812318041,-1.21795705627
44064,43,47.1044539402,-1.31077198119
44065,1,47.5758381027,-1.31165475959
44066,190,47.3606796643,-1.61754475868
44067,72,47.6278891238,-1.83077595154
44068,28,47.5034137503,-1.95561601434
44069,486,47.3313320913,-2.41703658813
44070,47,47.1613180471,-1.40043269231
44071,80,47.1960138107,-1.41049118184
44072,85,47.4472411995,-2.31338629512
44073,61,47.4207936826,-1.63717757742
44074,59,47.1985008197,-1.6717810311
44075,13,47.6173601577,-1.4560368491
44077,18,47.5092437538,-1.42943494948
44079,17,47.2077664835,-1.29844309328
44081,97,46.9003706986,-1.57917124705
44082,46,47.4007599346,-1.38128028486
44083,10,46.9872257466,-1.64166009462
44084,170,47.2333976166,-1.33170187264
44087,184,46.9910784513,-1.82345670327
44088,9,47.116363643,-1.38887040907
44089,13,47.3431404212,-1.85411536756
44090,9,46.9913891791,-1.71864413598
44091,6,47.5923270414,-1.69651775245
44092,5,47.6758102411,-1.90458344966
44094,41,47.3161301081,-1.40277407662
44095,6,47.5639720194,-1.39409136304
44096,36,47.4288834101,-1.22583390119
44097,16,47.396034846,-2.47063226926
44098,47,47.4881482821,-2.17765365439
44099,20,47.6222503824,-1.37465777304
44100,13,47.1202035218,-1.34924956417
44101,109,47.1849548503,-1.6848281963
44102,134,47.0679433931,-1.4701852733
44103,73,47.3232368527,-2.1467366036
44104,1,47.4026410683,-0.971865462189
44106,10,47.0616219129,-1.99001867615
44107,2,47.437869782,-1.33099515958
44108,15,47.1293076835,-1.27378859416
44109,12035,47.2316356767,-1.54831008605
44110,239,47.447122285,-1.51824792558
44111,11,47.3753590043,-1.71598291146
44113,236,47.5728858483,-1.60097664616
44114,534,47.2739815478,-1.62323898524
44115,19,47.3554034497,-1.27120259646
44116,16,47.2863992883,-2.02807425552
44117,32,47.1439366329,-1.34541765527
44118,2,47.487718052,-1.21642621731
44119,9,46.95778792,-1.77844057969
44120,52,47.2229017049,-1.8250130027
44122,20,47.4051549703,-1.45655214384
44125,25,47.3778694474,-2.51735551427
44126,36,47.1443222693,-2.18345496077
44127,28,47.0198919821,-1.4401309566
44128,46,47.5557486835,-1.89050130746
44129,188,47.433636363,-2.09556089039
44130,64,47.126582936,-1.56594193848
44131,401,47.1223972452,-2.05182334479
44132,171,47.2615791665,-2.31415650821
44133,18,47.1406810974,-1.76837740762
44135,84,47.2716208982,-2.43210265977
44136,13,47.131466657,-2.21391536402
44137,20,47.3735148609,-2.01845241954
44139,2,47.4618178033,-1.9408388462
44141,4,47.2265214538,-1.23167770963
44142,20,47.0385516844,-1.38749002799
44143,934,47.1762338904,-1.54966399893
44144,25,47.5209726669,-1.31205698332
44145,23,47.1763592414,-1.84313535499
44146,33,47.7704881323,-1.43409809918
44149,15,47.4914246553,-1.57940883784
44150,20,47.1331072085,-1.62317141788
44151,44,47.3234376088,-2.31269060612
44152,27,47.4517932363,-2.01858894478
44153,5,47.7056440734,-1.47872960477
44154,261,47.2380057754,-2.1516650013
44155,20,47.0251492396,-1.55906118865
44156,52,46.9532455273,-1.60060237938
44157,3,46.9452735798,-1.71830813548
44158,73,47.265112989,-1.78426879748
44159,5,47.1431877393,-1.41565837757
44161,55,47.5090375076,-2.05985402604
44162,3038,47.2243762412,-1.63434818692
44163,17,47.4063801215,-1.11538134874
44164,64,47.0958948849,-1.87983637967
44165,7,47.0595826465,-1.3165732334
44166,30,47.1940918482,-1.71963718328
44168,38,47.3721622371,-2.24296601109
44169,49,47.246301757,-1.40639571844
44170,12,47.653118581,-1.22941680644
44171,3,47.1429694401,-1.7140364404
44172,209,47.2536231327,-1.4728987153
44173,3,47.0796411393,-1.36298171094
44174,7,47.0525345648,-1.72353750567
44175,33,47.3781648768,-2.33524206651
44176,16,47.3561985163,-2.17203654541
44178,15,47.0798520838,-1.75208948345
44179,34,47.357199355,-1.44530337399
44180,43,47.5309227299,-1.19441075506
44182,40,47.1755629767,-2.12731093246
44183,16,47.3882223801,-2.41488913268
44184,2666,47.2802857028,-2.25379927249
44185,41,47.6362405155,-2.05685289452
44186,101,47.0839938747,-1.81814462702
44187,49,47.2253813658,-2.06604710896
44188,123,47.0602912538,-1.65711361304
44189,15,47.4437503517,-2.18092999441
44190,501,47.2031024794,-1.4992042742
44192,23,47.2476012305,-1.99328592854
44193,12,47.6556800047,-1.50486133438
44194,105,47.273226935,-1.6804726586
44195,205,47.3570647854,-1.91842119102
44196,8,47.554402668,-2.06655618594
44197,39,47.7291886842,-1.58109954157
44198,181,47.1414647152,-1.5202224711
44199,12,47.7255705926,-1.29052393382
44201,72,47.3536547402,-1.51945689724
44202,15,47.4641557957,-1.28707085178
44203,8,47.3284386017,-1.79041386059
44204,141,47.2763256866,-1.43162198248
44205,21,47.4523563976,-1.42756883238
44206,12,46.9065013281,-1.67969033397
44207,6,47.4785800953,-1.36363954678
44209,105,47.3178218372,-1.62577302041
44210,117,47.3125328416,-2.20700045585
44211,50,47.3507474102,-2.48853439808
44212,221,47.1715153308,-1.26146566077
44213,81,47.4023133343,-1.0243274407
44214,12,47.5453431813,-1.70810408082
44215,721,47.1603732625,-1.47052291749
44216,38,46.9713066859,-1.41881822472
44217,88,47.3196231868,-1.72042944177
44220,11,47.1941974605,-1.9008768965
44221,3,47.477183891,-1.66493224738
44222,2,47.4377425248,-1.14429842548
44223,40,47.0596610494,-1.52602858693
44224,1,47.5178441484,-1.67992818531
45004,1016,47.9867116879,2.78217519303
45006,86,47.7881590342,1.88281454667
45008,26,48.076236639,1.88000171801
45009,7,48.1120145126,2.01033081704
45010,10,48.1271076632,2.24907417441
45018,9,48.1092099568,2.48643135047
45019,4,47.8850157049,1.62389157933
45024,27,47.8106703162,1.66824027351
45025,27,48.1622351028,2.05200165302
45026,1,48.1323472577,2.99028877216
45028,89,47.7781494309,1.63946818857
45029,9,47.5351183131,2.80260257631
45030,36,48.0745543416,2.42978796262
45031,75,47.9802482438,2.41619642926
45034,65,47.9317973301,2.01895568907
45035,2,48.0389368902,2.35695030268
45036,3,47.7798249576,2.72028920172
45039,1,47.7942659998,2.39324729287
45040,29,47.5773091567,2.83916317894
45042,7,47.8163497112,2.43671034937
45049,1,47.8653801463,2.36802219641
45050,4,48.1171101331,2.36040518404
45051,8,47.8291578282,2.38062384404
45053,79,47.6450008152,2.74519258713
45060,3,47.7346543928,2.74663448165
45061,10,48.0508863567,2.74010416872
45062,3,47.9871091205,1.89710126122
45063,6,47.6299186758,2.38147298677
45067,62,47.8914794989,1.77358113463
45068,68,48.0188121595,2.73578852299
45073,3,48.0427948313,2.97001053267
45075,176,47.8887063362,1.82847184827
45077,1,47.8707521485,2.87448096563
45078,1,48.0368069969,2.5779425659
45082,110,47.8851472101,2.23195371871
45083,22,47.9266379127,2.92209191737
45085,32,47.8233390876,2.87503736622
45087,36,47.5721313447,2.73594191784
45089,124,47.9024535913,2.02294070962
45093,37,48.0300099024,1.89353421396
45095,10,48.0570941701,2.14189355578
45097,2,47.9969133671,2.96866607719
45098,33,47.8147484728,1.76833503654
45099,1,48.0172747838,1.73272649419
45102,1,47.9459451483,2.77660641899
45103,8,48.0745693135,2.55961870773
45104,8,48.0408609614,2.69380653826
45108,16,47.6179791467,2.50615129884
45115,39,48.0219252443,3.06237469889
45119,15,48.1525880159,2.26941914573
45120,1,47.6332322961,2.86087598326
45122,18,47.76127445,2.54303804345
45126,12,47.9140447102,2.10376821418
45127,19,48.147384869,2.77436813203
45129,17,47.941934324,3.04405678632
45130,23,47.7916018674,1.7282632469
45133,2,48.2343065606,2.23634182312
45134,15,47.9627066917,1.60390030402
45136,1,48.0942224093,2.98276692031
45137,2,48.1364055687,2.18433088094
45139,1,48.1896152924,2.32216627868
45142,23,47.9326007256,2.16025043268
45144,3,47.8252781829,2.11682260412
45145,34,48.1055360921,2.80426860413
45146,84,47.7119750833,1.92714666074
45147,889,47.9389266189,1.9198911565
45148,1,48.0832664847,2.76885759173
45152,1,47.9627627539,1.70271671519
45153,1,47.8392387669,2.26614623984
45154,42,47.9913355091,1.83586877013
45155,467,47.71227944,2.66549550204
45157,1,48.1510160951,2.38245438786
45160,2,48.189368971,2.11144995859
45164,1,47.8054009428,2.27151487858
45167,19,47.8939094608,1.70052467994
45168,1,47.9939802289,2.2247865408
45169,60,47.916936377,1.82353479018
45173,48,47.8539370317,2.12063354743
45175,24,47.747623391,1.80832266526
45178,3,48.0095614328,2.52562698613
45179,21,47.7471091867,1.71487513333
45181,1,48.2233393249,2.08701663707
45182,13,47.6832812025,1.79078141951
45186,5,48.0422457251,2.52798759325
45187,62,47.86274799,2.49842209081
45188,18,48.0101727408,2.09187881925
45189,1,48.0344043134,2.86967177555
45191,47,48.2894150644,2.39799452821
45193,11,47.7717120414,2.03429227556
45194,12,47.8973215597,2.06871909957
45196,8,47.8459261373,1.76588121396
45197,11,47.9586997126,2.01335739058
45200,6,47.7097936661,2.03537007798
45202,2,47.8085997033,1.63534579701
45203,80,47.8397230739,1.69811579508
45205,1,48.024673349,2.48281736581
45208,480,47.9988427684,2.73588922015
45212,3,47.9110568348,2.8050629684
45213,1,47.8353730505,2.56194977117
45222,3,48.1109318458,2.73790103266
45223,1,47.9957733046,2.36897540988
45224,47,48.0689002609,2.0592389448
45226,1,47.7747351435,2.24319824191
45227,6,47.7333698571,2.59240936936
45228,6,48.0140757503,2.31162556576
45229,10,47.8386989042,2.72939898012
45230,1,47.9091167277,2.53634979888
45232,737,47.8546997503,1.88823884753
45233,1,48.198009658,2.41619329627
45234,4379,47.8828634214,1.91610357477
45235,42,47.9478927355,1.8071403661
45237,1,48.2420197745,2.45858952893
45240,20,48.2142854596,2.02173092617
45242,6,47.8765424809,2.70945964762
45244,19,47.7843937,2.47737458282
45245,1,47.6754280344,2.81002906457
45247,43,48.0121009913,2.66878562628
45248,35,48.050944058,1.69412591416
45249,3,48.038602522,2.78809051879
45251,2,47.5109534667,2.69207750108
45252,265,48.1805102613,2.24994341572
45253,12,48.1732947804,2.20648380316
45254,13,47.6604278925,2.59453051579
45256,1,47.9580605247,2.5589554736
45258,37,48.2093647379,2.4665704993
45261,1,47.9935958151,2.02397089801
45262,1,48.0566296755,1.73556462334
45269,26,47.8651975362,1.74675988816
45270,18,47.8087057942,2.31731895237
45272,66,47.8140953159,1.95982379984
45273,36,47.8835425588,2.15388829188
45274,75,47.8811057198,1.97259377851
45275,2,47.9697416021,2.91006248346
45278,1,47.8115452338,2.79379001836
45279,15,47.9656628356,2.84890321782
45282,38,47.8500863067,1.83403154937
45284,276,47.9178497622,1.97241570235
45285,219,47.9116141172,1.87108144709
45286,86,47.8828915837,1.93333711886
45290,8,47.8813399374,2.30587611938
45291,1,47.6468281409,2.64446873404
45292,1,47.8464241054,2.96065663752
45293,2,47.9911796658,2.61527422656
45297,6,47.7808203416,2.37330699983
45298,71,47.8804643643,1.85481238728
45299,1,47.9825689104,1.66590651011
45300,29,47.836250282,2.03008361702
45302,928,47.9498311047,1.87809693517
45303,1,48.1208120916,2.59052971179
45305,5,47.9818237634,2.27403899045
45306,3,48.0055574782,2.88981309888
45307,1,48.0762829727,2.88839623055
45308,52,47.9380661879,1.96315992234
45310,12,48.2977181828,2.20317765493
45312,1,47.912040887,2.73568856223
45315,110,47.7526229305,2.35647713689
45316,4,47.9537349646,2.35973695052
45317,29,47.7633212034,1.59342598459
45324,16,47.7792107424,2.18510724975
45327,20,47.9652949917,2.10398859914
45329,10,47.9392051381,2.99479900894
45331,1,47.7179640819,2.20904913519
45332,11,47.8623950177,2.6635119696
45333,7,47.9551852043,2.05249130958
45335,15,47.7825716269,2.12412852097
45336,4,47.7320234498,2.29028303384
45337,1,48.0129025653,1.55246267039
45338,53,47.9830187489,2.70512428321
45345,5,47.9486850817,2.67841520293
45346,14,47.931092233,2.25115568567
46003,18,44.8338975947,1.68546472783
46007,14,44.4543698318,1.54748898105
46009,26,44.6722095867,1.87432181008
46010,1,44.4243818386,1.54157592497
46012,4,44.7879676429,1.85677368836
46015,22,44.6622315963,2.14887166878
46021,3,44.5711043331,1.92666440325
46028,11,44.9424463587,1.73672663964
46029,22,44.9281999917,1.85705877079
46032,1,44.5478641839,1.40820020858
46034,2,44.7061859872,1.90968231759
46038,55,44.9142894383,1.84254876727
46042,1400,44.4507370916,1.44075837848
46044,15,44.4923815798,1.34696885739
46045,40,44.494117576,1.83859373388
46051,5,44.621451936,1.92659175923
46055,18,44.5849536866,2.06705309524
46057,8,44.6824882751,2.0138257443
46059,1,44.731542751,1.61018363639
46061,1,44.5630523777,1.1285177981
46062,2,44.5046854945,1.22357367692
46063,42,44.2618964554,1.34787377419
46064,28,44.5584146549,1.34151024683
46066,20,44.6457631404,1.22061089675
46068,1,44.4455008428,1.73871325371
46070,26,44.3708750908,1.49838889295
46080,1,44.5167654701,1.32994493249
46082,1,44.3877412529,1.58297001651
46083,11,45.0196029129,1.52229424789
46087,3,44.6693459592,1.32745596587
46088,9,44.4711707333,1.35541899313
46089,9,44.5165803218,1.08355706377
46092,2,44.4322856045,1.59801365045
46095,14,44.5141184572,1.37059320975
46100,1,44.5656631085,1.99228446364
46101,2,44.6095612656,2.15053532047
46102,601,44.6055314625,2.02540303775
46103,1,44.2910612603,1.40914730428
46105,3,44.4105069107,1.49806736819
46106,1,44.9059208514,1.67151833797
46108,31,44.6597558601,1.9530741182
46109,3,44.3250209825,1.49032915385
46111,1,44.6657638987,1.98087268416
46114,1,44.5902258251,1.14402120648
46115,1,44.8726104417,1.94132532683
46117,3,44.9387966672,1.88455364485
46118,8,44.9899523314,1.46272754104
46119,1,44.5837680481,1.43277988907
46120,2,44.6266225054,1.26418092568
46124,1,44.9190594045,1.87327454002
46125,1,44.7935683292,2.0315083819
46127,234,44.734795608,1.37712768596
46128,95,44.7635603644,1.71620459363
46130,1,44.4680281643,1.14965078788
46137,8,44.386742628,1.38959761841
46138,24,44.6484325779,1.58028882268
46140,1,44.3889348605,1.54038779175
46142,2,44.4729332661,1.07281848621
46143,66,44.7253588918,1.93631584115
46145,1,44.9380023584,1.48031197912
46146,1,44.8212245702,1.96821823356
46148,41,44.3330164253,1.56498727825
46149,19,44.4740446239,1.50163136259
46154,1,44.359541732,1.87031104921
46156,2,44.4871654588,1.47065780509
46160,13,44.8008999113,2.07093870837
46163,1,44.9447136022,1.93517453774
46165,1,44.8015351339,1.76588588621
46170,165,44.7838029634,1.89700443992
46171,1,44.5699106208,1.24112071813
46172,5,44.3536160886,1.42807252232
46173,31,44.3966427227,1.77829583648
46175,2,44.6228358432,1.97160948476
46176,4,44.6474230613,1.84523595274
46180,1,44.6107026353,2.08424669582
46182,35,44.4857575598,1.27596849228
46183,4,44.5442171606,1.77401104203
46185,54,44.9401536689,1.60734355344
46190,1,44.5830981041,1.46298986385
46191,25,44.4979192471,1.38947522255
46197,4,44.3804715298,1.45487916761
46200,1,44.6203221327,1.19833953446
46201,44,44.335497631,1.21192283879
46204,101,44.6868814093,1.58516687281
46205,1,44.5751144304,1.29312666435
46207,9,44.6130585802,2.18467035164
46208,2,44.8740684333,1.63555769286
46214,6,44.4811948006,1.31867316292
46215,20,44.7938474371,1.46578080794
46216,10,44.7629337139,1.34345331858
46217,1,44.3345123172,1.40726154278
46221,2,44.6420092578,2.02813348021
46224,62,44.464606105,1.38849304756
46225,68,44.5137023932,1.18723639208
46227,1,44.3763205696,1.83026899393
46228,3,44.896756286,1.81736131587
46229,4,44.9213943929,1.78724150128
46231,36,44.5166104791,1.13576954751
46232,21,44.9962499088,1.63795364343
46239,1,44.8649069873,1.43907762141
46240,4,44.8148525753,1.62220346544
46249,1,44.6967820287,1.9760982727
46251,186,44.8531827667,1.89258045388
46266,1,44.6124237532,2.11317845009
46267,12,44.6460780421,1.44147433368
46268,5,44.4863902583,1.6001798484
46276,1,44.4795975074,1.72861355188
46281,1,44.8523355559,1.84227954038
46290,2,44.7472704411,1.51114352201
46293,8,44.8817461552,1.55074989769
46297,21,44.6854910837,1.26478802676
46301,11,44.418405817,1.25953529906
46309,74,44.9069531608,1.46396482842
46310,2,44.6269246895,1.59005920617
46311,16,44.8806327764,2.03547276303
46316,2,44.5993894609,1.32059065502
46322,7,44.4215309294,1.35834286851
46330,31,44.9450597014,1.69320675098
46333,1,44.346009469,1.81940730105
46334,19,44.7394789138,1.45239554217
46335,1,44.3978080627,1.31439035193
46336,10,44.4878353451,1.09829144521
46340,3,44.5174745884,1.45454544343
47001,2057,44.2028139104,0.625583928763
47004,59,44.3012876866,0.358229103443
47005,16,44.6231983139,0.286538311278
47006,1,44.3819408307,0.628501205807
47007,1,44.1933826797,-0.0800075386017
47013,1,44.3845067186,0.0666936093106
47015,29,44.0646686165,0.658006549076
47016,1,44.1378277846,0.568271708498
47019,1,44.2587889036,0.701934519918
47020,2,44.6820321193,0.149443103335
47021,15,44.1586009186,0.244120736429
47022,2,44.2679299357,0.426598073489
47024,7,44.5332209299,0.144907707512
47025,10,44.2747735697,0.896478238641
47027,34,44.410110122,0.669751567768
47028,3,44.4871002309,0.259780510047
47029,2,44.6091963287,0.960434375937
47031,171,44.1702699988,0.646760618523
47032,47,44.2084448019,0.689070804076
47034,4,44.4036708289,0.100423976197
47038,1,44.3326225834,0.40309319188
47040,22,44.201959917,0.557521330574
47041,7,44.20662795,0.405442754423
47043,10,44.2535434476,0.302105091596
47046,2,44.373357824,0.225583969332
47048,19,44.5473985229,0.627800125632
47049,43,44.4480744833,0.62184226742
47051,118,44.1880929707,0.710790193831
47052,120,44.3114746788,0.0845386197153
47054,46,44.4077972964,0.481340704559
47056,7,44.5803543889,0.140031725021
47057,34,44.6392690968,0.605732288011
47058,1,44.2579597615,0.21692393129
47060,3,44.1187326422,0.737249892638
47061,1,44.4273646306,0.180258974885
47065,13,44.371064569,0.38579130311
47066,2,44.2487245183,0.456237905112
47068,15,44.453586027,0.0335952053533
47069,18,44.232339238,0.567143268052
47071,4,44.4738657983,0.467367146854
47075,6,44.2901521659,0.693082511784
47077,1,44.5473969592,0.948776133607
47078,21,44.2886728778,0.275113045329
47079,2,44.3878408566,0.889281458819
47086,38,44.6760156672,0.201414040802
47088,11,44.5521873277,0.231716447116
47091,15,44.1691562918,0.577334843387
47093,1,44.2302961715,0.157664110784
47097,12,44.2178235565,0.360960245348
47099,2,44.4050058325,0.529808285762
47100,64,44.2533403531,0.636982515974
47101,7,44.4554149219,0.154536756798
47102,12,44.0678806491,0.428251345616
47105,1,44.3146511449,0.822551704187
47106,115,44.5082127529,0.979557344106
47108,2,44.4911956758,0.116008631379
47110,13,44.4615606607,0.292147658255
47111,2,44.3674227861,0.470227995175
47112,3,44.4181613232,0.394930271449
47114,2,44.3800998821,0.125863668239
47115,1,44.4120569863,0.0588990507581
47117,2,44.3417684874,0.77342151475
47119,6,44.1926576164,0.0420744981743
47121,1,44.3463957829,0.127187947229
47123,12,44.6004856905,0.898890688918
47127,3,44.3535292844,0.43709855772
47128,20,44.1653179706,0.699221003684
47131,6,44.5681807509,0.110810277516
47133,17,44.070163871,0.537584596425
47135,1,44.4080359614,0.439432050771
47137,15,44.1172103179,0.538616105986
47138,21,44.2774473869,0.755893948106
47140,4,44.299488439,0.608669377753
47142,8,44.6453836626,0.470249599127
47143,25,44.182938902,0.301778436575
47144,4,44.5852993705,0.41382016735
47145,44,44.1205847258,0.655048484192
47146,1,44.4466584765,0.667402522354
47147,10,44.6218474674,0.203943341999
47151,3,44.7338357158,0.311069124069
47152,1,44.5903746539,0.624298099523
47155,2,44.276969573,0.581273435521
47157,806,44.5055176845,0.172174280849
47159,53,44.3991025317,0.200249161005
47165,12,44.5066850051,0.0288921045777
47167,24,44.0600445974,0.267088147392
47168,58,44.5833450029,0.356429133423
47169,3,44.1399410012,0.608405659619
47170,3,44.5387781694,0.525350023126
47173,11,44.4444866326,0.520661988159
47175,31,44.5202002935,0.758095744834
47179,19,44.5013903927,0.930633157359
47180,1,44.1657823187,0.457096230702
47185,46,44.4683407612,0.983236181699
47186,1,44.2108785728,0.45197105625
47190,5,44.3420285974,0.53448370378
47194,1,44.6425608196,0.301343634171
47195,163,44.1321004332,0.343358299602
47197,2,44.0797133373,0.469920586067
47199,1,44.6681214341,0.268212802868
47201,136,44.1921120609,0.594677375756
47203,81,44.3792871944,0.839426839865
47208,14,44.2402054979,0.0580974233061
47209,437,44.2355202874,0.675831855662
47210,43,44.2605042795,0.374453245526
47213,37,44.2940807275,0.514265870524
47215,27,44.3705410959,0.698420769964
47216,3,44.5134325386,0.314763378622
47217,19,44.1878890197,0.805532157902
47220,2,44.3521277171,0.230708031809
47221,1,44.1005390753,0.210196910865
47224,1,44.4174259334,0.0188689173948
47225,36,44.1762971751,0.557230787746
47228,4,44.3406134125,0.720236260275
47231,1,44.5763841705,0.222115057407
47232,3,44.5242838812,0.370593568879
47233,30,44.5304887615,0.103191443155
47235,2,44.6082356833,0.47829320163
47238,9,44.1868209409,0.516380488388
47239,8,44.413992435,0.559008333546
47242,1,44.5647070591,0.998320383054
47246,3,44.2477536964,0.53261592446
47251,6,44.2871805336,0.239913996126
47252,51,44.4058755457,0.599870593015
47253,4,44.415315629,0.148396676303
47257,1,44.5709496293,0.0914080530224
47260,1,44.2158468038,0.893637045733
47262,5,44.1311576443,0.756519172378
47263,4,44.4713724451,0.199107066412
47264,19,44.6122576161,0.378163344287
47269,1,44.1802043993,0.752007994419
47278,2,44.7063934803,0.238983913386
47280,29,44.4179177939,0.808784719613
47283,2,44.4672729873,0.933693165235
47284,4,44.5297987522,0.890077944745
47285,5,44.4348291944,0.109706411573
47287,1,44.1272954616,0.455699983638
47288,2,44.2464985095,0.749862858533
47289,2,44.2306316088,0.795887481537
47291,1,44.4818655678,0.716683447873
47292,5,44.5874333431,1.03791242819
47300,6,44.2156168834,0.494137756364
47301,16,44.5491210196,0.292236597438
47302,10,44.0568059441,0.125536637089
47306,8,44.3754139489,0.525660139927
47309,4,44.5192333821,0.452312617124
47310,154,44.3836784997,0.324905750145
47312,19,44.3925100376,0.996018809285
47315,4,44.4456964361,0.863931953648
47317,11,44.4685862849,0.404058956078
47318,10,44.2122017906,0.322783861284
47320,1,44.3035817658,0.212075905878
47321,3,44.7431410072,0.236705343695
47323,703,44.4251092866,0.742526167632
47324,37,44.6330682255,0.760362133124
47326,57,44.5118708784,0.238920831275
48002,5,44.8864422814,3.25064355451
48003,4,44.5522761044,3.67650603753
48005,19,44.5881108325,3.25393256642
48009,19,44.7233900467,3.28132614741
48010,10,44.7574886567,3.72694597224
48013,10,44.5399034165,3.55404283598
48016,1,44.4754747624,3.44126913972
48017,6,44.4325411696,3.17908745544
48018,6,44.5220189708,3.40925330342
48021,3,44.5655559984,3.88803843314
48027,12,44.5107452501,3.74294007436
48030,1,44.4873961112,3.53320153981
48034,61,44.4193711769,3.25711827627
48038,3,44.8556410691,3.65464522563
48039,19,44.4502200567,3.34457977647
48042,2,44.5707532071,3.49280598377
48043,33,44.6479862625,3.68590972615
48045,1,44.6417519852,3.75085560939
48051,17,44.2554480808,3.92521509971
48056,1,44.4813587557,3.36743197603
48061,64,44.3162079295,3.58273527435
48064,11,44.8115219718,3.12932702251
48070,30,44.7775011056,3.64068574736
48075,11,44.3984529023,3.53146290562
48080,128,44.7237405653,3.83363110341
48081,19,44.4904680879,3.58785456631
48086,1,44.6366875851,3.86550888829
48090,20,44.8630758811,3.33643761858
48092,247,44.5581181858,3.28780886743
48094,11,44.2937484234,3.15910137508
48095,735,44.5294508592,3.48086881176
48096,22,44.1719020208,3.4516638341
48099,38,44.5109335104,3.22653031553
48103,75,44.5574972812,3.32949888703
48104,12,44.6444140961,3.04893734063
48105,2,44.7573739721,3.8000356543
48107,5,44.5204094847,3.30780766253
48112,2,44.685286546,3.73234366061
48116,9,44.3742853816,3.76917997857
48119,1,44.5189016289,3.92049351127
48123,1,44.6928193837,3.03731293861
48127,18,44.6238353175,3.4886504946
48128,2,44.764646204,3.31719285575
48129,2,44.7026866095,3.78578869081
48131,2,44.1953326945,3.21846877697
48132,204,44.796708709,3.40321537339
48137,7,44.4690744788,3.49143883359
48139,8,44.8174157178,3.72227564708
48140,131,44.8126363545,3.2751576154
48144,5,44.1863337479,3.74222985458
48146,10,44.3777129567,3.41934570392
48147,17,44.4420560828,3.57373923919
48148,11,44.1711188054,3.8568943356
48152,1,44.2940872699,3.8666152032
48155,5,44.2216658847,3.81002631474
48156,33,44.48168833,3.17237902865
48157,2,44.5200305066,3.60341341973
48165,1,44.5986955189,3.17537194079
48188,6,44.7000537421,3.39168881156
48194,13,44.3430125499,3.89043012589
48198,24,44.4441033418,3.93038185016
49002,22,47.3034746947,0.0111127082363
49003,7,47.2573828474,-0.337427788842
49007,7692,47.476837416,-0.556125995444
49011,1,47.2019406008,-0.0969244084187
49015,278,47.5057106265,-0.600788940942
49018,232,47.5466894738,-0.109021794815
49020,153,47.4744512295,-0.63405515785
49021,85,47.4363863926,-0.206986791966
49022,17,47.3187109536,-0.600035399851
49023,265,47.2125984545,-0.983619028639
49026,41,47.4995106103,-0.799139218655
49027,11,47.133273239,-0.931697835787
49035,84,47.4307669874,-0.627122133651
49041,9,47.3056918695,0.0710549100336
49045,26,47.3510849572,0.0835955334414
49048,17,47.57639762,-0.497931074064
49050,104,47.3416678749,-0.441366325976
49054,58,47.5585230813,-1.03503351449
49055,16,47.5380581206,-0.566473143041
49060,13,47.2066359278,-0.0708098589193
49063,141,47.3494785235,-0.772675582911
49067,7,47.6694970175,-0.65425867074
49068,19,47.4299165836,-0.874606992873
49069,74,47.3218941947,-1.26053581871
49070,1,47.084888395,-0.691577840535
49080,74,47.6841712906,-0.495930395639
49086,38,47.274007949,-0.439804383087
49090,5,47.6253057182,-0.519918963857
49092,258,47.2272268469,-0.730188160448
49099,2414,47.0454402992,-0.877886189605
49107,1,47.4923319626,-0.303632794526
49109,25,47.1203026416,-0.63636371367
49110,14,47.5424133416,-0.369410127178
49112,9,47.1825767187,-0.129426451927
49120,5,47.3777256876,-0.609937724094
49123,9,47.223264756,-0.123769000712
49125,262,47.1914715686,-0.278336056087
49127,48,47.6780515421,-0.254608332885
49129,138,47.5286938274,-0.518454771034
49130,1,47.6151527391,-0.560819094743
49131,1,47.1348367577,-0.0385758480154
49132,2,47.6598525566,-0.452234777822
49135,18,47.5840201404,-0.600831621131
49138,6,47.4829167789,-0.174198642479
49140,10,47.1843477154,0.03384269066
49155,17,47.5951579943,-0.695965516847
49160,21,47.4154942142,-0.920314202965
49163,27,47.5576434301,-0.24007574412
49167,35,47.40011602,-0.484584915233
49170,1,47.6592762477,-0.514251565754
49174,2,47.6367744645,-0.292940093919
49176,79,47.6307737346,-0.749881925184
49180,88,47.3984723864,-0.107579294015
49182,1,47.2417694387,-0.307091096953
49183,38,47.519040527,-0.90137845396
49188,3,47.5822974995,-0.300211738642
49192,46,47.0185766256,-0.768134737511
49193,31,47.1327247986,-0.875212635921
49194,45,47.4603950447,-0.284298744303
49195,1,47.05980143,-0.795548412055
49200,28,47.5607664036,-0.683468497352
49201,20,47.4070050575,-0.256671293231
49205,20,47.7620031933,-0.495000586199
49211,15,47.1873187077,-0.516413041747
49214,81,47.5411858548,-0.616472796467
49215,48,47.1287547622,-0.125278817925
49217,1,47.6603355661,-0.71140770195
49218,99,47.255395404,-1.05160971025
49219,1,47.2135013304,0.0519492185178
49220,29,47.725500783,-0.403190245491
49221,2,47.4531278968,0.0130885602791
49222,14,47.3588616971,-0.568969169001
49223,117,47.3952383531,-0.553551118702
49228,37,47.5070164198,0.109706678066
49231,2,47.0863010668,-0.777309742731
49235,4,47.2209572382,0.00402105248715
49240,2,47.0673907245,-0.628869263252
49241,26,47.4923950219,-0.436285134541
49244,161,47.3429800481,-0.869186945487
49246,240,47.4272536106,-0.512677371617
49247,25,47.3814407983,-0.708738811093
49248,83,47.7629344972,-1.19300189799
49253,8,47.1140698471,-0.229006138131
49259,22,47.3508366008,-0.65047354418
49260,10,47.0543066107,-1.00996778066
49261,61,47.374115152,-0.222562814963
49266,1,47.4545053471,-0.800399129373
49267,194,47.4738114322,-0.485526012217
49269,9,47.0291789736,-0.965837562307
49271,7,47.5263429934,-0.734122843325
49272,2,47.3443059131,-0.182503440633
49278,494,47.4281722672,-0.575792781781
49283,109,47.4024678993,-0.756078071904
49292,20,47.3002199454,-0.640314853216
49294,14,47.4862725971,-0.690818663562
49298,30,47.4625011515,-0.727690848988
49299,12,47.1022853762,-0.904193715243
49301,183,47.1256560392,-0.998341815021
49306,18,47.4370289729,-0.708731973455
49307,88,47.4219645317,-0.319673646947
49308,14,47.3818008704,-0.50194349373
49310,1,47.0892502591,-0.541920339488
49311,1,47.3908362181,-0.0435917623377
49323,84,47.5123317726,-0.475837998559
49328,1028,47.2673853525,-0.0830410591988
49329,2,47.405865718,-0.667155831696
49331,286,47.7016654227,-0.863354104119
49332,34,47.0803772753,-0.957722131472
49333,39,47.6039171793,-0.358897551801
49336,2,47.0353125936,-0.595627270209
49338,3,47.3590850983,-0.519604593269
49339,1,47.5798701651,-0.542933611394
49343,20,47.0080969032,-0.83728849312
49345,36,47.2592682331,-0.517923916545
49347,86,47.6245599519,-0.44344301136
49353,809,47.451357179,-0.473458788346
49355,30,47.1227107975,-0.801475622875
49361,12,47.247861704,0.0416546487257
49362,4,47.2277631144,-0.0662293398772
49364,2,47.1411198846,-0.212881943742
49367,29,47.5882203908,-0.849650865368
49368,30,47.3942457572,0.0285780026834
49369,19,47.3961591368,0.097374002532
49371,9,47.1152806742,-0.721207267194
49373,105,47.1373301524,-0.559450064005
49374,2,47.2624126293,-0.0208277166686
49377,31,47.5486542844,-0.44694039674
49378,15,47.3228206835,-0.0669608639815
49381,7,47.0344970546,-0.696855883888
50002,97,49.1154902114,-1.12991373053
50003,47,49.0388327181,-1.58144574808
50013,2,49.6362063201,-1.2855537086
50015,2,48.9613248053,-1.5319902105
50019,1,48.5265006323,-1.47519775381
50025,844,48.6884746717,-1.35732338245
50027,2,48.7041130742,-1.43259564211
50029,21,48.6083533868,-0.830642245682
50030,12,49.6687321744,-1.26330967066
50031,50,49.3804461853,-1.77027682978
50032,1,49.1063271499,-1.01818230779
50034,2,49.0874889577,-1.06982745173
50036,7,49.3098408956,-1.36772622791
50038,1,48.8370011641,-1.36645537752
50041,105,49.6631647329,-1.84267363083
50045,6,49.5288698875,-1.77573720806
50048,3,48.8582276716,-1.15769236289
50058,6,49.0728785258,-1.57173551659
50066,29,48.7634529301,-1.52729216893
50072,1,49.0824569432,-1.50021514683
50074,53,48.7250596734,-1.17310373114
50076,58,48.8991054391,-1.5329842418
50077,8,49.6500323441,-1.508274502
50078,3,49.257448557,-1.62881599028
50082,40,49.4699810492,-1.63261585347
50085,1,48.9183887139,-1.51381189352
50086,1,49.6251847771,-1.41274998692
50087,18,49.5534145945,-1.57357010117
50090,1,48.5185588487,-0.971234303313
50092,10,49.0871438723,-1.38108310659
50095,13,49.0797681926,-1.18008424272
50098,2,49.0661156491,-1.24968371393
50099,227,49.2963250601,-1.2559215726
50102,8,48.749037599,-1.55955935077
50109,28,48.9111679831,-1.43836257164
50110,14,49.1921145601,-0.938538623187
50111,15,49.0364321556,-1.27126890359
50115,1,48.7720554748,-1.40097666285
50129,1877,49.633412156,-1.63390160204
50137,2,48.8755777251,-1.19526749563
50138,1,49.4541493168,-1.48894916304
50139,27,49.0540546845,-1.02453868309
50143,1,48.8735234655,-1.52424564985
50145,3,49.0509362145,-1.38869491395
50147,443,49.0566189539,-1.44345003609
50149,1,49.5583745259,-1.68158460164
50151,12,49.1999968396,-1.56218099471
50158,7,48.7292658425,-1.09806431434
50159,2,49.029220854,-1.22193963849
50161,7,49.2088367132,-1.16303254743
50162,11,49.6288821095,-1.52811592716
50164,4,48.9907905898,-1.03423801965
50165,41,48.8508414617,-1.57315135089
50167,1,48.7166999564,-1.48832263825
50168,52,48.6129636498,-1.27873609026
50174,1,48.8331161622,-1.38244555863
50178,2,49.6810861003,-1.45453917857
50184,23,49.530584299,-1.86809875664
50185,6,48.8488921299,-1.26431862113
50192,1,48.9664383524,-1.04146315344
50197,24,48.901866947,-1.32927187447
50198,2,49.1293350748,-1.55102894919
50199,2,48.6891667321,-1.47354012671
50200,4,48.6718461689,-0.802951577458
50209,4,49.6319375816,-1.47264089403
50215,27,49.0979435491,-1.57923308824
50216,4,49.2380106991,-1.20015194304
50218,775,48.8327078372,-1.56670866413
50219,5,49.0683104391,-1.49454774157
50228,13,48.947434282,-1.25972475614
50231,3,48.9741132204,-1.54436628419
50232,1,49.1244193511,-1.3030503118
50236,60,49.2835142105,-1.53943989107
50237,46,48.8097220034,-1.374935921
50239,21,49.1221777065,-1.17047644258
50243,2,49.037931867,-1.51183729041
50252,10,48.870028751,-1.46798288631
50256,22,48.6214964353,-1.18298649234
50259,1,48.5909006433,-1.34729095786
50260,12,48.678576703,-1.04281408802
50267,40,49.2167143742,-1.52478862014
50272,15,48.9432866634,-1.52855287697
50273,4,49.2964016031,-1.48893562927
50274,2,48.5342583933,-1.08560477293
50276,1,48.731700288,-1.39448203488
50277,1,48.8585636393,-1.5352864546
50281,3,48.788392012,-1.40995865422
50285,2,49.452860666,-1.5484188019
50288,22,48.7001007007,-1.38897452773
50292,54,49.1042100375,-1.2522099973
50294,23,49.598183461,-1.64849604825
50296,1,49.6568745054,-1.48350640946
50297,1,49.1691596357,-1.09998439521
50305,2,49.5983810722,-1.52768461283
50321,1,49.1423322166,-1.07833436341
50335,1,49.5672343716,-1.42035332441
50341,44,49.4973576116,-1.38713307717
50342,5,49.6556616978,-1.26338019218
50349,30,48.9910212765,-1.52994382531
50359,72,48.6474805702,-0.931721848821
50363,5,48.9941243257,-1.13665567668
50364,1,49.1367650132,-1.4760994419
50372,2,49.310933741,-1.52894483942
50378,1,48.9982461228,-1.25757304935
50382,1,49.6200133969,-1.68096572433
50388,2,49.0114256149,-1.46437538722
50391,12,48.5937472635,-1.08234718807
50393,25,48.9174601419,-1.2052472339
50394,57,49.1918062542,-1.41249922765
50400,176,49.3794617832,-1.3877872154
50402,60,49.5103059572,-1.82036292827
50403,5,49.1646654807,-1.55903985715
50408,3,48.6249468178,-1.35394926962
50409,16,49.1634595987,-1.15107589364
50410,242,48.5689721753,-1.48653363271
50412,28,49.3520385149,-1.69541641793
50417,15,49.5883938646,-1.32408087794
50419,11,48.9618413224,-1.46914956989
50425,4,49.5174637964,-1.66546170195
50428,10,48.6773659485,-1.11165024883
50429,1,49.0157487171,-1.53843430747
50431,4,49.1797139942,-1.26085995101
50433,3,49.6261392194,-1.25142117163
50436,2,48.6374333349,-0.98072243352
50437,5,48.9835239687,-1.33024151632
50444,5,49.0444946813,-0.948478098898
50446,1,49.1337500931,-1.02272343031
50448,1,48.5703247813,-1.28722870629
50453,1,48.8335140152,-1.18922933897
50455,24,49.1851844677,-1.04046067538
50456,1,48.6689629346,-0.890384424865
50468,6,49.2257606006,-1.10862929646
50474,2,48.614962159,-0.775364778574
50481,2,49.2376498334,-1.60885612868
50483,4,49.0969481522,-1.16151864411
50484,155,48.5720535322,-1.08283897698
50487,84,48.5257483373,-1.32634914406
50488,11,49.231738279,-1.13630108744
50489,9,48.7198424785,-1.35962175748
50490,1,49.3687683933,-1.73964743222
50492,18,49.0936069017,-0.991213654539
50493,9,48.8240464448,-1.46346833183
50499,4,48.7494442333,-1.11520234761
50502,1667,49.1099624249,-1.07755642702
50505,1,48.6657307643,-1.30380060924
50506,2,49.0630539457,-1.54261997084
50509,2,49.395071265,-1.20388843834
50510,33,49.1686541161,-1.35248949773
50523,24,49.4088606097,-1.32366056657
50525,6,48.7643844423,-1.02574787224
50531,6,48.6792316921,-1.24401346918
50532,98,48.8023738223,-1.54696599127
50535,3,48.7713169182,-1.29851023982
50537,5,49.0395774631,-1.43513976797
50539,40,49.669715545,-1.39807682939
50540,2,48.7843094283,-1.48878829897
50541,6,48.8308849826,-1.50561914851
50542,8,48.7476968749,-1.05750848644
50543,8,48.6452249464,-1.30041468589
50546,12,49.0498085612,-1.1310126677
50550,22,49.1238164508,-1.40639536649
50551,30,49.3798967977,-1.54758330129
50553,6,48.5585224149,-1.32041724737
50554,2,48.6870653386,-1.31913118915
50562,19,49.5993508281,-1.27306891683
50564,2,49.2439040053,-1.32743807676
50565,44,48.7540217735,-1.46351733597
50575,4,49.5931791069,-1.68646853149
50576,92,49.559964542,-1.8308686969
50579,2,49.5221585855,-1.60619449046
50582,37,48.7134467987,-0.891882166303
50591,23,48.5412543067,-0.878410989848
50592,27,48.9633310504,-1.08464396412
50594,5,49.5833092246,-1.73831108507
50596,1,49.6482237983,-1.41776532413
50597,4,48.7239372262,-1.2735313312
50599,9,49.5790245976,-1.60738435371
50601,53,49.0319879145,-0.982814708617
50603,10,49.0508158439,-1.52656595616
50607,1,48.7882899186,-1.24631476826
50610,1,49.4492565147,-1.44567160127
50615,247,49.5128276096,-1.47383499973
50616,22,48.661573623,-1.37225712194
50637,1,48.9649649634,-1.17120753687
50639,112,48.8344159273,-1.22248057231
50643,6,49.5693060058,-1.7150466184
50647,21,48.8444141467,-1.55122744214
50648,1,49.4960572995,-1.51043693291
51002,13,49.0118734772,3.83947434155
51005,2,48.7615346017,3.8160207846
51007,22,49.08689493,4.17217235053
51009,6,48.5873514274,3.8174517586
51018,6,49.0072417062,4.12566505905
51025,1,49.3855740123,4.05833195184
51028,17,49.0758383697,4.04657297912
51029,34,48.9733821282,4.00541672872
51030,73,49.0625907596,3.9973447815
51037,1,49.3247340929,3.7142359608
51043,31,49.3701419632,4.17377871921
51044,1,49.1731370665,4.17941674929
51046,13,49.2458158743,4.23851235844
51054,19,49.2925253096,4.36369457633
51055,79,49.2956894813,4.06006294917
51058,794,49.2198739552,3.99051364265
51065,4,48.7216383378,4.5179461795
51074,6,49.3817578149,4.14116508461
51075,14,49.3547870367,4.0718983781
51079,12,49.0853543122,4.13887616628
51081,1,49.2711872526,3.82154036192
51086,1,49.3020182621,3.76628666849
51099,6,48.803079986,4.25136495939
51101,4,49.3039168337,4.14507952597
51105,33,49.2538223791,4.10981558086
51106,1,48.8335946268,4.34181763415
51108,1582,48.9640892125,4.37883539725
51115,15,49.195865059,4.01839707256
51118,20,49.2683371756,3.95843961351
51119,2,49.0848248132,3.97539279568
51130,1,48.8691072811,4.87049946102
51136,21,49.1032018844,3.76590199588
51140,2,49.1596131119,3.86801749375
51147,1,49.0495940104,4.48839724856
51153,12,49.0176099992,4.00414015936
51160,1,48.9280892911,4.32579427772
51161,2,49.0465594364,4.18039266936
51162,5,48.5481786951,3.68299893221
51165,3,48.7383348646,3.91196281487
51171,24,49.3768003286,3.90513204967
51172,231,49.2171216768,4.05352954118
51183,16,49.3196081983,4.0061261454
51184,3,48.6799310548,4.50944976193
51187,1,49.3163787015,3.73552622692
51192,1,49.0472061076,3.60014193409
51193,20,48.9772975479,4.51921227291
51195,3,48.7661940133,4.57813670134
51198,2,49.2540458252,3.73483729976
51204,17,49.080484604,3.87786708147
51210,18,49.0705211181,3.97084205034
51217,48,49.062193047,3.6454130311
51225,1,49.1815231826,3.95026646636
51230,853,49.037000689,3.93144626202
51237,16,48.7264632721,3.57621013369
51238,9,48.8915340584,3.85279805872
51242,88,48.9465486999,4.30937334592
51243,2,48.6524940366,3.9495151761
51244,1,48.7824659739,4.37941197112
51248,18,48.7706781866,4.01743444039
51249,1,49.0282923032,3.76729652703
51250,110,49.3059837243,3.6791731942
51256,2,49.0919957027,4.06660970581
51258,1,48.6603046786,3.6042984967
51262,17,48.7010173112,4.5952745376
51266,1,49.1188404223,4.03185929464
51272,11,48.9489230669,4.90669459258
51277,2,48.6009118806,4.76140676125
51282,39,49.2540182295,3.90671179707
51289,1,48.7987019209,4.82920100589
51291,14,49.3318496346,3.9143354087
51298,3,49.0071354293,3.7152217773
51299,2,49.3630419181,4.202938765
51303,6,49.0064136945,4.17596884263
51305,1,49.2443068265,3.87748501301
51308,25,49.2860158121,3.81843506219
51312,7,49.0158806281,4.27525107126
51316,2,48.6349897271,4.72626956254
51318,1,49.3106590076,4.18731846893
51320,1,49.0537619832,3.77685120343
51326,1,49.1058291749,4.31269707688
51328,18,48.7501424119,4.54084010874
51329,1,49.3456807799,3.9750851292
51333,2,49.1597280176,4.08223281179
51340,3,48.7366632829,4.46700160771
51343,1,48.5553652866,3.71047973437
51344,8,49.0552896714,3.92278542438
51346,11,49.0737672387,3.74425898431
51348,1,49.1691156658,3.90046162118
51349,1,48.5547827328,4.54428346622
51352,6,48.7205571657,4.62167240644
51357,2,48.9835136779,4.24385043922
51361,7,48.6401635513,4.44092566457
51362,1,49.2888116759,3.95305290596
51365,1,49.2208240652,3.96116226522
51380,97,48.8802869076,3.56048556258
51381,2,48.9358384283,3.82595963448
51388,46,49.1326106985,4.38710569439
51389,2,49.1331102957,4.30596210424
51391,25,49.2724383199,3.88749263388
51399,3,49.1302299148,4.85184152327
51402,3,48.7432206736,3.51030207363
51407,2,48.7384876549,3.62179405438
51409,2,48.8717774517,4.28439545806
51410,10,49.0634098763,3.79757014256
51413,2,49.0073773523,4.03973627996
51416,4,48.9434307489,3.69982605989
51418,6,49.237845443,3.95766278556
51422,15,49.2191370591,3.92180730509
51423,8,48.7670730492,4.8547838716
51431,25,49.0190498467,3.94930532069
51432,12,48.6970615395,3.87091196227
51436,20,48.867379244,4.49530006662
51440,24,49.2817231291,4.31572659574
51447,1,49.2004306897,4.3048573886
51449,5,49.2141061333,4.17483063704
51453,2,48.9985904011,4.32285338175
51454,7090,49.2514906066,4.0402302322
51461,21,49.1634301759,4.0458133231
51464,1,49.3300427757,3.75689883765
51465,1,49.0965097553,3.91290546283
51468,1,49.2565896564,3.85701228085
51472,4,48.8272157767,4.61145383959
51474,50,49.2700930638,3.98965296971
51482,19,48.8918610464,4.46169066024
51488,12,49.1069746679,3.98465817198
51492,4,48.5482578678,3.77201547275
51493,1,49.2258255377,4.10765248658
51496,1,48.7922000417,4.62005564865
51502,1,48.8146669912,4.47971521555
51504,130,48.9918819484,4.35747987108
51505,1,49.3112137886,4.24950510453
51506,63,48.9545604627,4.41789406119
51507,136,49.0865774658,4.94259439229
51513,5,48.6129201202,4.6490004853
51515,1,49.060519815,4.58774935231
51518,9,49.297621537,3.97532406163
51525,17,48.9268317961,4.41488135448
51531,35,48.7776497443,4.90737969309
51535,107,48.7238850993,3.72347511643
51536,21,49.1921396501,4.13941524041
51544,2,49.2432976782,4.59239324913
51548,1,48.992390138,4.61434632836
51550,3,48.6855555733,4.37611550868
51551,1,48.6060501552,4.49698542051
51559,43,49.125439853,4.52591673692
51562,48,49.2040224576,4.08149844423
51567,13,48.6926709039,4.73027706187
51568,2,49.3181688565,3.96508523039
51569,6,49.2589058142,3.94531513362
51571,11,49.1844475204,4.22804448988
51573,185,49.2496666793,3.98795391117
51576,28,49.0525282676,4.12927337739
51579,1,48.7954481021,3.49891700621
51580,2,49.1092248705,4.18205770202
51582,2,49.2975971087,3.89004113473
51588,3,49.0777158902,4.76263259887
51589,1,48.8657919705,4.70484289994
51590,14,48.8424185091,4.7832872554
51591,10,49.2821394936,3.79415062209
51599,1,49.0878246076,4.24420301293
51603,2,48.8921054834,4.13831644909
51612,54,48.9081794912,3.97961201086
51613,18,49.1640933006,4.14305005276
51614,17,49.1438617468,4.16066393277
51617,2,49.0370630593,4.33427822759
51620,1,49.1635761231,4.85405487577
51621,9,49.1962706351,4.92488983667
51623,11,49.1225957296,4.0791891129
51624,21,49.1783150735,3.79797345455
51627,2,48.918550927,4.06212540381
51629,15,49.1628290117,4.01849032746
51633,4,49.3296687157,3.95052532169
51634,1,48.9386044105,4.26341111871
51636,1,49.1302437275,4.19857748314
51647,4,48.7482473925,4.61966323951
51648,1,48.8347533525,4.43279915024
51649,368,48.728201078,4.59222371874
51654,2,48.6857312327,4.8445322469
51660,23,49.3487467598,4.23822416025
51662,49,49.2972389215,4.11178756183
51663,24,49.0556579578,3.96637548356
52008,25,48.2358357276,5.28592728312
52013,1,47.8449228993,5.66083228787
52017,11,47.947611382,5.02233277969
52023,3,47.7789330347,5.10722171802
52044,1,48.2973672533,5.25753260566
52045,24,48.6559404041,4.97264106822
52050,7,48.102555202,5.28581680401
52051,4,47.8401528768,5.6357935522
52056,1,48.0580108633,5.01262588825
52058,23,48.1992324541,5.14187719083
52060,118,47.9441089031,5.7418695819
52064,21,48.2050671577,5.60137874866
52074,9,48.0850729223,5.61021002539
52093,24,47.7928741357,5.44307044618
52099,1,48.6082188964,5.05078741037
52103,2,47.8719082532,5.62939550331
52104,6,48.6747534279,4.98001306427
52105,1,47.9258657605,5.38438279152
52114,22,48.0291535601,4.93239064269
52121,931,48.0980144211,5.14070044621
52123,6,48.5306693888,5.14449573214
52125,3,48.1022459554,5.18945345266
52140,8,48.2454844081,4.92015393779
52156,1,48.4982110144,5.14626238825
52177,17,48.3149359491,5.2044416904
52178,10,48.3711804366,4.91706385243
52182,9,48.5752024627,4.83180958879
52187,1,48.3781421603,5.33232295089
52194,14,48.5782674919,5.02966764311
52197,48,47.7869444974,5.60488795992
52200,1,47.7865880267,5.24538753249
52205,3,48.0223132698,5.16701559496
52211,18,48.2997317806,5.13968155091
52212,1,48.4008313761,5.13453844457
52237,1,48.2669962236,5.62077184704
52242,1,47.844980324,5.53371841027
52244,1,48.5797739259,4.92181738125
52246,1,47.9037279897,5.30437368964
52249,1,47.6383926135,5.30585029521
52250,90,48.4337759431,5.12296134696
52251,1,48.1516102771,5.07446482114
52265,1,48.5499615771,5.06880935835
52267,1,48.6239555487,4.86367125229
52269,352,47.8591544821,5.33880466821
52274,1,47.9862841495,4.84287471621
52292,28,47.7600762777,5.31857922442
52306,8,48.2657522932,5.37467760517
52308,6,48.134833256,4.86564026031
52331,90,48.4874732749,4.78668890124
52332,31,48.007428702,5.53409668952
52335,1,48.2846391815,5.29631206011
52348,4,47.9193052066,5.43856285337
52353,49,48.037521428,5.36502804198
52383,1,47.8567750757,5.27470200366
52398,7,48.4239473612,5.21581768919
52405,20,47.6875295793,5.2920187848
52411,12,48.489304653,4.6870081083
52414,13,48.5190528546,5.0924613247
52421,10,48.1733717496,5.16933990762
52429,1,48.6001078186,5.01242215662
52432,8,47.9506169361,5.30859356776
52444,27,48.2512823872,5.41681321098
52446,11,47.7136962549,5.26813340342
52448,949,48.6280100668,4.94923523578
52449,48,47.8274545004,5.31702793629
52453,1,47.8492351289,5.41520627627
52456,1,48.3964570951,5.19639597902
52461,2,48.0018035882,5.42481168818
52479,2,48.4099270669,4.83318653827
52491,1,48.4195754486,5.31434602015
52505,1,48.2083534,5.64678700964
52529,1,47.7309169271,5.31298003747
52534,8,48.6683263529,4.90563674583
52535,2,48.1017851333,5.07195698997
52550,40,48.4994770394,4.93077661376
53001,11,48.0242749675,-0.872848003304
53002,5,48.2320714529,-0.735727853569
53003,37,48.4227200634,-0.624160085775
53005,27,48.1771432995,-0.792693064482
53007,14,48.0906663644,-0.632122843282
53008,10,48.3036694505,-0.549695026744
53010,1,48.155873836,-0.318587508951
53011,15,47.9617911116,-0.846376343167
53015,14,48.1750815634,-0.900384999021
53016,30,48.253257123,-0.357282017147
53017,2,47.9369072798,-0.415963016327
53018,11,47.9040903892,-1.05880243531
53029,4,47.8071088114,-0.532804034432
53034,51,48.067608658,-0.698304870899
53036,6,47.8606333035,-0.484622471494
53039,13,48.164229969,-0.977903623792
53048,5,48.2319686385,-0.868605352742
53051,1,48.355940269,-0.513101128528
53054,108,48.1079801148,-0.800104772023
53055,2,48.4131486304,-0.55989625382
53056,1,48.1320145418,-0.660149410464
53061,1,48.4142784855,-0.407005787666
53062,533,47.8290067122,-0.738721767875
53064,2,48.3355648035,-0.75825362219
53066,11,47.7785171054,-0.766233986792
53072,2,48.2352391072,-0.620245484503
53077,37,47.94585879,-0.934606329089
53084,105,47.8454412251,-0.943066490216
53088,8,47.9658362794,-1.11498852858
53089,1,47.7578017678,-0.627519055718
53093,1,48.4480675066,-0.96796934022
53094,22,47.9934210518,-0.715102434492
53096,134,48.3039992806,-0.93628278715
53097,149,48.1520198351,-0.389270176708
53100,18,48.4830723517,-0.945714822072
53103,14,48.104173372,-0.895219707599
53106,1,48.3761066055,-0.163693410236
53107,33,48.4219397405,-0.8016203216
53108,1,48.0812094944,-1.0243127895
53109,1,48.2855176903,-0.47627228769
53110,15,47.8703920979,-0.537813247538
53113,2,48.2543518824,-0.425847827344
53119,44,48.0167338344,-0.766387903128
53121,16,48.4208361061,-0.330959453036
53122,7,48.2455340373,-0.498318427927
53123,4,48.2356053561,-1.02188545282
53125,6,48.4787671606,-1.03882246254
53126,5,48.3492150628,-1.00336742476
53127,48,48.4421089808,-0.498821106653
53130,1991,48.0608565468,-0.766005687142
53133,1,48.5288919372,-0.212232237721
53137,20,48.0630179288,-0.919282481771
53139,2,48.3321259289,-0.352428366281
53140,42,48.1255057038,-0.711543672275
53146,22,48.2026950175,-0.661054831138
53147,620,48.3074609449,-0.614799950799
53150,1,47.7638591117,-0.687864580509
53151,4,47.9514671567,-1.0154942248
53152,68,47.9469156243,-0.558693863131
53154,18,48.3809154323,-0.97983082547
53155,6,48.2791740131,-0.892252753941
53161,30,48.1342883147,-0.552017747624
53162,2,48.2651790153,-0.621214314022
53168,3,47.9802789281,-0.779212405934
53170,8,48.3617009398,-0.667360504455
53172,1,47.9525235676,-0.734592990077
53176,2,48.4219636252,-0.694714292765
53181,12,48.4336187982,-1.06521474954
53182,20,48.1212899945,-0.963949064008
53185,30,48.4470393586,-0.196704985828
53186,11,47.9279241835,-0.79917074746
53187,1,48.4424919751,-0.0682909455819
53188,24,47.7843103989,-1.040222995
53197,12,47.8498132435,-1.14052509792
53200,1,48.2871604216,-0.650878906901
53201,123,48.0702234162,-0.845217269922
53210,19,47.7899907217,-0.443836396748
53211,17,48.3469457308,-0.87082653269
53213,1,48.404060159,-1.04037083091
53214,1,47.7867130682,-1.15831425112
53216,4,48.3488678421,-0.574505181437
53219,2,48.3009765177,-0.709948140576
53229,3,48.1413153806,-0.752524079247
53243,2,48.1425474962,-0.892808198068
53246,15,48.3981189139,-0.108578317473
53247,24,48.1084439296,-1.02377898526
53249,3,48.2283647918,-0.193084867876
53251,2,47.777433487,-0.874589070438
53253,5,47.8160669984,-1.08925376057
53255,7,48.1028813013,-0.354680320285
53258,39,47.8467586768,-1.05851023151
53262,1,48.0623593247,-0.558425301844
53267,19,48.0506374243,-0.471285801786
53271,54,48.3394105228,-0.292005010106
53273,8,47.9250890496,-0.682830873383
54010,12,48.548374875,5.81464831473
54012,3,48.754963401,6.30928287834
54018,1,49.2727570971,5.8647091829
54025,12,48.6605653469,6.26295482069
54027,19,48.892928495,6.11100019961
54028,14,49.2112474141,5.97509767363
54029,32,49.3679143393,5.89363457214
54031,1,48.8287005082,6.10778514599
54033,2,49.3225310079,5.73813667687
54034,3,48.7714993611,5.94649132503
54035,1,48.6425808657,6.81321103492
54038,8,48.4972745986,6.6948706717
54039,107,48.4499656424,6.74057641633
54040,30,48.4949206323,6.91010597045
54043,110,48.5900970896,6.08780771245
54049,1,49.4380044151,5.75072929196
54051,6,49.1770727995,5.9696995649
54054,48,48.479603201,6.32139080605
54059,2,48.8487345093,6.18702961708
54060,4,48.8144707448,6.08968796916
54061,13,48.5644531096,6.66195339245
54062,4,48.5246335005,6.2245124594
54065,4,48.4351443357,6.81228115142
54066,1,49.2970531393,5.90972467758
54067,1,49.4363497823,5.67562424969
54076,36,48.5501857312,6.41522344884
54077,46,48.5905345206,6.84253315857
54079,37,48.8752634053,6.0622081682
54080,13,48.5971874239,5.82709869884
54084,4,49.3268467637,5.84287018832
54085,1,48.4474994656,6.3973303641
54089,9,48.7728236838,6.27141981463
54090,58,48.7585901427,6.16355504539
54099,416,49.2557914726,5.97046491466
54100,11,48.7740484006,6.35487375911
54102,4,48.7129215737,5.85662158856
54109,1,48.5333833934,6.17792744649
54111,21,48.6369570839,6.09005794818
54112,1,49.051934493,5.91549235178
54113,27,48.7344291014,6.35304245931
54115,67,48.7209128078,6.12290248432
54116,10,48.5935603101,6.53792470418
54122,1,48.6549674771,5.92432019683
54123,9,48.6318722028,6.13387769869
54127,7,49.4742785657,5.76605374538
54129,60,48.5858686466,6.9448900006
54135,46,48.5163026509,5.89559203198
54136,27,49.1684203113,5.8479719726
54137,6,49.4856090372,5.70114135723
54138,8,49.525596238,5.71659969266
54149,10,49.4338705839,5.9207515095
54150,43,48.7893818613,6.14616923168
54152,18,48.5664288239,6.39207304688
54156,17,48.3870401502,6.13074893357
54157,51,48.8340364411,6.05567802778
54159,103,48.6191265471,6.36071318649
54160,7,48.8145983762,5.93513051722
54162,20,48.6414563077,5.82353906952
54165,2,48.7171280907,6.21562801792
54167,52,48.6713430062,5.92526202105
54174,20,48.6801928361,5.84268931795
54176,21,48.6558058764,6.4779137062
54184,756,48.7075649773,6.23284287776
54186,5,48.7501265245,6.22215042658
54188,27,48.7924837201,6.19928293851
54196,215,48.5696887891,6.19347520507
54197,21,48.629778591,6.20386362626
54205,28,48.6734425678,5.78090769084
54209,3,48.5002554952,6.4513145872
54215,175,48.7504210433,6.12310457526
54222,23,48.4934294526,6.51089844698
54227,5,49.173261325,5.91605842347
54232,37,48.6824829595,5.98127899343
54234,11,49.536095003,5.68308068922
54252,31,48.4739852791,6.18771142507
54253,2,49.1964808746,5.89788853353
54254,22,49.4965171841,5.80666548469
54257,55,48.6510825042,6.19906043573
54260,1,48.5507958672,6.50819869804
54261,28,49.5184653931,5.79248530225
54263,36,49.222479805,5.99270563767
54265,56,48.641290785,6.1735112537
54269,2,48.6000312474,6.39073674521
54270,23,49.4955216164,5.85614525592
54273,112,49.1495784035,5.88121522823
54274,139,48.6671595811,6.20465347403
54276,7,48.846525852,6.24307502417
54279,2,48.8646635968,6.01606284838
54280,110,49.2320250417,6.01169605322
54281,1,48.6107978242,6.51789715685
54284,6,49.288175052,5.77928680152
54286,20,49.1827676063,5.87341636269
54295,4,49.3186906023,5.80755122322
54300,57,48.6462056113,6.24120543129
54301,1,48.8062964781,6.31894910517
54304,937,48.6822062614,6.11358630152
54305,105,48.753844505,6.19506078007
54312,4,48.9314670902,6.11072851248
54314,37,49.5032742592,5.72907122522
54315,17,48.8023774234,6.26922360903
54316,2,48.8942281864,5.90234476562
54318,47,48.7537166405,6.05235397303
54321,15,49.533561598,5.80230527944
54322,59,49.4583667355,5.59176459376
54323,153,49.5214021779,5.76638370702
54328,127,48.6207490821,6.17338110718
54329,882,48.5920244663,6.49810324732
54331,7,48.4441780874,6.56579108633
54332,9,48.8958716119,6.03587896317
54336,4,48.5908483148,6.0487436467
54338,2,48.7916600767,6.16801224152
54339,91,48.7218421978,6.18996136017
54349,2,48.5910642375,6.66259343648
54350,2,48.597994773,6.60823842119
54351,17,48.790237292,6.09039426477
54353,18,49.0967846153,5.88467840528
54357,476,48.7091528465,6.14959862185
54360,1,48.7741697228,5.84763659664
54362,13,49.3854191289,5.75848432242
54363,1,49.3697647828,5.82533322849
54364,2,48.5911694805,6.1377105599
54366,25,48.6104817604,6.14212766773
54367,12,49.5017214844,5.78595844743
54371,1,49.1970140932,5.94836254251
54372,1,48.8281038737,6.24784004204
54373,34,48.5637047138,6.56149374143
54374,2,48.7689689739,6.42429308045
54375,1,48.8961507252,6.00139029586
54382,407,49.545958519,5.77946566153
54383,5,48.5493164912,6.44216065788
54391,5,49.2325832585,5.95571904292
54392,1,48.6018097016,5.89684875772
54393,3,48.4870728454,6.58670428264
54395,5256,48.6901995499,6.17588254434
54397,108,48.6147598668,6.10912661259
54399,1,48.4902431576,6.28177004556
54400,23,48.8776522651,6.23309013731
54403,1,48.9321142201,6.01232137434
54410,11,49.0218156654,5.96851536679
54414,1,48.6988404472,5.8475442388
54415,34,48.9884361128,6.01116368886
54425,28,49.3073950571,5.78383056316
54426,2,48.639755596,5.96389435396
54428,7,49.4183305264,5.70916931035
54430,84,48.7732074334,6.11082140462
54431,449,48.9219828048,6.05392690748
54432,17,48.6093470317,6.07504458865
54436,1,49.3473076426,5.79949172398
54437,15,48.549622462,6.15189007246
54439,56,48.7016421917,6.26610027665
54451,17,49.4995747303,5.75731520354
54452,1,48.5988717503,6.74314976627
54456,1,48.7083090785,6.38025660676
54459,24,48.5958649273,6.17614506031
54462,132,48.5924316341,6.33430536376
54466,18,48.7851184202,5.8221072138
54469,3,49.1694540532,6.0019618843
54472,9,48.5424165222,6.6233621308
54473,7,48.4251143645,6.13660869738
54482,174,48.7052276034,6.20645111198
54483,208,48.6220684472,6.29547921699
54490,9,48.7916785782,6.04064725609
54493,11,49.5293904249,5.82642469537
54495,32,48.685833475,6.25394887342
54496,1,48.5191491895,5.80050793813
54498,91,48.715250189,6.27143894576
54509,5,48.6360355809,6.37571272602
54513,1,48.4672751108,6.13754525709
54518,30,48.9331323678,5.90090345105
54521,7,49.4735980022,5.90616788349
54522,1,48.4447902824,6.03226525963
54525,3,49.4603548011,5.88317112799
54526,58,48.6859541528,6.22129283302
54527,6,48.5545026464,6.25931804019
54528,588,48.6865463937,5.89508449535
54530,3,48.4007845601,5.9666240782
54533,10,49.3225546403,5.94374684568
54535,2,49.0828019053,5.91902477431
54536,33,49.3071016735,5.89392083172
54542,5,49.2141375647,5.91990455999
54547,3759,48.6579999356,6.16531229307
54549,24,48.6416869467,6.32137950944
54557,27,48.6991910373,6.04715070856
54563,62,48.4830480647,6.09399935525
54566,2,48.9396903192,5.95866589461
54570,3,48.9935348155,5.9462111664
54572,7,49.5391091104,5.65720411208
54575,19,49.4699530186,5.83188690951
54578,233,48.6616923324,6.1287873364
54580,65,49.4647155933,5.92643741054
54583,1,48.6576126839,5.97596975592
54584,6,48.7281187821,5.96351375096
54591,4,48.5170735039,6.17416267478
55009,1,49.0649831287,5.38366026137
55010,20,48.6399125992,5.02373888302
55012,2,48.8438751454,5.62186076093
55015,1,48.6347700844,5.12637328459
55029,831,48.7642280465,5.16346492169
55041,6,48.7984377932,5.17542175052
55043,41,49.179717344,5.39632263211
55049,2,48.7566689617,5.02891767706
55063,15,49.2916071166,5.74543375394
55073,5,49.2078486836,5.38950541121
55100,1,48.5461096496,5.70282238531
55101,1,48.827232312,5.13068088608
55102,3,49.203830142,5.3418897321
55117,42,49.1085070366,5.08060353165
55119,1,49.3658027512,5.17529974514
55122,178,48.7462445722,5.55631428699
55123,1,48.8683371725,5.16520708778
55124,6,49.2955880804,5.31125963797
55132,10,48.6171588991,5.0853615873
55144,7,48.5968409986,5.2379279396
55145,20,49.34338311,5.41492141505
55154,29,49.0797403582,5.42963036302
55155,9,49.1446409597,5.19544889955
55159,1,48.9279404037,5.46777370123
55160,1,48.9997079464,5.59058564532
55165,10,49.3862415142,5.15481342523
55167,10,49.3830660669,5.19574111404
55170,1,49.3568005016,5.34054044125
55181,56,49.2168123871,5.6370016095
55184,5,48.7444024501,5.64512103609
55186,106,48.779817337,5.11255044282
55198,36,49.1009729702,5.63355600212
55215,24,48.4927414057,5.50567222525
55225,1,49.4465576437,5.12784461624
55228,8,49.0325694517,5.65281948352
55236,11,49.1247629986,5.42686617859
55250,2,49.5549325347,5.16437044612
55253,6,49.1115870926,5.00586320659
55254,4,48.9707289763,5.28179879783
55258,1,48.7799328844,5.70340084835
55262,2,49.4608506316,5.33129815426
55264,1,48.8517090729,5.45424623667
55268,4,48.983746854,5.52830793027
55270,1,48.8922156555,5.76968506389
55271,1,48.9009724444,5.03016026608
55272,2,48.8425240872,5.04206568758
55288,6,48.7788808268,5.53636457415
55291,57,48.6621088949,5.2962935372
55296,8,48.7110294084,5.0337606691
55300,2,48.639459973,5.32835659769
55302,6,48.7386917643,5.20324681568
55304,4,48.8659998801,5.07830494124
55311,1,49.1053498485,5.70142913056
55321,1,49.2016524858,5.29839041902
55324,2,49.4465296289,5.44770167137
55346,1,49.2564181066,5.13457463823
55350,1,48.5781146588,5.6048244301
55351,35,49.5154285158,5.37250308228
55352,3,48.6979724913,5.16926714673
55369,2,48.8002647073,5.2290200392
55382,1,48.8215154399,5.0508300311
55385,1,49.1118913184,5.26188176234
55398,11,48.6892208397,5.73298818244
55399,1,49.1238004957,5.70672304736
55400,2,49.1473840735,5.72473139951
55404,19,48.9069676213,5.34860611914
55423,5,48.9200891019,5.17855123412
55427,51,48.8268165357,4.97675349582
55428,1,49.3410510097,5.34124962311
55435,1,48.7325838025,5.02417040964
55461,1,49.3949095365,5.52799758686
55462,1,49.0106196654,5.66598601118
55463,49,48.8912948587,5.58243236203
55476,1,48.7489756437,5.17589243702
55479,1,48.8524409919,5.23092840664
55492,7,49.1008388282,5.47677902729
55494,1,48.6750698928,5.03693713079
55498,10,49.0289891196,5.2999397258
55500,30,49.3333694763,5.69690578835
55502,46,49.5005049028,5.19767442624
55504,2,48.7133377728,5.22030723215
55505,88,49.1721699733,5.33910478758
55516,3,48.6053443839,5.3901669837
55517,12,48.9741184199,5.05640187676
55519,13,48.7202054641,5.27880486884
55527,29,49.2271516493,5.01654206132
55530,73,48.9287959752,5.61607345803
55531,45,48.8014203494,5.02678786197
55532,1,48.9422008662,5.10692416585
55533,40,48.6160491817,5.64137050524
55543,2,48.6973807648,5.29679363324
55545,1044,49.1454831903,5.36141821261
55551,22,48.9857791469,5.724051532
55553,6,48.7806834874,5.61241732944
55571,1,49.3370255498,5.2447539057
55573,25,48.6743817207,5.62159767195
56001,77,47.6392193445,-2.17681507496
56002,41,47.5570972136,-2.54057380669
56003,115,47.6335958588,-2.8220328139
56004,8,47.519901266,-2.40478493652
56005,48,47.5470278592,-2.88784873321
56006,4,47.9122301916,-2.26794243142
56007,554,47.6677057368,-2.99041112225
56008,49,47.614993273,-2.90383771516
56009,2,47.313014109,-3.1920046614
56010,111,47.8753982698,-3.03131524701
56011,1,47.6025516588,-2.2440968565
56012,17,47.9655803913,-2.1804139894
56013,71,47.6719818192,-3.16245947522
56014,8,47.9850566608,-3.37414883543
56015,12,47.6385230566,-2.52752927952
56017,30,47.8771804702,-2.75915073091
56018,23,47.5234827047,-2.47972989397
56021,8,47.79176054,-3.19316403763
56022,5,47.7845009747,-2.92240814832
56023,78,47.709389623,-3.02425370135
56024,98,48.0699465844,-2.68732663005
56026,31,47.969363201,-3.17594645997
56027,1,47.9204907078,-2.675100146
56028,11,47.6401091806,-2.29927254459
56029,5,47.8803732969,-3.31244277189
56030,1,47.4791790965,-2.39860395694
56031,16,47.8301134196,-3.0000365994
56032,8,47.962439437,-2.27757699452
56033,38,47.8204086772,-2.14646724944
56034,89,47.608433163,-3.06973611145
56035,3,47.8621010187,-2.32764949894
56036,406,47.8132096296,-3.34070239075
56039,1,47.855020898,-2.93430872541
56040,17,47.8651441358,-3.36505283669
56041,34,48.1278326906,-3.0634223364
56042,66,47.8163021083,-2.80656999612
56043,1,48.0658877259,-2.2085337227
56046,67,47.6301210908,-3.00077657572
56047,16,48.0385062482,-2.76505746928
56050,1,47.9636789814,-2.51127913999
56051,2,47.8775619552,-2.59076740576
56052,18,47.5225849121,-2.58591349552
56053,60,47.7326809062,-2.59279070215
56054,32,47.6370207886,-3.15628129656
56055,36,47.6567860287,-3.1985408357
56057,53,48.048735927,-3.50863192945
56058,26,47.4873744391,-2.34002198542
56060,4,47.7480373026,-2.19710765653
56061,78,47.7728317091,-2.15651114837
56062,5,47.6951381724,-3.33453004583
56063,22,47.8081867338,-3.43789895944
56066,67,48.1365207443,-3.60390071405
56067,97,47.760673333,-2.84786424904
56068,1,48.0015062155,-2.5032399429
56069,43,47.6372394221,-3.4644268016
56070,31,47.9255876007,-2.58638209695
56071,1,47.8922430084,-2.65141544204
56073,92,48.0663101307,-3.20585471209
56074,1,47.9054538153,-2.96668545756
56075,101,47.9073328689,-2.12921667557
56076,3,48.034812094,-3.10210819961
56077,2,47.5911293554,-2.39975146229
56078,128,47.7940076851,-3.49161886127
56080,10,48.0517458182,-2.41446112985
56081,17,48.0427009622,-3.62381122626
56083,284,47.807556604,-3.26971559866
56084,9,47.5806224027,-2.69210124119
56085,2,47.3396501062,-2.87582897878
56086,4,47.3894319946,-2.96687516001
56087,8,47.5862523195,-2.84876733291
56088,4,47.5921615847,-2.80045392153
56089,13,47.9555939738,-3.26003939704
56090,54,47.8558359743,-3.25178122558
56091,53,47.9544411983,-2.54877600621
56093,3,48.1472818466,-2.92787554336
56094,55,47.7686555667,-3.2479141613
56096,17,47.7417597623,-3.09860506584
56097,40,47.7714410604,-3.11373409438
56098,324,47.7691924277,-3.32648317962
56100,6,48.1318811919,-3.48128235286
56101,51,47.8365621011,-3.14756396353
56102,8,47.9872211991,-2.57567607546
56105,5,48.004442867,-3.53246846865
56106,8,47.5934456952,-2.89858472133
56107,157,47.7159229255,-3.39111373247
56108,6,47.7158136416,-2.49456221297
56109,12,47.6111902718,-2.55589461102
56110,1,48.0272907982,-3.27168989222
56111,5,47.6357871831,-2.36132601788
56112,3,47.8643087698,-2.51995591164
56114,4,47.3019658435,-3.10628601643
56115,8,47.7597989098,-2.79009588918
56116,14,47.5780372256,-2.96305094247
56117,118,47.8796108678,-2.83755408244
56118,44,47.7303087589,-3.32842997885
56119,28,47.70208162,-3.11005717259
56120,8,47.7645245564,-2.75837514675
56121,2933,47.7500486947,-3.37823200917
56122,11,47.9922231376,-2.38391082278
56123,35,47.6861486744,-2.2997401984
56124,248,47.8076863788,-2.38701072581
56125,4,48.0690022602,-3.05620760639
56126,6,47.5415287199,-2.35411657522
56127,50,48.0820059121,-2.30432452661
56128,15,47.9750761347,-3.09950962004
56129,17,48.1310055293,-2.45348998168
56130,25,47.7329410625,-3.24339145538
56131,10,47.9879241099,-3.44802769432
56132,23,47.7239745954,-2.77407412753
56133,5,47.8239477341,-2.35554306974
56134,5,48.0633640521,-2.49561629627
56135,4,47.7362321249,-2.43951991682
56136,1,47.8782281935,-2.1931404895
56137,19,47.7315728601,-2.69647257441
56140,29,47.9328057263,-2.80381737947
56143,135,47.5547990071,-2.47313130571
56144,9,47.9969702073,-2.84450199902
56145,3,48.0221749901,-2.33277424547
56146,9,48.1221729003,-2.97176123226
56147,77,47.5405533272,-2.24923467173
56148,11,47.7545531097,-3.17469853998
56149,15,47.5996326601,-2.45965724155
56151,684,48.0614251201,-2.89115096448
56152,89,47.3426909682,-3.17102952046
56153,21,47.5826411591,-2.33551260645
56154,19,47.7151673014,-2.21864708228
56155,23,47.4726864791,-2.46473254944
56157,16,47.7791727358,-2.69563725639
56158,80,47.6973490259,-2.83080852214
56159,25,47.7694959397,-2.38667192104
56160,6,47.9938347053,-2.69149691604
56161,38,47.6594932649,-3.07159403186
56162,744,47.7325584986,-3.44178815745
56163,34,48.092400423,-3.28849567828
56164,57,47.6618147163,-2.84313700258
56165,504,47.9221801451,-2.38313563666
56166,101,47.9270557389,-3.33743884173
56167,28,47.6608388788,-2.89786302771
56168,41,47.5996860072,-3.12263540651
56169,53,47.6929109171,-3.23358959435
56170,18,48.1343832686,-3.37547839068
56171,3,47.7150813893,-2.36982500415
56172,26,47.8257230255,-2.62344380142
56173,51,47.9650479618,-2.98095397344
56174,18,47.8825173769,-2.88768093525
56175,20,47.7279059531,-2.92323704418
56176,87,47.6782099916,-2.9456811423
56177,86,47.7824013121,-3.01608916771
56178,398,48.0729953877,-2.97046592885
56179,49,47.839096749,-3.41967999137
56181,30,47.7099205258,-3.34845750769
56182,7,48.055864397,-3.43477253026
56184,134,47.6638017747,-2.43671076032
56185,106,47.7841865998,-3.41957717053
56186,100,47.4881657518,-3.12282400639
56188,8,47.9093287127,-3.12816047592
56189,4,47.9491864881,-2.7130262254
56190,28,47.9858944462,-2.77189767095
56191,3,47.8638253053,-2.25279250004
56193,70,47.7184369348,-3.30221298077
56194,21,47.6054822523,-2.12584604962
56195,19,47.5193208116,-2.30307422213
56196,15,47.6983579224,-2.34412952507
56197,34,47.8685533688,-2.45624648415
56198,28,48.0894729078,-2.74289349801
56200,12,47.8135299611,-2.28477717582
56202,1,47.8475889201,-2.40640451407
56204,1,47.9081978294,-2.73628511193
56206,599,47.6991321739,-2.7415830935
56207,3,47.9265481211,-3.04066993826
56210,2,48.0321760477,-3.35137450933
56211,2,47.7680806028,-2.32893095384
56212,9,47.5474738486,-2.17191320646
56213,4,48.1085338932,-2.88597650893
56214,16,47.5128140114,-2.83281521373
56215,10,48.1259650305,-2.82225083617
56218,1,47.7228923689,-2.28820700863
56219,1,47.7793419253,-2.50210374964
56220,3,47.7172153555,-3.18492247934
56221,17,47.6776522748,-2.21229939133
56222,34,47.831231207,-2.72758657957
56223,4,47.6453867213,-2.12256103473
56225,1,48.091355996,-2.2632759244
56228,11,47.8114442291,-2.41640908391
56229,7,47.7625644099,-2.26391469379
56231,21,47.6984675237,-2.66583210925
56232,5,47.6721206978,-2.12263604298
56233,19,47.5878387262,-3.00101980446
56234,31,47.5229822162,-3.13814252591
56236,2,47.89876779,-2.5120013112
56237,11,48.0165458217,-2.94330344486
56239,1,47.7023139983,-2.14800708531
56240,119,47.5235379478,-2.75087136906
56241,1,47.353750697,-3.23035128949
56242,1,48.102365362,-3.15150581727
56243,159,47.6228786892,-2.72442609453
56244,42,47.8245310823,-2.49728404193
56246,15,48.0382214758,-2.99470821094
56247,26,47.6598704315,-2.56262143424
56248,53,47.5691616224,-2.62727408049
56249,20,47.9622874981,-2.44276588766
56250,1,47.552020586,-2.1182992394
56251,103,47.6356885267,-2.64682620132
56252,6,47.5293514837,-2.6538249578
56254,3,47.7828735251,-2.58443570196
56255,15,47.6781213314,-2.62203549701
56256,1,48.003791815,-2.29527448191
56257,14,48.0984875737,-2.52457196653
56258,50,47.5909007393,-3.03700751097
56259,11,47.6047054617,-2.59227223671
56260,3497,47.6597493766,-2.75714329498
56261,5,47.6897714715,-2.51941411954
56262,29,47.6369017681,-2.93950115097
56263,44,47.7009234212,-2.95341644757
57003,71,48.60157203,7.15576686053
57006,7,49.046252952,7.18366864797
57011,8,48.929810647,6.8693705224
57012,40,49.3644069158,6.04829438392
57013,4,49.180492978,7.00110743227
57015,1,49.0689443074,6.73140491187
57017,17,49.1595048977,6.04632244195
57019,111,49.2396972255,6.09947450041
57021,7,49.0653836521,6.04477980667
57022,5,49.3875925274,6.04259987593
57028,10,49.1989568995,6.21054384876
57031,1859,49.0873346287,6.26878430088
57032,52,49.0852493143,6.0478493798
57033,18,48.7216847027,7.16338621626
57038,44,49.4583101565,5.9573466797
57039,44,49.0552002607,6.11577629638
57040,2,48.8619380667,6.32824523031
57041,18,49.4185038018,5.94689631512
57042,6,48.6556287459,6.8054734595
57043,7,49.2475802944,6.19571589281
57046,6,48.967824812,7.52245388571
57047,4,49.1010213921,6.59685944774
57049,85,49.1241611255,6.14173598917
57052,3,49.073506377,6.82303969379
57058,98,49.1675786838,6.94249059471
57061,2,49.1339677054,6.83742986369
57062,2,49.4347777081,6.31144547502
57066,5,48.8213061613,6.98183479413
57067,12,49.3148066005,6.19339809541
57069,1,49.2687554002,6.65166884114
57070,1,49.2386757924,6.48925028318
57071,12,48.8075081926,7.02877201918
57073,8,49.1299695233,6.81296157618
57082,1,49.0637579139,6.79094608781
57085,1,49.1118093676,6.47964260905
57088,1,49.0038033452,6.70381157124
57089,91,49.0473471719,7.459601871
57091,4,49.1109578632,7.17855370951
57092,2,49.1137018858,7.14221813754
57093,1,49.1441438381,7.09494961773
57095,2,49.1495824486,6.61912798021
57096,6,49.3827399513,5.95209711737
57097,139,49.1779901346,6.49842566408
57100,2,48.7696199164,7.19805131397
57101,7,49.1449395157,6.94789546183
57102,23,49.2758183032,6.20436699384
57106,81,49.2988626834,6.54161019887
57109,1,49.4517934888,6.22461967843
57111,3,49.1927767637,6.08381786639
57113,3,48.6938303554,7.10063688026
57115,1,48.9603870574,6.5493906183
57117,2,49.3283000639,6.323728807
57119,15,48.7190027122,7.07430215859
57123,26,49.1666391756,6.71515090719
57124,44,49.4154747401,6.2351808823
57128,32,49.1959515116,6.4063041025
57132,98,48.8192996978,6.49319554209
57134,8,49.1317567029,6.0658550675
57137,12,48.9560682029,6.13779293585
57140,1,49.0524150036,6.24363224216
57143,79,49.2636746222,6.08746043718
57144,29,49.1434616014,6.8532637393
57146,1,49.0248510499,6.13661695349
57147,1,49.0102275931,6.15977287871
57153,6,49.0294224346,6.07254741579
57155,45,49.1184504729,6.39972759611
57156,13,49.0571624727,6.30773670444
57159,56,49.0509994159,6.57512805664
57160,191,49.2091115915,6.68082893611
57162,25,49.0397448486,6.16141321465
57163,10,48.6429413775,7.23926887176
57165,1,49.2409715207,6.61298309158
57168,2,48.7616932875,7.29067794786
57171,40,48.8832883622,6.3852048088
57175,1,48.7282548842,6.93474209956
57176,8,49.1049228082,6.9358597746
57177,129,48.8077845102,6.71733647603
57178,1,49.0067890191,6.85532210517
57179,3,49.336051033,6.26255383896
57186,1,49.2801569466,6.39992340407
57190,1,49.0502783316,6.54406450287
57191,1,49.3607500617,6.29245730658
57192,16,49.0201848872,7.32888421679
57193,107,49.2278102689,6.2187616545
57195,3,49.1056772723,7.31945928878
57199,1,49.4169735728,6.06735044599
57200,4,49.1452868081,6.37462761343
57202,7,49.1801213769,6.95820940486
57204,3,49.1632324658,6.27202810921
57205,20,49.2259138571,6.6382811788
57206,127,49.2987006334,6.10649265804
57207,56,49.1168142079,6.86777677982
57208,5,49.0904845084,6.88423747593
57209,68,49.0355163236,6.59404999138
57210,23,48.850716262,7.00987117365
57211,11,49.1891814065,6.10692735575
57212,2,49.0296436308,6.0997498938
57216,4,48.791923368,7.16414660657
57217,1,49.0726696242,6.56399437397
57218,8,49.0375892357,6.20549246753
57221,71,49.3281938982,6.12282167584
57222,8,49.1512458848,6.90623591877
57224,45,49.0692645659,6.68467570512
57226,32,49.3577138097,5.99679227022
57227,711,49.1912650369,6.89275798526
57232,5,48.9621475531,6.79559883909
57235,9,49.2899855727,6.4826695714
57240,400,49.1525756195,6.79731056431
57242,29,49.2734111238,6.13350555493
57250,23,48.974624573,7.37727669636
57254,39,49.058023805,5.99129893078
57256,6,49.1111675803,6.02427505901
57260,26,49.1552146769,7.02220762018
57262,18,48.9811031676,6.74027388511
57267,3,48.980310818,6.95647659891
57269,67,49.2984663485,6.20430376162
57270,1,48.8293499889,6.69041214777
57274,3,49.1937313048,6.61915657628
57282,1,49.4968460062,6.16553316474
57283,134,49.2467196243,6.15851425392
57287,20,49.3759973873,6.23863474222
57288,19,49.1829986038,6.64920897655
57289,41,49.0541849142,7.03768665525
57299,2,48.6702553561,7.08771571021
57300,9,48.6894845276,7.22182351627
57303,17,49.2113038601,6.18435511357
57306,251,49.330858891,6.06649233507
57311,5,48.9953314454,6.82557922684
57312,3,49.1523462454,6.48234809379
57314,19,48.6990544638,6.97117087348
57316,13,49.0993733764,6.85657257275
57317,3,48.7775443186,7.17286672818
57321,2,48.6876193264,7.05195872766
57323,75,49.4173312149,6.15258748635
57325,4,49.0059363706,6.91134139053
57330,3,49.0141852798,6.96843320029
57331,1,49.2875134564,6.35579703436
57332,44,49.1275851228,6.77437338619
57334,1,48.6771461904,7.17716114263
57336,24,49.1574029891,6.73265965456
57337,1,49.0579657478,6.86138197129
57340,11,49.1019689356,6.98521601159
57343,18,49.3287497597,6.17935792858
57345,7,49.3455744089,6.30036423785
57346,17,48.9549408655,6.88613750335
57348,3,49.1058301525,7.00408307681
57350,67,49.0631848992,6.08507919116
57351,252,49.0729756124,6.25660660705
57352,15,49.1008350599,6.08012042749
57356,4,49.4352156072,6.1146772839
57357,1,48.97576104,6.90998256348
57358,12,49.3109453426,6.343428905
57360,8,49.162415506,6.97402349356
57368,25,49.3372900264,6.03313873426
57370,22,49.3882172495,6.28617286599
57372,2,49.3481386676,6.23675334876
57373,2,49.0788433987,6.7537514656
57381,1,48.8662241867,6.44460881144
57382,4,48.7621753199,6.95886930776
57385,1,49.0796082321,6.31414221874
57387,1,49.3683939393,6.44377458501
57390,20,49.0103404671,7.38244495948
57396,3,49.1272207543,6.09954585779
57407,2,48.7874942792,7.14504787778
57408,6,49.1510106332,6.99074075556
57409,6,49.0343991815,6.74031521371
57412,60,49.1148867103,6.14655128172
57413,67,49.1191583369,6.64823861446
57414,201,48.6664066936,7.00099165249
57415,18,49.1440695242,6.10904481635
57416,1,48.9830745569,6.09424023575
57418,5,48.8528606416,6.89337964685
57422,1,48.9608362772,6.18259042823
57424,1,48.9407098207,6.47695483965
57426,2,49.273930831,6.29636780272
57427,21,48.7348913591,7.25953062438
57428,3,49.0948492367,6.76865484007
57431,13,49.0861603474,6.38860795137
57433,79,49.2085175228,6.15614048077
57434,1,48.7095753584,6.78401275888
57438,1,49.174168393,6.21680938131
57441,29,49.3807868109,6.17472865398
57442,3,49.0008874067,6.52779955702
57443,141,49.215755032,6.11238062036
57444,4,49.1161517101,6.52943965948
57447,155,49.0658509672,6.15231485365
57452,10,49.1617041923,6.19206256915
57454,3,49.0513378937,6.2779740963
57460,11,49.2468555754,6.66349016101
57462,5,48.8117374038,7.20544869004
57463,3912,49.1081133279,6.1955245421
57464,4,49.2949941385,6.30743995125
57465,32,49.3168013752,6.28918104694
57466,2,49.0993204165,6.96137313836
57469,3,48.855832503,6.94423877984
57474,37,49.2630401785,6.17244194206
57475,1,49.5020535838,6.25578622629
57476,2,49.3493856385,6.41198740634
57477,24,48.9975807124,7.30621869916
57480,304,49.0953199106,6.15452599506
57481,15,49.2211420359,6.02743804311
57482,12,49.120451502,6.2888126818
57483,66,48.9274404434,6.64219551497
57484,22,49.167360465,6.86659002983
57487,83,49.0926450491,6.11852525419
57488,4,48.6714459538,6.77870838226
57491,89,49.2539723138,6.0371285867
57496,1,48.9088397612,6.81421395642
57498,16,49.317754273,6.01399448465
57499,16,49.0746513432,7.06686266439
57505,27,48.7105520176,7.11797148432
57508,27,49.3442452472,6.05058281436
57509,8,48.6617122731,7.0490425095
57510,20,49.1337073536,6.27240706225
57511,16,49.179562869,6.11099249211
57512,96,49.1341177397,6.25580095096
57513,1,49.1000930479,7.37370577565
57514,1,49.1292618087,6.97126269237
57515,75,49.0322950446,6.03876360118
57516,1,49.274217248,6.58132683065
57521,4,49.172008781,6.90938897168
57525,2,48.8582626227,6.41317599769
57527,1,49.0303467553,6.24889661293
57529,16,49.437722146,6.00701265216
57533,3,49.0816476726,6.35523146056
57534,25,49.072284463,6.22444313381
57535,8,49.054551428,7.31625533519
57537,33,49.2095397191,6.85924244683
57540,107,48.7666597988,7.26359977418
57541,1,49.0028642083,7.56619934882
57542,6,49.2458851209,6.41209982643
57543,21,49.2255549058,6.09577655472
57544,1,48.6900524567,7.14681874191
57545,18,49.130840924,6.12422757212
57547,1,48.9950226786,6.18256631128
57548,2,49.0162867909,6.29354972088
57549,1,49.0490255784,6.63804894747
57550,18,49.1603232212,6.66533625772
57552,9,49.0549329608,6.19454629621
57556,51,49.0535036691,6.918414517
57562,9,49.2956996055,6.05513226147
57564,2,48.678407747,6.84276180766
57566,15,48.7496589563,7.104580252
57568,11,49.089310055,7.08571672709
57572,71,49.0067187571,6.38923213224
57575,3,49.1332326497,6.31630111446
57576,16,49.4341736247,6.33743036901
57577,2,49.0389385883,7.39557012544
57582,22,49.2844440368,6.16265276093
57584,2,49.0931477366,7.25838170063
57588,13,49.4637445576,6.24710550815
57589,59,49.0408635757,7.27733357043
57591,76,49.2440664423,6.08820823406
57592,3,48.8339571573,7.00575615826
57596,2,49.1593450312,6.85603413121
57597,17,49.2667090169,6.06105180621
57598,11,49.130927834,7.00317727676
57601,20,49.1190149736,6.05282881166
57602,6,49.2703005799,6.23459173013
57603,1,49.4870922211,5.94585152871
57604,10,49.4414794169,6.37625718945
57606,971,49.12845245,6.71233591282
57607,4,49.1628017297,6.31827843912
57610,1,49.3461045283,6.44828141175
57613,1,48.8098303761,6.95819464193
57616,123,49.1398497812,6.2087377953
57619,2,48.9900389284,7.35271084125
57620,53,49.1914264698,6.0072170748
57622,17,49.1857329152,6.04088915822
57623,21,48.5845453315,7.11411356549
57624,12,49.1065906287,6.09568579469
57628,100,48.9956964636,7.01158536668
57630,599,48.7379661581,7.04683266422
57631,1249,49.1088144102,7.06943100683
57633,12,49.0924332105,7.11956483456
57634,2,49.1602800907,6.09502895041
57637,1,48.6959536942,7.08168211214
57638,9,49.2131743265,6.92043725941
57639,6,49.0806906445,7.40599666671
57642,50,49.1140417721,6.11984882666
57644,15,49.1079438712,6.83222968228
57645,21,49.1970900836,6.13770154726
57647,26,49.322921611,6.09359436832
57650,19,49.4367246307,6.35954877529
57651,7,49.0510946988,7.35614038462
57655,20,48.9686599172,6.29890596956
57658,3,48.9616739785,7.31992410346
57659,18,49.1948583946,6.97044688686
57660,90,49.2025325702,6.93271905155
57662,1,48.9667358817,6.57858533859
57663,102,49.2342630409,6.17206960901
57665,6,49.1250557723,6.92875440455
57666,96,49.3465483422,6.13220160083
57668,4,49.0532700783,6.6696096112
57669,21,49.1284878197,6.89011082531
57672,1794,49.3759716201,6.12928314217
57677,16,49.2538335062,6.24271493427
57678,4,49.4096807012,5.98237050725
57680,27,48.6710669896,7.12727960239
57683,28,49.3058767055,6.14931216735
57685,1,48.9192974745,6.78723850274
57690,74,49.0843033887,6.70254231837
57693,636,49.1323231811,6.233426984
57694,4,49.1526090428,6.24135072121
57695,1,49.1254107578,6.44934014942
57696,4,49.1748380196,6.61893587601
57700,1,49.2762381448,6.52500672927
57701,2,49.093212654,6.06911259068
57702,8,48.8590225328,6.52663158102
57703,1,48.8297509643,7.18632776564
57708,50,49.0087164059,6.20170510603
57712,30,48.7749870403,6.52757815472
57716,26,49.2080435062,6.3068125723
57720,1,49.2816215974,6.63107602679
57724,17,49.2766034862,6.09532955616
57725,3,48.9483985965,6.93045004386
57726,2,49.0215965813,6.45567929548
57731,21,49.4457659624,6.06722602054
57732,15,49.1202720542,7.36590048312
57733,3,49.3014063896,6.25187794488
57734,1,48.6522218701,7.08937064886
57739,21,49.3575723655,6.49576337503
57740,4,49.4143532699,6.52258139522
57741,1,49.154023233,7.47376788664
57742,15,48.6198274157,7.18861685724
57745,7,49.0772822429,7.16122161095
57746,3,49.0244559247,7.03682413781
57748,3,49.0532147787,7.13000666752
57750,5,49.0853812881,7.18464267698
57751,145,49.1638098271,6.15770213219
57752,27,49.0785622468,7.0055640876
57757,288,49.3517848092,6.20171929319
57761,2,48.7867266822,7.21030213577
57765,2,49.1755911262,6.69315944055
57767,4,49.3240150186,6.23226190689
58001,4,47.1296847784,3.66418782377
58002,3,47.4435756978,3.07325894698
58010,1,47.0404133279,4.01572442394
58024,4,47.1455832324,3.60825350452
58037,4,47.2637724452,3.93404612826
58041,4,47.2843863072,3.49020583859
58046,21,46.8494214757,3.64592375221
58051,9,46.9425745079,3.14061478033
58053,18,47.2852072744,3.33527169936
58054,1,47.2447063381,3.45044284941
58057,37,46.7394357002,3.17150423035
58059,294,47.1835862006,3.02885515594
58062,84,47.0626511564,3.92696760176
58063,1,47.056080506,3.9410750203
58064,9,47.2837806445,3.21656972159
58065,34,47.0557553811,3.65816113346
58067,32,47.1290872121,3.10710953083
58072,1,46.9145671045,3.23010283481
58074,1,46.8621669432,3.92954270868
58079,112,47.4610140738,3.51008131187
58083,49,47.2565578889,3.68948978336
58085,3,47.4328581251,3.36750754848
58086,344,47.4029099422,2.94284103771
58088,32,47.013650182,3.19716378992
58095,227,46.8088592771,3.46630747619
58098,1,47.3184800902,3.64313334318
58101,1,47.2317693223,3.25913821713
58102,21,47.3800225966,3.11365486135
58103,1,47.4426675206,3.58969747383
58104,18,46.7193519034,3.33797253161
58106,2,47.289797689,4.01928339749
58109,10,47.4610040367,3.27333257004
58112,2,46.9561343358,3.32854721893
58117,53,47.0168666428,3.09059273072
58118,10,46.8089651055,3.72049071948
58121,33,47.0432163647,3.09375234427
58131,36,47.0928544134,3.21281103733
58132,5,47.2288349928,3.57914407014
58134,61,46.9351930768,3.2810945093
58135,1,46.9182601112,3.71038298673
58140,1,46.8904175771,3.98533892675
58145,51,47.2894645643,3.82491613793
58146,14,46.6979583473,3.49166232072
58148,2,46.8534809432,3.26854590349
58149,60,46.7965929965,3.99922728747
58151,38,46.8916874308,3.46212793801
58152,19,46.8900521667,3.15435874916
58155,2,47.148869332,3.04010611601
58159,1,47.287657405,3.64242914164
58160,45,46.9838677741,3.0926104206
58164,3,47.2305535189,3.00466811976
58166,1,47.1949524122,3.86024509237
58168,2,46.8347484024,3.99024145825
58180,40,47.2140724484,4.03362547677
58182,46,46.9731661302,3.81182294166
58185,5,47.1694217154,4.13049282693
58187,2,47.4543629223,2.94370342447
58192,1,46.7746439982,3.30128534052
58193,14,47.5317453883,2.89007280988
58194,1739,46.9881194908,3.15689130958
58200,1,47.4020463013,3.49846601652
58205,2,47.1892092482,3.95313922801
58207,1,47.1005907771,3.14628705959
58213,4,47.3940156932,3.02397404784
58214,21,47.0759346437,3.09656237194
58215,18,47.2802139612,2.98240910916
58218,25,47.1734370453,3.32035271062
58223,3,47.0382901584,3.54022524667
58227,25,47.548454274,3.07830606651
58228,6,47.3106333891,2.98007868063
58231,1,47.1430333562,3.18841485018
58232,28,46.9959427892,3.40477178304
58233,1,47.1194281851,3.40476489067
58238,13,46.9901181067,3.22198605099
58241,1,46.7812644833,3.39785224897
58246,14,46.899599449,3.85391051025
58250,9,46.8489006615,3.45264311674
58260,3,46.8507546576,3.18416300393
58261,5,47.4038457466,2.97705623439
58262,1,47.0590546372,3.80877052884
58264,29,46.7917213568,3.14035365486
58267,17,47.1016983299,3.51951300252
58269,1,47.0624951748,3.36019421637
58271,25,47.3561828054,3.69933759931
58273,6,46.977062374,3.2660919409
58274,1,46.7831055479,3.83512689838
58278,8,46.9469146489,3.18310220464
58281,1,47.3335127052,3.07213356568
58286,16,47.3614608414,3.58125302901
58295,2,47.3288567643,2.91378042455
58300,29,47.0592677863,3.20126668844
58302,16,47.2120070847,3.06549723601
58303,105,47.0372879565,3.14354311851
58304,19,47.356767544,3.38692732286
58305,1,47.2273609671,3.81810901103
58309,2,46.9380595323,3.95652709792
59002,16,50.3283410844,3.29787586969
59003,1,50.233709404,4.09622701433
59004,8,50.498421043,3.30536772065
59005,32,50.5417063572,2.94865877262
59007,5,50.4047718446,3.15371031857
59008,84,50.330855319,3.25574141604
59009,2009,50.6324372393,3.1535257221
59011,175,50.5265153703,2.92753629479
59012,16,49.9949415311,4.11785622281
59013,30,50.603523536,3.18920215192
59014,238,50.3753643424,3.51113183833
59015,50,50.2820675827,3.11314479871
59016,5,50.981590247,2.34855524915
59017,1419,50.6913797537,2.8797155328
59018,34,50.8416889858,2.41843292762
59019,5,50.2956596119,3.53884943565
59021,5,50.2884411784,4.01973285077
59022,30,50.5138938279,3.06223374765
59023,2,50.2518526914,3.16168773742
59024,45,50.3299785774,3.22782402703
59025,19,50.5960514415,2.81995366841
59026,8,50.2659759447,3.16874604317
59027,23,50.3759590091,3.4522066329
59028,41,50.4142959158,3.06115822735
59029,12,50.480622996,3.19519541331
59031,2,50.2783465062,3.82456125193
59032,86,50.3261545044,3.53764264287
59033,118,50.2058749072,3.83263118494
59034,34,50.5397882047,3.08608433822
59035,64,50.1056589526,3.95096845588
59036,201,50.1242937124,3.92754898552
59037,28,50.1911782213,3.37676857334
59038,12,50.2483988689,3.37145460907
59039,1,50.153637436,3.28601914646
59041,16,50.2081006997,3.8751600192
59042,6,50.5435916608,3.26883958433
59043,624,50.7274252798,2.7379912081
59044,93,50.6111718868,3.24121907398
59046,3,50.9087831017,2.56046766711
59051,166,50.5397647046,2.80910290453
59052,48,50.5162714452,2.89367809062
59053,70,50.2936087618,3.80308794658
59054,1,50.7749510357,2.44160500507
59056,6,50.6062622747,2.9147903974
59057,3,50.2296082323,3.58590888572
59058,3,50.2183201415,3.96567972154
59059,2,50.1265847908,3.45162407092
59061,3,50.0605483796,3.79605984174
59063,46,50.1403335661,3.38449590227
59064,15,50.3659312022,3.42553238229
59065,3,50.3225210245,3.76276954523
59066,1,50.2136798325,4.10541703727
59067,90,50.9691920635,2.43268784817
59068,35,50.2057229954,3.79391306597
59069,9,50.2575420594,3.5398919082
59071,24,50.4804538835,3.15078397856
59073,1,50.7779383016,2.6875622719
59074,15,50.0823963526,3.43983505864
59075,1,50.1426560397,3.42342136756
59078,3,50.1628708508,3.99516722908
59079,31,50.3883826633,3.50595410504
59080,27,50.4499686964,3.28271096457
59082,12,50.9713270565,2.40211995661
59084,18,50.6905234393,2.409606447
59086,32,50.7989980219,2.69937041713
59088,26,50.6487129112,2.87274435291
59089,32,50.8652273621,2.34136933381
59090,137,50.7096656233,3.09529083038
59091,3,50.731528018,2.58086143092
59092,59,50.2808463643,3.3121651121
59093,2,50.0790302636,3.89209548407
59094,98,50.9424001702,2.20355448436
59096,10,50.5637205192,3.24739149692
59098,51,50.7638184317,3.07542848088
59099,15,50.151363705,3.61511089589
59100,1,50.4302087604,3.35488860191
59102,1,50.1638275467,3.37224279409
59103,1,50.2410266122,3.8784480036
59104,19,50.2948725712,4.04711513653
59105,8,50.432750868,3.23662350637
59106,17,50.5822303153,3.19348904281
59107,50,51.0730436867,2.52764870458
59108,38,50.154815937,3.48675100947
59109,1,50.4339939197,3.33534225599
59110,1,50.9515630712,2.28707334994
59112,78,50.3973093421,3.53909152804
59113,1,50.3559112318,3.24310396614
59114,9,50.4652689949,3.50624365329
59115,2,50.2745061343,3.14482312096
59117,3,50.2910659273,3.15468753018
59118,14,50.0375979868,3.46602965443
59120,27,50.7566001349,2.60456655751
59121,2,50.185423787,3.31868765658
59122,2971,50.1702775977,3.24221021072
59123,19,50.5106436194,2.99165906644
59124,25,50.5923766053,3.25767476267
59125,2,50.1451657481,3.15708777258
59126,29,50.3097701017,3.1238994061
59128,126,50.6474745374,2.96473852343
59129,20,50.5045434166,3.17433068381
59130,1,50.8938368005,2.22204306272
59131,79,50.9960740777,2.37003367458
59132,10,50.1649512039,3.34587128459
59133,9,50.5196965937,2.96024467267
59134,12,50.0779397385,3.84271561148
59135,43,50.795681277,2.49423243668
59136,561,50.0920093814,3.53922472873
59137,6,50.0704090435,3.64485751091
59138,2,50.1329900452,3.33660861697
59139,225,50.1187185043,3.4192394153
59141,1,50.1720373952,3.29914293305
59142,2,50.2591419146,4.02505740703
59143,150,50.6659536434,2.89558804665
59144,1,50.4858024683,3.47414949128
59146,26,50.6108890768,3.20972154636
59148,1,50.1564472386,4.12464922424
59149,8,50.0684086956,3.39589708434
59150,1,50.5391896198,3.24034953595
59151,15,50.2598488269,4.084768244
59152,152,50.7497420422,3.01679477405
59153,149,50.4678612037,3.60589087978
59155,408,51.0179541343,2.39580832593
59156,26,50.3421628278,3.05975008268
59157,32,50.2372536419,4.15308223751
59158,34,50.4501366141,3.19335565357
59159,13,50.9726285741,2.22142508421
59160,34,50.4217331557,3.65237979993
59161,25,50.0727577904,3.26867770233
59162,1,50.9238758959,2.39595026667
59163,281,50.6740689994,3.15464041723
59165,98,50.3743818914,3.03412629786
59166,7,50.3253821605,3.60666630753
59168,98,50.5639123041,3.21398704215
59169,2,50.2195042293,4.00850987305
59170,875,50.3495940778,3.1299861719
59172,669,50.3299660733,3.3898623357
59173,14,50.7280171454,2.96967815507
59174,1,50.1970283505,4.04666180439
59177,2,50.1420178536,3.8595206672
59178,1046,50.3823195335,3.09145683114
59179,63,50.2994352925,3.38947295524
59180,6,50.6800093864,2.69977444114
59181,11,50.1745636905,3.94546756925
59183,2608,51.0307229078,2.33752414095
59184,5,50.734564266,2.41884672597
59185,18,50.3482315234,3.21529635453
59188,1,50.1924531151,3.89604149257
59189,11,50.7800648549,2.59723080781
59190,2,50.3048578036,4.01140019092
59192,26,50.3117441641,3.25561088678
59193,30,50.5908761975,3.00549490357
59194,17,50.1933240477,3.64157019307
59195,17,50.6262888459,2.9579931684
59196,29,50.640484704,2.93312247961
59197,29,50.5387195422,3.12792567754
59198,1,50.1185512931,4.16530475504
59199,1,50.3168262116,3.17348026694
59202,57,50.6700847929,2.84140786831
59203,4,50.3693524443,3.31597211762
59205,77,50.3339160351,3.34129451552
59206,40,50.1924313857,3.27406978358
59207,24,50.4239013457,3.5531225813
59209,1,50.0953832001,3.30848102705
59210,25,50.8902971553,2.42902144416
59211,52,50.3859330394,3.00649318201
59212,92,50.654423304,2.72156583757
59213,3,50.1518286613,3.32132515587
59214,2,50.2977355864,3.07513052042
59215,8,50.3527239271,3.60184515387
59216,4,50.2182439323,3.26546336103
59217,1,50.3253571369,3.66687653832
59218,23,50.0620601477,3.94319652795
59219,3,50.2447242764,3.29498867507
59220,227,50.593618421,3.07229537426
59221,21,50.3123396289,3.52179790977
59222,14,50.4531008477,3.13526855992
59224,56,50.268615561,3.212900112
59225,51,50.2944744456,3.90909278075
59226,152,50.1407847953,4.05118081621
59227,42,50.3681590708,3.30010560597
59228,12,50.3309978415,3.08128816904
59229,8,50.0482056585,4.01906957461
59230,54,50.2456386476,3.99089727257
59231,3,50.2403988666,4.02739766598
59234,131,50.401307148,3.05136553917
59238,17,50.5128551387,3.48452339444
59239,60,50.4164214514,3.18241517385
59241,2,50.0412036226,3.88418001471
59243,14,50.127252452,3.36673958113
59244,4,50.1686299394,3.16830361827
59247,26,50.6330739631,3.18918578659
59249,348,50.006893732,4.05775002509
59250,52,50.5917277363,2.89362071865
59252,19,50.703109663,2.95178380263
59253,57,50.432489562,3.57931049864
59254,3,50.2829594632,3.19200167251
59255,1,50.2494910786,3.18888373782
59256,46,50.5653657611,3.1322045776
59257,17,50.6109686203,2.85464946616
59258,25,50.5285200565,3.22237664062
59259,1,50.2277589853,3.61633962969
59260,26,51.0486014481,2.51379722419
59261,22,50.0506114879,4.06404937092
59262,16,50.7950511501,2.6455520339
59264,1,50.3269897728,3.94228730102
59265,12,50.2650047987,3.70836085584
59266,42,50.5478874512,2.98009724993
59268,99,50.6309281138,2.73945543193
59269,20,50.0555182827,3.11588275361
59270,1,50.1123607999,3.79567600764
59271,380,51.0167874642,2.29071143357
59272,24,50.9994095872,2.10036684474
59273,161,50.9975626638,2.14413046485
59275,12,50.5924125411,3.21559274036
59276,28,50.3483461671,3.14816711364
59277,1,50.3405832772,3.74998509899
59278,100,50.6120409794,2.95454404454
59279,209,50.7747480298,3.12692474358
59281,29,50.5374677667,2.86845922313
59283,6,50.2577740991,3.84173807004
59284,37,50.4127809249,3.38752842826
59285,26,50.2650877152,3.41176296658
59286,254,50.6044150332,2.98727183184
59288,11,50.3133069663,3.42273486523
59289,9,50.2223988964,3.4797106662
59291,170,50.2478507103,3.91948913803
59292,15,50.3537384586,3.40310314362
59293,9,50.6403332971,2.54677365157
59295,735,50.7262967113,2.53864301455
59296,1,50.1795272818,3.65140738395
59297,17,50.3677526981,3.35840586833
59299,246,50.6548049456,3.19305632608
59301,42,50.4809811628,3.53133874107
59302,24,50.3588545059,3.44801878538
59303,49,50.5816535581,2.8531853808
59305,18,50.8810801461,2.53001631051
59308,1,50.7552272301,2.5153551845
59309,56,50.971669311,2.58828514944
59310,3,50.3348329757,3.82037377932
59311,4,50.0677939071,3.48120463527
59312,8,50.0343460681,3.20211189134
59313,13,50.2597936195,3.32675271349
59314,13,50.3696239428,3.33594044996
59316,20,50.5699205029,2.99498019167
59317,90,50.6841292085,2.92646496256
59319,23,50.9727799567,2.45547219579
59320,13,50.5626769272,2.82845132596
59321,2,50.1219699248,3.47168074868
59322,24,50.233598422,3.33623347454
59323,13,50.3097021009,3.63092596962
59324,132,50.2913767196,4.10405698183
59325,3,50.2290109948,3.67767939299
59326,1,50.9575597067,2.55978032528
59327,88,50.3864016974,3.16880269409
59328,500,50.6522053005,3.02491174276
59329,267,50.3542349649,3.05466709825
59330,25,50.4726958028,3.29518086014
59331,39,50.1205093509,3.68851283044
59332,39,50.666027423,3.21037021622
59334,21,50.3929252275,3.02930995162
59335,24,50.474778936,3.39878461837
59336,7,50.2765109082,3.03054584973
59337,16,50.8134333231,2.29316091241
59339,118,50.6813150077,3.23964411032
59340,49,51.0479753617,2.45468596825
59342,1,50.1733832806,4.06309065769
59343,365,50.5892285666,3.11191934713
59344,22,50.180651266,3.83355819928
59345,30,50.3367323265,3.16865198714
59346,69,50.6111691928,3.11824226491
59348,14,50.2722406252,3.3493708028
59349,10,50.1025067499,3.37859262548
59350,15396,50.6317183168,3.04783272312
59352,176,50.7361350171,3.0744786004
59353,2,50.2033505573,3.7334425782
59356,18,50.6631680443,2.99516100327
59357,30,50.2961357977,3.87102048316
59358,3,50.912741374,2.2751678981
59359,59,51.0012144614,2.22304802432
59360,940,50.608350368,3.02066096506
59361,33,50.3111500417,3.35745797918
59363,6,50.2165903097,3.64008191069
59364,9,50.5567255467,3.18952793321
59365,149,50.2577866904,3.95387643411
59366,1,50.7186012441,2.43465079994
59367,182,50.6721775091,3.2172382556
59368,413,50.6548883138,3.06963722507
59369,33,50.3036687499,3.48802239874
59370,4,50.3136654011,3.97327891565
59371,3,50.6182693489,2.87754636769
59372,1,50.0351942091,3.32471130413
59375,85,50.414280284,3.26362216805
59377,19,50.1144749853,3.17343200113
59378,962,50.6753348557,3.10093583816
59381,1,50.2940290785,3.57606019881
59382,11,50.0450861132,3.42038871212
59383,129,50.3452442077,3.55000999792
59384,17,50.1319269189,3.75814901282
59385,24,50.2913562157,4.07637705799
59386,228,50.67409511,3.05886328577
59387,26,50.2921413356,3.2707273524
59388,27,50.5507925122,2.86815833452
59389,18,50.104659247,3.20208772877
59390,11,50.341241582,3.19548470018
59391,1,50.3064012156,3.29792589761
59392,1615,50.283630719,3.96328053037
59393,1,50.4952908946,3.42538565597
59395,1,50.049448426,3.59700862525
59397,3,50.8699396008,2.27783454706
59398,67,50.5069205161,3.12172446457
59399,10,50.7178435961,2.6572770613
59400,97,50.6449293889,2.63582653422
59401,43,50.7479005121,2.67634884839
59402,1,50.8559210958,2.25120770329
59407,1,50.2838656974,3.4581039292
59408,8,50.456566302,3.08800670538
59409,15,50.3061963745,3.21073984637
59410,223,50.6432478699,3.1087677878
59411,17,50.4819644352,3.10317921728
59414,75,50.3682405226,3.18011986506
59416,20,50.6768934286,2.53621614433
59418,36,50.5001515803,3.45327380801
59419,24,50.5168601993,3.28629185123
59421,168,50.7041016348,3.13593215066
59422,1,50.2033732531,3.31732755418
59423,11,50.6652328405,2.66524376956
59424,3,50.2653663974,3.90941211198
59426,107,50.7533162393,3.15977251104
59427,4,50.4968963031,3.05358974895
59428,30,50.1876980939,3.21918185069
59429,5,50.2905014388,3.35160622721
59430,4,50.1349971919,3.51024982301
59431,89,50.6992987531,2.83247310085
59432,2,50.1416253963,3.25613708021
59434,13,50.4681563003,3.46013569739
59435,23,50.5012176112,3.23912545125
59436,2,50.7945101601,2.36741593689
59437,8,50.5729280386,3.02238335303
59438,3,50.1373086019,3.17631469975
59439,1,50.1616211802,3.79528710452
59441,1,50.2692950414,3.7760866867
59443,1,50.8191546724,2.40052257312
59444,4,50.4481733778,3.53940322234
59445,1,50.0369176402,4.12652703676
59447,92,50.3867147723,3.59668401083
59449,245,50.4684491037,3.23890685351
59451,5,50.2718570583,3.63293709102
59452,19,50.4571255859,3.03269713092
59454,11,50.7807301542,2.4699206565
59455,9,50.2487376852,3.26355890022
59456,27,50.3763502504,3.21867627513
59457,138,50.6700813687,2.96867396183
59458,4,50.56433015,3.17149667698
59459,43,50.3747760096,3.47594179576
59462,83,50.5128963726,3.02222998505
59463,1,50.9299079429,2.34010090191
59464,14,50.185059973,3.61684782607
59465,3,50.1169693319,3.58693750917
59466,113,50.5213224802,3.11535964739
59467,20,50.2317600389,3.84512612151
59469,2,50.7340517429,2.60269224096
59470,18,50.6607863693,2.9485483768
59471,19,50.311072595,3.57351530616
59472,4,50.1647138146,3.6553638264
59473,1,50.2886107324,3.69910774088
59474,12,50.0779109986,3.75922395806
59475,20,50.3241135233,3.45729001727
59476,28,50.15582108,3.20370328154
59477,26,50.5134080019,2.91117965832
59478,16,50.9381093158,2.46047387712
59479,18,50.4035655109,3.6270603909
59480,6,50.2848542839,3.50823290442
59481,325,50.2506593981,3.62486177207
59482,92,50.7129994523,3.00861966929
59483,1,50.2350198423,4.06805030291
59484,60,50.3920521291,3.65887590653
59485,11,50.162969816,3.42160576023
59486,26,50.4201328892,3.13698851837
59487,23,50.6281404058,2.89866058213
59488,28,50.1884274141,3.17806914502
59489,112,50.4363550078,3.10277352628
59491,95,50.410089317,3.48909318774
59495,14,50.2766724838,4.04841593336
59497,16,50.7357377095,2.37835427066
59499,8,50.9353119359,2.54496726178
59501,20,50.3871460601,3.2654482403
59502,20,50.2043374368,3.35238504979
59504,29,50.3127229733,3.32813430468
59505,2,50.3683187976,3.63953903487
59507,253,50.6044738955,3.09168585537
59508,394,50.747350697,3.11815606165
59509,67,50.4147869735,3.10349816509
59511,57,50.4521455969,3.36243705958
59512,2809,50.6879774811,3.18258434623
59514,34,50.2712617008,3.99972723492
59515,1,50.333483649,3.44055794538
59516,1,50.8331982321,2.36252595858
59517,6,50.0758341626,3.23349040866
59518,1,50.2634217469,3.5818116421
59519,18,50.4924282163,3.35255840321
59520,29,50.1304621675,3.22848231666
59522,9,50.6460432884,3.22762243791
59523,45,50.5877332144,3.16342165677
59524,100,50.5583359872,2.89740255201
59525,17,50.0854794146,4.03223070419
59526,968,50.4401000981,3.44460708029
59527,605,50.6597692969,3.04609387889
59528,7,50.2076147877,3.41741294384
59529,1,50.1709642642,3.91201093007
59530,4,50.4513178883,3.64979329449
59533,20,50.1812812123,3.4168912736
59534,6,50.1366870157,3.90004713488
59535,29,50.7684241988,2.72184821596
59536,1,50.780208006,2.51589636551
59539,3,50.8950694199,2.19025685455
59541,4,50.1935153197,3.47506674368
59544,462,50.3750172475,3.56642418912
59545,8,50.0531218076,3.51585525327
59546,4,50.7757055306,2.55012081181
59547,2,50.1944271461,3.43509312626
59548,2,50.3009046885,3.74775611906
59550,17,50.5358395709,2.83692247297
59551,28,50.4772545596,3.33248163784
59552,4,50.2144498638,3.19130962776
59553,74,50.5909879066,2.96114421951
59554,4,50.446729768,3.33012536259
59555,11,50.1616514836,4.04379435649
59557,26,50.335080255,3.58004167583
59558,16,50.2425296454,3.43939074526
59559,12,50.3441268565,3.64525979429
59560,911,50.5462914067,3.03440410368
59564,29,50.3486299909,3.47455507349
59565,3,50.2772551517,3.56080213817
59566,42,50.6248188486,2.98254300781
59567,2,50.1266132129,3.27725549348
59568,1,50.7083527622,2.45193657383
59569,238,50.3677512577,3.12071297192
59570,44,50.9358655303,2.42417743396
59571,100,50.171784611,3.51976547867
59572,22,50.1722246859,4.09630317789
59574,366,50.3598009687,3.27519704161
59575,1,50.2674478954,3.49584685724
59576,12,50.9751405786,2.31360058844
59577,1,50.7522593819,2.44870670166
59578,13,50.6774388783,2.48812239192
59579,9,50.9531939911,2.37222398651
59580,62,50.8214340622,2.58556642469
59581,38,50.6864176007,2.76933714516
59582,5,50.7237136693,2.61971858959
59584,2,50.3215475622,3.85119216193
59585,53,50.5706303055,3.0593969462
59586,142,50.5327534602,3.17344214233
59588,73,51.0158652678,2.45278368133
59589,48,50.2978015553,3.43898383487
59592,61,50.4729282172,3.06360015777
59596,4,50.4251780134,3.32276515057
59597,1,50.2010948825,3.21429536974
59598,24,50.6609540641,3.23330964809
59599,2296,50.7254418902,3.15882757215
59600,11,50.5041629351,3.08506088086
59601,77,50.0755155252,4.12172301875
59602,11,50.6172932924,3.18934892273
59603,32,50.33056703,3.48645305133
59605,9,51.0239750832,2.49246889837
59606,3468,50.3588666163,3.51567664819
59607,1,50.1780771295,3.57802377396
59608,13,50.2600667641,3.50791948811
59609,17,50.5731550754,3.08064149278
59610,1,50.2661390084,3.46320478499
59611,30,50.6820809996,3.0005883762
59612,5,50.2124028613,3.52268754362
59613,9,50.4144657364,3.6078304121
59614,6,50.1571125186,3.45621053562
59615,40,50.6932504715,2.62068917125
59616,81,50.4735638651,3.56606734565
59617,1,50.2599763963,3.87105908253
59619,23,50.2478551697,3.68060159072
59622,4,50.2264212975,3.39435479006
59623,5,50.0359972826,3.15257855128
59624,22,50.0297720966,3.29193521329
59626,12,50.2889516363,3.6151652439
59627,3,50.339831062,4.01339230045
59630,24,50.4837257649,3.03028758206
59631,23,50.0733447799,3.33900382143
59632,44,50.3808461182,3.39313610701
59634,4,50.7278457083,2.48249397523
59635,1,50.1283412382,3.30897119661
59636,185,50.6957054596,3.0473159475
59637,4,50.3972962992,3.32367136058
59638,9,50.5709754745,3.27007498669
59639,10,50.3079420993,3.65866407405
59641,16,50.9770774555,2.50331327056
59642,4,50.4093268684,3.32433906396
59643,1,50.7453105306,2.96704012681
59646,472,50.6750984751,3.12858017096
59647,35,50.833804191,2.22588651794
59648,166,50.5864928159,3.04193803597
59649,1,50.2003544445,4.00235676778
59650,496,50.7056367285,3.21628221056
59651,4,50.3338831581,3.42191162083
59652,1,50.270787775,3.28212535821
59653,97,50.5726224029,2.93337226806
59654,27,50.3842186333,3.11188476067
59656,47,50.7620461406,3.05089776037
59658,1,50.5694195145,2.86858974063
59659,85,50.0118044778,4.0065736506
59660,32,50.6306074254,3.22916996988
59662,1,50.8503260936,2.56373009721
59663,69,50.8778557286,2.47860517129
59666,5,50.8833052086,2.384587094
59668,221,51.06377209,2.48763279882
59669,1,50.7918240712,2.42330162819
59670,19,50.5440489811,2.91557809769
60002,2,49.361199272,2.15509033815
60005,5,49.1087771245,2.95509279724
60006,2,49.3183042237,2.5890180969
60007,61,49.3961836166,2.38254589214
60008,1,49.4222514079,2.41814312594
60009,7,49.3965343512,2.11883442492
60010,19,49.2071001179,2.12057880418
60011,1,49.6414081201,2.83395091808
60012,11,49.257573184,2.16834997777
60015,1,49.334468969,2.32846218053
60016,1,49.350204752,2.36431728817
60017,10,49.5672978302,2.38642388977
60019,1,49.5004605023,2.73385430881
60020,3,49.1550668913,2.98806856134
60024,2,49.4056086887,2.68958438939
60025,27,49.4257269191,3.04404702722
60029,34,49.3702714618,1.99554869838
60032,1,49.449194192,3.12722554549
60033,1,49.1839157473,2.52767735366
60034,1,49.4449120653,2.42380338592
60037,1,49.5820096557,3.09130594062
60041,52,49.385157591,2.23033347435
60042,2,49.3492689664,2.46620386202
60044,4,49.2973878556,2.32131973295
60045,1,49.2222684941,2.67330860939
60047,4,49.1754522891,2.7348143898
60048,1,49.4559271908,2.75517506422
60053,8,49.6653459644,2.91164661769
60057,2348,49.4365523321,2.08616123661
60064,1,49.4218075738,3.00010078676
60068,20,49.3076185781,2.80360801965
60069,16,49.1559241622,2.94290715615
60072,1,49.4145786012,3.07807803458
60074,2,49.2280944073,2.34451291361
60082,5,49.6808426625,2.24243541639
60083,5,49.2800248996,2.98130103699
60085,1,49.5855067939,2.35206121544
60086,13,49.1749794772,2.35195670267
60088,35,49.1918532269,2.18485090875
60099,1,49.4761042434,2.77402760825
60102,6,49.3068934524,2.5499630565
60103,54,49.4135603419,2.25008112215
60104,214,49.6340425257,2.29183403499
60106,22,49.3780023932,2.45643096781
60107,25,49.3619627867,2.42549520398
60109,1,49.6455079765,1.88822480879
60111,2,49.6277624015,2.45363892412
60115,4,49.4569537729,2.33518875415
60116,23,49.3128542225,2.35865250561
60119,2,49.5062092065,2.89807134548
60125,1,49.389080292,2.69965926929
60129,2,49.5191522759,3.02234053869
60134,29,49.3134355162,2.43026281523
60135,4,49.3026459577,2.24002692157
60138,77,49.2258210412,2.61918764925
60139,150,49.1718103651,2.24657019692
60140,2,49.2601158315,1.81072865391
60141,270,49.1762641654,2.48103481914
60142,36,49.1212917393,2.5265939072
60143,156,49.2729979316,1.88182608902
60149,22,49.3461074721,2.67968198793
60150,4,49.5303142759,2.97100668785
60151,29,49.442089833,2.89567270285
60154,14,49.3243592276,2.53354291409
60155,73,49.262678531,2.33736387513
60156,28,49.4412986705,2.8453991397
60157,804,49.3777168975,2.40891709196
60159,2085,49.3990601478,2.85317249363
60160,11,49.6073168338,2.73630966072
60162,3,49.2772532427,2.11061298697
60164,4,49.4006526373,1.83221910213
60165,2,49.3091487399,2.12428741588
60166,16,49.4581784318,2.8000113018
60169,4,49.2594249464,1.73615075347
60170,1,49.2065256712,2.54439836724
60172,30,49.1449874027,2.47045856809
60173,3,49.2489499722,2.39573291818
60175,1202,49.2533487138,2.48472669359
60176,266,49.2360130888,2.8969318206
60178,92,49.6125388783,2.08489020774
60185,13,49.2099385814,2.32007698271
60188,36,49.3859702699,2.99976302541
60189,8,49.5342045787,3.10272038663
60193,1,49.701294681,1.92280713557
60198,1,49.5909351098,2.8785644648
60200,10,49.5991248237,2.55703431624
60203,2,49.2322741704,2.84879453989
60207,1,49.2797702031,3.02463728753
60211,2,49.312023845,1.78713220993
60213,6,49.1256725288,2.69642408679
60215,4,49.4136451151,2.45644712469
60218,7,49.2315594255,2.17454733737
60221,2,49.6550975512,2.26906443197
60223,48,49.4263442144,2.62953613001
60225,22,49.4281067222,2.37019823319
60226,5,49.087549811,2.70898194051
60228,2,49.2495116378,1.94467191321
60232,1,49.5890936598,2.51315398391
60233,12,49.6498151324,1.84993618914
60234,111,49.3993972661,2.4291033299
60235,1,49.3460308859,1.82886153194
60238,20,49.2623361218,2.59258349492
60239,2,49.2456151425,1.96684307339
60241,1,49.1547073818,2.66051125918
60245,55,49.6492986407,1.72801391707
60250,1,49.4652825822,2.03011183536
60253,1,49.5898566137,2.14867375497
60254,1,49.4471256066,2.66733923856
60257,1,49.2509113423,1.98912391608
60260,1,49.2781522381,2.92700227503
60264,3,49.3813474009,2.08360584323
60265,21,49.5657711832,2.21470986262
60268,1,49.5738621459,2.4192438931
60272,1,49.3007930979,2.89026457858
60274,1,49.2730688353,2.84005159158
60277,9,49.4249364687,2.03316738421
60281,1,49.500679776,2.69144488848
60282,278,49.1895816267,2.42026324989
60284,6,49.3762488165,2.65940543568
60286,104,49.666016357,1.9349239261
60288,1,49.5591317883,1.90615994772
60290,1,49.4868854532,2.12865823482
60291,24,49.6583847453,3.05502192746
60302,1,49.4869439837,2.24134168227
60309,3,49.2100313417,2.05597443118
60313,16,49.3590736605,2.25601407563
60315,1,49.4723304928,1.91021767615
60318,1,49.3375370465,2.64802307732
60321,1,49.2320779777,2.02966880034
60322,1,49.3021818872,1.87348567207
60325,13,49.395906847,2.76678762351
60327,2,49.3223267421,1.96068066064
60330,14,49.287058167,2.15238634007
60332,90,49.3527272314,2.50769568365
60333,15,49.4470304298,1.92181255596
60335,1,49.5415853366,1.87591010386
60336,1,49.562241218,2.17627773976
60337,1,49.434368037,2.74685318222
60338,76,49.3550551807,2.79513678008
60340,3,49.6104257346,2.91470679251
60341,27,49.0781168522,2.7487989483
60342,20,49.2973604415,2.43493025435
60346,76,49.1602771773,2.41972419406
60350,17,49.5999941571,2.84362090335
60355,19,49.4299134204,2.20087165324
60356,12,49.1905049391,1.9341708115
60358,1,49.1970697917,2.91542960657
60360,94,49.3300766734,2.46523634953
60363,1,49.1973720919,1.89089983426
60364,6,49.4742826717,2.48980639031
60368,10,49.4667196986,2.85423661921
60369,24,49.3400219614,2.71142471159
60374,14,49.548179093,2.51320633248
60380,3,49.1392151665,3.07327554548
60382,120,49.4329968709,2.8054861143
60385,2,49.1636748962,3.10850778789
60386,1,49.5158815481,2.7484137141
60387,18,49.5753195852,1.95765019879
60390,1,49.5440319929,2.16545655463
60392,1,49.489344184,2.85004584455
60393,1,49.2782636292,2.37545666755
60394,1,49.5212028828,2.60416999172
60395,118,49.2453722483,2.13541107599
60396,1,49.5442353409,2.6306106736
60398,22,49.1755288467,2.28195991466
60399,2,49.6259590704,2.41044983882
60401,1,49.3057295939,1.99122891939
60402,27,49.3675243058,2.74517943461
60403,9,49.5090452996,2.01406401611
60404,4,49.3126555491,2.47328622083
60406,1,49.3269208712,2.56630699286
60409,32,49.2968280054,2.46847273697
60411,4,49.2123743231,1.97064890593
60412,1,49.1937559871,1.7963074166
60414,88,49.2632645948,2.43135724334
60420,1,49.2167501643,1.79301456897
60421,2,49.1904259616,2.6339267851
60423,2,49.4818105198,2.9149211513
60425,2,49.5123717764,2.27407884393
60430,14,49.3104709662,2.93003968872
60434,1,49.568875217,2.6728130469
60439,61,49.3172920199,2.29984372967
60441,2,49.4071700438,2.64288403755
60445,10,49.4918764493,3.09066471681
60446,29,49.1369195797,2.81079341188
60447,1,49.271310066,2.77130714289
60450,31,49.2285502167,2.27982147453
60451,26,49.3496103814,2.40083374421
60454,4,49.3865132805,2.32682912406
60456,17,49.4793462594,2.58212809207
60461,6,49.4506700371,2.16728626603
60462,25,49.3185654473,2.19363262342
60463,166,49.2761508066,2.46417183632
60464,1,49.3828586322,2.48747358426
60470,8,49.548098011,2.26637360937
60471,337,49.5774343318,3.00799806171
60477,6,49.4170822922,1.91904543496
60478,1,49.1960845952,2.95791288835
60481,14,49.3071238607,2.85809275109
60482,15,49.140934755,2.50855732387
60485,2,49.6022006095,2.17775833249
60487,2,49.2000876864,1.74905447896
60491,43,49.348002803,2.96575966362
60493,1,49.5378600786,2.05641774458
60494,21,49.1113621574,2.57767746026
60500,56,49.0985806649,2.75896019527
60501,8,49.4622196223,2.9084704643
60505,9,49.1652249379,2.55752249629
60506,4,49.5627550625,2.98667327051
60507,1,49.5434848302,3.04751072551
60508,21,49.3004968016,2.64847829127
60509,131,49.3049711726,2.60798085563
60510,1,49.3365218243,1.92395971009
60513,32,49.2033673942,2.36214384754
60517,4,49.2180286454,2.23133735339
60522,2,49.5472914802,2.41866842622
60524,6,49.3338498991,2.43555395564
60530,1,49.4481992219,2.29023906853
60531,17,49.4346894863,2.70312726692
60533,29,49.5337304815,2.73255438737
60534,2,49.4289952434,2.94460226209
60537,45,49.5224343786,2.91876179627
60538,1,49.5606808344,2.75829251841
60539,8,49.3000073439,2.51252938174
60542,2,49.4041536099,2.1887872346
60545,2,49.712188183,1.80039781774
60558,2,49.5936160984,2.7709194212
60559,1,49.414002576,2.29121659235
60560,7,49.2390399273,2.7248899775
60562,18,49.3567536222,2.55499209997
60567,1,49.4256177121,1.88925202038
60568,1,49.4123694145,2.49005189932
60570,26,49.2592528645,2.06773136457
60573,2,49.5752040683,2.25015619286
60575,24,49.2889931714,2.19808421262
60576,1,49.4423808139,1.971867466
60577,17,49.441635095,1.7819147282
60578,1,49.3020445014,2.76780194989
60579,2,49.3501826789,2.88709409437
60581,104,49.5112063236,2.41780624403
60582,1,49.4782276386,2.95219747326
60584,46,49.2286214126,2.40910625002
60586,3,49.3957799829,2.05937901861
60587,10,49.3474706445,2.59996403152
60588,1,49.6166715837,1.92159084424
60589,90,49.224445885,2.45930498428
60590,72,49.5333363606,2.00249119554
60591,5,49.4277052907,1.98675158982
60594,1,49.5201563268,1.7479039158
60597,7,49.3285204781,2.80616373785
60598,1,49.3492908609,2.12271497289
60600,1,49.2964793242,2.74465320657
60609,7,49.4627452726,1.95763828893
60610,1,49.5526800369,3.00054707507
60612,610,49.2118455897,2.58570626014
60616,14,49.3615071345,1.79376324721
60623,22,49.5626808865,1.85253851049
60628,3,49.4231387844,2.15300884654
60631,2,49.1536648574,2.57819751248
60632,3,49.5596026493,2.86659655683
60635,2,49.245997329,2.42786495364
60636,61,49.4793368724,2.88124505032
60637,1,49.1516839082,3.02876069607
60639,27,49.4644718487,2.11782914141
60641,38,49.469047669,3.00367907538
60643,11,49.5631454489,2.58460217686
60644,36,49.2868018979,1.81392681407
60646,13,49.4839349109,2.05750411907
60647,62,49.3995937676,2.96594779621
60650,4,49.2396223945,2.78712488353
60651,4,49.2743733295,2.27563757505
60657,1,49.5858402656,2.96793055954
60662,2,49.3812218518,1.91494553081
60665,69,49.4195417844,2.78373972195
60666,2,49.1055721825,2.67260382684
60667,37,49.3057654461,2.73302583276
60668,1,49.5067320831,2.08154719995
60670,27,49.2729920918,2.53462190972
60674,3,49.3844925116,2.92575839247
60677,1,49.4826856803,1.87278558201
60678,5,49.2334293804,2.07366432947
60680,2,49.2751399266,2.67989844537
60682,1,49.260726193,2.63465752752
60684,25,49.2881764019,2.49334191961
60686,12,49.2175345324,2.38499254783
60691,2,49.5743549353,1.7287833977
60695,14,49.2047770407,2.50069915861
60700,10,49.3861654492,2.15875512452
60701,2,49.5467064424,2.35949571781
60703,7,49.4073687683,2.04083080438
61001,1412,48.4318193082,0.0915406916107
61002,3,48.6982248016,0.125681370095
61006,608,48.7321880919,-0.0132322590535
61007,37,48.7951982952,-0.509617196105
61008,18,48.7318577878,0.545628090073
61011,1,48.7798224159,-0.553278644755
61015,1,48.6057819219,0.238232234334
61029,5,48.5510739399,0.470361328466
61038,65,48.3730422807,0.563433048033
61040,5,48.6910303266,-0.444104849045
61043,27,48.3500105635,0.739532399855
61053,1,48.6583186822,0.541666162724
61055,18,48.6324251717,-0.095549889468
61061,10,48.4358447093,0.900700483444
61063,35,48.7111600408,-0.377752655086
61068,1,48.5410404688,0.203747510397
61070,1,48.8071056766,-0.603648177007
61074,27,48.5691225023,-0.160230464301
61075,9,48.4936450518,-0.634587693157
61077,1,48.4441981247,0.131476179306
61079,29,48.2249965055,0.758513883231
61091,6,48.605210467,-0.525248571661
61092,4,48.7419330141,0.744469274566
61093,14,48.7224631427,-0.672912176288
61095,1,48.7128515719,-0.622127814568
61096,31,48.5439558211,-0.466370828883
61097,5,48.4854312725,0.659562933284
61098,37,48.5667583152,0.153857564535
61116,3,48.3793529122,0.864706610339
61117,22,48.4339888036,0.0335059639951
61126,4,48.5299458495,0.395044867838
61133,9,48.6253139706,0.348458079844
61138,1,48.7626241213,0.267120484409
61143,73,48.4509364175,0.0721150858454
61145,82,48.5824684934,-0.61398156582
61150,4,48.7322506455,0.395097737587
61153,32,48.715236562,-0.11079364791
61156,4,48.5404326393,0.242237703533
61163,34,48.6515598236,-0.508551110895
61164,3,48.5753978113,0.0709025033541
61165,1,48.4160824644,-0.0368422233193
61167,13,48.8362459554,0.508544741133
61168,300,48.581835018,-0.366879794994
61169,864,48.7399319125,-0.562509564641
61181,27,48.790215977,0.308446478408
61189,2,48.7650250908,-0.208008269332
61203,3,48.3967092098,0.0351889089974
61207,1,48.3129531169,0.516923568848
61211,4,48.5575380101,-0.496792071108
61213,1,48.4693160672,-0.127634893953
61214,339,48.7561549553,0.611126420423
61217,1,48.7010795205,-0.249914242658
61218,2,48.7535484464,-0.598148128234
61224,2,48.4933130424,0.166961596924
61230,29,48.5293923919,0.757893185933
61232,10,48.6502297145,-0.704744112776
61234,1,48.4532606248,0.0362818528268
61243,6,48.570570213,-0.323140546642
61248,4,48.5113113918,-0.813623687288
61255,3,48.4380123635,0.608254382675
61258,37,48.5109025611,0.35265245515
61275,11,48.7007870105,0.280266472699
61278,17,48.7140643026,-0.539204262797
61281,1,48.8332257317,-0.674553210815
61287,1,48.8146701791,-0.5709234596
61293,273,48.5204467811,0.561388622887
61294,5,48.6384870468,0.0801583053247
61297,20,48.6502807278,0.47464312921
61298,1,48.7533220868,-0.0653769966336
61303,3,48.8284800153,-0.117856246285
61304,1,48.5043524254,0.219675874132
61309,7,48.3808259058,0.686799351677
61314,6,48.7813226676,-0.0658264012764
61321,1,48.4457253693,-0.00548884652011
61324,21,48.5142650643,-0.759546926567
61326,6,48.5760698377,-0.548505109021
61327,1,48.4439121887,0.411023261659
61329,6,48.4445657379,0.544883378197
61339,29,48.766449668,-0.252215702706
61341,6,48.5089267357,0.0863965878338
61342,7,48.7559861003,0.562809659715
61344,10,48.6436675698,-0.217658803697
61345,25,48.4498027895,0.77912800072
61346,1,48.9194110342,0.0988609548607
61349,2,48.788213656,-0.13879185478
61362,10,48.6883800574,-0.521932078822
61369,2,48.6448585107,-0.622820262542
61375,1,48.656618574,0.00188165114275
61376,5,48.6891169765,-0.626025775908
61382,12,48.4579481796,-0.0372277848804
61389,12,48.7078395565,0.444533266372
61391,41,48.7672046691,-0.568075544032
61394,5,48.2717389911,0.591626706972
61397,72,48.4177117997,0.0580112631913
61404,4,48.5551273159,0.540291950034
61412,1,48.4899708762,0.37342953932
61414,12,48.5098568869,0.531729896693
61422,3,48.6753438359,0.610110315479
61426,1,48.3722492499,0.54715865547
61438,1,48.5987945928,0.492195334785
61445,4,48.8117202926,-0.649709169308
61446,1,48.7431643088,0.466256113036
61447,3,48.8338445612,-0.541002383662
61451,1,48.7827074381,-0.75146556661
61456,16,48.776305281,0.671403390128
61460,22,48.8881688087,0.338970200397
61462,5,48.7158736886,-0.0346146728609
61463,6,48.6127467342,-0.435491688539
61464,131,48.6048296774,0.169026415284
61472,1,48.7731316921,-0.0198186687078
61474,3,48.7516893837,0.0651597392441
61475,4,48.6272197858,0.549235029616
61483,211,48.5556585202,-0.419510749596
61484,20,48.2676940084,0.650909010002
61486,44,48.7558885792,-0.736451200504
61491,22,48.5889926319,0.659944291667
61494,18,48.8509334132,0.0461785983021
61497,17,48.4648637397,0.110562026701
61507,1,48.5392056522,0.593084909404
61508,63,48.9244621074,0.200660290146
62001,25,50.3965609084,2.69725163344
62004,76,50.272283128,2.75614634271
62005,8,50.1324695483,2.77909963917
62007,6,50.3494049466,2.65503527981
62008,3,50.7293873198,2.07688748986
62009,3,50.1937061733,2.70612950432
62011,7,50.3102322126,2.65021288373
62013,24,50.2529566088,2.76055250016
62014,162,50.6441641115,2.39533267946
62018,1,50.4802572282,1.86105299794
62019,62,50.4212424085,2.71263968704
62020,1,50.7805751248,1.87194877839
62023,30,50.5322320704,2.50493799409
62024,5,50.7335685811,1.99279258078
62025,25,50.8115899636,1.62108848626
62028,1,50.5355497519,2.41535244184
62029,4,50.5270054766,2.39396099687
62030,1,50.1381261668,2.39740510092
62031,10,50.8658312835,1.91824266934
62032,28,50.4095857133,2.75123923187
62033,29,50.4616640055,2.88243603583
62034,18,50.5032887953,2.71958159288
62035,45,50.5396043649,2.61906640484
62036,12,50.4503901319,2.25792059446
62037,33,50.3178758623,2.74105063372
62038,132,50.8768753502,1.98398234284
62039,19,50.3643664042,2.86961289041
62040,119,50.7402216255,2.31902794783
62041,2645,50.2898964997,2.76587316711
62042,4,50.3071331522,2.84195049899
62043,9,50.8995873254,1.93699545869
62044,25,50.4917667023,1.75510223982
62045,51,50.3482767559,2.58650720649
62048,117,50.5103339678,2.4687078329
62050,22,50.4085719795,2.09530419017
62051,62,50.505827034,2.78113489948
62052,1,50.8589004255,1.69083658829
62053,3,50.5786952858,2.12673374535
62054,1,50.8517582874,1.60848720292
62056,4,50.8288589082,1.611270565
62057,95,50.8846450982,2.08156931946
62059,1,50.8422869707,1.98640127698
62060,46,50.2310426213,2.11720873928
62063,24,50.271678948,2.52858702519
62065,132,50.4039007645,2.82658779245
62073,33,50.3357112804,2.84376737542
62075,23,50.7014421299,1.71289310882
62078,4,50.8613731955,1.94035198603
62080,152,50.1013647974,2.85501640622
62081,39,50.2138070796,3.05693800103
62083,48,50.4565423999,2.61390140726
62084,2,50.2482462373,2.53846548292
62087,7,50.8060919083,2.11581614167
62088,1,50.7048864835,2.07577387326
62089,1,50.831272878,1.65838919631
62092,2,50.2755246835,2.48584476187
62097,18,50.2455653714,2.65887337603
62099,47,50.2580784965,2.78988564135
62100,36,50.4202171445,1.90313818619
62104,1,50.7326742454,1.77771584162
62105,7,50.7473911914,1.76615616876
62107,8,50.4760416223,2.82697647324
62108,1110,50.4141574341,1.58229663833
62111,1,50.2733690161,2.42347894966
62112,6,50.1998422446,2.63005349312
62117,10,50.0875076095,2.98123833644
62119,1372,50.5288922584,2.64242379342
62120,2,50.4421075569,2.50784218991
62125,1,50.7987535793,1.67420667033
62126,375,50.5328399462,2.69176985674
62128,42,50.3149700801,2.94146922674
62130,14,50.1663319359,2.60896396672
62132,29,50.5196248764,2.86674896884
62133,66,50.4151791054,2.90828984537
62138,13,50.423805898,2.17392910662
62139,108,50.7159944346,2.27536301448
62141,2,50.6164683999,2.33114392012
62144,2,50.2137016789,2.82007955522
62146,7,50.1926802634,2.75913608882
62147,4,50.2004598383,2.74639343282
62148,431,50.3775317977,2.91332273733
62150,1,50.4084556449,1.78127372492
62151,1,50.212571363,2.77755045242
62155,1,50.7756349885,2.0218630949
62156,2,50.8931678254,1.77107438801
62158,1,50.2910196847,2.236634893
62160,1517,50.7271332663,1.60756334802
62164,8,50.180525748,3.12077414192
62167,1,50.7705251422,1.82549104115
62169,5,50.7353867231,2.03289516346
62170,36,50.4230685525,2.67309987765
62173,46,50.3380926792,3.0195549694
62174,2,50.8476447565,1.955614931
62177,5,50.4355050534,1.83617898169
62178,447,50.4903167839,2.55205338028
62181,22,50.1459428141,2.69722641414
62184,2,50.2010903848,3.02979862167
62186,194,50.4451131556,2.71911165536
62188,36,50.5320822618,2.46231135416
62190,19,50.588902264,2.51386787052
62191,13,50.843543317,1.81075267365
62193,1725,50.9502072754,1.87575566132
62194,39,50.4898416084,2.48534476198
62195,7,50.6135521823,2.60895962502
62197,29,50.4770255596,2.45056284457
62198,1,50.3796063239,2.61054254507
62199,4,50.3732152487,2.63610604156
62200,11,50.5116047377,2.73659179875
62201,152,50.5641187027,1.61276179612
62204,93,50.401191114,1.86634630857
62205,8,50.7136140049,2.33349766884
62206,1,50.4317716288,1.70627964186
62207,24,50.4406093208,1.73639595025
62211,1,50.3456037658,2.61751195169
62213,1,50.3786422794,2.7000271609
62214,3,50.6548213012,1.71112187076
62215,286,50.4895185959,2.94858062937
62217,10,50.5047864537,2.44974030755
62224,17,50.5404138209,2.56222999188
62225,3,50.7691557578,2.34273928671
62228,1,50.7939031118,1.98394387825
62230,6,50.7498495112,1.82728211556
62232,1,50.4259527407,2.49981751816
62233,5,50.3675406641,1.6749678298
62235,50,50.6499272537,1.63946214432
62236,4,50.4166808226,1.96163690095
62237,5,50.7441321021,1.72974942382
62239,453,50.929612545,1.81411630613
62240,16,50.3351261232,3.0477618854
62244,50,50.916752799,1.88656499297
62249,50,50.4147715319,3.01497181219
62250,137,50.4532038748,2.94633053767
62252,26,50.5786372651,2.69951640297
62254,2,50.6006814818,2.18485516321
62256,1,50.4725099777,2.20322348829
62259,41,50.1978734873,2.88112932349
62261,193,50.4861371651,1.6129406035
62262,31,50.5192106267,2.74651659216
62263,100,50.2771637475,2.71345127608
62264,5,50.5927758846,1.60549165729
62267,1,50.5841623425,2.15571582187
62268,128,50.6749344627,1.82879354348
62270,317,50.4697599295,2.50465277071
62271,11,50.6269973774,2.16928920194
62273,1,50.6239084374,1.83106911247
62274,32,50.4393889238,2.98726838092
62276,36,50.5121447638,2.8263130337
62277,27,50.3900419812,2.93220470295
62278,1,50.4892270417,2.63277217205
62279,57,50.3016242398,2.69606455285
62281,2,50.7013312992,1.65483173967
62284,23,50.2606003824,3.06198342767
62285,12,50.1738217586,2.90196588934
62286,1,50.5601376893,2.44103713077
62288,22,50.6751011115,2.28909761313
62289,12,50.4375878146,1.76808279831
62291,43,50.4182625415,2.81150914933
62292,1,50.6860806657,2.11534643648
62295,7,50.5860830884,2.29343023005
62296,2,50.57162689,1.84772501897
62297,47,50.8183914819,2.16069366951
62300,12,50.6793131074,1.57627344046
62309,21,50.7009057679,2.17889940044
62310,7,50.5483122969,2.66191048635
62311,12,50.4792333773,2.9072255969
62313,17,50.5930088193,2.32026164871
62314,1,50.3991885256,2.61140942771
62318,206,50.5235816785,1.65199985504
62321,14,50.4353563235,3.03002444738
62323,4,50.2998803664,2.87181354867
62324,4,50.3602196651,2.82681103336
62325,30,50.5933148828,2.09984616722
62329,14,50.8288565205,1.7680736791
62330,7,50.5446581516,2.7365385521
62331,8,50.2847198713,2.84925984061
62332,2,50.2258571465,2.74623560668
62335,6,50.3171424803,2.16170089705
62336,2,50.5587478522,2.28119677571
62338,45,50.6384888387,2.83066487498
62341,1,50.1456346313,2.62269335519
62349,8,50.5207754925,2.59890688489
62350,35,50.5124125189,2.61269523201
62351,172,50.4292454614,2.90611987264
62354,7,50.5617772282,1.68949161438
62355,29,50.3362535574,2.92878850685
62356,2,50.4248203734,2.60417768475
62359,2,50.4488605209,2.05259326434
62360,17,50.9121649744,1.81683480747
62361,40,50.270911587,2.29293491451
62364,64,50.5130111281,2.1230697319
62366,1,50.408974638,2.57827135438
62367,61,50.3896471445,2.31551845708
62369,2,50.3261836927,2.88569261923
62371,11,50.3925166262,2.77782748947
62373,1,50.5319568907,2.7603145898
62376,19,50.5645138274,2.56749470477
62377,1,50.5088591145,2.58721404812
62380,4,50.4026129183,2.65579808326
62381,1,50.3226610933,2.41085838264
62383,3,50.3145124236,3.05826904717
62386,66,50.4496814864,2.74513302656
62388,2,50.3823543208,2.06358217112
62390,34,50.3852621579,1.60399303027
62391,6,50.6071737755,2.48934824993
62393,3,50.9177532951,1.99730294047
62397,91,50.8582256362,1.87057931185
62399,5,50.3112006109,2.60710466393
62400,16,50.4758957511,2.57933383024
62401,37,50.500965786,2.79702254759
62403,10,50.7007255503,2.20827364581
62405,1,50.2910559245,2.95821572161
62407,4,50.5916560768,2.4526238091
62408,2,50.8843797191,1.8485231785
62409,1,50.1615495622,2.64192588392
62412,35,50.7968528137,1.82812334781
62413,105,50.4516887565,2.90335898213
62415,4,50.3298562005,2.63592929368
62418,1,50.2717222163,2.56838764568
62422,2,50.1180452685,2.64625006269
62423,542,50.6917027903,2.25015585426
62427,914,50.4092335517,2.95899735168
62436,5,50.3533382181,2.33277640011
62440,22,50.1094195341,3.03670684063
62443,47,50.4455468429,2.64235771503
62444,1,50.8844468643,1.7189212303
62445,6,50.4965750907,2.5966608131
62447,161,50.3737561031,2.03813237444
62448,13,50.6687608865,1.68795327602
62451,3,50.4808803919,2.27062622618
62452,5,50.6957474078,2.29391988057
62454,24,50.5707161285,2.62942563762
62457,62,50.4548178375,2.53664303679
62463,36,50.5684694236,1.91564949795
62464,16,50.4843039018,2.81123592957
62469,1,50.1745599898,3.03944320203
62473,78,50.6163010723,2.45566347831
62474,11,50.6822962991,1.65634356393
62475,1,50.2380889989,2.38095249535
62476,2,50.362470832,2.94589813108
62477,4,50.3147014081,2.53156899896
62479,2,50.5215621853,2.57161381831
62480,24,50.4933712663,2.68345429185
62485,1,50.5378767018,2.25617757034
62487,4,50.8498865079,1.77882908623
62488,2,50.816140117,1.96682595063
62489,24,50.5191431274,2.53207580559
62490,3,50.2971861104,2.57210181191
62491,55,50.6122806488,2.78361228614
62492,1,50.4592668371,1.97830860496
62497,89,50.4394110642,3.05859008926
62498,1898,50.4374264148,2.82105851259
62499,3,50.3851141972,1.72825357976
62502,54,50.6119032822,2.6781346301
62503,1,50.853723675,1.73268337788
62504,8,50.7346790388,2.16911709043
62505,2,50.8371171137,1.71313037263
62506,23,50.7962798733,1.9348768777
62510,731,50.4242782538,2.77291885384
62512,9,50.563205487,2.33673596363
62516,142,50.5614379612,2.48197499021
62517,1,50.5897222044,2.37264094171
62519,4,50.5109473164,2.22306817225
62520,19,50.570143515,2.66701720965
62523,51,50.4435308346,2.85832933206
62525,158,50.7356717764,2.24445927669
62528,43,50.4567931082,2.78572759998
62529,3,50.5665642235,2.79775803436
62531,1,50.8268079904,1.99961507698
62532,2,50.516650369,2.49540704274
62534,55,50.705094418,2.11706482499
62536,7,50.4032927894,2.48186461999
62540,14,50.4477765466,2.57828775042
62543,15,50.6294533649,2.30938013681
62548,86,50.9539156079,1.94945765215
62549,34,50.3661822096,2.03231054119
62550,7,50.369452969,2.00711158449
62552,7,50.3999401675,1.93489288336
62555,34,50.5020046484,2.50636353506
62557,25,50.3306055435,2.71035583524
62559,18,50.2041974457,3.09602784111
62560,112,50.8125786719,1.70113966333
62563,49,50.4684201259,2.72581419392
62564,3,50.6049243005,2.41314605386
62567,1,50.7729975278,2.09168559465
62568,5,50.2345646876,2.78842840897
62570,89,50.3992003873,2.86819314424
62571,34,50.4528272137,1.60785781096
62572,2,50.0624565501,3.06272750972
62573,30,50.4942234674,2.89430512766
62579,2,50.1799080557,2.65841335513
62580,1,50.3984333716,2.43602889753
62581,1,50.4344363807,2.28088263768
62582,5,50.2680152947,2.89515601798
62583,4,50.1742014399,2.46725438343
62584,10,50.5892672563,2.59806310499
62587,84,50.4280892859,2.93038201383
62588,99,50.4655272073,1.77098646216
62589,4,50.3502329575,2.69040970286
62595,11,50.7883148321,2.1706543981
62598,1,50.8391311985,2.11817509259
62600,1,50.5178234445,2.36307041105
62601,6,50.5271339963,2.35474825526
62602,1,50.3613146343,1.7392353846
62604,66,50.6171328385,1.61729338887
62606,1,50.585092327,2.77952080173
62609,9,50.3583439881,2.75467888748
62610,16,50.4788857008,1.79521288108
62611,8,50.2476254863,2.81958872203
62612,1,50.3531492484,2.91444913531
62613,11,50.675332061,2.03042491518
62617,142,50.4751015881,2.66285501357
62618,6,50.8139376345,2.08471496754
62620,35,50.5874971634,2.40937405829
62621,2,50.8781972257,2.03311083061
62622,1,50.7959979295,2.08880938982
62623,6,50.9318131132,2.0456999898
62624,82,50.4179672705,2.99358335607
62626,24,50.4912262518,2.72838985487
62628,55,50.4286822706,2.87559653416
62630,1,50.2915190134,2.54478161296
62636,2,50.7862971343,1.69796833059
62637,277,50.4644483399,2.99306842451
62638,19,50.2504114011,3.12224592091
62639,5,50.3471676036,2.88887974402
62643,144,50.6980158519,1.59211375998
62645,50,50.9812329903,2.03930688594
62647,1,50.382239682,2.08547177983
62648,4,50.5942219579,1.80057178458
62649,18,50.1524799226,2.4911616268
62650,2,50.2872121477,2.91797931604
62651,2,50.3304741478,2.487971772
62652,34,50.4869916511,2.402530406
62654,24,50.9137738583,1.75951398538
62656,2,50.6761891157,2.21194474254
62658,1,50.7620533619,1.68493219669
62660,1,50.3059557939,2.91794786158
62662,2,50.8615356416,2.10891305299
62666,15,50.4760049841,2.88811858203
62667,98,50.7126100716,1.57611235445
62672,1,50.1064415329,2.68870005517
62673,6,50.1765937301,2.98518027531
62680,14,50.3662007463,2.98347505624
62681,1,50.6805074273,2.32892065938
62684,25,50.6951552372,2.36039554568
62688,591,50.4199152362,1.63418600654
62692,1,50.7533359346,1.95267179122
62693,6,50.4315349497,2.54883254933
62695,1,50.2575030027,2.3638974015
62698,2,50.5183914542,1.77865917585
62701,4,50.5758856261,2.36150772557
62702,8,50.6699885591,2.17457011207
62705,3,50.7933479687,1.78478453099
62706,32,50.5790087378,2.74726959895
62708,6,50.0885322704,2.8804356925
62711,33,50.8071658491,1.74101623086
62712,6,50.232029156,2.68653803853
62713,8,50.594171583,2.55063682467
62715,2,50.0557736792,2.92417535709
62718,9,50.3016559501,2.89915245765
62721,21,50.6660698696,2.33842480492
62723,1,50.3713244129,1.77455343487
62724,120,50.3992080459,2.90489431252
62727,7,50.4661492425,2.59073135345
62730,3,50.8561596741,2.16768057488
62734,7,50.2875880806,2.99003702164
62735,20,50.501663993,2.70273580801
62736,46,50.6532332701,2.79249849805
62737,42,50.4509698572,2.68385518781
62740,1,50.4791687953,2.34885594845
62742,1,50.4542149045,1.66870486737
62743,7,50.3579438229,2.04425580197
62744,101,50.3146043394,2.7623576742
62746,33,50.6654810277,1.6018617047
62747,3,50.6245104816,2.57921156269
62748,15,50.9379112392,2.12543329678
62749,1,50.351642191,2.07280932615
62750,3,50.5673889188,2.39680232031
62751,9,50.8715347562,1.74383112864
62752,2,50.4816510992,1.66447526938
62753,149,50.3076122259,2.81123049591
62754,1,50.1836392129,2.8515731694
62755,41,50.6957085427,1.62300066383
62756,1,50.8925108938,2.15129692928
62757,68,50.7568801196,2.2297072767
62758,494,50.7235416991,1.64793693921
62760,9,50.6112309641,2.10476829244
62763,15,50.375190709,2.36052687199
62764,49,50.3086770117,2.78508314188
62765,383,50.7679781717,2.26334881482
62767,244,50.3883542632,2.35010590037
62769,2,50.8926601154,1.82664044658
62770,327,50.6225931834,2.52541265716
62771,77,50.4204336349,2.85999934529
62772,1,50.768362521,2.21963774504
62773,69,50.6338926429,1.75485002535
62774,103,50.9410415453,1.76958356617
62780,2,50.2357972637,3.09028659809
62784,5,50.2118204122,2.52470460058
62785,4,50.3544160083,2.55845813427
62792,2,50.7907495973,2.20166097242
62793,24,50.4073388544,2.63620262652
62794,9,50.7145017028,2.15645765074
62797,1,50.3707474842,2.26790984038
62799,5,50.4564208466,1.71453079549
62800,2,50.1493830163,2.57000343449
62801,28,50.388730428,2.74349744668
62803,2,50.7434489941,1.92294829855
62810,14,50.350962843,2.79959112856
62811,31,50.6288197176,2.25105673076
62812,1,50.6239861501,2.04691534962
62817,10,50.2772825816,2.82150381922
62819,3,50.7728122391,2.20152463188
62820,26,50.3598646909,2.49403198382
62825,2,50.2909229989,3.03256081417
62826,140,50.5083984501,1.59923820583
62827,13,50.7916214471,2.04769169432
62832,1,50.5216866473,1.69918169379
62835,1,50.4342829706,2.38336806426
62836,5,50.4996012728,2.61877656623
62839,17,50.1439845718,2.90458316152
62841,21,50.5464095644,2.60682652334
62842,191,50.4703783932,2.85384547397
62844,1,50.5548367541,2.04003605108
62846,34,50.4869056542,2.75733602392
62847,37,50.5030883097,2.66214119709
62848,20,50.5014162013,2.64245100087
62849,26,50.4023869418,1.65093274373
62850,1,50.3632756728,2.1130630782
62852,9,50.9332624726,2.07653957537
62854,8,50.3774575605,2.66415892943
62861,46,50.3776460123,2.81116855896
62863,43,50.5377604504,2.77970850314
62864,15,50.245875467,2.93609831247
62865,89,50.3256177847,2.98092673342
62866,1,50.3822929262,1.65041372546
62869,6,50.249116803,2.72419041642
62870,9,50.4082282743,1.73011785449
62871,3,50.4340661657,2.0238876189
62874,15,50.2723730799,2.61412474296
62875,12,50.7053320588,2.34558119432
62877,1,50.1841807304,2.50628872795
62878,1,50.2793115608,2.66486908357
62890,3,50.3594087947,2.16281250365
62892,3,50.3625979947,2.84933464088
62893,78,50.7792497892,1.6134323131
62894,48,50.7649885294,1.64203664126
62895,92,50.4951923669,2.85777326738
62896,1,50.685266842,1.76740602045
62897,1,50.6613559583,2.07972084711
62899,12,50.8883355248,1.68248567418
62900,4,50.6139812013,2.36320125058
62902,32,50.7153325042,2.22913159655
62905,2,50.7526605163,2.16024730203
62906,1,50.8528869572,2.05960239074
62907,90,50.482031915,2.99971382524
62908,25,50.7313010692,1.71597979438
63001,66,46.014833908,3.2012859723
63003,241,45.5557839461,3.75625356567
63004,22,45.9331353459,2.80539332166
63009,12,45.3984149619,3.11786009543
63010,31,45.4207986655,3.72311154214
63014,191,45.7510558385,3.126134119
63016,12,45.7367380515,3.63089700637
63019,32,45.7931829001,3.17108169057
63021,1,45.6385828582,3.19313623822
63022,21,45.4508101492,3.32589518501
63025,6,46.0615532638,2.88700603569
63026,20,45.6667878523,2.98447780455
63028,3,45.4980479842,2.63866750043
63032,604,45.7498745868,3.08667875235
63034,22,45.8137742226,3.29884607281
63035,1,45.9656649406,3.11312148208
63038,33,45.4967792648,2.90703862997
63040,158,45.7251184657,3.32304115809
63041,2,45.9926597245,2.69344623164
63042,38,45.8274618701,3.07331572461
63047,43,45.5796236201,2.7501805247
63048,25,45.6572710215,2.56278019812
63049,1,45.7801556099,3.31866753421
63050,58,45.4199156591,3.32061008295
63052,2,45.4671208876,3.26675909597
63053,1,45.7007518204,2.65439923771
63054,7,45.5037915614,3.25150034962
63055,14,45.8322474216,2.81021693697
63057,1,45.7117515141,3.74237133965
63063,318,45.8318909179,3.10802814876
63066,13,45.8720497687,3.65199036079
63069,95,45.7178589681,3.19396372923
63070,123,45.7385665795,3.06427177861
63072,12,45.8711155066,3.69927199533
63075,529,45.7747966551,3.0612681838
63077,2,45.5602562882,2.86880475585
63080,39,45.5840997399,3.12859021721
63083,35,45.825281343,3.00698253027
63084,15,45.6953181074,3.08324914721
63085,5,45.8923408221,2.85542542398
63089,3,45.8653394386,3.22674645901
63091,5,45.4181480729,3.28199342923
63092,2,45.8981076915,2.98002956187
63093,5,45.9916492196,3.00764883452
63094,6,45.9834200472,2.64390606976
63099,23,45.8537260918,3.09327050267
63102,11,45.9733956022,3.55296275066
63103,90,45.9206993185,3.0632143777
63106,11,45.7437351677,3.27755208061
63108,8,45.9573037327,3.18187928237
63109,3,45.5594914487,3.15044914308
63112,1,45.916303528,3.19013272843
63113,7294,45.7856492991,3.11554542903
63116,48,45.9858171361,3.08063423598
63121,16,45.6105151994,3.20143305932
63124,419,45.7429670015,3.18687581638
63125,66,45.7580183795,3.54121734983
63129,1,45.466906332,2.60796346653
63130,1,46.1718472306,2.75158999506
63131,13,45.8605302277,3.34367377982
63132,41,45.6303425286,3.56287931079
63135,1,45.9471124393,3.11541506144
63141,213,45.7965429295,3.05159715299
63142,1,45.5469529567,3.53131238334
63143,9,46.0444270814,3.26882771667
63144,8,45.4211832681,2.82270295289
63146,12,45.7163424749,3.38987095565
63148,57,45.895678159,3.21640094817
63150,109,45.8971595331,3.05295746173
63151,1,45.8157734773,3.5542890895
63157,1,45.6792802707,3.40952344824
63163,5,45.7617631556,2.77069441162
63164,78,45.8279149927,3.15493420222
63165,38,45.7993582147,2.47685317783
63168,2,45.7509787495,3.38638176937
63175,1,45.7634315003,2.56960581546
63177,2,45.653140809,3.38111745386
63178,650,45.5455577894,3.24499324643
63179,5,45.6284431431,3.7630429463
63180,16,45.8682468414,3.30362665352
63181,4,46.0248498581,3.09894573011
63182,2,45.43440961,3.34825518447
63185,1,45.4745838897,3.32883718084
63188,2,45.6712957114,3.26837509243
63189,7,45.6509383388,2.74601941375
63192,16,45.544240217,2.70757823914
63193,129,45.7724761738,3.19295725075
63194,1,45.8291540814,3.32957794666
63195,159,45.8287562383,3.38628504923
63198,14,45.9367572324,3.00677386083
63199,2,45.6156818862,3.09887261026
63201,6,45.9588040696,3.38536946431
63203,15,45.8602209203,3.06104915998
63206,26,45.944894562,2.94042540915
63210,50,45.9209843347,3.33844645964
63211,10,45.4804409768,3.72202018487
63212,7,45.872900243,3.08321989305
63213,6,45.8298275148,3.26055281188
63214,43,45.6864206017,3.19978584082
63215,1,45.9367934098,3.21935374869
63219,1,45.7848850923,2.87412730178
63223,8,46.1110382839,2.89522075999
63224,42,45.8614463644,3.13296365852
63225,9,45.6122699559,2.533971784
63226,18,45.7490361428,3.24075330378
63227,27,45.6909304728,3.22523866728
63228,1,45.9076476666,2.71763320469
63229,8,45.7783462842,3.35256262892
63230,1,45.5577541247,3.65211264367
63231,21,45.8732657663,3.6116173358
63233,7,46.1800902439,2.80149714867
63234,2,45.5863850519,3.07925191624
63236,81,45.5760999131,2.80995918175
63237,8,45.9390596742,2.58561989591
63239,1,45.6915806177,3.35819148283
63242,1,45.4048477206,3.25943853538
63244,24,45.9678093732,3.15096276782
63245,57,45.8922783904,3.08484211748
63246,1,45.6038610372,2.75900504923
63247,17,45.5865050744,2.92277959567
63248,20,45.7185110259,2.91891004508
63254,19,45.8109222583,3.05794637762
63255,6,45.4846982805,3.28374300124
63257,16,45.745518501,2.87011507295
63258,17,45.6904370225,3.63491981442
63261,2,45.5711903486,3.26877850823
63262,14,45.7054352684,3.1740367528
63263,28,45.7867473066,2.99703586023
63265,14,45.8596417494,3.43869853549
63267,1,45.908225301,3.64219943697
63269,3,45.6233589577,3.22638862151
63271,3,45.9233858396,3.5081870466
63272,103,45.7334187796,3.14276506265
63273,22,45.7272486864,3.23450898188
63275,10,45.5452957796,3.19913132431
63276,28,45.8269406268,3.4811849091
63278,1,45.9230389016,3.15822094053
63279,1,45.4694847916,2.79202815154
63281,104,46.1199954597,2.68534957248
63282,14,45.6197285651,3.14814026549
63283,40,45.8601283416,2.68239147553
63284,164,45.7984084969,3.23957738391
63285,93,45.8268408954,2.85360398183
63289,1,45.7591745171,2.68428069953
63291,44,45.9610998338,3.49732173113
63295,33,46.0116125087,3.36364426205
63300,595,45.8942667778,3.13246469719
63302,73,45.7137644349,3.13804954458
63305,47,45.6822657676,2.80889976555
63306,1,45.7136067003,3.22320975881
63307,213,45.7210583634,3.08824671856
63308,75,45.7578437859,3.04076552996
63309,3,45.4486696779,3.92581266951
63314,3,45.5783076578,3.60730566057
63315,77,45.6673371467,3.10961194917
63317,6,45.9579209834,3.30759631356
63318,4,46.0018691299,2.93956309171
63319,11,45.5557096264,3.89624958452
63321,5,45.6026972387,3.30047875727
63322,42,45.8545444146,3.184257017
63326,1,45.7078488032,2.86424850869
63327,43,45.9285193382,3.11628669554
63330,2,45.5459770641,3.14419958349
63331,3,45.5006965349,3.93607974506
63334,7,45.6701289344,3.48253379649
63335,1,45.5401220112,3.00891497802
63338,46,46.1638179584,2.84278214683
63345,63,45.722927873,2.99890145376
63349,17,45.9425789981,2.86525806155
63352,45,45.4533133864,3.24296692377
63353,16,45.4628350355,3.54468862687
63354,36,46.0189715375,2.83089717473
63356,3,45.4012733362,3.21294721972
63362,1,45.9198911724,3.273318515
63364,5,45.8149832501,3.44648739262
63365,9,45.6417405578,3.43719352048
63368,6,45.6901407838,3.31080229183
63371,1,45.4584826405,3.80945921845
63375,2,45.4950315603,3.311046762
63376,1,45.4170695019,3.44908379911
63378,2,45.6705565807,3.23800296875
63379,3,45.9871537427,3.12955448011
63380,8,45.5919139674,2.99779544156
63381,17,45.8391495604,2.91545146686
63382,6,46.0543225356,3.00502990654
63388,8,45.9720196173,2.74903294202
63390,3,46.0925408247,3.06946747154
63393,25,45.8957828526,3.58458656193
63395,9,45.6383512241,3.1083290687
63397,9,45.6115653546,2.69301587098
63400,2,46.0489526337,3.39583970589
63407,1,45.6309455318,2.89220399205
63412,1,45.3925967575,3.86535045633
63415,70,45.562939202,3.37211320059
63417,19,45.8388005016,3.03448182973
63418,2,45.7640786806,3.48570267684
63419,1,46.1383512026,2.93216785544
63420,1,45.8064341619,3.33651456543
63421,1,45.5600798415,2.55206331215
63425,15,45.661669969,3.13374681277
63426,12,45.5635422743,2.62732246631
63430,468,45.8620554106,3.53945258847
63432,3,45.9738532514,3.26184697421
63434,1,45.6740219658,3.57621725614
63435,2,45.52076364,3.11820097979
63439,1,45.5273145167,3.3428220129
63443,1,45.9398936436,3.18639040806
63446,2,46.0542113877,3.166015215
63448,14,45.4784207253,3.45441467275
63453,69,45.7750797019,3.2843067169
63454,9,45.6538886313,3.73749020485
63455,50,45.6731732382,3.16405079473
63457,93,45.6440673683,3.24047430326
63459,2,46.0188653048,3.3291939424
63463,1,45.8286818103,3.68998040023
63465,9,45.4323678185,3.88146996654
63468,1,45.7827859194,3.68768043722
63469,1,45.7843683155,3.61088138658
63470,59,45.8681922975,3.01900139762
63471,3,46.1408722674,2.8044100996
63473,3,45.9344003582,3.09229073701
64006,5,42.9398080836,-0.579066514702
64007,4,43.1539224601,-0.62932795894
64009,21,43.4042762685,-1.57067985884
64010,27,43.3536564293,-1.01649248098
64014,3,43.2973870708,-1.48514354363
64016,1,43.0920329311,-1.43472285971
64018,4,43.3445045858,-1.04369537456
64021,2,43.3003317348,-0.223135510504
64023,6,43.2387006623,-0.247297469008
64024,1035,43.4917846595,-1.51623373371
64029,15,43.1318295065,-0.724473601106
64032,1,43.3506639149,-0.830144585337
64035,32,43.4221190537,-1.54906516427
64037,2,43.3244225813,-0.506270542842
64038,45,43.4260778242,-1.51681726621
64040,22,43.0398698092,-0.735693683266
64041,257,43.2780475519,-0.328128024391
64042,5,43.4617440342,-0.676305200735
64046,4,43.2995874286,-1.16163775322
64047,1,43.0855581818,-1.27601688686
64054,5,43.1823198948,-0.294968827477
64057,34,43.4663451599,-0.620076434129
64059,4,43.2722949713,-0.243925717191
64060,21,43.3137207808,-0.473057611318
64061,65,43.3977948105,-0.574159913123
64062,77,43.1003244271,-0.47407529449
64063,50,43.5410756338,-0.424773783669
64064,2,43.1179115359,-0.629962098599
64065,62,43.3396601016,-1.6307994298
64067,24,43.2575933228,-0.288463640719
64068,22,43.0932345158,-0.24942324617
64069,1,43.0305496433,-0.397677517551
64072,1,43.2716852677,-0.480982579779
64073,1,43.4356805812,-0.421465763214
64078,1,43.4534554702,-0.319474009911
64082,1,43.4655237651,-1.00925153647
64086,6,43.3787620748,-1.245267479
64087,7,43.5246551723,-0.845538853902
64091,1,43.2285177341,-0.308318533909
64092,9,43.1001307168,-1.37160784191
64093,6,43.1772515324,-0.794679831418
64094,43,43.4681224323,-1.22301840969
64099,1,43.3528261826,-0.752484725384
64100,49,43.4445312416,-1.49649880002
64101,1,43.2056641864,-0.258861524454
64102,3590,43.4922254016,-1.46607674358
64103,2,43.3464176542,-0.0975638445243
64104,36,43.0056214728,-0.588165067203
64106,1,43.3188892342,-1.00802745389
64109,35,43.1946371974,-0.190128875721
64112,1,43.4932804178,-0.867524783512
64119,1,43.2218627813,-0.22938631115
64122,1219,43.4695847227,-1.55309857519
64123,23,43.4637748051,-1.14534438631
64124,3,43.2723557234,-1.35385755497
64125,180,43.4380521764,-1.58002714725
64126,30,43.1751507938,-0.604844854778
64129,247,43.3045259937,-0.393492580041
64131,14,43.4626761667,-0.741219830743
64132,115,43.292458405,-0.337175743313
64133,12,43.2275428829,-0.25100390075
64134,3,43.3669336353,-1.26789948653
64136,2,42.8583801271,-0.587747470754
64137,1,43.2047226344,-0.212865402876
64138,50,43.2436324189,-0.272861349005
64139,1,43.2013292234,-0.35837984121
64140,155,43.52540846,-1.48001541381
64142,3,43.3916441338,-0.469336082949
64146,1,43.4388278116,-0.395430501786
64147,56,43.4564293033,-1.32475876534
64148,1,43.1253072219,-0.303486553374
64152,15,43.3463641258,-0.315857247807
64153,1,43.5133919734,-0.209328142304
64154,1,43.1692531272,-1.14700332707
64157,3,43.1407278397,-0.446234672821
64159,1,43.5242735908,-0.154852094311
64160,631,43.3617393087,-1.38541817484
64161,1,43.48131751,-1.09178751513
64167,1,43.478719085,-0.277971738226
64168,15,43.4867092033,-0.999430077721
64177,1,43.4755360423,-0.718730754517
64178,2,43.3227014971,-0.797193541473
64180,1,43.5630952267,-0.227861123127
64181,1,43.4647790726,-0.57522696758
64184,1,43.4123325253,-0.503690665578
64188,6,43.2304528106,-0.821599852605
64189,97,43.3749892489,-1.66133753626
64191,60,43.16814552,-0.209947352946
64198,13,43.3708216546,-0.500350227226
64199,2,43.5668688531,-0.171440879545
64203,3,43.4451222979,-0.377112446292
64204,3,42.9515491129,-0.358104565434
64205,1,43.4428467771,-1.00557759768
64209,3,43.1875477654,-0.553494252513
64213,44,43.3235532289,-1.45240885976
64215,1,43.3544908357,-0.914707993249
64216,8,43.2514996266,-0.155421762891
64220,3,43.2125962039,-0.60619639047
64224,2,43.1367809349,-0.583842190325
64228,1,43.3765147976,-1.03114679811
64230,112,43.2086903788,-0.410215112205
64233,55,43.5599586619,-0.272296457605
64237,48,43.2558653705,-0.36978595434
64238,32,43.2540907071,-0.0593210180343
64240,1,43.0216111241,-0.446673264564
64244,5,43.2382175116,-0.730765582736
64245,1,43.2174962375,-0.575780625501
64247,1,43.1917199949,-0.889247440623
64249,38,43.4216284725,-1.61035485945
64250,11,43.5099011843,-1.20771855354
64252,10,43.1583407209,-0.599376287501
64256,126,43.3982982364,-1.32563611071
64259,9,43.306287983,-1.24580704734
64260,607,43.3656373687,-1.76396662
64269,114,43.2983178945,-0.306106204673
64270,22,43.153240594,-0.232545768454
64271,12,43.2735914336,-1.17738320434
64273,16,43.2614719543,-1.23617834401
64274,1,43.185106673,-1.28878634847
64275,63,43.1832686174,-1.23994963712
64277,8,43.3700960955,-1.20346966918
64279,45,43.3100742796,-1.40531371043
64280,1,43.0842981048,-0.44404003206
64282,8,43.4070870725,-1.41179120283
64284,129,43.2695632007,-0.407001172739
64286,1,43.4559984058,-0.770649350183
64287,1,43.3863780665,-0.854028010814
64289,18,43.417654264,-1.23211183617
64291,2,43.4542845438,-1.03617926766
64294,1,43.3901052681,-1.06356701774
64299,1,43.2762663968,-0.50925390327
64300,19,43.4215600876,-0.612163653339
64301,10,43.382938836,-0.66718204589
64304,25,43.4844685694,-1.39601479811
64305,2,43.5208233379,-0.968131907041
64314,23,43.2252198933,-1.09885079256
64315,11,43.2974492378,-0.436584051431
64316,1,43.0098151548,-0.97252443116
64317,28,43.3695046276,-1.44321557321
64318,1,43.4734148077,-0.470945656972
64320,28,42.8923840962,-0.419704380499
64324,28,43.2135578773,-0.483373200293
64328,11,43.2320564193,-0.611443821671
64331,44,43.4517373745,-0.104621641637
64335,175,43.3404556993,-0.428066847423
64339,16,43.1218161618,-0.213848358539
64341,2,43.3089314168,-0.881172413258
64342,1,43.0554346058,-0.87881299213
64343,2,43.2780903853,-0.182787733754
64348,193,43.3212113158,-0.401734390624
64350,11,43.3122720751,-1.34791351208
64353,10,43.0727682758,-0.337194181284
64359,6,43.2979508598,-0.647527637305
64362,6,43.3492777324,-1.07290522087
64367,6,43.42655357,-0.698940013436
64368,3,43.3919071747,-1.08723243847
64371,128,43.2166409006,-0.883099093035
64373,36,43.2732972829,-0.35479385766
64374,26,43.443213137,-0.478568880464
64375,1,43.3311255336,-1.15068722067
64377,2,43.3375302797,-1.28633130956
64381,1,43.3386651984,-0.750086761557
64393,73,43.2911768338,-0.562421409058
64396,9,43.4270216184,-0.659420644515
64399,30,43.3651274671,-0.35046748696
64400,6,43.1325527294,-0.181058529507
64405,112,43.3345842802,-0.268321408256
64407,26,43.4574606767,-1.40476602538
64409,11,43.2105912463,-0.661946566242
64410,123,43.3740220656,-0.617464224458
64415,12,43.4150286053,-0.342429253025
64416,42,43.3288673351,-0.736425017112
64417,167,43.1761249342,-0.263143755533
64418,1,43.3707949043,-0.600380518459
64419,23,43.2651949251,-0.218820025106
64421,29,43.1558515448,-0.504099362447
64422,536,43.1560871189,-0.587546244432
64425,3,43.4048811444,-1.16532813582
64430,539,43.4943173399,-0.779874853399
64433,7,43.0104152948,-0.669602106566
64435,2,43.3723824956,-0.953308055466
64436,11,43.242011308,-1.27505154323
64439,16,43.2791521961,-0.267307850969
64443,8,43.3669144852,-0.586119410196
64445,4342,43.3200189773,-0.350337918181
64448,22,43.3557464475,-0.457046076502
64453,61,43.1983211463,-0.103500734217
64454,3,43.3632011271,-0.0568079986553
64461,32,43.5360452479,-0.904449154165
64462,1,43.5249836797,-0.880069037681
64463,1,43.1559802063,-0.394552598132
64466,20,43.3432256931,-0.85985108204
64467,13,43.2476646594,-0.339294477978
64468,1,43.1855341651,-0.84137929952
64469,1,43.2039364358,-0.300077200774
64472,1,43.3743065004,-0.309504991301
64473,1,43.1097407715,-0.381940819142
64477,50,43.179022936,-1.35105102148
64480,1,43.3714422062,-0.92287013321
64482,68,43.3614930531,-0.253048695967
64483,721,43.3947886873,-1.63099021573
64484,10,43.1714110881,-1.20732334378
64485,81,43.1590812269,-1.23540759617
64489,1,43.3433653939,-1.18372407608
64490,1,43.2283517771,-1.31623061822
64493,284,43.3153764046,-1.0377471932
64495,69,43.3564883514,-1.55534617636
64496,208,43.462632374,-1.44207882507
64499,191,43.4683239252,-0.917789447505
64500,1,43.4855052626,-0.839260147941
64502,9,43.527482395,-1.16790395141
64504,29,43.296231493,-1.58652920554
64508,1,43.2656744342,-0.669441853203
64510,9,43.5406415198,-0.676491082021
64511,43,43.3933131319,-0.389091623871
64513,101,43.4115819423,-0.931810105485
64517,1,43.5034837711,-0.107040592287
64518,5,43.3023058183,-0.265755496231
64519,103,43.3796823116,-0.366642676872
64522,8,43.1376731477,-0.385672446851
64523,5,43.4525350572,-0.260345256329
64524,1,43.4470512005,-0.167424687354
64526,53,43.2616113493,-0.192918125557
64527,19,43.3438919475,-1.48818031049
64528,1,43.2343253939,-1.19438205249
64530,32,43.3117294131,-0.780889188259
64533,36,43.1284037403,-0.839978372656
64535,2,43.3557575881,-0.531704585094
64536,15,43.4749565308,-0.344667086414
64537,1,43.1398804842,-0.865595669268
64538,4,43.1285879857,-1.2505576735
64540,22,43.4851399002,-1.35045650645
64544,1,43.3400983469,-0.150921233415
64545,147,43.3497136026,-1.69722838309
64546,32,43.4830789659,-1.28285405213
64547,108,43.401807303,-1.4751898518
64549,3,43.3960752682,-0.432656657054
64550,16,43.2607603254,-0.349153042882
64555,1,43.3365594073,-0.807320933148
64558,31,43.4421237778,-1.44766830875
65002,2,43.1415839472,-0.0260255659904
65004,1,43.0397405633,-0.0754111444316
65006,1,42.8993345679,0.283796847933
65007,17,43.3162323845,0.0661292310469
65010,1,43.1986038545,0.161492581105
65012,1,43.0053698793,0.591471549126
65017,3,42.784224156,0.178165691036
65019,3,43.1496570834,0.0906664946254
65025,146,43.006001672,-0.0963626224791
65029,5,42.9675038855,-0.143830716437
65031,35,42.9142857296,0.338038988881
65032,21,42.9104049352,-0.260439991296
65033,1,43.0705428308,0.0409733731908
65037,1,43.1262809012,0.246205576137
65040,1,43.0749440828,-0.0492041066704
65043,42,43.0973955816,0.072326458171
65044,2,43.2705496988,0.249527710509
65045,8,42.9857652582,-0.201428304348
65047,62,43.2497030503,0.103640168515
65048,1,43.3062200799,0.0955012093615
65051,6,43.061616187,0.523748074875
65054,1,43.0649077619,0.3352681161
65056,21,43.0227077194,-0.0922337556025
65057,11,43.208173501,-0.02380994852
65058,2,42.7786994405,0.359541705229
65059,494,42.9758668859,0.132640694318
65062,34,43.201851966,0.129955186604
65065,1,43.1500535146,-0.0958058355214
65069,28,43.0794759843,0.382949945071
65070,1,43.1330236195,-0.0546585429956
65072,20,43.2907000893,0.0755201253689
65079,1,43.1596154692,0.319511225672
65080,1,43.1528922473,0.0296198137787
65081,2,43.0967455334,0.279787256256
65083,1,43.1695672176,0.110496542104
65095,7,43.2439914702,0.344903520312
65097,1,43.1931725535,0.381397370482
65100,76,43.2654849206,0.0424725726856
65101,3,43.1982212521,0.214667029062
65104,1,43.2540490794,0.135324700722
65105,12,43.0860330702,0.257177493123
65108,3,43.2761096704,0.0907724442987
65123,33,42.9614883707,0.217031289795
65127,52,43.1070380886,0.331958446057
65129,32,43.2950835364,0.515143167541
65130,39,43.5804567818,-0.0282406541212
65133,1,43.3222665444,0.155031547361
65138,25,42.8522083035,-0.126528407421
65142,3,43.2976885835,0.239089634968
65146,1,43.298262816,0.114509982823
65147,3,43.1222598008,0.213094773599
65149,1,43.2189623801,0.251872148873
65150,3,43.1538418103,0.41213626371
65168,5,42.8807733222,-0.00717784345508
65169,1,42.8811154225,-0.205984086638
65183,20,43.2229884965,0.403470787681
65187,3,43.2227037647,0.478344428126
65189,1,43.3046479242,0.0486919047842
65195,1,42.7519110844,0.391498032881
65197,1,43.0533440987,-0.041359283067
65198,2,43.0586379729,0.177947425719
65199,1,42.7763912568,0.441090349269
65212,11,42.8574363144,0.322355278083
65218,2,42.9998996047,0.373888635101
65220,2,43.1651076047,0.0381107147768
65223,22,43.1893086126,0.0801941893697
65226,64,43.2411378996,0.000239711403462
65234,1,42.9114645299,0.407364858674
65235,59,43.199677324,0.0228064029796
65240,1,43.5257802018,0.0335259810087
65243,3,43.4493703401,0.0766668449898
65248,4,43.4563239551,-0.013870937842
65251,35,43.2090831887,0.0761770721287
65252,4,43.1638872939,-0.101045534959
65254,1,43.3322074148,0.231252614188
65257,1,43.162653619,0.00193180240761
65258,598,43.117063337,0.39353033034
65263,1,43.3134878152,0.487635169542
65264,58,43.4981293192,-0.0285264493096
65273,1,43.4145828325,0.100583360751
65282,5,42.7300216017,0.432583717897
65284,19,43.1791075195,0.0196023682592
65286,660,43.1074297344,-0.0768069387932
65287,35,43.0272522696,0.603543320181
65294,1,43.1342737779,0.326800783392
65295,67,42.8320053922,0.0163906780322
65296,4,43.5517824555,-0.057201539613
65304,51,43.4688561646,0.044250933589
65310,1,43.0996506102,0.179357214328
65313,9,43.174371736,0.0813794112594
65318,12,43.2144777606,0.347325885358
65320,23,43.1232297746,0.111048955498
65331,46,43.1944738978,0.0557112263144
65335,9,43.1071734446,0.141440645856
65338,1,43.1260618827,0.168829805939
65340,33,43.2762828841,0.117396047373
65344,25,43.1786184221,-0.0428005714329
65350,3,43.2863457184,0.0364938056024
65352,1,43.0370929502,-0.103757903937
65354,1,42.911922384,0.367540499398
65360,1,43.1090326974,-0.115779330923
65362,16,42.9622556048,-0.0749478244802
65369,15,43.2680458723,0.171366694638
65370,17,43.0809868459,0.129487370632
65372,2,43.3417978125,0.0643943971076
65375,37,43.3859669642,0.156153624575
65388,35,42.7591645461,0.28622709133
65389,40,43.0920150867,0.480853074724
65392,1,43.1649978865,0.0648650720223
65395,8,43.0842866025,-0.157552870418
65396,2,42.9753213682,-0.0917828178997
65398,1,42.9551950512,0.629639120312
65400,2,43.0304838604,-0.170939051228
65401,22,43.1867597741,0.101493602864
65405,1,43.0753620802,0.279815388021
65408,14,42.9604187161,0.411895325406
65410,4,43.2315195581,0.130295390654
65415,1,43.0601957152,-0.109294599709
65416,1,42.9964233845,0.500255289157
65417,76,43.2246169766,0.109046031378
65424,1,42.9129140504,0.0773911881732
65427,21,42.9698474653,0.614553890336
65432,1,43.5328266693,-0.0255224883768
65433,22,43.2056090738,0.0994897363458
65436,2,43.2412109122,0.1663976851
65439,3,43.3172131776,-0.00747302687854
65440,2358,43.2347859635,0.0660093937851
65444,7,43.0523720905,0.549033475405
65445,1,43.0848937897,0.309988769457
65446,2,43.3297026101,0.111155594441
65447,82,43.1857191109,0.247816207827
65451,2,43.0950124343,0.107093938563
65452,48,43.3175400046,0.365986553654
65455,5,43.0839092418,0.441803377516
65460,167,43.3910708794,0.0554734768116
65481,6,42.877602229,0.113710879628
65482,2,43.101919219,0.445956061466
66002,42,42.6407019491,2.98145485065
66003,96,42.4436859079,2.68338432052
66004,24,42.5797574108,2.05268528008
66005,8,42.5644340706,1.95068130074
66008,316,42.5352193463,3.02429862885
66009,50,42.4498186611,2.62632454224
66011,35,42.6073851516,2.88856969665
66012,31,42.705784148,2.82066588737
66014,18,42.7454275346,2.80569787207
66015,19,42.5651533767,2.86636549196
66016,83,42.4614750255,3.09989653778
66017,97,42.8127710984,3.02834125149
66019,1,42.7208095071,2.62374902434
66020,16,42.5221194704,2.06518824241
66021,74,42.7286935999,2.94228068459
66023,5,42.6445403346,2.58787927866
66024,193,42.526358117,2.83157706562
66025,25,42.4379971277,1.96090815348
66026,7,42.5745922327,2.89542921407
66028,847,42.6790392044,2.94628633406
66037,208,42.6841288047,3.01161744752
66038,81,42.6518506927,2.83475138204
66041,4,42.7867407426,2.77853627321
66046,2,42.8195033862,2.37751985492
66048,19,42.4439076617,3.14835500726
66049,274,42.4739622057,2.75268021455
66050,99,42.7641982638,2.94476145253
66053,108,42.5130107325,3.07254121467
66055,7,42.6509601236,2.66156013725
66056,13,42.659851515,2.6824784207
66057,2,42.5760974122,2.38267562909
66058,13,42.709567145,2.72548561716
66059,18,42.6232156993,2.95070116658
66060,1,42.4826022431,2.5407943882
66064,4,42.5012125582,2.01713210956
66065,176,42.6008592066,2.97119695146
66066,19,42.4961765884,1.89318419154
66067,65,42.4101855099,2.06608273686
66069,30,42.7964740198,2.82234963668
66071,35,42.7677306754,2.70754179553
66072,3,42.4747536018,2.00935678563
66082,2,42.6209968401,2.05402456557
66084,30,42.5851203665,2.77662110647
66088,122,42.6774223178,2.61639804475
66093,36,42.5116805013,2.93303085148
66094,31,42.6043043945,3.0052419925
66095,2,42.4737507924,1.87250178908
66096,29,42.7704659309,2.65156604374
66098,2,42.5372670169,2.09507395014
66101,31,42.62594544,2.78302556037
66103,4,42.6377902043,2.48426796216
66104,6,42.6155047259,2.46056294865
66106,22,42.460076792,2.8011796582
66107,15,42.8152827939,2.61292653306
66108,66,42.6989825431,2.68991104341
66109,10,42.6637917961,2.39585353258
66111,2,42.6999973124,2.56550996657
66113,9,42.4911841677,2.63242543008
66114,7,42.6154571229,2.92213721952
66115,7,42.5181506161,2.8737459407
66117,3,42.5104146008,2.1202342386
66121,24,42.6961258361,2.65843590263
66123,8,42.5010890315,2.27403031665
66124,59,42.513242501,2.02697700093
66125,2,42.5955754383,2.24262771832
66126,1,42.5336508458,2.709631236
66127,3,42.8800628012,2.85805113344
66128,1,42.5763756825,2.2219872927
66129,6,42.5843466688,2.92083398591
66130,182,42.3951873215,1.99778156297
66132,1,42.3857763378,1.97991972852
66133,37,42.5687032771,2.95809890817
66136,5214,42.6965954131,2.89936953979
66137,1,42.4661561009,2.85850748207
66138,20,42.7483532712,2.8456847121
66140,53,42.7052766962,2.76420559832
66141,89,42.7487012331,2.91497381059
66143,3,42.7742310967,2.62167277524
66144,181,42.6374827748,2.872863153
66145,20,42.632806748,2.82639975565
66146,1,42.515624655,1.79216910759
66148,90,42.5025817829,3.10455891207
66149,388,42.6145021996,2.43074849066
66150,37,42.4201535171,2.44098964514
66160,6,42.475553684,2.70559051736
66161,9,42.6128760298,2.38920846568
66164,165,42.7785910442,2.87687296538
66165,9,42.6564198443,2.55013246871
66167,36,42.459329456,2.03972104811
66168,54,42.5524573215,2.98000507261
66171,164,42.6220280294,3.01622014324
66172,536,42.7151122221,2.84611914185
66173,6,42.6762988692,2.71785569395
66174,14,42.6726973076,2.74775654622
66175,28,42.5501690702,2.92022187545
66176,34,42.806945541,2.97367162246
66177,9,42.5862325168,2.86488169804
66178,39,42.515467363,2.79428656792
66179,17,42.3968213012,2.62129986859
66180,163,42.7935650332,3.00207879592
66182,54,42.7262501426,3.017081634
66186,29,42.6621428836,2.98670142131
66187,43,42.8206748492,2.50723870282
66189,65,42.6568410057,2.94920487175
66190,53,42.8371985526,2.91593580268
66194,1,42.3823857102,2.55698391663
66195,118,42.6776853173,2.79565359118
66196,57,42.4998734367,2.98047193551
66198,16,42.7145850247,2.41454778007
66202,5,42.5032914509,1.98870542863
66204,1,42.5592864302,2.44208129657
66205,11,42.8136035868,2.72010210415
66207,7,42.6033088129,2.75967553668
66208,66,42.6401080331,2.94564275118
66210,621,42.6434195538,2.75897243961
66212,56,42.7533924686,3.00860614432
66213,182,42.6696131691,2.82406854776
66214,5,42.5556320578,2.83755303653
66217,23,42.6064392439,2.82021173802
66218,11,42.4618525308,1.941668494
66222,42,42.5385252811,2.41579513309
66224,26,42.7256098922,2.97746160668
66225,32,42.5236011382,2.89994789711
66226,14,42.5931339433,2.84776970877
66227,66,42.6399917541,2.91045028538
66228,12,42.7052906272,2.79873686308
66230,43,42.64326224,2.52272432664
67001,29,48.58046231,7.62540605297
67003,1,48.3614659809,7.33650221165
67004,1,48.6536185967,7.36691370722
67005,6,48.7944549979,7.59641028848
67008,15,48.5247239067,7.53898226259
67009,1,48.9155179716,6.97971818024
67010,25,48.3907003871,7.38488102933
67011,3,48.2079373474,7.60004702604
67016,2,48.5605883589,7.49416534055
67018,1,48.5825386976,7.40408500338
67019,12,48.2444211,7.53586844634
67020,2,48.4670562489,7.24316580425
67021,145,48.4149512356,7.39930438782
67023,13,48.7820553601,7.70964609521
67025,25,48.8543766678,8.09164601373
67027,1,48.4104343878,7.25374115024
67028,147,48.3659229092,7.60197338557
67030,2,48.5771244719,7.4507261973
67031,17,48.4473498624,7.45350882919
67033,5,48.7529512586,7.68495908894
67034,5,48.6822332576,7.63237996044
67037,2,48.8996840866,7.79109308708
67039,1,48.7100680278,7.66330058564
67040,6,48.2870316499,7.61448549663
67043,176,48.6215316062,7.75864282518
67044,1,48.8907710974,7.53068422833
67045,36,48.4855267183,7.52599035848
67046,389,48.7581317312,7.8599836461
67049,12,48.5022035714,7.60873399472
67052,24,48.4664860323,7.37505113728
67053,2,48.2261928699,7.56229858754
67055,10,48.3343650586,7.6782140788
67061,60,48.8172998086,7.46488021539
67062,1,48.316132686,7.27931381506
67063,1,48.374509707,7.28708160963
67065,15,48.578440458,7.59885897998
67066,20,48.4601655449,7.17283025504
67067,729,48.7204656106,7.71740193625
67068,1,48.8219680597,7.56228814034
67072,1,48.9713955937,7.24356966874
67073,97,48.2803314907,7.38582937668
67075,4,49.0157843115,7.85030833791
67076,12,48.39149749,7.17386084704
67077,2,48.6086737459,7.36224872367
67080,20,48.553555897,7.54050377618
67081,4,48.5882941085,7.51624848746
67082,8,48.7711698119,7.99159083509
67083,3,49.0093806397,7.64091899107
67084,20,48.3231725111,7.4269277176
67085,3,48.5647236628,7.45735566784
67087,21,48.833965856,7.66613309742
67088,1,48.9852170965,7.18127401976
67089,33,48.7608351027,7.45405808317
67090,6,48.2855918549,7.6576330222
67092,1,48.3144024513,7.32599641876
67095,90,48.9440361875,7.2036576979
67097,18,48.622536679,7.6607451279
67098,14,48.5475535578,7.42402678958
67101,46,48.5199427115,7.48035735807
67102,2,48.6410930657,7.57816691199
67103,1,48.814142481,7.37763215457
67104,4,48.9809878964,7.87807854084
67105,81,48.8678721776,7.1949547515
67106,66,48.7609264205,7.94563844601
67107,1,48.7134280666,7.54291307036
67108,11,48.5331312304,7.59599375258
67109,1,48.6849651267,7.5618284818
67110,1,48.8992737853,7.76279300097
67111,3,48.8910133304,7.20487622199
67112,36,48.5240740255,7.57056635367
67115,22,48.3024348713,7.49845782701
67116,11,48.3033027968,7.53361664193
67117,1,48.7796438355,7.32419357331
67118,99,48.5790053064,7.68216295597
67119,7,48.6852852896,7.69634796304
67120,5,48.3784061586,7.4410649341
67122,8,48.6212665024,7.30505408726
67124,28,48.5358846915,7.63324537487
67125,41,48.3513757902,7.47140926627
67126,2,48.8829392855,7.35746524699
67127,11,48.5755353252,7.53497410967
67128,13,48.5637542939,7.56903301628
67129,4,48.7888603168,7.37728426045
67130,526,48.4213687934,7.68523629922
67131,52,48.4832295386,7.72955536654
67132,11,48.8758347944,7.73863882524
67135,3,48.8151610201,7.58546708674
67136,1,48.8716690735,7.12428089902
67137,98,48.4974401666,7.68863317258
67140,5,48.8631078852,8.04746930377
67141,1,48.8959541759,7.71097392643
67149,1,48.7204949919,7.43041510079
67150,15,48.6105637831,7.55789773047
67151,56,48.6923110768,7.8840878201
67152,118,48.5143463092,7.65806561244
67154,29,48.3807788366,7.70453174528
67155,4,48.4115755061,7.47499866604
67156,10,48.7154836732,7.76052070487
67160,24,48.9590667268,7.77360094456
67163,2,48.704527352,7.57535025275
67164,2,48.4309239256,7.48344951435
67167,7,48.4812263837,7.30476049546
67168,7,48.5249899072,7.40991098161
67169,30,48.7513621625,7.82473437694
67172,7,48.5020356636,7.53113191824
67173,9,48.6334125597,7.6733957235
67174,6,48.9027833028,7.62074781132
67176,24,48.9073472641,7.68204357189
67177,3,48.9150746894,7.77903805347
67178,2,48.8780997481,7.15256188284
67180,2195,48.8417047695,7.83010404968
67181,5,48.5993989361,7.57721727962
67182,10,48.55700945,7.61194013862
67184,20,48.8939645842,8.00687514269
67185,2,48.7854804933,7.4364304189
67186,2,48.8880984199,7.73980226806
67188,4,48.5371724214,7.37789459868
67189,1,48.4220772866,7.44087809076
67191,37,49.0221359155,7.08178967712
67194,37,48.7325109113,7.91012947405
67196,46,48.2969573251,7.57311937757
67197,13,48.465896683,7.62196229958
67200,1,48.4655967531,7.68015819425
67202,81,48.7558373026,7.56312887309
67203,2,48.7757655741,7.67684396609
67204,121,48.6242068412,7.75365666565
67205,76,48.6905674036,7.78483478217
67208,3,48.6607527966,7.46742297306
67210,2,48.4006621261,7.31029962192
67212,45,48.5567634132,7.64425286816
67213,4,48.9578637227,7.93587412104
67214,4,48.6171752515,7.6034009548
67216,23,48.3537686447,7.57534532611
67218,720,48.5200498962,7.73129588098
67222,222,48.8859131079,7.46918832697
67223,8,48.4975444021,7.57352976158
67226,32,48.6017514577,7.60509580501
67230,16,48.7902364903,7.83303517468
67231,2,48.854005833,8.03199767746
67233,7,48.3845479788,7.55526368096
67234,6,48.9764095589,7.062926056
67237,23,48.6835701227,7.84577121429
67239,14,48.2585880501,7.37432236249
67240,5,48.6059106052,7.48884201445
67244,1,48.6939893775,7.44201331166
67246,4,48.331885522,7.53140383573
67247,3,48.5621490705,7.58621736954
67248,23,48.475170055,7.56554119438
67252,6,48.7372858241,7.80514291468
67253,2,48.6478359715,7.51923399394
67256,53,48.6551039655,7.69405052062
67257,4,48.9704665444,7.82012664257
67259,2,48.9742908393,7.73045198292
67261,31,48.9637116345,8.18637725776
67263,25,49.0124690471,7.768432419
67264,1,48.851706744,8.00007828567
67266,1,48.4538179541,7.63089115629
67267,286,48.5544875852,7.68093840708
67268,11,48.4893768866,7.65665864812
67270,3,48.7942598149,7.55588673552
67271,17,48.9632390551,7.84358548339
67276,29,48.5376842701,7.24174255302
67281,82,48.1496222393,7.56101805973
67282,69,48.6190542828,7.50589211094
67283,53,48.694247484,7.37099677128
67285,30,48.3845019495,7.63534088675
67286,15,48.4525286856,7.56113902632
67289,2,48.8636588921,7.49803716008
67290,12,48.9286722006,7.8291529606
67291,41,48.8703439948,7.68546930616
67292,1,48.8761605476,7.64658563349
67293,1,48.7842778125,7.62414913788
67295,3,48.3941967219,7.44334636249
67296,12,48.6144088918,7.69388360837
67299,1,48.5058373844,7.36568374858
67300,276,48.5447196161,7.4995001297
67301,36,48.7558742576,7.64983524171
67302,20,48.7521963056,7.38626447438
67303,115,48.9099424,7.73456137399
67304,1,48.8194129618,7.62944925979
67305,16,48.9397726908,8.15250691524
67309,96,48.6395028241,7.71495900977
67310,2,48.2266111578,7.51848492236
67311,22,48.2687190251,7.53306592763
67313,88,48.538054845,7.45530315563
67317,1,48.3028817341,7.3176285572
67320,1,48.3261151153,7.31059686746
67322,5,48.8271341455,7.36606572186
67324,114,48.9638157112,7.63986093383
67325,17,48.5356531709,7.35017404112
67326,18,48.6233090076,7.70515748809
67327,4,48.971274266,8.10526672897
67328,5,48.8407663139,7.63538850073
67329,10,48.4456110275,7.53064650952
67330,12,48.912896258,8.05241114765
67331,9,48.7725031726,7.74386109493
67335,8,48.6396017162,7.50080829789
67336,11,48.4472243918,7.68558012653
67337,4,48.3556520235,7.41160208554
67338,4,48.3562350534,7.68497044431
67339,54,48.893487303,7.92255309446
67340,24,48.9380836461,7.59665709278
67342,3,48.5685057118,7.29548789735
67343,151,48.6073002945,7.68309913156
67344,2,49.0107628213,7.91451933272
67345,50,48.7801040272,7.88738513222
67347,3,48.8479068198,7.54015464948
67348,402,48.4593467321,7.48006434701
67349,6,48.9271368909,7.97102967191
67350,13,48.5919169259,7.64608858988
67351,21,48.9644209228,7.99028108589
67354,7,48.6001350338,7.48985443833
67355,7,48.9984271369,7.11950944283
67356,21,48.7148337726,7.92739646265
67358,4,48.917321847,7.5423120492
67359,16,48.8121908123,7.69421854068
67361,2,48.6977790108,7.67388730631
67362,7,48.2472141611,7.35466655979
67363,3,48.590139334,7.56183969821
67364,2,48.394273648,7.65078439355
67365,134,48.5471323955,7.70760430953
67367,66,48.7226898525,7.37894754782
67368,19,48.4434374839,7.36707935429
67370,2,48.8771297882,7.27203976424
67371,27,48.8657597248,7.32734776032
67372,67,48.8432047964,7.59893121728
67375,15,48.6443318607,7.6650628557
67377,4,48.4242524376,7.136828953
67378,39,48.4612697761,7.73493123238
67379,7,48.9468559983,7.80368021275
67387,2,48.3632176114,7.38013240259
67388,96,48.9374738141,7.67524392533
67389,63,48.6474873068,7.75703020685
67395,10,48.6821850405,7.40817008946
67396,1,48.9055663204,7.17766752759
67397,24,48.3122226913,7.70444455631
67403,3,48.8101089087,7.55595222549
67405,27,48.8228673826,8.04052812469
67407,9,48.7499197158,7.90265116944
67408,6,48.6407597718,7.38032558505
67409,4,48.837297524,8.06719387329
67411,106,48.490413735,7.41207007733
67414,20,48.447644633,7.2070541855
67415,1,48.9053776455,7.51101928675
67418,8,48.8214167109,7.99834154891
67420,6,48.485644468,7.26907262122
67421,37,48.3516658281,7.11035100405
67422,1,48.239955028,7.62929125209
67423,2,48.7083552317,7.51301777212
67424,1,48.4073616064,7.17386676722
67426,9,48.3498144162,7.28574653524
67428,4,48.4414538675,7.41761781742
67429,6,48.3845643843,7.46512483546
67430,1,48.3357426244,7.36372911449
67432,7,48.9761241768,8.07012964746
67433,2,48.3775481773,7.61937437402
67434,117,48.9451866571,7.08863161456
67435,6,48.9076740897,7.07306614237
67437,731,48.7402250066,7.34206238199
67442,16,48.5896337884,7.4902817682
67445,22,48.2952491317,7.41512520333
67447,913,48.6118660258,7.74408199334
67448,223,48.4922866758,7.19802185316
67449,15,48.7957460013,7.91694869062
67451,9,48.9866877882,8.03245786047
67452,15,48.6601653977,7.56876364377
67455,2,48.9503956142,7.91692156596
67458,82,48.8172159239,7.7377298253
67460,26,48.765401982,7.60282147839
67462,930,48.2481136279,7.46224896454
67463,47,48.8938553051,8.10498682501
67465,12,48.7952349211,7.98061145834
67471,59,48.6319311688,7.74194727065
67472,48,48.8085682655,7.95676945015
67473,14,48.5676100551,7.47820560302
67474,62,48.9461642075,7.87359864642
67476,3,48.794852744,8.01771717593
67478,21,48.7639649052,7.41351196572
67479,1,49.0050564823,7.92824415815
67480,18,48.5666223105,7.36640588547
67481,7,48.3757768768,7.50674742372
67482,12764,48.5712679849,7.76752679517
67485,22,48.6266854677,7.62711611103
67486,14,48.2550723499,7.63031906582
67487,16,48.9102568228,7.83566149848
67489,21,48.6960773859,7.34056735881
67490,1,48.3253039558,7.34853223079
67492,4,48.5940735838,7.46515518656
67493,6,48.3434265529,7.33416002911
67495,83,48.6564842295,7.61650465885
67497,4,48.8202578689,7.67470803749
67498,5,48.8809856779,7.57978326718
67499,2,48.3323782294,7.20301847743
67500,14,48.5390014537,7.29527991151
67501,1,48.4140516502,7.59572846761
67504,17,48.4221033053,7.52644718944
67505,2,48.2814104124,7.31939719314
67506,104,48.6674524477,7.73934378443
67507,69,48.3429794644,7.30342869358
67511,3,48.8857093075,7.78279699588
67514,1,48.9271512817,7.2306707984
67517,3,48.6188684237,7.46340283895
67519,87,48.6593283518,7.83143435964
67520,101,48.6388786162,7.44230441985
67521,1,48.8716635138,7.44076815738
67523,12,48.7621242565,7.78027504315
67525,19,48.6050551631,7.41483819754
67526,3,48.4068133604,7.57239597333
67527,1,48.6858047247,7.45416585837
67528,1,48.858764489,7.16208154442
67529,29,48.7165328229,7.83088991844
67532,18,48.6735628136,7.51567430993
67534,1,48.753708765,7.49990047042
67535,10,48.9213776191,7.42020495369
67537,1,49.0391731666,7.81446231798
67538,31,48.9254902407,7.37022391783
67539,26,48.7299632936,7.63820636503
67543,25,48.5121595612,7.21702183927
67544,497,49.0184562539,7.96174575912
67546,3,48.7801634182,7.65461502349
67547,11,48.2630616091,7.59069438607
67548,76,48.6379420012,7.59735898171
67550,77,48.9412737008,7.74416394777
67551,60,48.5869426788,7.66313638698
67554,6,48.5703058902,7.5074599373
67557,1,48.3992469094,7.51120403542
67558,6,48.9161140099,7.58112323048
68001,3,48.0034942953,7.54980840525
68004,312,47.6210336538,7.24484329622
68005,158,48.119478992,7.25998332176
68007,6,48.0652206217,7.43654259206
68010,1,47.6424583561,7.23328777965
68011,16,47.7664940616,7.15106009452
68012,4,47.7791495008,7.12888464942
68013,1,47.5678328744,7.46912969155
68015,16,47.7990452233,7.41601212469
68016,3,47.9272368478,7.53211500774
68017,1,47.6201402497,7.15603615606
68018,1,47.6733286773,7.16339567268
68019,2,48.0987704391,7.55258087773
68020,27,47.8222082924,7.50289765703
68021,108,47.6362849044,7.4885344409
68022,8,47.818845544,7.41535259558
68023,10,48.1591484173,7.34155964145
68024,8,47.6903963579,7.05935022603
68026,9,48.1394469818,7.33981544547
68028,59,48.2125964008,7.35786517874
68030,1,47.9270613981,7.22577933017
68032,13,47.8459225933,7.21845369299
68033,1,47.5833339186,7.28390346765
68036,16,48.0504323482,7.53680970912
68037,1,47.9624598517,7.36950245681
68038,8,48.0933356673,7.42793671425
68040,14,47.8268493029,7.06896787479
68041,5,47.8835902429,7.52612797828
68042,40,47.6041661694,7.49467481081
68043,51,47.854030178,7.25159464138
68044,1,48.1634421082,7.09862606883
68046,1,47.7983331125,7.03017652946
68049,20,47.5041559244,7.34056015721
68051,8,48.0110195796,7.10491597545
68054,1,47.6210927169,7.45833574797
68055,1,47.700432424,7.35849105232
68056,180,47.7151300366,7.32654596124
68058,25,47.9243546086,7.17962229088
68059,14,47.7164544837,7.15440584349
68060,33,47.7343429793,7.12813648171
68062,7,47.6224935398,7.19502984795
68063,249,47.7945078153,7.17932820409
68064,11,47.8321259921,7.54929893347
68065,1,47.6396468352,7.03103737458
68066,4429,48.1099405789,7.38468690323
68068,98,47.6251404599,7.12181938903
68069,7,47.9735592224,7.48193458989
68073,3,47.7961632915,6.91934613041
68075,5,47.5262001607,7.33850450335
68076,1,48.0949092632,7.50887366008
68078,16,48.0371183049,7.30052876111
68080,1,47.627841475,7.29119379488
68081,1,47.665884637,7.20435846737
68082,140,47.8530628657,7.37246514573
68083,1,48.0218694285,7.1465502338
68084,16,47.7097157075,7.39173125323
68085,1,47.7059397365,7.04282420421
68089,14,47.9157234129,6.95863361019
68090,6,47.4935597154,7.3158338091
68091,28,47.9099263761,7.53198557441
68092,1,47.5137490196,7.38210815031
68093,2,47.6920814143,7.32559027655
68094,16,47.5385121748,7.44187031126
68095,3,48.0854227132,7.4520020595
68097,12,48.1836015307,7.18808543159
68098,2,47.5615367356,7.15172348131
68099,2,47.6951501354,7.25691494942
68100,1,47.5915166873,7.15765946964
68101,1,47.7038424637,7.22128198778
68107,1,47.6413930168,7.13299368757
68109,3,48.0293037675,7.1719566301
68111,11,48.0068225604,7.25975546236
68112,279,47.9096692207,7.21013500007
68113,6,48.1941685271,7.41475007829
68115,4,47.7499350784,7.09127523458
68116,1,47.9283813908,7.29831896796
68117,3,48.0614208106,7.16506568008
68118,21,47.726261392,7.43344571206
68120,12,47.5308980609,7.48185417828
68121,1,47.5192935701,7.45588624848
68122,2,47.8595424228,7.1992146478
68123,3,48.0147694216,7.27362142833
68124,1,47.6037839946,7.31760111595
68125,2,47.6935000401,7.11527633282
68126,22,47.5611004781,7.52631404841
68127,2,47.6568601238,7.23377297694
68129,22,47.7248268389,7.21972228432
68130,2,47.9616184488,7.54628533058
68134,5,48.0190918794,7.32531342644
68135,44,47.579283771,7.51544273738
68138,62,47.5891425411,7.25204087522
68139,2,47.5906206548,7.20843110407
68140,10,47.9099477204,7.44697509823
68141,35,47.7093051072,7.26674678515
68142,3,48.063242328,7.13261807916
68143,6,48.1164812033,7.41859914847
68144,9,47.7566036089,7.49041917296
68145,73,48.08274524,7.40392986791
68146,31,48.1315690762,7.37459864544
68149,66,47.5888753858,7.58124251727
68151,14,47.8799580401,6.98624722904
68152,30,47.6759898554,7.26634202969
68153,1,48.1803388942,7.45176839753
68154,237,47.7734992,7.36011136903
68155,54,48.1014572023,7.31053680908
68156,70,47.9036358846,7.25786972805
68157,1,48.1233748841,7.48080925093
68158,1,47.5961368894,7.37922389442
68159,29,47.8885904335,7.18875486257
68161,3,48.1067132118,7.28187124195
68162,69,48.1550192582,7.23808768656
68163,32,47.6793674876,7.50063130465
68166,111,47.7889765168,7.32299335222
68171,2,47.9508833751,6.96310163389
68172,17,48.0770763292,7.54694950755
68173,11,48.1102898888,7.19554860246
68174,23,47.6869832437,7.3847569882
68175,12,48.1597717593,7.15907651893
68177,7,47.9527349295,7.16433010313
68179,19,47.7620734612,7.02156776589
68180,1,47.792882847,7.09615660086
68182,1,47.5003880526,7.48444885931
68185,9,48.2678392398,7.27599094644
68191,4,47.6576144506,7.29703045483
68195,134,47.7610968864,7.27261262553
68199,4,47.8597012807,7.0228099709
68200,5,47.6116259818,7.0925498257
68201,52,47.7778607514,6.99469023455
68203,9,47.9093933635,7.30167546188
68204,8,47.9978920505,7.02528063902
68207,4,47.5936254129,7.46476536443
68209,2,48.1506188794,7.31071233803
68215,9,47.6201798388,7.02170889357
68217,29,47.8478706578,7.03007710689
68218,25,47.7341232071,7.26513847748
68219,2,47.7386585258,7.03380849733
68221,1,47.5496649857,7.37287618717
68222,3,47.5402727782,7.4094886662
68223,9,48.028840895,7.07080984321
68224,4893,47.749163303,7.32570047509
68225,9,47.8570621759,7.4479017375
68226,139,48.0448514207,7.14149744282
68227,28,48.1008840089,7.46904401123
68231,46,48.0183924755,7.52784741678
68234,6,47.9454596765,7.39795037001
68235,3,47.9897040567,7.38918456659
68237,1,48.1007803247,7.25909420396
68239,1,47.8191429574,6.92431221811
68241,2,47.9380454434,7.38091455268
68242,17,47.9692322968,7.40002707235
68244,4,48.0229740954,7.29540852921
68246,1,47.9861233303,7.55675214375
68247,41,47.9289257101,6.99426460048
68248,9,47.4891564438,7.40057781922
68249,40,48.1149528963,7.13503444718
68250,3,47.9378114718,7.22902845686
68252,17,48.157155989,7.37273761525
68253,23,47.7858970322,7.49270791037
68255,5,47.9957150402,7.25987167223
68256,258,47.7696767881,7.29485630306
68257,5,47.506686131,7.16823330248
68258,17,47.8417545163,7.29938600329
68263,1,47.5873905973,7.44587984681
68264,1,47.5802864143,7.42000987982
68265,4,47.6488310607,7.37119412138
68266,4,47.891760126,7.37115549029
68267,13,47.7554724889,7.22032709078
68269,96,48.2065139236,7.28672468283
68270,38,47.7845885966,7.28219452046
68271,186,47.7396931501,7.36582056128
68273,7,47.5364456332,7.28849736143
68274,1,47.9044113934,7.15327700335
68276,1,47.8979516563,7.17356848558
68277,4,48.1787804995,7.27259187393
68278,167,47.7495819243,7.4072406005
68279,1,47.7778631956,7.08771577439
68280,2,48.237574913,7.31340839704
68281,1,47.8849153208,7.47508030097
68286,8,47.6388184393,7.54215519701
68287,527,47.9688422434,7.27338874141
68289,22,47.8223744559,7.35273202444
68291,3,47.8531681217,7.51760806653
68292,19,47.887678929,7.04124424443
68294,12,48.2683101517,7.20845022023
68295,28,48.0108373364,7.39448245044
68296,4,48.2386537498,7.34591217
68297,317,47.6016553367,7.54061872745
68298,85,48.2285762223,7.16926143657
68300,52,47.7824980107,7.40065794746
68301,5,47.6843290932,7.43002796283
68302,2,47.7488667079,7.17549476358
68303,3,47.6075218956,7.29884312664
68304,42,47.7544037886,7.05013965143
68305,31,47.5376133947,7.16814388588
68306,5,47.5306368424,7.189321425
68309,84,47.6620198901,7.46670295254
68311,1,47.9778345263,7.07407441215
68313,2,47.7187563607,7.09111895183
68315,119,47.8827772059,7.17897878271
68316,6,48.0284078615,7.20442898654
68318,15,47.9701032152,7.21175482373
68320,2,47.6858659395,7.21898279499
68321,12,47.82743014,7.25320289915
68322,2,47.8218078225,7.13920916637
68324,1,47.6599109756,7.34109225666
68329,9,48.0552314981,7.06088975747
68331,39,48.0428411663,7.42194556181
68332,3,47.6548634844,7.26381080113
68333,1,47.6202385096,7.30048484717
68334,212,47.8139111281,7.09502457233
68335,1,48.2332519272,7.29366733491
68338,65,48.0865424063,7.25076356699
68342,2,47.829286972,7.16505941718
68343,10,47.8739838916,7.30532668717
68347,13,47.5090177967,7.30400844003
68348,20,47.8045241371,7.12730997069
68349,40,47.6099200713,7.56836021504
68351,1,48.0108661539,7.58453738137
68352,23,48.0238611459,7.54413370142
68353,1,47.6297810488,7.34645616735
68354,4,48.0704719047,7.20730643508
68355,31,47.5469824081,7.3170216886
68359,20,47.8421539165,7.17527188812
68362,1,47.5482319467,7.4737014861
68364,2,47.9673816891,7.25470437901
68365,22,48.0520194892,7.30680140883
68367,4,48.0579869802,7.48257799635
68368,7,48.0553731067,7.19720465805
68372,4,47.8518062106,7.0803395975
68374,131,48.0635575339,7.27168140769
68375,78,47.7987366521,7.24011099826
68376,124,47.8102988155,7.31251407267
68377,2,47.6161807189,7.27312864168
68379,13,48.0282556276,7.49703519039
68384,16,47.6858083083,7.30319308149
68385,3,48.0745599556,7.23005041952
68386,2,47.7187838073,7.38181973945
69003,189,45.8642146878,4.83076882864
69004,3,45.9168253291,4.65500393132
69005,6,45.9288848222,4.74109023714
69006,118,45.9651984924,4.32676291669
69007,43,45.503261775,4.8031868522
69009,118,45.9422570443,4.70796670026
69010,346,45.8356663158,4.60937267063
69012,1,46.1887475632,4.53644652924
69013,331,46.018642208,4.71055115549
69014,145,45.6794036414,4.47551947043
69017,5,45.9087285024,4.62016773133
69018,81,46.1564039833,4.58394359167
69019,410,46.1021561474,4.73105689691
69020,1,45.8674607353,4.66814290336
69021,53,45.774361074,4.54738228306
69023,32,46.0346971393,4.63561700748
69024,70,45.9188737019,4.5787353944
69027,248,45.678117475,4.75268787981
69028,46,45.7203432265,4.70291458625
69029,4726,45.7344856902,4.91168159471
69030,1,45.7635299511,4.492682945
69031,6,45.7472888817,4.51714598169
69032,18,45.8591183924,4.5810550945
69033,25,45.8603404776,4.88370094201
69034,1161,45.7974053648,4.85124857101
69036,9,46.1259448157,4.66717778294
69037,7,46.0150786956,4.51007188882
69038,3,45.7739225343,4.37950363405
69039,1,45.9847097998,4.4986606687
69040,112,45.7983650854,4.78668207794
69042,1,45.6501998891,4.49605895981
69043,158,45.7088623324,4.74547903701
69044,102,45.7797061972,4.74328937073
69045,5,46.0840044201,4.68939365571
69046,61,45.6508030162,4.78979572338
69047,12,45.891187551,4.66063186811
69049,43,45.8749558525,4.7708529699
69050,19,45.8705575392,4.64214055868
69051,2,45.6374563479,4.63446933593
69052,70,45.8763096867,4.70920946786
69054,3,46.1691527375,4.49124804928
69055,24,45.893124529,4.74321692649
69056,16,45.8906849455,4.61639612817
69058,1,46.1855528278,4.65508587528
69059,33,45.854953276,4.71130995652
69060,66,46.0976713102,4.51103752015
69062,1,45.6138333188,4.46902321077
69063,45,45.8220411914,4.8419319446
69064,130,45.4743083818,4.75671075164
69066,68,46.1087135793,4.33699431774
69067,5,45.7410710306,4.5702660914
69068,43,45.8482374264,4.82235886103
69069,327,45.7462853462,4.72672357999
69070,6,46.0245451147,4.3873320653
69071,3,45.8694161345,4.81844287868
69072,171,45.8120018662,4.74663974001
69074,5,46.0045607655,4.65149773309
69075,2,45.9618729575,4.46094173485
69076,118,45.8357243941,4.7156731311
69077,1,46.1537638462,4.77319704565
69078,5,45.6813849409,4.52319550828
69080,17,45.5506779948,4.72996324702
69081,810,45.7821499466,4.7721681177
69083,35,45.8241099915,4.62228473387
69084,9,46.195108023,4.69220963015
69085,11,45.8589780699,4.85032398358
69086,20,45.8393590284,4.65229651357
69087,48,45.8433300655,4.85410848076
69088,140,45.8282811054,4.85664595594
69089,302,45.7378794318,4.75508314041
69090,11,45.9219427499,4.63235973295
69091,535,45.5816626973,4.7572616296
69092,1329,45.9910359834,4.68792227737
69093,12,46.0333930542,4.45932733477
69094,76,45.7477283973,4.6895073804
69096,73,45.6080535265,4.78645083138
69099,5,45.7143308832,4.40563224471
69100,236,45.6748390924,4.81819594216
69103,9,46.2415176527,4.70402695558
69105,18,45.986314587,4.64749345552
69106,6,45.9270174233,4.67906566253
69107,22,46.0528953737,4.50887540791
69108,7,46.1730373902,4.72575548606
69109,2,46.1557078,4.61861693858
69110,19,45.6079976924,4.51457589582
69111,18,45.9039971217,4.57416632232
69112,93,45.812542419,4.67106123334
69113,39,45.9718911586,4.52615651956
69115,107,45.9720377921,4.71919087739
69116,84,45.8303274483,4.7716823325
69117,32,45.8549753291,4.74619581314
69118,28,45.5468466677,4.78290098079
69120,1,45.7855981526,4.42642945537
69121,51,45.8530206071,4.68542193423
69122,16,45.9134609573,4.70939043822
69125,2,45.8679882645,4.73091611018
69126,8,45.9139105552,4.67605163558
69127,227,45.7852649435,4.71250416429
69131,83,45.6988993834,4.67145765319
69132,8,45.681836669,4.40076611695
69133,37,45.6304862126,4.77973349891
69135,19,46.2227835629,4.51394181008
69136,42,45.6247829418,4.75036810523
69137,8,46.0177480558,4.60181116926
69139,18,45.8005219603,4.46362962057
69140,27,45.8941529725,4.69976319866
69141,194,45.6159773607,4.67379130422
69142,38,45.7303532192,4.8122084071
69143,267,45.8829276204,4.84373616973
69145,5,46.0937833535,4.64506094432
69148,20,45.6609705564,4.72076320026
69149,2999,45.7149665543,4.80299453846
69151,8,46.0696133822,4.58011470441
69152,167,45.702202274,4.82705049921
69153,12,45.8552588854,4.79477387074
69154,52,45.7685281587,4.65869632922
69155,1,45.6462662502,4.44570095396
69156,34,45.9582307321,4.6884680442
69157,37,45.8770735618,4.49571511005
69159,28,45.9554021029,4.64557594844
69160,7,46.1426190331,4.46070930029
69162,5,46.1132737898,4.60801374116
69163,18,45.9136198331,4.77375123298
69164,1,46.1234461797,4.4024348545
69165,4,46.1466108781,4.64172714554
69166,15,45.599294924,4.58907052971
69168,3,45.8431049292,4.83850182261
69170,10,45.6566700054,4.61833164833
69171,26,45.8121205501,4.59925971252
69174,7,45.9238716412,4.37393979073
69175,7,45.8200944219,4.56587314617
69176,47,45.6769698938,4.69227069505
69177,10,45.7982263531,4.63130091512
69178,1,45.7040409775,4.45107532306
69179,25,45.5895638016,4.69551467475
69181,6,45.9769778308,4.42664863829
69182,1,46.2663774591,4.47201345248
69184,6,45.6030568648,4.57279453276
69187,10,45.756189691,4.42060424905
69188,8,45.9245957818,4.45989401825
69189,296,45.5250030617,4.85931457938
69190,11,45.7744360761,4.69352659139
69191,435,45.819421673,4.81813452511
69194,247,45.8147288136,4.79844330211
69196,1,46.1460297825,4.53494871719
69197,17,46.0632060552,4.65601926022
69199,139,45.7011050588,4.85046367008
69200,4,45.8538939544,4.46335108066
69201,30,45.7046028711,4.4705436953
69202,885,45.7359781395,4.79343173908
69203,1,45.7133172246,4.49538138887
69204,505,45.6936777293,4.78919028453
69205,79,45.7610551042,4.72602177608
69206,44,46.0576323656,4.72069943417
69207,24,45.8822105872,4.80144071839
69208,16,45.8643153659,4.6129807389
69209,10,46.2368070195,4.44156117895
69214,4,46.0024923501,4.33306626203
69218,1,46.1119203914,4.67603777792
69219,36,45.6427267769,4.68437785922
69220,62,45.7378229671,4.46479069472
69227,88,45.658238601,4.55827258271
69228,106,45.5781277955,4.64115905425
69231,24,45.7818245427,4.61622468853
69233,10,45.8355530258,4.82084858556
69234,19,45.85576965,4.52946309389
69235,64,45.5357749158,4.8261922699
69236,2,45.5657533865,4.70401885929
69238,114,45.6308546357,4.45042661825
69239,2,45.9219304015,4.51963645902
69240,6,46.0739597884,4.38622082272
69241,34,45.6362754046,4.72434330862
69243,460,45.9036535552,4.42375959345
69244,468,45.7628681769,4.75540595543
69245,19,45.9482185979,4.52178604805
69246,15,45.9407758878,4.62735896797
69248,89,46.0302777714,4.31390305209
69249,31,45.6838356004,4.6261890947
69250,68,45.8104377668,4.7123892929
69254,1,45.946942199,4.42166698424
69255,153,45.7318792519,4.64378667979
69256,551,45.7858821061,4.92637767698
69257,1,46.0460801697,4.57697750068
69259,1015,45.7037728826,4.88137668221
69260,77,45.6493899066,4.80930520738
69261,3,46.1645022966,4.52661139979
69263,3,45.8168065047,4.40737314323
69264,955,45.9874596667,4.73174007305
69265,8,45.9699127894,4.59789508297
69266,3682,45.7707704179,4.88845817426
69267,26,46.1597734434,4.67110459009
69268,97,45.6578547027,4.76815797121
69269,24,45.7095752496,4.59542617149
69270,78,45.6282287453,4.95028014638
69271,152,45.7376148968,4.96172914286
69272,45,45.5981602115,4.83863440374
69273,112,45.6680498711,4.90843949215
69275,731,45.7717277447,4.96142704635
69276,95,45.6730630785,4.85725794932
69277,194,45.7297209932,5.01590344241
69278,55,45.8980767438,4.83863435794
69279,55,45.7911073541,5.0415336287
69280,25,45.8001909817,5.07842030906
69281,18,45.6230631164,4.90753751863
69282,510,45.7770899686,5.00632679347
69283,132,45.6647373498,4.94915210897
69284,59,45.8771716527,4.86771013158
69285,63,45.7538862339,5.06707976453
69286,742,45.8205988109,4.89822639815
69287,110,45.6961833142,5.02220384173
69288,52,45.6834072587,5.06089287169
69289,35,45.6448417915,5.00876036664
69290,1023,45.701466556,4.94882071665
69291,121,45.6421326765,4.86880371042
69292,102,45.8257146125,4.87363022248
69293,14,45.8402514448,4.88563860144
69294,29,45.6275993813,4.82483713363
69295,16,45.6115676651,4.87107567478
69296,40,45.6460641774,4.83749103665
69297,36,45.6055276798,4.80759320832
69298,33,45.6577177504,4.98186963908
69299,18,45.7178013267,5.10337456661
69381,624,45.7699284397,4.82922464978
69382,1717,45.7492560394,4.82617032549
69383,4798,45.7533552486,4.86918522013
69384,2308,45.7786867581,4.82396112689
69385,1199,45.7558317849,4.8022536949
69386,1726,45.7728507239,4.85207911437
69387,3066,45.7334098415,4.83758495703
69388,3801,45.7342034691,4.86935722305
69389,1270,45.7817805887,4.80818327822
70006,5,47.9382332806,6.33247986136
70012,12,47.7905088546,6.05331685795
70014,2,47.6809699822,6.41769484638
70015,1,47.7347259725,6.06263685163
70024,1,47.3925481381,5.52972879286
70025,1,47.7352817883,5.93210492724
70026,39,47.4628603881,5.58172003346
70029,1,47.6208422399,6.41263553144
70031,9,47.5942889134,6.51510882516
70037,1,47.545285848,5.70067460474
70039,3,47.370625269,5.82479172929
70041,9,47.464744731,5.46526242316
70044,1,47.6949909987,6.1544576881
70045,2,47.3393039112,5.77571250318
70055,3,47.7753645972,6.34425326102
70058,40,47.4986137613,5.69348817129
70059,3,47.433936502,6.16129269067
70062,1,47.7810349094,6.49795396276
70076,2,47.3937756161,5.9310298649
70080,1,47.4729092139,5.51046991531
70084,4,47.3549256777,5.9599297677
70085,3,47.3845989346,6.00252108883
70093,4,47.7994742775,6.32850280633
70094,1,47.8306439459,6.46183176358
70095,1,47.7448155296,6.14540506475
70107,1,47.3440809004,5.98460824617
70109,1,47.3568392049,6.03220137434
70117,2,47.6376239575,6.77677655233
70120,18,47.6950851655,6.68822303825
70122,15,47.6322292317,5.51329036822
70130,6,47.368580858,5.777516428
70132,4,47.4928980658,5.57884831818
70145,1,47.3822996917,5.96780533315
70148,1,47.6416852951,6.0177515817
70150,4,47.2806388545,5.73662541628
70152,7,47.3924629744,5.75753300176
70154,6,47.4130463619,6.13282949108
70155,7,47.7549976504,6.41938709538
70165,11,47.7097115215,5.89708044374
70168,10,47.8103436932,6.2138139991
70171,1,47.8958414477,6.33319148205
70174,1,47.4186854695,5.96327126972
70177,10,47.9178171926,5.99346216699
70184,3,47.5901202306,6.72594262625
70197,13,47.5328760062,6.24208585386
70198,56,47.5720448624,5.67645740995
70205,4,47.6577226817,6.72413298347
70207,12,47.593506841,6.13717389546
70208,1,47.5278583109,6.12143583046
70219,3,47.5427842228,6.35948828395
70224,5,47.3581234109,5.93622736859
70227,7,47.8319641353,6.5834328372
70228,21,47.7661040283,6.07998850446
70240,7,47.8601010548,6.33468118355
70245,32,47.9016025414,6.4130351203
70248,16,47.6588239223,6.75066978549
70250,4,47.7429315817,6.46131870322
70253,4,47.464530464,5.89157749434
70255,7,47.5529496769,5.85669124269
70257,7,47.4895779062,5.93793813227
70258,9,47.8340163849,6.41922862688
70261,74,47.6293186194,6.19415622549
70265,1,47.3703184562,5.53460543886
70267,5,47.794509649,5.94474334051
70279,324,47.4320889937,5.61070658545
70282,26,47.402856646,5.80618920641
70283,1,47.8372151662,6.74620306195
70285,326,47.5698613671,6.76517349246
70292,43,47.8171454049,5.88977076116
70299,7,47.6226588338,5.77603132497
70309,1,47.4450028639,6.20512225954
70310,254,47.6851664568,6.49651910322
70311,185,47.823919724,6.36363973342
70312,1,47.606620843,6.7184633564
70313,5,47.6439821096,6.5885519049
70321,3,47.6685268881,6.47015380217
70323,1,47.9284392755,6.13912860698
70324,2,47.5301073689,6.05096098023
70330,4,47.6176830876,6.77141230982
70334,33,47.2975763661,5.77201053595
70338,1,47.8875285493,6.12924766787
70339,27,47.7605175901,6.55981734246
70340,3,47.585270996,5.75013289833
70349,4,47.5597602693,6.39935154409
70351,2,47.6509274907,6.3893154252
70353,8,47.285544975,5.6562805312
70357,7,47.4596587023,6.25631932955
70378,77,47.6030208472,6.1618556725
70381,12,47.5638711868,6.19561119742
70383,25,47.4079331287,6.06801697703
70387,16,47.5676980089,5.94846873016
70388,31,47.6097514089,6.11842989879
70390,10,47.6038475858,6.28890431672
70393,2,47.4265249519,5.92562496608
70402,2,47.5290658651,5.57358052333
70404,3,47.9842695238,6.05556415808
70408,21,47.2915778298,5.57274698135
70409,1,47.6432505836,5.58620580677
70413,9,47.7231669962,6.73487477028
70414,3,47.7857364865,6.77321577931
70415,29,47.875259179,6.06625530496
70421,43,47.692500452,6.03302774909
70422,1,47.4443035685,5.47650052222
70427,1,47.7492388888,5.99111141327
70428,16,47.6516903952,6.12098049033
70435,11,47.8553521671,6.4533442174
70447,50,47.4373192173,6.07568807889
70451,27,47.7159736796,6.63465984032
70453,1,47.9104394997,6.62199304981
70455,16,47.6771506136,6.5417073316
70464,7,47.7246175208,6.51957770989
70467,44,47.8785688968,6.26623762115
70469,3,47.8381487494,6.52006378078
70472,347,47.8375769959,6.10898257377
70473,19,47.7954572386,6.39510352305
70477,11,47.5703099756,6.62953525499
70478,30,47.6946947931,6.27713089237
70482,22,47.6798278841,5.96387998278
70489,7,47.8257288068,6.68597884501
70491,5,47.5359774659,5.76901424234
70492,1,47.5851238509,5.88891675749
70493,2,47.3963302607,6.04703992891
70498,3,47.7961623597,6.6326445002
70505,3,47.3776500721,5.58714893059
70506,2,47.5648137282,6.70462228201
70512,1,47.9132600992,6.36701482318
70513,27,47.633860629,6.10644479493
70514,2,47.3357551317,5.63755798352
70526,16,47.927696482,6.10999352598
70535,1,47.5563995344,6.08993283091
70546,3,47.5272015799,5.63819879272
70550,1457,47.6320408648,6.1548458149
70561,77,47.559065822,6.42909523129
70568,1,47.6735158749,5.75631215452
70572,12,47.812015486,5.75797516664
70575,12,47.3499834337,6.01396560488
70578,1,47.3308670504,5.8868762035
70579,1,47.5502849273,6.76152440954
71002,1,46.754037733,5.0286449583
71003,1,46.9138309803,4.97484420794
71006,1,46.3264716768,4.23626914802
71009,8,47.0770713545,4.09241779804
71010,1,46.8926537731,4.40284807189
71011,3,46.3239156269,4.07162173983
71014,524,46.945536773,4.31060069532
71016,16,46.4318867242,4.74963746686
71018,1,46.605124682,5.12155053335
71025,2,46.4104723077,4.39542233391
71027,6,46.6672623715,5.39464840853
71029,6,46.8484271655,5.36394090745
71030,14,46.3990910615,4.56240663444
71032,1,46.3683212977,4.70227131172
71033,4,46.8212987385,4.96979880981
71040,29,46.7042568403,4.39315980341
71041,13,46.3321423377,4.35330322456
71042,17,46.5495831057,4.62537710045
71046,1,46.7373325553,4.1515013438
71047,175,46.6204280383,3.76862021355
71056,15,46.652956978,5.16400928644
71059,39,46.7952744773,4.49374098192
71063,1,46.888541214,4.30809477889
71064,2,46.5971442892,5.25884270547
71069,1,46.333719714,4.71047131646
71070,70,46.7130408432,4.71342619185
71073,106,46.8985800984,4.77433585145
71074,5,46.2582470143,4.77030455349
71075,1,46.5936710904,3.85215646789
71076,2300,46.7900288793,4.85191555008
71077,2,46.2825163052,3.99815426784
71081,16,46.8156309692,4.82545441016
71084,3,46.2454748177,4.75829079989
71090,38,46.2183395706,4.76075538674
71092,1,46.5871900268,5.19349664362
71093,1,46.8468026106,5.26448829043
71099,1,46.3887744081,4.83162031903
71100,1,46.5087214301,4.84818799475
71101,1,46.9006196221,5.19727816775
71105,256,46.3041852737,4.78693813476
71106,76,46.4476067658,4.28009429694
71111,1,46.5832260551,4.11167998063
71113,2,46.2104681552,4.26056533405
71117,6,46.7936385088,4.91410813762
71118,150,46.788588171,4.8058563943
71119,1,46.9154246356,4.79538440748
71120,76,46.2065828065,4.34173989083
71122,3,46.8926365567,4.66641980553
71123,2,46.228920415,3.93811744372
71132,12,46.5966175845,4.2978619831
71133,60,46.2892944317,4.31079967145
71134,1,46.3661832627,4.58968637273
71137,138,46.4303628582,4.67033276327
71145,15,46.535532183,4.69561266719
71148,3,46.1713810264,4.27380729464
71149,48,46.869155076,4.56431598435
71150,84,46.2410718628,4.78718291781
71153,641,46.8068539189,4.42642301163
71154,25,46.8169773833,4.88423907508
71155,9,46.7204911418,3.7115602827
71156,11,46.5070246965,4.78675266634
71157,23,46.5047162667,5.36399526057
71158,43,46.5569799009,4.99361378862
71162,1,46.9886049961,4.38277730487
71163,1,46.4027317458,4.52645305897
71167,1,46.8344484396,4.99429761869
71169,2,46.3037816172,4.74869737883
71170,9,46.9145180669,4.84793098636
71171,1,46.8656403196,4.64491140945
71176,132,46.4891651235,4.02511604849
71177,2,46.4998326659,5.28977666204
71178,10,46.354950302,4.48081055025
71182,146,46.7967008104,4.77049585592
71187,3,46.7558604047,4.52493211411
71189,4,46.7457712756,4.90239745895
71190,29,46.9908631777,4.51976953086
71192,32,46.859401459,4.17913091336
71193,2,46.5892768003,4.79160201098
71196,1,46.6644310853,5.33674534745
71200,2,46.1997654702,4.1256489354
71202,20,46.8516219974,4.78077093032
71204,13,46.8312797426,4.84940221006
71205,2,46.7194233644,5.33221685118
71209,14,46.5482784948,5.29083572414
71212,10,46.5798385493,4.25003029458
71214,5,46.6527283424,4.5689153242
71215,26,46.8791801218,4.92129441098
71218,9,46.3179773987,4.38022998111
71220,3,46.5480062086,3.79284988791
71221,54,46.7702122725,4.75441496992
71222,5,46.6403109594,4.4421869118
71223,2,46.9688875676,4.14088119017
71224,1,46.5059558537,4.26498354082
71230,111,46.5939761041,4.0493689292
71231,36,46.5288680917,4.44086956543
71235,66,46.3429969068,4.79636186257
71236,3,46.4053982627,4.73487976051
71238,5,46.2165272056,4.07699692762
71239,8,46.7135521882,4.0005402064
71240,1,46.4126361231,4.6349159927
71242,15,46.6145870121,4.55010993204
71249,2,46.6527155264,4.83486721421
71250,1,46.3824360235,4.80406518536
71252,5,46.650155549,4.79257635293
71253,4,46.7644863686,4.93208606266
71256,2,46.7410862327,5.08364517208
71258,1,46.2647305147,4.72937186217
71259,2,46.2402667832,4.20177769774
71261,1,46.5904043725,5.01289765681
71263,222,46.6351883548,5.23839292789
71266,8,47.0840697933,4.26102089354
71267,14,46.4805805718,4.81912339905
71269,31,46.7490720688,4.86040694261
71270,1991,46.3205511756,4.81842529639
71272,2,46.56639793,4.68622845385
71275,60,46.2756272512,4.039116013
71277,1,46.7267163499,4.59181890283
71282,8,46.8429753005,4.37123447631
71287,2,46.4908350512,4.66945256607
71289,23,46.3110636207,4.47716868181
71290,7,46.391550747,4.59913263178
71291,3,46.1993430373,4.01334555514
71292,28,46.8104311793,4.7565417637
71294,11,46.834318433,4.72413233505
71295,30,46.7945134241,5.18412548455
71297,4,46.8702793384,4.25320711622
71300,2,46.5431506465,5.33864320841
71305,3,46.4713429723,4.8783736486
71306,651,46.6762539128,4.3540960404
71309,18,46.786245174,4.39093818161
71310,79,46.7473169925,4.47424011768
71314,1,46.8055434402,5.29985900019
71318,5,46.541562777,5.17433501769
71319,13,46.6835248214,5.11326580543
71320,3,46.6461358907,4.49195438858
71329,3,46.9284745707,5.14455605951
71333,3,46.7774536923,4.94292036797
71336,29,46.7242227229,4.95068555425
71340,13,46.547452342,4.20782928989
71342,595,46.4431191464,4.11289928796
71346,11,46.621915608,4.22620349316
71350,3,46.3324202545,4.67135536115
71351,48,46.8824879885,5.25265750532
71352,2,46.7895553787,5.32263068043
71356,1,46.6048282453,4.35349281443
71359,2,46.5394977837,4.95553905201
71360,27,46.3243137138,4.74816143404
71367,2,46.6395819633,5.30552532869
71370,1,46.5421616023,4.01816532874
71371,16,46.3510235915,4.74854768422
71372,19,46.1902603868,4.74347572682
71373,23,46.5142649874,5.08147006476
71378,6,46.8728849421,4.75062759298
71379,8,46.5937236673,5.3241808449
71384,2,46.6810830382,4.81914623845
71385,1,46.2414353911,4.74041810825
71388,1,46.5008361838,4.2089560127
71389,2,46.5678204278,3.76149865404
71391,2,46.8165810334,4.61430858653
71392,2,46.6416818485,4.69957680942
71394,12,46.4782854677,4.43348327243
71395,1,46.5304875791,4.2714393389
71397,1,46.3853014921,4.6346635997
71399,8,46.2848533492,4.19005721567
71401,3,46.5587984571,5.23823090911
71402,2,46.6791536677,4.90050025353
71404,24,46.7571405125,4.71340832367
71409,1,46.8946339034,4.47301777155
71410,1,46.7060490635,5.06223001474
71412,1,46.7211446083,4.45443642854
71417,37,46.6134097037,4.66348657274
71419,39,46.7400325151,5.244824313
71420,28,46.6944314945,4.98395008765
71426,7,46.7577025616,4.63460964959
71433,3,46.3729257558,4.22118387615
71439,1,46.4848826059,4.1163312741
71440,3,46.9191539488,4.09209757526
71442,22,46.8382241352,4.64131133343
71443,14,46.9387218362,4.90922243848
71444,2,46.7239907998,4.8521089943
71445,73,46.77487928,4.88727108461
71448,19,46.3803240277,4.85450707097
71456,13,46.8045036563,5.06009460958
71460,1,46.4057525452,4.78239224424
71462,1,46.8493063168,5.02211527314
71463,3,46.2267056236,4.25094648512
71465,1,46.6923867909,4.52704929723
71468,3,46.84711079,4.5090273934
71469,1,46.2871912572,4.52517734192
71470,1,46.3371050724,4.62126526251
71475,195,46.7602643306,4.82122632524
71477,4,46.6170899923,4.41147294378
71479,11,46.8386475435,4.42378430368
71481,4,46.1956267392,4.77196064471
71482,2,46.8287800978,4.31825474649
71484,4,46.690095883,5.24143476661
71486,88,46.6430898449,4.35996411381
71489,1,46.6714691563,5.06091030866
71491,15,46.4071746209,4.05766988687
71495,23,46.5174514836,4.6006444858
71497,23,46.339587047,4.83540535119
71499,12,46.6680278999,4.27985342384
71501,1,46.7235527398,4.64308684871
71502,3,46.8332708433,4.91806482813
71506,1,46.6336562271,5.39078988387
71509,3,47.0074409579,4.17854772292
71510,11,46.2756396728,4.09014154762
71512,74,46.6369174742,4.8906553054
71520,497,46.7358656662,4.82878798473
71522,11,46.6122739185,4.98702141498
71523,6,46.7167185165,5.18255120169
71525,2,46.3708080231,4.67295100196
71528,9,46.6213260954,5.16979510673
71540,23,46.7663790814,4.44629007139
71542,22,46.6826511645,4.14773994061
71543,177,46.5651726015,4.90012429206
71545,32,46.3056528048,4.60368110161
71551,1,46.809110092,4.26277763328
71555,18,46.7100754692,4.87819266492
71556,1,46.2683636158,4.8066970954
71558,38,46.5013604889,5.23845010898
71559,3,46.2783435067,4.33879272705
71561,1,46.2639696284,4.22242971083
71562,3,46.4165847786,4.31200605837
71564,2,46.4407294835,4.35671809302
71566,38,46.8905762188,5.01251623413
71571,1,46.3956596645,4.44032061495
71574,2,46.3779055015,4.73671320238
71582,1,46.4606978689,4.60125621922
71583,3,46.2679286558,4.77751474902
71584,19,46.4445923499,4.84966677485
71585,17,46.8524193794,4.86945646379
71588,3,46.4610227833,4.0599685169
71591,1,46.4420568988,4.88017715275
72001,3,48.0674422633,0.105520640211
72003,721,47.9589683966,0.143770981533
72005,2,48.3603390007,0.173826931122
72006,23,48.3954879492,0.0811301798508
72008,40,47.9292220095,0.191344248929
72010,1,47.886353314,-0.226358103893
72013,3,47.6839620406,0.250420617503
72016,8,47.903917058,-0.345078374369
72022,327,47.7724310115,-0.179561724396
72023,44,48.1716510339,0.226519968503
72024,27,48.1027362098,0.14422733228
72025,1,47.6856990287,-0.172011886332
72026,15,48.1423466194,0.342290713803
72028,1,47.7574486606,0.38353114802
72029,55,48.2246887958,0.112408293978
72035,27,47.824274366,0.722121663384
72039,47,48.18474164,0.452449305895
72042,22,47.9677979192,0.550965416522
72043,1,48.3460739531,0.132093521683
72044,1,47.7609072838,-0.0629491331709
72046,5,47.9957779709,0.499488585442
72047,2,47.9107877747,0.326771387948
72050,30,47.9808104506,-0.230196324503
72051,26,47.8339032596,0.0696644872215
72052,5,47.752016178,0.513758960916
72054,28,48.0162619913,0.333986746648
72056,10,48.3844669298,0.125303372626
72058,54,47.9784374731,0.297080685865
72059,3,47.9198250308,-0.154140183084
72060,2,47.6277588052,0.229975214122
72061,10,47.7357624962,-0.239313102989
72065,94,48.0357837611,0.156697987071
72068,23,47.7303686417,0.582042206339
72071,183,47.702207042,0.430642762781
72073,5,48.0183975387,0.0629705204295
72079,1,48.3503181778,0.114525077823
72080,17,48.1549219183,0.657321436354
72083,1,47.9421921001,-0.218013743743
72087,1,47.9722293803,0.726834150431
72089,36,48.1222946721,-0.0126744450375
72090,46,48.0507447506,0.467977281249
72095,99,48.0332041252,0.211301706062
72096,20,48.0220764526,0.0172606870942
72100,2,47.7944370903,-0.0240623662465
72103,8,47.8164349745,0.555120405736
72110,1,47.7361996092,-0.154731681464
72112,1,48.2490170643,0.260997204151
72115,2,47.6664102233,0.484524622495
72118,8,48.0360309875,0.59353315613
72119,2,48.1091722798,0.0450026971482
72121,1,48.2762672206,-0.0504235211752
72124,67,47.8249669123,0.284900847455
72127,6,47.9634415619,0.077249958248
72130,1,48.0006116609,0.0719177436046
72131,1,47.8973212837,-0.0356446886658
72132,332,48.1842560568,0.634694806211
72137,11,48.4380499533,0.236852667784
72138,42,48.2817396551,0.0228368822752
72139,15,48.3232043088,0.081600822719
72143,121,47.8672204186,0.463121636019
72146,10,47.8842699845,0.142030828594
72147,6,48.1185093654,0.20108783128
72149,1,48.0154941417,-0.194716478104
72153,1,47.7918893529,0.410315352572
72154,282,47.6893893794,-0.0646954849714
72155,21,47.8682405593,0.233744073595
72158,1,48.0582643991,0.657147028816
72161,4,47.7605490341,0.563670508119
72165,9,48.0861652592,0.412614616268
72166,1,48.0211923594,-0.0846933792818
72168,36,47.9976308821,-0.138237768355
72169,2,47.9412506296,0.0485514721049
72172,12,48.0800184955,0.596928704808
72173,1,47.7177033077,0.391455867565
72175,13,47.7038880653,0.0953882403778
72176,59,47.6542548485,0.150109969187
72179,8,47.8125544281,-0.0874543104248
72180,134,48.3545313197,0.370783494811
72181,5106,47.9885256718,0.200030493539
72182,20,47.7413528401,0.133663213026
72183,2,47.7050367685,0.526673141254
72184,1,47.980608006,-0.17895750019
72186,1,48.2055808859,0.149447281517
72187,1,47.8180439053,0.352157158687
72189,44,48.2539587745,0.320191786224
72190,1,47.9174702503,0.793391671769
72191,31,47.7642409399,0.279819645077
72194,1,48.237234129,0.201724875518
72195,5,47.8295768885,-0.0158831127316
72197,2,48.1562672241,0.0477555800744
72198,15,48.0667169973,0.135919277684
72200,10,47.8982351133,0.196356138911
72208,5,48.1072506737,0.771306974355
72212,1,48.3735152031,-0.0131921167118
72213,51,47.9186376268,0.244158355853
72215,15,48.3875624138,0.245183264636
72217,11,48.0756439927,0.214405547448
72220,9,48.2395023122,0.503482769952
72223,18,47.8589974473,-0.100335586338
72228,9,47.8213588323,-0.193405753909
72231,117,47.9315338021,0.371756176736
72237,1,47.9103473581,-0.0897163271202
72239,1,47.9162913627,-0.271498760066
72241,31,48.0577881474,0.402183285649
72243,15,47.7590113873,0.199384022474
72244,28,47.7644010028,-0.318024755467
72247,1,47.9926394002,0.10552280267
72253,20,47.8935298702,0.0716892654727
72257,25,48.0005070104,0.142249684917
72260,63,47.9430727058,0.266049763098
72262,34,47.7854221078,0.618393311988
72264,264,47.8378265007,-0.354705885665
72269,109,47.9250578354,0.747660967628
72275,4,48.0774289474,0.342197463189
72276,15,48.2744377482,0.457973879241
72278,4,48.0311233627,-0.275648536634
72280,23,47.9720668662,0.101201029384
72281,1,48.1996205131,0.523209464167
72283,2,47.6279897995,0.286031290683
72287,2,47.8700687155,0.200309682523
72289,30,48.138410724,0.158484582373
72290,3,48.158356786,0.121471172036
72293,6,47.8649273014,-0.0337210880136
72295,1,48.3534054858,0.336993327744
72296,4,48.1092450135,0.652363595226
72299,13,47.8696754844,0.342695139915
72300,8,48.0174931387,0.378790037048
72302,1,48.1512082085,0.597953696239
72308,4,48.4136370812,0.114907308448
72310,6,48.0410090578,0.194891549504
72314,1,47.7963803238,0.50839859976
72315,4,48.1814893411,-0.102928256564
72316,1,48.321786609,0.382928882455
72320,264,48.0593049019,0.172849807382
72323,1,48.3169882456,0.0374842816825
72326,1,48.3259873984,0.288443058218
72328,38,48.0418982247,0.247286439875
72329,63,48.0834488074,0.287812838107
72331,3,48.1011260781,0.580759685853
72333,1,48.0214150215,0.672345988795
72334,59,48.1864769196,-0.132591918679
72335,1,48.1062934505,0.34906675752
72336,23,47.8443845125,-0.280679742039
72337,12,48.3147256299,-0.0444490879879
72344,13,47.9251136777,0.151021420961
72346,49,47.8772923207,0.0251444644642
72350,11,47.8904177884,0.278475546841
72351,4,48.1097279005,-0.0864881845663
72356,9,47.7646608356,0.462066578914
72357,1,47.6661683505,0.0339317804074
72358,34,48.0297154005,0.519874230361
72360,2,48.0291229026,0.115747157927
72363,13,48.120886565,0.50838049197
72364,15,47.6723014522,0.315373744758
72367,10,47.9595693292,-0.0842449217262
72370,2,48.1820114335,0.0183634956199
72373,32,48.0480142116,0.739798488483
72377,7,47.7570761042,-0.104784379095
72382,2,47.9518684826,0.470224737802
72385,10,47.8344620716,0.159510178703
72386,45,48.0234127838,0.282137902604
73003,42,45.5198646844,6.51470725301
73004,1,45.6088639529,6.08868598171
73006,61,45.5525768932,6.61836974596
73007,17,45.5733792643,6.257350927
73008,1129,45.6978541675,5.90388626955
73010,52,45.789988746,5.93731067789
73011,914,45.6683987277,6.40460338643
73012,1,45.2391859578,6.35812756812
73013,3,45.1885296943,6.33989973257
73015,21,45.3697146214,6.58767852898
73018,2,45.510931197,6.07455521712
73022,3,45.5141356972,5.77930411133
73023,3,45.2550275097,6.72903201851
73024,4,45.4607199042,6.44362178612
73026,1,45.1781016318,6.74676532189
73027,2,45.5715140758,5.74945889695
73029,64,45.5520596872,5.93925556329
73030,39,45.5699721228,5.98303026413
73031,520,45.5810128911,5.93865967351
73032,37,45.6383854539,6.4735036135
73033,3,45.4819870888,5.7703646358
73034,38,45.6857270362,6.6034275098
73036,4,45.7380105012,6.14458814234
73039,6,45.5651185204,5.6763421885
73042,1,45.7192241812,5.81460064999
73043,15,45.759099279,5.91593169517
73047,1,45.3858269371,7.09178979521
73051,144,45.6441486088,5.84622475132
73053,13,45.552915929,6.24666170942
73054,308,45.6647980545,6.76637903907
73055,41,45.4621455547,6.65092707324
73057,52,45.4538077442,6.56840188785
73058,25,45.5299612439,5.73849540904
73059,33,45.7395213661,5.88235600157
73064,610,45.5493464648,5.98357559058
73065,3567,45.583182552,5.90903392417
73067,35,45.3669668762,6.29360957589
73068,1,45.5652468191,6.20689994252
73069,9,45.5341655971,6.21788663815
73071,3,45.450515364,6.77846464114
73079,1,45.5473788658,6.18096637147
73081,21,45.6813038277,6.12957262483
73082,1,45.4931434452,6.06652812144
73084,2,45.5235808519,6.0136049327
73085,36,45.8127166804,5.8446052441
73087,149,45.5594810193,5.89180815798
73089,15,45.5259224168,6.13092024983
73094,4,45.7896752359,6.51608069874
73096,1,45.5313034202,6.09302638614
73097,5,45.5594547086,6.01073450691
73098,3,45.6408440768,5.99604230711
73100,13,45.5371179998,5.70221062208
73103,72,45.6612110951,5.93781427031
73105,33,45.4514870099,5.74305650824
73107,36,45.4619276502,5.88514501859
73109,7,45.4524759546,6.32466741894
73110,13,45.6265663308,6.41875161664
73114,30,45.8347717729,6.52972144353
73116,4,45.2460484635,6.28249903846
73117,22,45.1790051314,6.63768399812
73120,1,45.5925212338,6.20927183971
73121,51,45.6328915156,6.31143524397
73124,39,45.653102038,6.3498533574
73128,203,45.7239088376,5.9343072349
73129,14,45.6009706105,6.24611530229
73130,14,45.6421717118,6.38372169869
73132,11,45.7639265553,6.61481598841
73137,26,45.5515613333,5.9173220983
73140,1,45.7366415454,5.80069130287
73141,1,45.4540504149,6.03226580276
73142,4,45.5639247765,6.76248697474
73146,23,45.7071042341,6.10303709808
73150,19,45.5224407762,6.69359362189
73151,137,45.4923770493,5.9922950202
73152,3,45.6148555738,5.77861801494
73153,6,45.7320735425,6.39451957192
73154,17,45.688171193,6.34436944153
73155,13,45.6368213368,5.93473047597
73157,60,45.1746302833,6.64849495084
73160,5,45.5238690773,5.91074621005
73162,4,45.6193039756,6.26617322454
73164,11,45.7093447772,5.9904850832
73171,120,45.5084437218,6.05560369254
73173,1,45.2148500671,6.40795019067
73176,9,45.633431524,6.87462366552
73179,211,45.6011711771,5.85409653786
73180,1,45.9187981352,5.84467711779
73181,197,45.4857466628,6.53657755978
73182,36,45.6795438416,5.94799104168
73183,2,45.5187852164,5.97843784098
73184,3,45.5854575397,5.80295380926
73186,3,45.7951588236,6.55684529691
73187,20,45.5274218608,6.46078348062
73188,7,45.6133297459,6.35632585882
73189,1,45.3752065363,6.3094948961
73191,47,45.5883066651,5.77193430721
73197,7,45.5103194255,6.81520574462
73204,81,45.5356435604,5.68142349925
73206,11,45.3498188353,6.72039060964
73207,1,45.4415501506,6.16915940279
73208,1,45.6923319762,5.95516143969
73211,1,45.7071867017,6.46543980324
73212,30,45.5440801099,6.32788266521
73213,156,45.5561328197,5.9602608047
73215,84,45.4592334902,6.11216246274
73218,8,45.8514912091,5.84328531384
73219,13,45.5515817863,5.77939233212
73222,260,45.5881109422,5.95790977715
73224,3,45.3494291274,6.3154898666
73225,69,45.529906626,5.94584830837
73226,2,45.5067164494,5.72513692798
73227,37,45.389507146,6.64742719024
73231,12,45.3456004794,6.25994599551
73232,7,45.5842289817,6.94134524499
73235,3,45.4121018734,6.37380621288
73236,32,45.5958143287,5.65587988646
73241,14,45.6022927013,6.32652357893
73242,2,45.1659803652,6.27215759113
73243,11,45.5971514646,5.99104015513
73245,3,45.6954877529,5.82649490929
73246,1,45.4651808602,5.81381473016
73247,5,45.5593907603,6.11977721306
73248,369,45.2713738871,6.34553663978
73249,22,45.5330568499,5.9893051936
73250,6,45.2803881732,6.41769086937
73252,1,45.4399186872,6.26351735583
73254,1,45.5945348192,5.71473062116
73255,10,45.3192133197,6.29393151953
73257,44,45.334431769,6.51686943075
73259,4,45.3722651224,6.32262500896
73261,39,45.2382472621,6.49342053727
73263,3,45.7387543881,6.01018266121
73265,5,45.7555682291,5.98099167623
73270,77,45.5763259398,6.1598571367
73272,3,45.4537564041,6.25884593711
73273,5,45.7654977445,5.82887775721
73274,2,45.4183046433,5.87969833573
73275,2,45.461398048,5.75910376857
73278,4,45.3879084612,6.23781210409
73280,7,45.2010658466,6.20188332139
73281,2,45.5644614056,5.84464359287
73282,8,45.4944443083,5.8322579118
73283,14,45.6265051509,6.30021225205
73284,7,45.4717964236,6.5301880554
73285,14,45.6478054905,6.83575624707
73286,1,45.8813588205,5.84299329456
73288,4,45.6194864843,5.9172882002
73290,21,45.3441528771,6.84789108583
73292,1,45.7176908375,6.38685541448
73293,2,45.598757543,6.04432776786
73296,28,45.4816828491,6.93635513554
73297,15,45.637794827,6.32739261169
73300,68,45.6743249574,5.88968226158
73301,6,45.7047065922,5.96859856205
73303,85,45.7718876928,6.43266345275
73304,27,45.4310113935,6.99852444032
73306,13,45.1233680911,6.42400790634
73307,3,45.152061815,6.50820802644
73308,4,45.6870981041,6.41810661947
73310,1,45.6213269536,5.95297759397
73312,2,45.6626779644,6.29022565576
73314,1,45.5142759171,6.1391908576
73317,3,45.727682272,6.51866371768
73318,4,45.2399528685,6.2643037706
73322,1,45.2189045152,6.69172081742
73323,1,45.5575226371,6.86910255537
73326,4,45.5387653179,5.85041519179
73328,39,45.6502423808,5.89790868543
73329,22,45.6271741926,5.89111432564
73330,60,45.7020470491,5.7646557504
74001,17,46.2661080816,6.7321620538
74002,64,45.8156435779,6.01581486858
74003,4,45.8806920223,6.23633769093
74005,51,46.333709028,6.46512142751
74006,46,46.000527699,6.10482048689
74007,20,46.0728257803,6.33057376854
74008,85,46.1961567042,6.22429975401
74009,2,46.0702115695,6.0710017836
74010,3278,45.8906432566,6.12551773598
74012,829,46.1909730986,6.24250704322
74013,48,46.3530564511,6.42748586139
74014,23,46.0302694516,6.66062068121
74016,26,46.1222282115,6.13971386615
74018,11,46.0981343308,6.3386699894
74019,432,45.9472669174,6.14837081563
74020,9,46.3523619359,6.51159949942
74021,20,46.1606681382,6.26878505458
74024,7,46.0869924496,6.44601645014
74025,3,46.2932587435,6.34400093687
74026,53,45.9698450968,6.04498278395
74031,21,46.0976635697,6.12074518078
74032,2,46.2276019394,6.55285416418
74033,10,46.3566554818,6.69898825662
74034,4,46.2728593658,6.64024071432
74036,14,45.8655021029,6.22227398882
74037,39,46.2188768633,6.38530552261
74038,8,46.194241107,6.43929186038
74040,41,46.1718364348,6.31931310923
74042,252,46.0739003968,6.40868532191
74043,69,46.2631816283,6.36089776128
74044,3,46.1500584591,6.17275446607
74048,8,46.2692786912,6.39437723207
74050,2,46.2324473826,6.42604409853
74051,1,46.021660163,6.04815697534
74053,9,46.28114425,6.44750930568
74056,182,45.9309819111,6.92360096711
74057,5,46.3715803084,6.55369978172
74058,6,46.3009535709,6.79280453698
74062,14,45.9825276436,6.15767160259
74063,9,46.2490325973,6.81712790779
74064,9,46.0893520244,6.57817291187
74065,4,46.044949243,5.94515955142
74067,68,45.8844744691,6.05040184575
74068,22,46.0499479891,5.858890983
74069,7,46.1028404412,5.9906719812
74070,12,46.3104075076,6.26773142669
74074,2,46.1120536918,5.91128750728
74075,1,45.9892543857,5.95663892885
74076,3,45.9970301608,6.05417234636
74077,2,46.074723886,5.89580535006
74080,28,45.9001389505,6.46031714364
74081,480,46.0631088613,6.57892080059
74082,45,46.1362755824,6.16071125763
74083,40,45.8910313929,6.63687678944
74085,15,45.7888971555,6.73152876295
74087,1131,46.1334593706,6.33869457098
74088,1,46.0442257211,6.0703860483
74089,2,45.909121538,6.56940992155
74090,8,46.0897408945,6.29193924963
74094,43,46.1974383697,6.30389958032
74096,109,46.0362105004,6.11527700259
74097,25,45.7584929074,6.0333103006
74098,3,45.9769889587,6.10863397469
74099,1,45.8739226707,6.6331062739
74102,3,45.9289752964,6.25044685082
74103,19,45.9071921608,6.66391720268
74104,48,45.7709274033,6.22183215069
74105,123,46.3063459721,6.29894207485
74108,10,45.8204516691,6.19524357933
74112,2375,45.9440370403,6.08226977374
74116,13,46.060819717,6.26988707785
74117,2,45.8924317262,6.0079458329
74118,12,46.1698202877,6.20839249952
74119,286,46.3924102379,6.58612507528
74121,2,46.3467214365,6.34122172541
74122,2,46.1164159018,6.36907611887
74123,176,45.749197611,6.2852126691
74124,5,46.1104409048,6.07310572582
74126,1,46.2708634498,6.42354470529
74127,2,46.3490789194,6.5652955969
74128,33,46.1661884948,6.35020094115
74131,54,46.0231025542,5.92267414864
74133,118,46.1818085953,6.20707666644
74134,17,46.1542288253,6.66014566051
74135,19,45.7384038811,6.24575065655
74136,25,45.9562174482,6.47641784295
74137,47,46.0176333128,6.17496504174
74138,19,45.7831959946,6.06312063481
74140,6,46.2555235551,6.47324374853
74141,4,45.9053969154,5.97847450903
74142,12,45.791943752,6.01056501234
74143,45,45.8968732063,6.8000932715
74145,2,46.2159934836,6.2901767957
74146,19,46.369808059,6.58783064485
74147,3,45.7732607321,6.19555768621
74150,2,46.2802184824,6.30399000794
74152,5,45.9038439081,6.03434039234
74153,1,46.1940296525,6.32983573974
74154,24,46.3933090904,6.67397267401
74155,28,46.2792006557,6.51041633979
74156,1,46.2927550589,6.40876638382
74157,14,46.3337086128,6.52037884691
74158,18,46.2555120151,6.32281411543
74159,34,46.0010482843,6.63346275001
74160,3,45.850295364,6.40113588124
74161,13,45.8707666438,5.99966381928
74162,6,46.1452555386,6.35771780068
74163,7,46.3315818048,6.42253424763
74164,74,46.0950289167,6.4944693169
74165,1,45.8298777839,5.98423746783
74166,14,46.374432028,6.52367394025
74167,3,45.7653898846,6.35142628779
74169,56,46.0518903759,6.5224156191
74170,4,45.8267941245,5.91585359049
74171,6,46.3230559823,6.32549950668
74172,3,46.393993609,6.6339170176
74173,67,45.8401573581,6.62348394015
74176,17,45.8653434236,6.19371720419
74178,1,45.9618992174,5.93569269941
74179,1,45.9864538672,6.00616944554
74180,14,46.3456509574,6.29932822194
74183,15,46.1453438048,6.53345961052
74184,5,46.0551645606,5.99089024403
74185,43,46.1525800446,6.21241233878
74186,3,45.8589669749,6.04681935916
74188,5,46.2066444762,6.74359316824
74189,13,46.0351333935,6.47990420928
74190,13,46.0632390772,6.67318237741
74191,46,46.1732135057,6.74252144427
74194,3,45.8062692849,6.03921790944
74195,3,46.014191585,5.95578712285
74196,1,46.0239034674,6.57403286211
74197,87,46.1500146903,6.30645788987
74198,2,45.9320249832,6.19716046431
74200,28,46.3921186949,6.60933233238
74201,2,46.118085274,6.10360630627
74205,2,46.1816924284,6.49869806571
74206,4,46.3132216712,6.50123814187
74208,159,45.9545838758,6.74056895873
74209,4,46.1323903269,6.38235648259
74210,25,46.3062097696,6.43566112571
74211,16,46.1018355447,6.25852776575
74212,4,45.9971884762,6.3914422283
74213,144,45.9189291023,6.06312526002
74215,31,45.8273830963,6.58013212731
74216,2,46.0850070124,6.09107599342
74218,75,46.3896985259,6.54164965422
74219,16,45.8329607054,6.09119171062
74220,98,46.1353479879,6.26126122824
74223,2,46.0896743627,6.63334619957
74224,532,46.0431484138,6.30107653595
74225,389,45.8555126651,5.94075287432
74229,47,46.2308494715,6.32552147286
74233,39,45.8078414616,5.97720329575
74234,3,45.7833203062,6.30718276137
74236,90,45.8571864862,6.74016257718
74237,12,46.3882088835,6.77810230849
74238,38,46.2278739142,6.66076731793
74239,25,45.9242802891,6.40961538858
74241,32,46.1392092512,6.46500057209
74242,110,45.822898265,6.14963663908
74243,836,46.139365545,6.07881171095
74249,28,46.3693047939,6.63664025494
74250,67,46.063686335,6.37244945345
74252,1,46.0753265855,6.61651398785
74254,2,45.8403822562,6.01327128168
74255,12,45.8821225736,5.96006746807
74256,924,45.9468155788,6.60711053078
74257,8,46.0029977511,5.99114541965
74258,27,46.0878467821,6.74329361493
74261,1,46.2447795601,6.40325461428
74263,44,46.3247332955,6.38071834154
74264,84,46.0486254419,6.54669166581
74266,3,45.9454311308,6.78543826857
74267,130,45.8555012829,6.13806338899
74269,27,45.959506245,5.8529871085
74272,77,45.9489088866,6.02753426428
74273,3,46.0542010133,6.81232553172
74275,9,45.8357923857,6.23052089871
74276,69,46.1265071577,6.60770716363
74278,81,46.0881937629,6.53665081936
74279,4,46.3828568354,6.7291180359
74280,137,45.8852613668,6.31953220709
74281,1478,46.3704258049,6.48194336071
74282,98,45.9923733891,6.28837579239
74284,68,46.1336564558,6.43183287509
74285,2,46.0141101531,5.85064952145
74286,13,46.3228440674,6.7065933809
74287,3,46.2936006568,6.55263148753
74288,44,46.1152145208,5.97022697234
74289,26,45.9052695634,5.94190689609
74292,4,45.9255788911,5.99894217943
74293,33,46.2703256602,6.26781250084
74294,14,46.1211763071,6.68814243155
74296,1,46.088423154,6.02493398653
74298,165,46.1810228514,6.26266311995
74299,44,45.8857432709,6.17657908258
74301,8,46.2123462222,6.450248937
74303,120,45.9532681771,6.20133049908
74304,1,46.1451320833,6.42263248025
74305,196,46.2044481273,6.26056985125
74306,1,46.0442515744,6.15921118422
74307,3,46.0004341516,6.13625958374
74308,14,46.3449767077,6.61043449085
74309,49,46.1193528783,6.02496587452
74310,7,45.8113073621,6.07554631236
74311,72,46.1640902035,6.4072679008
74312,6,46.066690083,6.48527967486
74314,1,46.1094500847,5.9361888099
74315,1,46.3635082871,6.33214094024
75101,847,48.8626304852,2.33629344655
75102,3449,48.8679033789,2.34410716666
75103,692,48.8630541318,2.35936105897
75104,1529,48.854228282,2.35736193814
75105,3008,48.8445086596,2.34985938556
75106,1553,48.8489680919,2.33267089859
75107,1595,48.8560825982,2.31243868773
75108,5145,48.8725272666,2.31258256042
75109,2544,48.8768961624,2.33746024139
75110,6479,48.8760285569,2.36111290456
75111,3152,48.8594154976,2.37874106024
75112,7964,48.8351562307,2.41980703497
75113,10211,48.8287176845,2.36246822852
75114,10243,48.8289932116,2.32710088326
75115,14830,48.8401554186,2.29355937244
75116,3863,48.8603987604,2.2620995594
75117,3459,48.8873371665,2.30748555949
75118,5069,48.8927350746,2.34871193387
75119,5863,48.886868623,2.38469432787
75120,4564,48.8631867774,2.40081982673
76001,8,49.5946409573,0.665436022637
76004,2,49.8584810142,0.983755211163
76005,17,49.4044285564,1.12471250441
76007,1,49.5695149287,1.06535432644
76013,4,49.7681060505,0.501685271986
76014,18,49.5867004346,0.292626408663
76015,1,49.8336959193,0.798984210018
76018,24,49.7084832857,0.966266484682
76019,5,49.8386907699,1.09303231826
76020,3,49.450044528,0.891983658071
76024,1,49.7409130486,1.27312376104
76025,1,49.5459280867,1.52572338915
76026,35,49.8821767195,1.1367858461
76030,12,49.847513728,1.12124254365
76034,36,49.7124656757,1.11303892505
76035,59,49.7693741515,1.7549467172
76036,1,49.8306826854,1.03085104326
76040,6,49.7958346368,0.854290024951
76041,2,49.6553610045,0.7278467274
76043,2,49.6013719702,0.733647175328
76051,43,49.7964859103,1.0104212782
76057,252,49.5454370326,0.957011967644
76067,1,49.484261541,1.58305968488
76068,1,49.7046190137,0.449001538554
76069,39,49.3848813848,1.13840658151
76070,5,49.7178549713,1.23609035774
76082,2,49.6223112672,0.4774389585
76090,4,49.5921780115,0.421311300104
76100,20,49.504416715,1.29186032794
76101,46,49.9167725576,1.62061411438
76103,68,49.4260269307,1.12943386715
76107,1,49.5402657888,1.41428149817
76108,1269,49.4717615714,1.12022637351
76110,2,49.5806871028,0.691431007204
76111,5,49.4524985039,1.25560190393
76114,150,49.5754807674,0.484404802201
76116,58,49.3807198893,1.20294822782
76120,1,49.6049218358,1.40929431923
76123,1,49.5411821523,1.12523035635
76124,2,49.452101199,1.64984225358
76125,37,49.6217325927,1.18584148284
76128,3,49.7629078501,0.684228513933
76131,1,49.3502404856,0.933749684958
76133,7,49.8702714225,0.892619905742
76135,4,49.5571157424,0.894771210458
76136,1,49.8165894771,0.948902356331
76141,18,49.6258979789,0.403765077716
76143,23,49.6653391098,0.385967145097
76146,68,49.5894942474,1.35094714044
76152,16,49.5861650281,1.22979848856
76157,238,49.4330992435,1.01355208279
76159,80,49.7754431249,0.633291896241
76164,56,49.5305126235,0.734830682082
76165,111,49.2820542128,1.02549551616
76166,2,49.7755550599,1.59259694221
76167,1,49.593844191,0.144981167051
76169,3,49.4885084321,0.415722968132
76172,1,49.8577948391,0.845890538309
76178,78,49.316254089,1.03978678909
76179,20,49.5912266795,1.10310854217
76192,22,50.0191932623,1.32368263071
76196,77,49.6368976314,0.267256823933
76197,2,49.7816615167,1.07572750232
76198,1,49.6716824681,0.849708916197
76200,1,49.6148645766,1.24444787117
76201,23,49.4594753468,1.40681724244
76203,1,49.5978176144,0.837058838818
76209,2,49.5345937963,1.66314096949
76210,1,49.857280446,1.2036925117
76212,179,49.4445058359,1.15546994024
76216,82,49.4661147987,1.0514305734
76217,1430,49.9222503951,1.08681168449
76219,30,49.7304839462,0.786724721323
76222,60,49.4889814343,0.866671652498
76224,3,49.646391607,0.313116494786
76231,1023,49.2767979948,0.997154590875
76235,31,49.8982838543,1.26348988955
76236,1,49.6585527629,0.670389261558
76237,1,49.5253630622,0.835855173599
76238,45,49.5632255927,0.23002991813
76240,2,49.7051644136,0.367872929537
76245,5,49.5475542482,1.04647568612
76250,4,49.5667402554,0.309275010904
76252,8,50.0327111921,1.389654721
76254,22,49.704733151,0.205304793744
76255,183,50.0413268784,1.42861757801
76258,44,49.6570851688,0.584829133473
76259,621,49.7523245306,0.395297587433
76260,11,49.4862193398,1.75819614475
76263,23,49.4651776839,1.52122263632
76266,1,50.0348687665,1.36482281726
76270,24,49.5385360743,0.14056810162
76271,18,49.5707934376,1.15722862543
76272,15,49.8141727455,0.845673532596
76273,1,49.485549107,1.16858781468
76275,2,49.5698530615,0.178104990731
76276,94,49.6117853364,1.53278752911
76278,31,49.8482534794,1.56380958774
76281,16,49.5208360056,0.573461077843
76282,8,49.3080967515,1.06803487468
76285,1,49.4137813639,1.29661509425
76287,1,49.5624935908,1.01177567927
76289,14,49.5651631452,0.833069408864
76291,1,49.7150765853,0.335597363106
76294,2,49.8380148051,0.864208798219
76295,21,49.6566343122,1.62674922737
76296,18,49.5177433404,0.255469072963
76302,52,49.6443271273,0.355221850128
76303,1,49.5524260707,0.359596092306
76305,90,49.4860837457,0.221985693724
76307,19,49.6315125266,0.213546027187
76312,131,49.4798020531,1.71814645212
76314,1,49.5816594783,0.333991745798
76315,20,49.7452374787,0.643304678405
76319,104,49.3483816966,1.00477486737
76320,3,49.916822702,1.48528084939
76321,23,49.7714742554,1.2346289662
76322,258,49.4093798045,1.03999262153
76325,1,49.6614794296,0.828880907854
76329,33,49.5497174771,0.513926540518
76330,3,49.8224015028,0.891150990801
76331,68,49.6181524638,1.10616826798
76341,162,49.5138279275,0.197050317901
76342,1,49.6542985352,0.539027769372
76349,13,49.902417401,1.04064541491
76351,3726,49.498452502,0.140153719153
76354,1,49.4750504907,0.951322211324
76355,41,49.6945647132,0.703298734705
76362,1,49.4532160211,0.801910726458
76363,14,49.8719141783,1.69787362739
76364,2,49.5365103437,1.58849427798
76366,37,49.5109862944,1.03670151831
76367,20,49.5041147644,1.08923677261
76371,1,49.8886770741,1.3968082009
76372,1,49.7454018898,1.64586609284
76373,4,49.7139469343,0.943139932504
76374,4,50.0051595609,1.49981533136
76377,119,49.5022552878,1.14531230443
76378,3,49.427073553,0.831659847193
76384,330,49.5087332809,0.534041811072
76385,22,49.6085021543,0.923810554768
76386,12,49.6872515704,0.50230406905
76390,5,49.6976413785,0.284739023894
76391,7,49.323828876,0.920341905232
76392,27,49.8411738829,1.39635078372
76395,4,49.8832005078,0.947742535975
76397,13,49.7957426692,1.10718815906
76399,1,49.7722779599,1.44769701931
76400,38,49.8227333447,0.917982419678
76401,12,49.4463462348,0.753460847099
76402,86,49.5254991004,1.04877574012
76404,3,49.5667618934,0.256787917963
76408,1,49.6116014086,0.347552661099
76409,7,49.5956720647,0.175390225182
76410,160,49.4769434634,1.03230514083
76411,1,49.7798349093,1.68296751108
76412,1,49.451874767,1.29465075499
76414,95,49.9099813153,1.13201319892
76418,1,49.5547380946,0.708077197955
76421,3,49.539757869,0.436022183281
76424,2,49.7609797714,1.48093299574
76425,1,49.6915078139,0.40951682007
76429,163,49.4135236522,1.14513058262
76434,1,49.3972282851,1.27517747043
76435,3,49.9716669882,1.44085369152
76442,1,49.9926780546,1.45920994382
76443,19,49.5711050563,1.11398307831
76446,8,49.4586828943,0.997604647989
76447,1455,49.5442665298,0.190325264974
76448,23,49.4093538356,1.24612086223
76450,10,49.4316501805,1.66162368177
76451,549,49.4676577166,1.08169720921
76452,109,49.5460164645,1.0819460987
76453,4,49.5199542797,1.25089069783
76457,5,49.3430951193,0.957923849124
76462,204,49.7402537882,1.44657170543
76463,1,49.4223226363,1.69282497893
76464,1,49.3692279184,1.2498939606
76465,1,49.7113993186,1.45364357181
76467,24,49.8235682474,0.71056171755
76468,9,49.5978442384,0.472716239885
76474,88,49.4876258547,1.05409073617
76475,91,49.4038906151,1.18265367249
76476,87,49.4895859593,0.572888177014
76481,79,49.558902232,0.11790804118
76482,46,49.8711707003,1.03537309213
76484,115,49.3477840873,1.07400763141
76485,9,49.7907329666,1.04880121771
76490,6,49.7327387861,0.598993581488
76492,16,49.8737511428,0.982537676244
76493,8,49.8443584396,0.630759269257
76494,1,49.5859076954,0.388286306471
76495,85,49.5758967466,0.947253796709
76497,36,49.3807622557,1.03422612047
76498,270,49.4238134718,1.06033289032
76499,4,49.4542024159,0.583953309592
76502,1,49.5403359016,1.2537667625
76503,8,49.5338000532,1.00170847725
76506,3,49.7348985636,1.30505361857
76508,1,49.6783628089,0.178454970928
76509,10,49.4871501461,1.2158124042
76514,24,49.3544551622,1.18963435666
76517,44,49.5206144276,1.17779386986
76520,3,49.8604223248,1.62066205643
76522,1,49.5259669302,0.409930940139
76533,12,49.4857634739,0.25945469871
76534,8,49.5787455388,0.211169186328
76536,12,49.4643888008,1.18206780001
76540,8399,49.4413460103,1.09256784278
76541,33,49.507884098,0.968583908754
76545,2,49.8998914455,1.09967062889
76548,20,49.4733163015,1.33609831586
76550,6,49.3668117102,0.948721197736
76551,4,49.5524608595,0.292951344544
76552,89,49.5101291317,0.0779770948409
76555,2,49.5489369036,1.22162496884
76557,4,49.5366520246,0.677043533438
76558,1,49.3755064036,1.16040863034
76560,3,49.4189460634,1.20455713453
76561,130,49.3031255022,1.01820601482
76562,1,49.8678815711,1.17642488577
76565,199,49.8824960547,1.07805397506
76570,41,49.7741307345,1.11128726278
76571,1,49.5629394597,1.34092504963
76572,1,49.8632761964,0.943153726353
76573,2,49.4593462802,1.35296066774
76575,235,49.3814944369,1.08976892912
76586,2,49.5728995947,0.370560315612
76591,42,49.4457877857,1.20822620847
76593,1,49.5749733786,0.428297913723
76594,18,49.4997223949,1.01068314715
76595,11,49.6388529108,0.17807226777
76596,1,49.5325966653,0.269281714398
76597,9,49.74310061,0.887020117235
76599,39,49.4299525675,1.16347791437
76600,22,49.7321818322,0.341907614977
76605,1,49.9065952849,0.955245965887
76608,13,49.5122889935,0.821700775963
76609,1,49.6652973868,0.204761684966
76610,23,49.6259386708,0.781814222098
76614,23,49.4445921802,0.962799831004
76615,24,49.6006687122,0.202278495789
76617,28,49.470396647,1.15533430797
76618,29,49.9614365259,1.21910748031
76621,1,49.6419438323,1.30112980694
76624,31,49.874204912,1.23753225509
76627,8,49.5142461624,0.469748142388
76634,2,49.3925053636,0.941378967074
76636,20,49.5016042328,0.923668432121
76637,4,49.8072086102,0.500314301045
76638,2,50.0107632796,1.43978370706
76640,53,49.2778967618,1.04793816865
76647,130,49.5286231796,0.363829451738
76648,68,49.6745670639,1.27720644287
76649,3,49.6816711457,1.48096971774
76650,2,49.6113638216,0.306191805081
76653,1,49.7575768119,0.722349348427
76655,96,49.85975403,0.70707488248
76656,7,49.664925198,1.1242184406
76657,4,49.4688378023,0.347654675669
76660,4,49.4777178239,0.301065445929
76663,12,49.7993640965,0.528771172239
76664,7,49.7829827981,0.690793795865
76666,4,49.5773305007,1.61490948438
76672,15,49.627931643,1.54524472331
76675,2,49.5915709945,1.03742775738
76680,1,49.7033186673,0.55523073972
76681,1454,49.4104887444,1.09509946531
76682,1,49.3172603768,1.11637971624
76683,1,49.8731818649,0.827643384885
76684,2,49.4813646581,0.451857547923
76685,1,49.7564638049,0.523235594162
76689,8,49.7197053682,0.518166306169
76690,2,49.8398223371,0.995926540193
76697,2,49.7943785758,1.17719285853
76700,30,49.6835299658,1.04261362963
76703,1,49.9919570086,1.32074809461
76705,82,49.3274627821,1.09185339831
76708,3,49.7368198759,0.43974783787
76709,97,49.4842765452,0.81921057836
76711,36,50.053376282,1.372617602
76715,2,49.584302439,0.60043974665
76716,14,49.6100649782,0.240595892185
76717,1,49.386140855,0.990005122021
76718,1,49.6169921785,0.710791599011
76719,21,49.7399725862,0.512635671839
76720,12,49.9033508402,0.996096920995
76721,3,49.6545398173,1.04295071603
76735,4,49.8667629374,0.78608035194
76738,1,49.5655818528,1.29487199478
76740,1,49.4963584129,1.24607289446
76743,3,49.5351967025,0.926845120481
76745,1,49.9413427521,1.45724552961
76748,5,49.8138689184,0.637304764748
76750,14,49.4569629192,0.827427548467
76751,11,49.630973351,0.53381785323
76752,41,49.6715515779,0.887001008089
76753,2,49.3472419057,1.16708645894
76754,6,49.7346149721,0.314361829499
76758,479,49.6175135557,0.761699633531
77001,5,48.348528561,2.56456686676
77002,9,48.7355504117,3.13534283623
77005,25,48.9223335323,2.70854622393
77006,31,48.4103383904,2.5610975271
77010,10,48.620275445,2.90287523402
77013,6,48.8488670481,3.08940930217
77014,279,48.4129699101,2.73351873997
77016,11,48.2233131664,2.70750970158
77018,75,48.8434284926,2.81665828126
77022,33,48.4485166396,2.60051335634
77027,13,48.1407704243,2.4920346913
77029,2,48.6420172822,2.86359124408
77030,2,48.8416858718,3.3240177722
77031,1,48.675289546,2.92952115165
77032,5,48.7072104391,3.24596468954
77033,1,48.6668121483,3.24024781081
77034,1,48.5601991238,2.79501080828
77037,131,48.476036197,2.70159529081
77038,3,48.523493031,2.6146358615
77039,21,48.5339084489,2.58950755763
77040,151,48.5119779126,2.56991909533
77042,20,48.8253832401,3.13705190167
77044,10,48.5678399041,2.86764154257
77045,6,48.1990049427,2.66712074887
77047,5,48.879071424,2.90787920973
77048,18,48.3352610776,2.70169993506
77049,1,48.9127981727,2.9292515848
77051,45,48.4145972795,3.24389965363
77052,1,48.5575023659,2.87972860182
77053,241,48.6920490316,2.6140606052
77055,239,48.8901616457,2.63989859744
77058,357,48.8308269318,2.7225014237
77059,2,48.8462454012,2.67900406868
77061,25,48.3640376731,2.99078667983
77062,2,48.9042186439,2.69939855845
77063,3,48.7964965898,2.97175354301
77065,8,48.4599875595,2.52531326233
77067,117,48.5647346588,2.59524476663
77069,13,48.4697661737,2.61164875379
77073,6,48.5273173873,3.31527496472
77075,2,48.8952645645,2.77324024955
77076,1,48.4901641224,3.25643675614
77078,30,48.9851781012,3.14218296932
77079,33,48.4093568314,2.8079339272
77082,5,48.5919791102,2.81118299659
77083,294,48.8483311726,2.59610325483
77084,1,48.9663532581,3.02513385587
77085,57,48.8577766033,2.74039391563
77086,8,48.5306744733,2.86286787769
77088,34,48.3159462288,2.56669707188
77095,17,48.9697818712,2.7560033506
77096,29,48.4942666127,2.71362181584
77099,40,48.1483667558,2.69970869665
77100,69,48.5016068676,2.80339101971
77106,4,48.8218818253,3.18099765766
77107,5,48.6671544898,2.84491273965
77108,545,48.883962967,2.59686448583
77109,12,48.6221074853,3.19218767904
77110,1,48.1650303616,2.65274445287
77111,122,48.8723310998,2.77039964715
77113,4,48.7336804794,3.19577502632
77114,34,48.7228150234,2.67680477981
77116,8,48.764988826,3.21324104844
77118,260,48.9429697515,2.67523211808
77121,33,48.827339231,2.67744722497
77122,189,48.657908631,2.57516916269
77123,6,48.9892298685,2.6561103822
77124,23,48.8575681036,2.71923246791
77125,8,48.8985882759,2.83639912671
77126,2,49.0125341698,2.97847858444
77127,254,48.6782857887,2.70838590882
77128,20,48.8816698375,2.86534000286
77131,607,48.8122991656,3.09124381847
77132,45,48.8855498316,2.79349218664
77135,2,48.6431647905,2.95363659912
77136,1,48.6799468611,2.74754781347
77139,41,48.9167295268,2.60299399479
77141,4,48.8533091691,2.8480997097
77142,73,48.8567446134,2.93331153745
77143,26,48.9776563538,2.87369096046
77144,1,48.7560531013,2.90716174383
77146,21,48.8167092612,2.65547869791
77147,2,48.5944942615,3.07093990033
77148,15,49.0867480473,3.07964633492
77152,226,48.5138338655,2.62854374259
77153,138,49.0541690491,2.67926104225
77155,28,48.8943626322,2.74598280906
77156,1,48.277038883,2.72843016047
77159,33,48.4778429138,3.11825735705
77161,11,48.3134232598,2.88922235899
77163,1,49.0618013972,2.88351463449
77164,2,48.4637199643,2.9295993076
77165,1,48.4956746939,2.8755286018
77168,17,48.1821285238,2.88437118271
77169,333,48.8197762376,2.60897006725
77171,56,48.9005636441,2.81238845063
77175,15,48.6536042911,2.63969411828
77176,20,48.7783722685,3.00021735955
77177,3,48.7803198731,2.76799621912
77178,2,48.2276874711,2.66412171118
77179,3,48.4651858687,2.80348330714
77180,282,48.7335952478,2.63893813128
77181,17,48.8200397561,2.70761245584
77182,89,48.7881786696,3.30423031275
77183,170,48.9540164057,3.12762174384
77185,5,48.4452091427,2.54053694793
77186,1025,48.4066856508,2.68031396389
77188,3,48.4842448988,2.76706354211
77192,82,48.697973344,2.86231363712
77196,8,48.9418117332,2.73978982468
77197,1,48.7063577233,3.20260750472
77199,3,48.939144787,2.94066585893
77202,1,48.3150277838,2.75296542795
77203,3,48.9859507813,2.95833193991
77208,3,48.4760442904,3.2968135463
77209,10,48.8584691866,2.69464360484
77210,19,48.3917544483,2.89831742058
77211,2,48.5823205697,2.97582475865
77214,6,48.9650099729,2.66440376724
77215,53,48.7495328893,2.72623578521
77216,7,48.3071221634,2.67742341915
77217,6,48.6844503585,2.67647246485
77219,11,48.8187519127,2.95160900564
77220,1,48.2597174707,2.55771818167
77221,3,48.8514207654,2.71246565476
77222,50,48.6358224167,2.80042109731
77224,13,48.7665435966,2.96358737497
77226,39,48.4418336444,2.7894248816
77229,3,48.756188625,2.86795216078
77232,2,48.9170644276,2.83057358355
77237,987,48.8311007596,2.76323402723
77238,40,48.9025410128,3.11280532504
77239,8,48.6642848062,3.13507230422
77240,7,48.7955034518,3.27252320756
77241,14,49.0216143315,2.70583283653
77242,2,48.4940082553,3.22666999554
77243,534,48.8730701858,2.70978081313
77245,1,48.4552750724,2.97557988604
77248,3,48.9152646344,2.79280740269
77249,61,48.7497182303,2.61583775274
77251,328,48.6259910244,2.54994732668
77252,1,48.6265916189,2.66952295413
77255,9,48.5051016281,2.68647821336
77257,23,49.0352062852,3.01893213028
77258,109,48.8332806021,2.63346363172
77259,20,49.0509695359,2.65542471026
77260,19,48.5144915649,3.23853264046
77261,22,48.2397310097,2.89648812918
77262,1,48.6145636708,3.48915109409
77264,1,48.719582466,2.95371291045
77265,8,48.9776259019,3.18079774595
77268,132,48.866827281,2.81442274783
77269,13,48.554015687,2.70614781441
77270,12,48.858937632,2.99380875199
77274,1,49.0370437307,2.88048254724
77275,2,48.6725110307,3.31659971579
77276,196,48.9236226268,2.86975697306
77277,12,48.7249445304,2.88847597866
77278,1,48.7741847386,3.16145494015
77279,9,48.3838863955,3.03202165862
77280,26,49.0154576269,3.0331378952
77281,4,48.7700152942,3.03854436652
77282,4,49.0288930356,2.57185471414
77284,1837,48.9570625667,2.90003097245
77285,113,48.5394588477,2.62902482677
77288,2132,48.5444723553,2.65795821917
77291,26,49.0161420137,2.59606893654
77293,2,48.3656144275,3.0952436577
77294,167,48.9779450158,2.61244465751
77296,97,48.6285851533,2.5960231045
77300,4,48.9434088877,2.99444163212
77301,2,48.6965479073,3.444463614
77302,11,48.2991784842,2.71237772012
77305,644,48.3898830911,2.96155479657
77306,2,48.5963121616,2.67243506612
77307,255,48.8682918937,2.74959681841
77309,33,49.0101085628,2.83291898468
77311,13,48.4543482078,3.05281640962
77312,31,48.3413324688,2.75094860085
77315,15,48.8859315574,2.82319777839
77316,147,48.365092921,2.81172585849
77317,41,48.5977701825,2.88204553613
77318,21,48.7828938577,2.90546822956
77320,21,48.8270896205,3.0508921508
77321,7,48.3959388077,3.22954318005
77322,26,49.0702568046,2.60754182712
77323,3,49.047876566,2.62361968974
77326,38,48.5821287279,2.54782852721
77327,96,48.554637282,3.00883892893
77329,26,48.2542947605,2.81304078481
77330,53,48.9285877665,2.8991405174
77333,486,48.2596067909,2.71107993087
77335,17,48.9719332783,2.83158634864
77336,154,48.7742365844,2.82602108151
77337,144,48.8460926469,2.61997100426
77339,4,48.3776889866,2.50874542385
77340,1,48.28866643,2.7739294965
77341,2,48.4518691045,3.34226623535
77343,1,49.0335795596,3.06016213237
77344,2,49.0705440359,2.8176701421
77347,9,48.4595788684,3.22503214094
77349,32,49.082725931,2.65422672381
77350,203,48.7635612396,2.67962508199
77352,2,48.6647166241,2.77681122892
77353,1,48.2409902344,2.85393444453
77354,9,48.4686137503,2.86415645196
77357,1,48.6467079831,3.07507507912
77358,1,48.9907877063,2.85773717283
77359,13,48.479730606,2.55038052003
77361,1,48.8973865093,3.03672367575
77363,13,48.9144329004,2.62838554691
77365,1,48.7130840275,3.03898703443
77371,8,48.8178723511,3.00613268677
77372,16,48.8867221487,2.67487662086
77373,512,48.7871411658,2.61407436985
77374,9,48.796292771,2.70744366503
77377,25,48.7132293584,2.73724881309
77378,22,48.5176600254,2.55002787016
77379,727,48.5633093312,3.28756780085
77380,1,49.0654141426,2.91537283877
77382,34,48.8993902334,2.87746538082
77384,16,48.6073931366,2.62398597049
77385,39,48.8579690039,3.23286797694
77386,1,48.3397926462,2.64268589454
77389,34,48.5068460173,2.65955941883
77390,292,48.7900855424,2.66122415764
77391,1,48.5914740007,3.28881979874
77393,48,48.6835473801,2.96386164436
77394,41,48.5646424027,2.68024008996
77397,11,48.9510388059,3.21708919555
77400,13,48.789144962,3.02887733096
77401,1,49.0030713082,3.1746031904
77402,1,48.8198934361,3.364501575
77403,4,48.5723421342,3.33441347649
77404,3,48.5343555436,3.25919071204
77405,8,48.9119288243,3.17472722013
77406,1,48.845087486,3.19932466379
77407,246,48.5390914714,2.52499710746
77409,6,48.4089652816,2.99481722359
77410,7,48.5862771914,2.70637166512
77413,31,48.8752580652,2.84028985019
77414,1,48.6289146411,3.25823552684
77415,14,48.9387834694,3.02695540228
77418,1,48.5369790408,3.21790168625
77419,13,48.3867865582,2.81899706389
77420,24,49.0387495499,2.69702650217
77425,4,48.4342403607,2.57483458282
77429,1,48.9068261671,3.20190542412
77430,18,49.0737570585,2.78794221143
77431,54,48.2646880491,2.66647381403
77432,1,48.8125459558,3.24204081614
77433,8,48.7643724711,3.05922570921
77435,3,48.4997072373,2.53411876201
77436,1,48.8045983956,3.19433416433
77437,23,49.0367930626,2.80251354691
77438,76,48.8637030584,2.67576810808
77439,5,48.4316639187,3.0194177211
77440,1,48.9415743758,3.07701664102
77441,19,48.4550515717,2.75291155262
77442,48,48.4200104372,2.76978734105
77445,236,48.5884785769,2.57373861268
77447,10,48.5514696661,2.55439654626
77448,1,48.940158615,3.10627084315
77449,447,48.844790279,2.78754866071
77450,45,48.7150535859,2.59164264543
77453,1,48.530887524,2.75615007071
77454,1,48.5188148305,3.15220326867
77455,5,48.645281445,2.70806809246
77458,38,48.186873445,2.74753245184
77459,12,48.5369434021,3.3628787539
77461,1,48.4916945564,3.17799318925
77463,42,48.4042073432,2.77997290314
77464,50,48.8918979999,2.7123703432
77465,2,48.2974586378,2.93972064778
77468,304,48.8532553496,2.65123227423
77469,4,48.7330599565,3.02878980311
77470,319,48.739865817,2.77820566994
77471,1,48.3433486346,2.45792608191
77475,44,48.958724925,2.9662410397
77477,14,48.3408766133,2.60035520757
77478,1,48.9665838811,3.08198151842
77479,161,48.8697812117,2.63565952774
77480,10,48.4462252242,2.89307139548
77482,74,48.3685393925,2.93052193046
77483,28,49.0058198768,2.92807790082
77485,3,48.3471336431,2.52187638095
77487,152,48.5245871061,2.69727154378
77489,6,48.2172127701,2.95608687154
77493,13,48.6370893938,2.8323243324
77494,29,48.4062374172,2.85382135685
77495,76,48.5711806547,2.62717330981
77498,2,48.9326287098,2.81578532754
77501,6,48.32726351,2.84591675983
77504,7,48.2716975707,2.86854814458
77506,6,48.303657213,2.82605774417
77508,19,48.8115357459,2.83836128857
77510,44,48.8124542945,2.79328879273
77511,1,49.0287050139,2.6367073967
77512,13,48.8731734921,3.33324327712
77513,30,48.9414484528,2.85149852192
77514,142,48.9419981883,2.61700200964
77516,6,48.3445385787,2.89832891808
77517,8,48.9117801079,2.66224807334
77518,13,48.495422077,2.60034178878
77519,5,48.6516910276,3.40775745476
77520,2,48.3144333448,2.6391835166
77521,2,48.8490884714,2.86879135984
77528,20,48.5701795365,2.66375881473
77529,1,48.8403121801,2.88971628574
77530,1,48.6116398027,3.3397616891
77531,27,48.2852061062,2.96998252338
77533,30,48.4316360223,2.7693476397
77534,6,48.6376060545,2.7689913079
78003,37,48.5283257707,1.85096499421
78005,238,48.9717990892,2.09003871824
78007,5,48.9008380509,2.0153630611
78010,7,48.9143168349,1.91476236453
78013,1,48.8882282833,1.81107773324
78015,120,48.9815454378,2.05025746939
78029,263,48.9626916321,1.84870251915
78030,11,48.6842952632,1.90243823035
78033,3,48.9291229778,1.84081525646
78034,1,48.8394911873,1.81898836973
78043,99,48.8366896896,2.08067809572
78048,11,48.8073241204,1.66749054563
78049,2,48.9318976597,1.87410045764
78050,1,48.7738475764,1.85242453244
78053,1,48.8324001775,1.72423748749
78057,2,49.0479974948,1.57232432462
78062,61,48.854444414,1.86989017513
78068,2,49.0407915695,1.48063662849
78073,175,48.8044185716,2.01911294303
78077,1,48.6898883767,1.66775518226
78084,2,48.8210401327,1.79753784845
78087,30,48.6181895067,2.0296290825
78089,61,49.0200145553,1.57058771832
78090,15,48.9605828143,1.8971510926
78092,64,48.8635986439,2.13760707765
78096,2,48.7543239729,1.65394025504
78104,32,48.9436009662,1.71471708447
78107,29,48.9549709174,1.54155385963
78108,1,48.7212410686,1.81639481084
78117,72,48.7718338876,2.12394286717
78118,60,48.9837019552,1.67436909003
78120,127,48.6245810321,1.98307952001
78123,98,48.9455638989,2.02913706544
78124,92,48.9119335064,2.17838235323
78125,3,48.6416446846,1.94488436228
78126,204,48.8469487124,2.13519126228
78128,19,48.6696344922,1.95970981041
78133,95,48.8960592796,2.03321565205
78138,34,48.9759961298,2.03199829577
78140,3,48.9681465305,1.9401229913
78143,5,48.7390044414,2.09509831044
78146,255,48.8965574645,2.15393458329
78152,18,48.8483573502,1.98288004519
78158,2285,48.8272397742,2.13014908209
78160,106,48.707150143,2.03714431459
78162,1,48.6739368242,2.01450641994
78163,2,48.8642006092,1.61682938801
78164,24,48.6167741818,1.90638035997
78165,152,48.8186406601,1.9840595554
78168,36,48.7497670046,1.91381870273
78171,18,48.7324954071,1.67372721841
78172,426,49.0001007823,2.0990719052
78185,2,48.8957168468,1.65941323514
78189,17,48.8822021619,1.921122695
78190,126,48.8787825592,2.13541164589
78192,8,48.9114065992,1.61781290103
78193,12,48.7037164037,1.97307941128
78194,2,48.7639707435,1.60896965722
78202,1,49.0519623345,1.76822079992
78206,33,48.9459356042,1.92004051912
78208,258,48.7781596518,1.96049898519
78209,1,48.5912443616,1.73390174623
78217,49,48.9471759683,1.81269584925
78220,81,48.716019265,1.8952517006
78224,25,48.8674116059,2.06048754387
78227,100,49.0172176913,1.94219313244
78230,1,48.9369496827,1.82537874212
78231,1,48.9448446994,1.64166996008
78233,28,48.8800880696,1.97983777956
78236,1,48.8551084372,1.74312032703
78238,47,48.9673692016,1.87272187331
78239,12,49.0229954846,1.70861078904
78242,102,48.8177984988,2.04662335413
78245,3,48.9610924482,1.64777778517
78255,31,49.0495054013,1.61035317023
78262,6,48.7975623096,1.79110153574
78263,22,48.7796089951,1.67651742335
78264,2,48.7565484282,1.72527322588
78265,12,48.8236041214,1.75831799114
78267,73,48.9931450718,1.81069376214
78269,62,48.6334275463,1.77758974594
78281,61,48.9235015144,1.76677229339
78283,2,48.7197572172,1.61429077254
78285,1,48.8328470856,1.60339390976
78289,4,48.7803262238,1.75722546892
78290,3,49.0153671856,1.64238528866
78291,12,48.9523717718,1.74080558769
78296,3,49.0075668772,1.77906463847
78297,384,48.7730783892,2.07605207737
78299,23,49.0109340921,1.88729984064
78305,1,48.9026044293,1.89020414118
78307,1,48.653842919,1.68849471188
78310,239,48.7988973157,1.59677099646
78311,272,48.9265781359,2.1874640255
78314,10,48.9869955946,1.7891449839
78317,5,49.0484754419,1.84836541189
78320,1,49.0353541387,1.53724970145
78321,83,48.7904544648,1.90784227893
78322,101,48.7661635434,2.16266396041
78325,1,48.9066083606,1.78398775719
78327,22,48.9999173467,1.84036602544
78329,3,49.0624169047,1.81689951894
78334,7,48.7266074685,1.93544246617
78335,100,48.9946438183,1.7398704848
78343,55,48.7624385138,2.13911723694
78346,9,48.9228573814,1.57947128882
78349,1,48.5741940135,1.99920343837
78350,119,48.8590188206,2.11364039022
78354,83,48.9681925896,1.68567158514
78356,78,48.7410207273,2.0519793397
78358,400,48.9523369002,2.15161594901
78361,1421,48.9981665392,1.69337806821
78362,131,48.9747939435,1.71205571778
78364,1,48.8642310591,1.82382085659
78367,38,48.8807836526,2.07668355901
78368,11,48.8886067884,1.87528129432
78372,192,48.865007453,2.09125004298
78380,122,48.9078548612,1.83959534526
78381,8,48.7839119459,1.61644019132
78382,20,48.998753885,2.05297771853
78383,238,48.7698393561,1.92404037065
78384,10,48.9548235398,1.98757804173
78389,30,48.7955470885,1.81994051826
78391,1,49.0370419554,1.62393586388
78396,57,48.9257999518,2.1221732386
78397,39,48.7402250614,1.96613835861
78398,17,48.754542649,1.83436184333
78401,609,49.0064171984,1.91317556338
78402,32,48.953428636,1.78287413415
78403,9,49.0032908553,1.86919580679
78406,40,48.7284642837,2.04661853944
78410,1,49.0682573401,1.66415011183
78415,2,48.8802024049,1.85246452448
78416,1,49.0489897377,1.82996135013
78418,451,48.9172263937,2.1399267913
78420,96,48.771347152,1.80894544858
78423,626,48.779658781,2.02952194549
78431,27,48.9343458176,1.94550312886
78437,2,49.0512755444,1.65045587517
78440,466,48.9888041078,1.91363448925
78442,37,48.8130997421,1.90470412718
78443,2,48.8151801039,1.85898101008
78444,1,48.935347635,1.54227113276
78451,1,48.9422397324,1.83927892943
78455,101,48.8465154476,2.05479110499
78460,16,49.0255099055,1.84612045415
78464,3,48.5968578246,1.80955275599
78465,20,48.8379711706,1.69620236301
78466,64,48.9164887331,1.96928773573
78470,3,48.5760592256,1.78299740529
78472,1,48.4779086815,1.82683665622
78474,1,48.8548104012,1.64252100195
78481,133,48.8936170481,2.10503635898
78486,100,48.6968018136,1.84356131142
78490,978,48.8126082296,1.94698515715
78497,16,48.6829262881,1.75440035013
78498,1972,48.9235359371,2.02715552772
78501,22,48.9761864885,1.76831015347
78502,375,48.8804759755,2.10903947427
78513,64,48.8027893482,1.76744000641
78516,1,48.6356143673,1.68906925205
78517,971,48.6539051954,1.82652871851
78520,101,48.8248023552,1.63460154303
78522,4,48.5924280148,1.97977823093
78530,2,48.9113105941,1.68395914645
78531,38,48.9964226633,1.60820077392
78537,48,48.5725220079,1.93463847942
78545,171,48.8065759294,2.0659250703
78550,1,48.8330731847,1.90235458205
78551,1320,48.9407041394,2.09870929375
78557,1,48.6224983516,1.72861527853
78561,10,48.7339427592,2.00622958047
78562,14,48.7300275731,1.75992099738
78564,4,48.5148592192,1.91568171795
78569,2,48.5356862351,1.94057719252
78571,46,48.8634050098,2.01915428049
78575,180,48.703873758,2.07898924956
78576,13,48.7487507773,1.87573805831
78586,511,48.9396085498,2.17458686513
78591,56,48.8882003986,1.68459218607
78601,8,48.5880930813,1.86888636176
78605,1,48.8331353956,1.66523067684
78609,1,49.0250430993,1.91835280056
78615,8,48.8442697487,1.93387158899
78616,33,48.8724624004,1.79780062062
78620,4,48.7466272252,2.1179056339
78621,634,48.7750019561,1.99344014312
78623,2,48.7834999157,1.878022372
78624,85,48.9780282513,2.00877051663
78638,43,49.0095815158,1.97449626486
78640,321,48.783985823,2.19707485523
78642,159,48.9872093367,1.96276532174
78643,129,48.9655697167,1.97530302109
78644,268,48.7545862133,1.95133109322
78646,3222,48.8025669671,2.11789297191
78650,440,48.8938640591,2.13039312004
78655,41,48.669743712,1.87479828191
78668,1,49.0171283911,1.53111618568
78672,79,48.9368195223,1.99586527491
78674,153,48.8311450096,2.0130908572
78681,1,48.8533372475,1.77379972597
78683,7,48.8201784594,1.88250820601
78686,195,48.802404069,2.17151291149
78688,226,48.758677648,2.04850691768
79001,19,46.6475867778,-0.559273846456
79003,28,46.2820504466,-0.41429097467
79005,40,46.8329725103,-0.135880248296
79010,4,46.3012932064,-0.695370994677
79012,3,46.4816783917,-0.55505132274
79013,26,46.9784261272,-0.468875242934
79014,14,47.0529717735,-0.251510808352
79020,2,46.4497619282,-0.288817537299
79024,30,46.4045197367,-0.267456920636
79025,1,46.6190923959,-0.356635119347
79029,1,46.5772588868,-0.208446737008
79031,32,46.180941644,-0.473314553431
79032,9,46.4795118674,-0.509542625672
79034,98,46.2924246809,-0.51369379312
79046,2,46.238410731,-0.635204990837
79047,1,46.8185496547,-0.263669046618
79048,33,46.3656964606,-0.309032604795
79049,259,46.8545755683,-0.479375922286
79056,2,47.0500287565,-0.188112073906
79057,1472,46.1418337503,-0.218953610699
79058,1,46.2053327297,-0.314279915986
79061,37,46.2405369288,-0.218181064771
79062,52,46.8217311036,-0.672469385521
79063,4,47.0601100117,-0.36392979915
79066,45,46.48017177,-0.38233277532
79071,1,46.6181522688,-0.191159883501
79076,18,46.7322726991,-0.466366098553
79079,90,46.946804716,-0.747142973233
79080,31,46.6725261071,-0.260421320802
79081,121,46.3517313978,-0.380481716309
79083,42,46.1151550061,-0.081086313145
79086,49,46.4212062389,-0.353210570059
79087,1,46.2935127706,-0.049821520326
79088,9,46.7954609677,-0.351768054404
79090,24,46.1111767305,-0.356732574606
79092,4,46.5034289857,-0.201213420477
79094,1,46.7247725873,-0.401162719088
79096,2,46.8639718192,-0.695632067582
79100,20,46.3372530309,-0.58411752533
79101,53,46.4828315658,-0.599450293173
79103,9,46.7822684522,-0.577979844225
79104,2,46.5023506712,-0.415189139601
79106,6,45.9956854391,-0.0844691973496
79109,46,46.3946292281,-0.426727106349
79112,9,46.2241677035,-0.588710493017
79114,1,46.4537143363,-0.177315480712
79115,1,46.3385004673,-0.0727970199541
79116,273,46.8344255301,-0.343663613449
79118,1,46.6849155866,-0.364879721586
79119,1,46.540724799,-0.494170726123
79120,2,46.6478583733,-0.0787535449945
79123,12,46.7587446345,-0.648000879918
79125,5,46.2413057135,-0.414327333899
79126,1,46.1685885952,-0.368590910512
79127,2,46.1870040122,-0.533179423966
79128,1,46.3822106449,-0.344073409629
79129,5,46.3248806803,-0.299910960177
79130,32,46.2557084922,-0.540123397468
79137,2,46.2259924524,-0.480205972926
79148,39,46.2658473904,-0.0196873311167
79150,6,46.1367085273,0.173652821566
79159,2,46.9128068822,-0.304585380598
79162,41,46.3095905952,-0.558467673528
79166,7,46.1947992339,-0.416618786711
79170,30,46.1920937817,-0.644355409155
79172,20,46.5207504336,-0.323592605264
79174,136,46.2309583731,-0.147888712984
79176,19,46.4927432547,-0.0657078750275
79177,1,46.2575229665,0.110039438392
79179,46,46.7361693715,-0.578776799054
79184,32,46.3520802327,-0.119337575815
79185,19,46.2907364441,-0.296041998938
79189,4,46.4228145621,-0.154504788508
79191,3204,46.328260242,-0.465353019369
79195,66,46.9403172404,-0.596385417876
79196,19,46.9369329202,-0.0842351282064
79201,18,46.4116775,-0.0432957775624
79202,340,46.6453493842,-0.233028439198
79204,2,46.1857674388,-0.245561860776
79208,16,46.664567255,-0.158712807616
79213,33,46.6162346991,-0.239456636326
79215,1,46.660301587,-0.413918277159
79216,24,46.268539716,-0.344623723709
79217,2,46.3204184079,-0.202251534086
79225,3,46.5384833617,-0.186609763053
79229,6,46.2012204653,-0.574638181441
79235,11,46.8794926355,-0.782455017663
79239,18,46.6572663301,-0.342791988653
79242,1,46.960771587,-0.51496460613
79249,1,46.3783464917,-0.388823361913
79254,3,46.2672848492,-0.659095506677
79256,1,46.4595030375,-0.0455788333534
79257,20,46.2614944894,-0.715171830149
79258,1,46.9694218287,-0.233924746738
79267,1,46.5326512584,-0.228519741295
79268,24,46.77039082,-0.157079150205
79270,204,46.4128319027,-0.210238265156
79271,1,46.5253805702,-0.359877373961
79277,7,47.0747309996,-0.194759847944
79285,10,46.5770616007,-0.31674359278
79293,6,46.3713101301,-0.523390967902
79295,1,46.2066461108,-0.196334503286
79298,13,46.2674034004,-0.479082156946
79299,36,46.8927639643,-0.223311639048
79300,17,47.0128810811,-0.227694435042
79303,1,46.3878556621,-0.0976374643512
79304,4,46.290244918,-0.594225936069
79307,21,46.1223913244,0.111211623906
79311,34,46.6116427776,-0.441850125966
79322,16,46.627315144,-0.291049695732
79326,29,46.7132141775,-0.0410463377578
79329,241,46.9828628407,-0.199581467021
79334,1,46.1701185882,-0.587199474671
79336,1,46.3039075076,0.0433281606115
79339,25,46.5737648617,-0.0494104571753
79340,1,46.5553603723,-0.138086745707
79345,1,46.5188026675,-0.282182786375
79351,19,46.4150506685,-0.536890888981
79355,18,46.3162898992,-0.356117687455
80001,1334,50.1083582944,1.83209170207
80003,29,50.0715561395,2.53117777106
80004,1,50.0660366423,1.67027205864
80009,16,50.0813661279,1.996040675
80010,45,49.7466608044,2.34699446197
80011,34,49.9134876579,2.18609222746
80013,35,49.9720712318,1.94513035737
80016,241,50.0040829344,2.6483138296
80017,3,49.9632577527,2.9374491434
80021,6400,49.9009532186,2.29007445539
80023,1,49.7147246952,2.70662674377
80025,13,50.3376452337,1.81790740998
80029,8,50.1288264007,1.61923803705
80031,5,49.7318756883,2.63586531946
80034,8,49.856991186,2.97748073745
80036,2,49.887570915,2.47173096758
80039,4,50.0925488309,1.44717519345
80044,1,50.1359051678,2.37778968129
80050,3,49.8303379321,2.19407560384
80062,7,49.8435746385,1.77757240569
80063,5,50.0192246753,1.52332437274
80070,18,50.0811863069,2.37614485033
80071,27,50.1079177763,2.32862837789
80079,1,49.7029480012,2.11374292271
80084,2,49.897842281,1.74398450934
80086,18,50.1349359626,2.17571907159
80092,1,49.9733253681,2.29150476832
80096,2,50.0753883023,1.49950861954
80100,2,50.0175313479,2.1222553636
80107,1,49.8695433545,2.43039869559
80109,1,50.2683509282,1.97366129203
80110,3,50.1579086414,1.6734332027
80113,1,50.0778725403,2.26234835981
80116,5,49.7455243243,2.67870575145
80123,1,49.9902026288,2.08654699872
80126,1,49.9505843914,1.61002732845
80130,4,49.8897442971,2.14077801303
80131,210,49.8416983547,2.38329938431
80136,37,49.9549092786,2.72156545459
80137,1,49.9293462442,2.16426343051
80144,1,49.7163704547,3.0972242101
80147,1,50.0970703455,1.94454979441
80149,1,50.1528695248,1.81999601533
80150,1,49.9332857649,3.00805695151
80156,9,49.9124884023,2.41234649505
80159,1,49.8574900096,2.47680531465
80160,27,49.8505763421,2.33749287161
80162,3,49.8107478766,2.64567730523
80163,1,50.1092631325,1.7656573387
80164,52,49.9013220583,2.36320742783
80166,9,50.0613505846,2.2308855769
80168,5,50.0996928866,2.28044782688
80171,1,50.1280550287,1.88114339899
80173,1,49.9521802648,2.35601706384
80177,3,49.9086884167,3.0172741613
80182,45,50.1760397062,1.51571510783
80184,2,49.8960525019,2.6224408332
80186,30,49.8169359721,2.80153906029
80187,1,49.9611459637,2.16746798026
80190,4,50.0644802332,1.64325361744
80191,1,49.7964728556,2.76983345843
80198,3,49.8546987793,2.1678833231
80199,3,49.9622243429,2.88668323143
80202,1,49.9654599063,2.33299519676
80204,11,50.0100855412,2.87396008715
80205,2,50.0036692139,2.02115271491
80211,52,49.7503380472,2.14458684266
80212,262,49.9202042489,2.49498506906
80213,1,49.8071878667,2.36831335799
80218,1,49.8097148289,2.04154408468
80222,63,50.2402128609,1.84519481744
80228,16,50.2439123347,1.62316246487
80234,31,49.9037514357,2.43946725937
80238,2,49.9790238036,2.6233494587
80240,5,49.9231785362,2.96256193239
80241,11,50.0757557319,2.12318895093
80244,1,50.32820704,1.84903188251
80247,3,49.9109218562,2.80675580666
80250,1,50.2018721228,1.90447781648
80253,306,50.1631890421,2.347176744
80256,20,49.915981632,2.22637033069
80260,8,50.1459729311,1.86130040867
80261,180,49.8524314645,2.27669568816
80271,23,50.0062828894,3.13298664943
80274,7,49.737763833,3.04903557364
80275,1,50.0353500187,3.01428549261
80279,14,49.7010057712,2.94654183178
80288,7,49.8718517674,2.82257224293
80295,1,49.9355483408,2.68802553545
80296,2,50.0257741586,2.03789491434
80302,1,49.6455544304,2.61943483377
80303,1,50.2347245529,1.6686251564
80305,1,49.8848976333,2.17848518817
80308,20,50.0586890132,1.60286717803
80315,3,49.7293333092,2.25757976888
80316,23,50.0032539438,2.25940625975
80317,1,49.7357232045,2.11453536529
80318,41,50.0103212084,2.07964672237
80319,1,49.8596757003,2.0859623346
80326,1,49.6550724443,2.50539599355
80331,1,50.2032978868,1.83242600147
80332,1,50.2442234148,1.73665378586
80333,21,50.3450588351,1.5770676415
80337,1,49.8191300337,2.40787983027
80338,19,49.8905768048,2.50445171042
80340,1,49.7521286153,1.82506913189
80341,1,49.9240125168,2.10528066329
80344,1,50.0743738616,1.94581106612
80348,1,50.1129742666,2.0902535968
80357,1,49.8374899033,2.05143739704
80359,1,49.7408277684,2.77942583155
80360,10,50.0612665592,1.56652824235
80364,16,50.0873184654,1.47414674764
80366,2,49.9963797801,2.71518439467
80368,61,50.0860775469,1.54350789133
80373,39,49.9947189836,1.55641684264
80374,1,50.1783068722,1.95226014182
80377,2,50.1393411723,2.31166746071
80379,35,49.8742994501,2.38728459314
80380,1,50.0915640184,2.0567048062
80383,1,49.7213872531,2.76641798574
80385,4,50.1345136521,1.7882348767
80387,2,49.7872512681,2.30610022638
80395,1,49.6978131736,2.66525578046
80402,2,49.7362773037,1.99793273671
80406,10,49.9955608353,1.87489334789
80410,160,49.7534712622,3.07400676417
80415,16,49.7509609311,2.60213270744
80417,16,49.8504605449,2.66989455928
80424,13,49.8182332629,2.25969752541
80442,1,49.743120483,2.99136474689
80443,22,49.8474299808,1.90289897698
80446,6,50.0240574056,1.76011940003
80452,6,49.7623882045,2.32285049366
80463,3,49.8753301575,2.59140340435
80464,2,50.163006057,1.55355178497
80479,6,49.7760927135,1.86331037003
80484,7,49.859116583,1.808682674
80485,5,49.7718632447,2.19570627328
80488,15,50.0122641772,1.98145875228
80489,64,49.8725071478,2.3569860752
80494,1,49.7318985145,2.39721661859
80498,7,50.080228584,2.59367423129
80507,13,49.8483821329,2.57064959188
80512,1,50.0709955291,1.82600353459
80518,1,49.9987691783,1.70652941696
80519,2,49.7962902112,3.01279614004
80523,6,49.9748428064,2.66806300084
80524,3,49.7967919202,2.73103944446
80527,1,50.0580071022,1.49366891391
80530,1,49.945066215,2.56298035307
80533,44,50.0705181348,1.40473307328
80536,1,49.8979290525,2.96283579416
80542,4,49.7784450103,2.91323187372
80546,2,50.0958685201,1.71810274117
80549,10,50.1005697017,2.7276651357
80552,5,49.9944569614,2.96706365321
80554,27,49.8819204869,2.01098635745
80555,1,49.850644033,3.04313545321
80557,4,49.8792650638,3.00854833649
80561,252,49.6484417752,2.56889051669
80562,1,49.9854644167,2.42235764909
80570,63,49.7762271653,2.48422182173
80571,1,49.7650422662,2.45934575457
80578,1,50.0763860952,1.75417829151
80579,15,49.7250440198,3.06872712121
80583,2,49.7893011328,2.21654250749
80584,3,50.0451911173,2.28427416723
80585,36,49.7599586535,2.90989646519
80588,1,50.1259221155,1.90411559501
80590,4,50.1693770105,1.88017182256
80595,1,49.7428027758,2.52313331423
80598,21,50.2148554834,1.78036919239
80600,2,50.1869678717,1.72060860177
80601,2,50.0039174559,3.01506134636
80606,37,49.9551305817,1.76021998485
80611,1,49.7665369193,2.26891551501
80613,4,50.0485837272,1.4684909272
80615,4,50.0291342676,2.69870692069
80619,1,50.0612738693,2.18597099318
80620,464,49.928328669,2.93001266218
80622,21,49.9329385183,2.13909509969
80625,10,49.7068924487,2.5511767234
80627,10,49.8120593535,2.22769892861
80630,94,49.7485829077,1.97952156568
80632,50,49.8829992379,2.22861660834
80633,4,50.2184715129,1.70629194406
80635,16,50.0614985686,1.91476030645
80639,14,49.9534990851,2.30852527468
80643,1,49.814090508,2.18958769704
80644,1,49.8887503855,2.70543811348
80647,1,49.7985997046,2.82666272798
80649,4,50.3216390021,1.61114189711
80650,21,49.9387328157,2.41366429954
80656,26,49.8160241079,2.07414071451
80661,9,49.9739949496,2.36189417533
80672,5,49.9716473048,2.55901674513
80674,27,49.9106434149,2.33962596148
80677,24,49.9450495593,3.09614374784
80678,1,49.5939801333,2.64865776071
80679,1,49.9815157292,3.16739555115
80680,35,49.8180169007,2.70364687243
80685,143,49.6936899931,2.78868757676
80686,13,50.018748722,2.37181069016
80688,75,50.2781968108,1.6650080675
80690,1,49.8049587982,2.28324796815
80692,5,50.1796300653,1.7706771654
80696,29,49.8147147037,2.32407977472
80700,3,50.1206557505,1.56512599712
80702,9,49.8367821176,2.30201932317
80706,7,50.0559093538,2.14029922949
80710,1,49.998092452,1.73127217091
80711,23,50.0342986699,2.1311595738
80716,33,50.1279792191,1.94290239471
80717,12,49.7853940061,2.2529940743
80718,14,49.9475408658,2.21117481051
80721,110,50.1761767829,1.62262280183
80724,26,49.8620778346,2.21887634143
80725,95,49.8699278387,2.24181586447
80730,2,49.8961064636,2.20932519977
80732,4,49.8914351461,1.71834605369
80746,3,50.0411880308,2.34426626176
80752,2,49.8215763774,2.43770954257
80759,1,49.6416492977,2.74418919931
80765,2,50.0353174379,1.68426454279
80770,2,50.0820037306,1.51459597406
80778,2,50.0565678591,2.05807152774
80779,45,50.103603975,1.88589423231
80780,1,50.1147458279,1.54855361274
80790,2,49.6670347072,2.82381303765
80791,2,49.8423395184,2.22500540619
80793,24,50.0085076196,2.1867884288
80795,4,50.0398514949,2.09051285594
80798,26,50.0046385115,2.32263311872
80799,87,49.8649909699,2.51946641308
80805,2,49.6512167089,2.46394056647
80815,14,50.316036457,1.76410075845
80820,27,50.0171155798,2.53081565399
80827,31,50.0628349006,1.5410106177
80830,3,50.106026331,1.97674033898
80832,2,50.1846847389,2.01563427911
80834,2,50.0601121166,1.51829137537
81002,7,43.4928550174,2.32315581418
81003,23,43.8843961225,2.45700986389
81004,3165,43.9258213622,2.14686328555
81008,6,44.0989296815,2.155985909
81011,1,43.7287344791,1.83182396743
81013,2,44.0085365227,2.30256637897
81014,15,43.550474503,2.58241545036
81015,1,43.5806834944,1.95329824844
81016,1,43.4246280081,2.18966306697
81018,18,43.9638815505,2.22587013595
81021,49,43.4946823944,2.35580492552
81029,2,43.9532150821,2.02995456926
81031,5,43.6222146708,2.45271515235
81032,13,43.5195201544,2.02369927552
81033,102,44.033065795,2.14278920127
81034,4,43.572194321,2.40561286973
81036,14,43.5015583238,2.42981143239
81037,40,43.6117373541,2.51133931505
81038,56,43.8878107316,1.92967120122
81039,31,43.747193404,1.92377964856
81042,26,43.634494226,2.32985791816
81043,4,43.7853547999,1.94837679226
81045,2,44.0758753553,1.928670835
81046,31,43.8430473493,1.9835948491
81048,40,43.9810206314,2.11921214
81049,40,43.4764567582,2.08126437181
81050,1,43.5919658336,1.84810953199
81051,25,43.9863939929,1.91547444957
81052,11,43.9118287405,2.2237324057
81053,1,43.5907432712,2.43974230887
81054,1,43.5776046558,2.12002411847
81055,4,43.4110858173,2.07834620707
81058,3,43.6353726667,2.15170395201
81059,3,43.8879968816,2.10436309581
81060,320,44.0566667256,2.16641418483
81062,3,43.6578748652,2.52758390349
81063,27,43.9437169399,2.07110041598
81064,11,43.9867805665,1.78310029174
81065,1644,43.6156511237,2.23787231587
81067,2,43.9825675453,1.98780845646
81069,40,44.0681683828,1.95360871103
81070,39,43.7978489409,1.73158426557
81074,10,43.9274396398,2.22514974494
81076,12,43.5623792755,1.88686468644
81077,2,43.911329791,2.50746154724
81078,6,43.6801644905,1.98487101085
81079,2,43.8395342344,2.20292263193
81081,12,43.4753070746,2.14244605538
81088,3,43.8391719667,2.25836350572
81092,5,43.699007933,1.90988416246
81093,31,43.8854183688,2.02985845557
81096,1,43.9068214611,2.41660067701
81097,4,43.8786600972,2.23043162457
81099,380,43.9170968776,1.88647213801
81100,2,43.4927448733,1.98351501119
81101,11,44.0037171687,2.17389452679
81104,26,43.769779769,1.7967421125
81105,209,43.7576562195,2.00122512851
81106,1,43.8499819976,1.64948464034
81109,7,43.6585990989,2.14341169546
81112,10,43.9310810991,2.00269049249
81114,3,44.0310798873,2.09978207665
81115,28,43.4826602247,2.63557921234
81116,3,43.6998934044,1.84536170011
81117,2,43.8006328321,2.02071432029
81119,16,43.7886845517,2.11353900719
81120,84,43.5090050313,2.26662007488
81124,55,43.6972753085,2.68833285874
81128,15,43.6622260196,2.36167467964
81130,18,43.5759645911,2.28583565829
81131,43,43.8931087297,1.99033789406
81132,6,43.6378592707,2.04358289042
81138,4,43.8230864344,2.03526038178
81139,27,43.7052468491,2.12929403349
81140,612,43.6895628711,1.79437213708
81142,2,43.5250362218,2.06781659289
81143,1,43.5334899853,2.10628478889
81144,57,43.9656164383,2.18230929953
81145,62,43.8974980421,1.78200143861
81147,1,43.8159438532,2.1438851027
81156,81,43.9102726323,2.03641141101
81158,3,43.8093121675,2.53889440751
81159,2,43.6683120665,1.86258553389
81161,2,43.8582915484,2.52110996893
81162,1,43.5965308671,1.81343450611
81163,231,43.4578780341,2.3885346913
81165,1,44.1227182576,1.87476688582
81168,21,44.1468118913,2.17074535227
81170,16,44.0787915889,2.09845237087
81171,4,43.850225684,1.86631554262
81174,8,43.7753099488,2.09549518318
81178,3,43.9080851557,1.60943104266
81179,1,43.5093604,1.9451968725
81182,30,43.7243034141,2.32124891411
81183,1,43.8056390894,2.37632529774
81189,1,43.5319509322,1.88969318814
81191,1,44.1054127277,1.93295083712
81192,14,43.6933887734,2.86020880416
81195,16,43.5644376165,2.21838218726
81196,2,43.5760317808,2.35409410035
81198,1,43.8372858734,2.0783975338
81200,5,43.5037421049,1.9961127405
81201,27,44.1158346297,2.24230073337
81202,1,43.8046304256,1.83642655485
81203,3,43.8471083699,2.43945006878
81204,17,43.538512955,2.34476965371
81206,6,44.083378684,1.72222569874
81209,22,43.5308469607,2.40980470346
81217,2,43.9765161784,1.70709054548
81218,37,43.8884573228,2.16955643928
81219,56,43.5824524921,2.01685800368
81220,102,43.8484040939,1.71495143196
81222,83,43.7799765873,2.19017910647
81225,4,43.9157732969,1.96947284122
81227,24,43.6726544083,2.27758521528
81232,3,43.8826639291,2.07172030466
81237,1,43.4634376908,2.10916260669
81238,30,43.4644785772,2.47706341258
81244,5,44.0544138951,2.12958421961
81249,2,44.0888853221,2.19609081106
81250,1,43.7619862953,2.14681126259
81253,1,43.9551674192,2.26106441809
81257,75,43.9385571465,2.22614415314
81259,1,43.9961595825,2.34196813906
81261,1,43.7554264288,1.74752680249
81263,6,44.1349838436,1.96022083037
81266,17,43.635057866,1.98923840323
81267,14,43.754059506,2.44562540702
81271,169,43.7589885163,1.68659997767
81273,78,43.5842195914,2.17044847109
81274,2,43.8859141044,2.13293354556
81276,23,43.9201151478,1.67981306162
81279,1,43.9540521322,1.64862996342
81281,29,43.598998518,2.10929167449
81283,7,43.947412308,1.95119521002
81284,81,43.9105402335,2.10655664211
81285,46,43.9589302642,2.32732633415
81286,9,43.6653039824,2.03248661491
81288,51,43.4412492469,2.08031337654
81289,46,43.5511250266,2.12888668782
81292,17,44.1080524235,2.30592694814
81294,1,43.8433118928,1.93529190709
81295,8,43.8441490915,2.34648455097
81297,11,43.92257156,2.06910358338
81298,2,43.636472694,1.71125634888
81300,4,44.0717430834,1.85301094203
81303,22,43.9548189483,2.48899274991
81305,9,43.7055461062,2.42328565025
81306,14,44.0186880847,2.23180106024
81307,3,43.5713585994,2.3109213574
81308,89,44.0155454064,2.3857453557
81311,2,43.7373706752,2.19476004846
81312,25,43.4967627255,2.17944315605
81314,10,43.7463791863,2.58683700675
81315,22,43.6274174186,2.10074049718
81317,34,43.8923990872,2.32246933503
81319,3,44.0063451197,2.03043286247
81324,1,43.6309479905,1.79117670514
81325,9,43.5498302673,2.17556071709
81326,2,43.9703149708,2.07210937838
82001,6,44.0482971636,1.27398142654
82002,35,44.0815971851,1.44856431622
82005,19,43.7960241357,1.22532777135
82008,10,44.0585023466,0.887408574561
82011,1,44.0727114625,1.25300673075
82012,1,44.0911919961,1.17175938538
82013,127,43.876728355,1.01059588806
82017,4,43.8878683292,1.27054717739
82018,4,44.0992261106,1.54336811906
82019,2,44.1038305827,1.01575160815
82021,1,44.3002675818,1.12464954976
82022,5,44.250966127,0.949785780231
82023,4,43.9436352242,1.15609472542
82024,2,44.2221101343,0.977222408503
82025,47,43.9544945655,1.31611180901
82027,4,43.8873028891,1.32880119974
82028,24,43.8610543748,1.29934658197
82030,2,44.0050177844,1.09114738889
82031,5,44.0227123316,1.04707174068
82032,5,44.1767582704,0.960294296377
82033,209,44.0490326525,1.12348123121
82037,161,44.1565421874,1.54351161487
82038,25,44.2420637295,1.75360869362
82042,10,44.2128308252,1.21516583038
82043,1,43.8719884875,1.09282788935
82044,14,43.9412424129,1.38125963307
82048,6,43.8686375923,1.27914799068
82049,3,44.1025353418,0.814008819185
82050,12,44.0864807376,0.773515942435
82051,8,44.1832337484,1.14143724607
82052,8,43.9817694616,1.19368002494
82053,2,43.836046459,1.02957097257
82061,1,44.1415263063,1.82521779243
82062,7,43.9126951654,1.21926326685
82063,2,43.9752270104,1.06428038626
82065,1,44.1489786487,0.910582677512
82066,3,44.0012241111,1.49043175988
82067,1,43.9483571152,0.959337749058
82068,1,43.8656341647,0.940199875887
82069,1,44.2198870277,1.87837880794
82072,22,44.1100274334,0.856994008348
82075,39,43.8224483737,1.28670830479
82076,18,44.1168766255,1.3569697203
82079,41,43.9190655964,1.34640200769
82080,2,44.0810961823,1.20235818385
82085,2,43.9885803671,1.27169521858
82086,2,43.9737693786,1.10663393727
82087,40,44.13545336,1.24021964059
82088,14,44.163304209,1.95842635186
82089,15,44.1320571715,0.821877164854
82090,14,44.0932619829,1.38976564928
82093,12,43.9324522931,1.08287865971
82094,35,44.2642995725,1.12713270139
82095,1,44.2073975213,1.66999511722
82096,22,44.0429816924,1.22097362362
82097,53,43.9560822139,0.925072043975
82098,6,44.0029268043,1.45114680413
82099,3,44.1127415173,1.18684429621
82101,12,44.0899884213,0.971913032435
82102,1,44.0154220784,0.851115135446
82105,6,43.895387967,1.18134234627
82108,14,44.0954617752,1.23041071919
82110,6,44.1424577987,1.4113688594
82112,376,44.1262518079,1.09834758014
82113,20,44.1933793632,1.39317951886
82114,2,43.8913749856,1.23224903007
82115,24,43.9880590722,1.58236305942
82117,22,44.3406420111,1.03252683687
82119,1,44.2084619848,1.51721472042
82121,2838,44.0222594578,1.36408636501
82123,8,43.9148777604,1.28662456416
82124,66,44.0135610101,1.2703654947
82125,115,43.9524124123,1.23764675579
82126,4,44.1717870381,1.56537726368
82127,5,44.1792539863,1.06193133749
82131,11,44.2399240236,1.47367523661
82132,24,44.1035057733,1.62418942804
82134,137,44.0631437696,1.52813602608
82135,2,43.8880946294,1.43765103909
82136,9,43.8991686927,1.39705978645
82137,16,44.2617881809,1.86571509225
82138,1,44.1808489107,0.880636817107
82141,1,44.0940422544,0.934521561123
82142,7,43.8196347492,1.32921957456
82148,5,44.2515860138,1.63529811514
82149,20,44.1281472573,1.48081390272
82150,5,43.9261825292,1.41453449796
82154,1,44.2216170382,1.12813639744
82155,28,44.156093011,1.73640541242
82161,46,44.044673154,1.45703284983
82167,65,43.95896731,1.44860158065
82168,1,44.2056807143,1.01728344459
82169,23,44.0658425315,1.02023020877
82170,3,44.1401354751,1.00203700461
82171,3,44.0077030324,1.18227115286
82173,4,43.9017054092,1.12413910173
82178,9,43.830592054,1.18506891098
82179,36,44.1765759652,1.61739308656
82184,3,44.031662491,1.57065929853
82185,2,44.3624095008,0.915058269132
82186,173,44.1068332095,0.897921093494
82187,18,44.1580435232,1.88633565997
82188,1,43.9165718677,1.49011749068
82190,66,43.849145335,1.22845642714
82192,1,43.9330870043,1.53273779471
82194,27,43.9202948869,1.4512543274
82195,3,44.0801227297,1.2899145835
83001,23,43.5356229284,6.8110879666
83003,3,43.628363684,6.3718765021
83004,72,43.4509882105,6.48970221222
83005,1,43.6940767712,6.10762159358
83007,50,43.6246326968,6.22132785585
83008,46,43.5330955002,6.70850106064
83009,234,43.1473544522,5.74789358398
83011,13,43.6333104555,6.54244589208
83012,54,43.5523879362,5.98777049612
83016,220,43.2069315557,5.82020086096
83017,13,43.2399564384,5.99665900105
83018,28,43.3399479171,6.17774949705
83019,92,43.1622722101,6.34956987347
83021,17,43.4704081648,5.95853254417
83023,720,43.3992941902,6.07740244296
83025,4,43.5279511721,5.93664541294
83026,14,43.4270972655,6.23202349485
83027,78,43.2032263059,5.72471001592
83028,36,43.5655288351,6.57328931995
83029,85,43.6125180228,6.75708895004
83030,6,43.372512011,6.12128418794
83031,120,43.3737632121,6.3755010333
83032,37,43.4690059217,6.17637273437
83033,38,43.2945985061,6.19667974945
83034,166,43.0971940145,6.0717379342
83035,55,43.227667489,5.76560108367
83036,102,43.1819055812,6.52121721395
83037,11,43.384370351,5.99861411611
83039,4,43.5012629533,6.01120516318
83041,3,43.5988361842,6.58569908601
83042,168,43.2464550515,6.52192234084
83043,73,43.2414148175,6.34032184648
83044,7,43.7035520107,6.50293185659
83045,3,43.4864185627,6.06826217623
83046,27,43.5233757149,6.14490029042
83047,278,43.1635207421,6.09268351583
83048,52,43.1951890718,6.5862813598
83049,230,43.2411645502,6.06856350453
83050,1450,43.5357513285,6.45436569191
83051,6,43.5119622438,6.23475108853
83053,22,43.1862421767,5.8730401354
83054,129,43.1615363005,6.04275325508
83055,66,43.6103345822,6.67843279926
83056,66,43.5672152549,6.49870478854
83057,22,43.3760987922,6.22162416541
83058,46,43.542212098,6.36275720984
83059,15,43.3366392546,6.09141410603
83061,1996,43.4719558114,6.76361597424
83062,923,43.1263279384,6.01898164719
83063,11,43.3234160321,6.46693786821
83064,102,43.3403271328,6.04087625954
83065,302,43.2392065224,6.58617518642
83066,16,43.6592918147,5.83752000648
83067,47,43.3206494882,6.30036862428
83068,59,43.2820282501,6.53303224114
83069,2713,43.1018713534,6.18898508469
83070,116,43.1656102964,6.41231277863
83071,171,43.1689213414,6.24285151023
83072,127,43.4814630298,6.35892744946
83073,128,43.3804648949,6.30599950133
83075,1,43.3069101873,6.35996172662
83077,13,43.273942519,5.96671080974
83079,5,43.2159206327,6.47656643864
83080,4,43.6989466461,6.70893258048
83081,116,43.5990101065,6.78985995347
83083,8,43.4812536631,6.12560767207
83084,1,43.6482569436,6.06124619134
83085,19,43.5078511168,6.55055399937
83086,148,43.4687307949,6.576949368
83087,136,43.3790514316,5.78486448585
83088,25,43.2945310996,6.02592739077
83090,1032,43.1386133658,5.85369204547
83091,438,43.2345472455,6.17955823473
83092,50,43.2968837854,6.25442934778
83093,26,43.3337130548,5.73856018349
83094,15,43.3384388996,6.54745751076
83095,1,43.5507745472,6.0629204725
83096,1,43.4646440633,5.78860890398
83097,53,43.4938863602,5.74717711665
83098,233,43.099405984,6.02844015499
83099,169,43.4717671252,6.68628195857
83100,31,43.2763475939,6.14893054109
83101,8,43.2186126186,6.63754734174
83102,16,43.6676978951,6.11814572566
83103,134,43.1824918424,5.94565392204
83104,65,43.6055023788,5.74132523759
83106,47,43.3066686926,6.08361658334
83107,178,43.4285090958,6.65212881719
83108,26,43.3371906607,5.9839377705
83110,9,43.3818574426,5.8514412718
83111,10,43.3334103841,6.12496118501
83112,428,43.1720355248,5.70832603708
83113,17,43.6999613716,5.91499316614
83115,316,43.3564730986,6.61172790208
83116,390,43.4509676414,5.85962873535
83117,13,43.564768209,6.68269608083
83118,990,43.4574625431,6.84734210398
83119,102,43.262314383,6.66343039908
83120,62,43.3775300587,5.71820851044
83121,76,43.5621099339,6.22873067235
83122,2,43.7670142156,6.20652542725
83123,428,43.138282853,5.79588814177
83124,30,43.6466457482,6.61301408536
83125,20,43.5150970565,5.87693570046
83126,1486,43.0880294967,5.87089841754
83127,43,43.2776407451,5.8571396222
83128,10,43.5658824056,6.16515240575
83129,597,43.086818602,5.82924464931
83130,261,43.1907611248,6.06327697157
83131,128,43.21282693,5.98693908648
83132,9,43.1784166306,6.01726722545
83133,2,43.5748995232,6.85671079494
83134,9,43.4612575373,6.43066360323
83135,7,43.6002244031,6.02099356795
83136,26,43.458933028,6.28265623456
83137,6126,43.1361589728,5.93239634249
83138,69,43.6140539601,6.72378364475
83139,7,43.5935800875,6.310682972
83140,64,43.4088015642,5.92715707141
83141,66,43.5024684242,6.48943252904
83143,45,43.4452384829,6.05179903767
83144,595,43.1499152044,5.99222538877
83145,17,43.5957332501,5.94441099712
83146,7,43.6461099213,5.95232275881
83148,109,43.4015046271,6.44908485499
83149,12,43.564445349,6.28543419016
83150,48,43.7224277972,5.80747605851
83151,1,43.4330128814,6.15001836504
83152,6,43.1642973413,6.47477478292
83153,77,43.0754322948,5.92642315155
83154,2,43.5112335006,6.29002187703
84001,37,44.0048087082,4.95793804186
84002,5,43.7365172868,5.47136689464
84003,367,43.879393265,5.38921757843
84004,45,44.0977380589,5.03165676735
84007,4653,43.9352448339,4.84071572505
84008,1,44.1547724058,5.09918948911
84009,7,43.7945397599,5.64677782095
84010,7,43.6928383261,5.57769351768
84012,35,44.1233856856,5.02875589827
84013,15,43.8631590289,5.2036579356
84014,7,43.7379108971,5.69599127224
84015,1,44.1826393714,5.21385670497
84016,44,44.0477457533,4.90804109098
84017,31,44.1374624096,5.23446005284
84018,1,44.0369893716,5.24329379673
84019,177,44.2882016409,4.75235956257
84020,10,43.8270930656,5.31457906958
84021,1,44.1853662846,5.3324742513
84024,3,43.7913015359,5.49177311487
84025,40,43.8965322686,5.15279801626
84026,83,43.7304056282,5.38354319666
84027,21,44.1099358763,4.74345046999
84028,6,44.2302575549,4.93339996862
84029,31,44.1596814027,4.88410397503
84030,29,44.1124328753,5.10687040517
84031,1015,44.0593802565,5.06134844776
84034,30,43.8913580487,4.95633077332
84035,685,43.8508361826,5.03606300916
84036,40,43.9276331683,4.94259114535
84037,27,44.0595884031,4.82728435607
84038,32,43.7886782282,5.12410732071
84039,59,44.0865790966,4.88163342078
84040,4,44.2097519132,5.08597487017
84042,28,43.778224355,5.44361580359
84043,125,43.9950173356,4.93295387179
84044,1,44.2224730765,5.13332490403
84045,10,44.2524220745,5.14218487887
84047,23,43.8960653944,5.34362330109
84050,50,43.909019241,5.19801978618
84051,14,43.8672520591,5.24782759369
84052,12,43.7605598424,5.6040344355
84053,15,44.3945766896,4.93414256152
84054,433,43.913397592,5.05664277545
84055,24,43.9491839695,4.94413967569
84056,83,44.1318029558,4.91341542999
84057,1,43.9263664747,5.25260939996
84061,1,44.2272154512,4.85109427827
84062,14,43.8924876869,5.11458669428
84063,2,44.2761614284,4.67510511716
84064,28,44.3065428944,4.67951575962
84065,55,43.7630365491,5.30333693211
84067,27,44.0753500101,5.00514799731
84068,20,43.7780333839,5.36616174066
84069,42,44.1884482159,5.14985080872
84070,15,44.0188189905,5.16741843804
84071,41,43.8417800592,5.13767903423
84072,61,44.0545320098,5.13048600927
84073,9,43.8243710342,5.22087170856
84074,24,43.7619243813,5.20153482914
84075,1,44.0126367285,5.25299930239
84076,16,43.7048655954,5.64268969136
84078,29,44.2429843935,4.72457377095
84080,173,44.0335256003,4.9847476645
84081,105,43.9337788848,4.90875878315
84082,15,44.0700058452,5.19092701239
84083,27,44.2037476388,4.74014549297
84084,10,43.7840840338,5.52149188026
84085,1,43.9647645787,5.24369462064
84086,4,43.8313175338,5.16982150363
84087,1011,44.128913537,4.8098792403
84088,154,43.9960550539,5.03959100234
84089,533,43.6872357464,5.52052480281
84090,1,43.7964408305,5.56003326924
84091,44,44.1774697051,4.76585289056
84092,351,43.9683903531,4.86549590773
84093,1,43.7695336639,5.2569973443
84095,4,43.7501902846,5.33808223228
84096,15,44.2322859605,4.98047268222
84097,2,44.3558133128,4.90386489809
84098,4,44.2551304462,5.01515147311
84099,58,43.8519678718,5.11008684319
84100,1,44.1448441393,5.06883398959
84102,8,43.9012816878,5.29201885718
84104,31,44.1947680688,5.00118216056
84105,8,43.8604088316,5.43831613647
84106,47,44.2358558507,4.88928275558
84107,15,44.0312802167,5.50324881102
84108,87,44.0092549793,5.10865247521
84109,1,44.1203739984,5.07610929797
84113,1,43.7640135964,5.53975821596
84114,1,43.8778804064,5.21653289666
84115,2,44.0949073027,5.14436401724
84116,11,44.2618277208,5.10165030898
84118,33,43.9587368913,5.37325716104
84119,55,43.9621529369,4.94109967241
84121,2,43.7566978031,5.48858992739
84122,59,44.0993149114,4.95726948743
84123,18,44.0729876027,5.39889956617
84124,1,43.9380357519,5.11208499768
84127,18,44.1939012207,4.84785727207
84129,406,44.0145763951,4.86740515419
84131,21,43.8315474513,5.09480690548
84132,111,43.928239832,4.99324123379
84133,89,43.7214835187,5.56734664063
84135,9,44.2160888468,4.80180924895
84136,11,44.1452203037,4.9790786368
84137,255,44.247701867,5.06040782309
84138,197,44.3771588623,4.99354936197
84139,1,43.9220820962,5.13125424344
84140,12,43.7786185321,5.40667854286
84141,124,43.9708612885,4.90327834789
84142,21,43.9615700853,5.02837053925
84143,12,43.9851237661,5.16506865588
84144,4,43.9031226397,5.5602158314
84145,3,43.9519813835,5.43334418436
84146,5,44.2885345568,5.04784441518
84147,24,43.7075157136,5.43085449725
84148,9,44.0660605145,5.25707803023
84149,15,44.1767100202,4.95138229619
84150,15,44.3268006533,4.94430178075
85001,36,46.304138479,-1.2623239198
85002,25,46.6706426618,-1.82599992318
85003,144,46.7384516809,-1.62702889721
85004,31,46.3870511077,-1.40049386944
85005,11,46.6191770822,-0.767030058653
85006,14,46.7572682339,-1.74841313647
85008,45,46.6028241769,-1.46743549114
85009,3,46.4474386161,-0.876574265149
85010,19,46.4744272125,-1.49524360118
85011,27,46.9335754783,-2.16743559847
85012,18,46.8722784154,-2.09984018879
85014,7,46.6602005512,-0.914053446792
85015,1,46.8191122027,-1.52479250801
85016,28,46.6872087211,-1.62355064963
85017,16,46.9050210355,-1.10144867013
85018,54,46.9086155426,-2.06349351302
85019,54,46.7756383534,-1.43313700054
85020,40,46.368873213,-0.613959918706
85021,4,47.0361828072,-1.27390355206
85022,2,46.44832528,-1.43979865314
85023,1,46.5397253861,-1.17028433093
85024,16,46.9479643351,-1.89668693466
85025,12,46.9451858636,-1.1916392484
85026,3,46.5581861734,-1.44371985689
85028,2,46.3847932448,-0.684917815779
85029,25,46.9815930867,-2.00423808381
85031,35,46.7877960262,-0.930897406714
85034,26,46.6296975315,-1.14101742229
85035,77,46.6374826705,-1.86324200464
85036,5,46.4879459421,-1.26773426545
85038,25,46.8854235235,-1.33186892233
85039,35,47.0148006973,-1.18329758318
85040,5,46.6293907412,-0.933153931505
85042,37,46.3853555319,-1.01044079362
85045,10,46.6476375058,-1.81865076161
85046,40,46.6729533879,-1.29188591019
85047,921,46.8354416653,-1.84036683139
85049,17,46.3735020647,-1.13380723653
85050,19,46.5157210212,-1.33946630196
85051,120,46.6690167793,-1.04372588019
85059,130,46.6416143401,-0.739561966419
85061,5,46.5741109302,-1.25524886228
85062,7,46.916944435,-1.9261131832
85064,18,46.8282791899,-1.27090860656
85065,34,46.8951394423,-1.24054768713
85067,1,46.6786935635,-0.782949851125
85070,57,46.7078707764,-1.75788339462
85071,51,46.7674752232,-1.82534079642
85072,3,46.8523980181,-1.34349746898
85076,105,47.0602388146,-1.25289811103
85078,9,46.32063079,-0.743504259797
85080,10,46.3849492327,-0.806840287485
85081,47,46.7599858068,-1.37275519417
85082,45,46.8917166066,-0.903422756546
85083,20,46.9843405667,-2.26449527608
85084,103,46.7806739038,-1.22925967851
85086,11,46.8623928354,-1.70108938038
85088,42,46.7161264566,-1.89206667498
85089,40,46.7215872927,-1.33469332327
85090,25,46.8211105864,-0.854584153953
85092,572,46.4563186117,-0.793449510859
85094,13,46.5230750581,-0.687135962627
85095,5,46.8789464367,-1.75511438567
85096,43,46.8977541296,-1.82443040539
85097,36,46.9345007303,-1.05578200702
85098,4,46.7244524541,-1.50410719693
85099,2,46.5726064909,-1.58872487716
85100,30,46.6822701061,-1.8787272243
85102,1,46.8483283063,-1.64453002578
85103,12,46.5390090882,-1.6072005484
85104,4,46.3813091348,-1.32364519268
85105,8,46.3675950645,-0.905432724485
85106,28,46.9669962053,-2.2302799245
85108,27,46.9166207979,-1.37033557148
85109,322,46.8666125813,-1.02216086186
85110,29,46.5156262822,-0.898430664265
85111,12,46.3334258655,-0.919100677098
85112,15,46.570163703,-1.7737502368
85113,77,46.7093514816,-2.34712702345
85114,40,46.4246376808,-1.60014921643
85118,11,46.6549237031,-1.57351777893
85119,31,46.9663828627,-1.12900644447
85120,2,46.6444349925,-1.7854367847
85121,1,46.4393119039,-0.947017086151
85123,1,46.3698532376,-0.70502476758
85126,1,46.4722105292,-0.858917690239
85127,34,46.4091029013,-1.47711855345
85128,283,46.4510564854,-1.16449285012
85129,35,46.8527299002,-1.48398928084
85130,7,46.771364944,-1.69526445062
85131,1,46.4635045649,-1.210635375
85132,2,46.3417503082,-0.787487297301
85133,20,46.3642178261,-0.750260780443
85135,48,46.5335825488,-1.22688907859
85139,1,46.3298580373,-0.672957405035
85140,2,46.742582825,-0.85478763606
85141,1,46.7301338667,-0.728654955878
85143,5,46.5325327351,-0.748519927998
85144,2,46.851716793,-1.10954466033
85145,5,46.7383480028,-0.931953130855
85146,344,46.9759800852,-1.31364530268
85147,5,46.7502937556,-0.770013941158
85148,1,46.3973419593,-0.840846860992
85151,111,46.9910941319,-0.946500033344
85152,91,46.6163645636,-1.65038156849
85153,18,46.7870550926,-1.05454102867
85154,24,46.6612700667,-0.846784201071
85155,65,46.7104764993,-1.46129661418
85156,67,46.489279204,-1.43622387207
85157,8,46.5651677306,-1.16826489836
85158,3,46.4591118412,-0.984449849889
85159,23,46.4658962703,-1.03958611312
85160,15,46.5921936479,-1.40947698594
85161,31,46.5676509922,-1.51560194548
85162,15,46.424726987,-0.665995249042
85163,76,47.0086655085,-2.26243620205
85164,34,46.8424284611,-2.10928732775
85167,3,46.4997145725,-0.77427886573
85169,13,46.8063002019,-1.60225256402
85171,1,46.502029199,-1.22708559855
85172,14,46.8196487652,-1.97926629071
85176,8,46.5010870694,-0.808352236192
85177,3,46.4190919441,-0.910475769222
85178,73,46.769919754,-1.50488626452
85179,4,46.5107890457,-1.53929317556
85182,114,46.7812581702,-0.828778359084
85185,6,46.3653834101,-1.09115660367
85186,1,46.8584147661,-1.2569733759
85188,1,46.6113748938,-1.04881036553
85189,21,46.7532179022,-1.8935292542
85190,40,46.9274273036,-1.50132208111
85191,3730,46.6675261644,-1.4077954093
85194,1106,46.5007612799,-1.79255128677
85196,5,46.8410224478,-1.19644211396
85197,9,46.9277672307,-1.4126154924
85198,2,46.9958175597,-1.04216568722
85200,2,46.5136722903,-1.47528120789
85201,1,46.4266286403,-1.3399129604
85202,9,46.7309688326,-1.12107316048
85204,28,46.8151386519,-1.74035413493
85207,1,46.4118936776,-1.27222282402
85208,14,46.8325959261,-1.3830312677
85210,21,46.8418481774,-1.59617737479
85211,16,46.611019489,-1.58031627863
85213,66,46.605637391,-1.3354497172
85214,14,46.5327600427,-1.69243074733
85215,55,46.8705618525,-1.16246465678
85216,13,46.4732196212,-1.11103084694
85218,1,46.6423470977,-1.62881823574
85220,29,46.7356314659,-1.04299885081
85221,11,46.9285711589,-1.98059327519
85222,289,46.6904708814,-1.91946363327
85223,52,46.5572659953,-1.07210861039
85226,121,46.7432732188,-1.96439228965
85227,25,46.4747117878,-0.650611151998
85229,1,46.5914988312,-0.651486245674
85231,3,46.4551155186,-1.53048160541
85232,4,46.6859198669,-1.15222590884
85233,1,46.5196817523,-1.10826075013
85234,200,46.8021968737,-2.04839789308
85236,10,46.6395925444,-1.7159724914
85237,1,46.5854041653,-0.922177315485
85238,44,46.9506837971,-0.901123752328
85239,3,46.7329496925,-1.82595152879
85240,1,46.9248120291,-0.914182961099
85243,38,46.6118566989,-1.81003917923
85244,2,46.4289052087,-0.758948963227
85246,11,46.7239461187,-1.20379080965
85247,1,46.9711539531,-1.06282621567
85250,5,46.5686332748,-1.70787622288
85251,1,46.5955876221,-0.724327725888
85252,1,46.6398624578,-0.810875649028
85254,10,46.8005779435,-0.748892533741
85255,32,46.3366903175,-1.2483968538
85256,1,46.4861591475,-0.743056336646
85260,1,46.8070059547,-1.66964833149
85262,30,46.9927907526,-1.5073882242
85264,16,46.6957771744,-0.701777715154
85266,7,46.7502017421,-0.974504061491
85268,5,46.7057741864,-1.83155480996
85273,2,46.8818371328,-2.01607828912
85277,2,46.5034756656,-1.382954206
85278,8,46.4297504489,-1.54956205778
85280,20,46.8659054157,-1.94894081389
85282,3,46.7140097406,-0.98747730882
85284,32,46.7951288466,-1.91392699457
85288,106,46.475786445,-1.62751498166
85289,1,46.663737434,-0.727562430214
85292,3,46.6062740621,-0.873461023865
85293,5,47.0020573556,-1.09858009203
85294,42,46.3564601605,-1.43136322126
85295,19,46.9975586143,-1.23193361154
85297,1,46.3792685111,-1.19928351422
85298,9,46.6055340621,-1.74863672042
85300,36,46.685677363,-1.54112129191
85301,2,46.8226741756,-1.11650982164
85302,55,46.9634774521,-0.985340006089
85303,15,46.3543018169,-0.856628326667
85304,5,46.3891941167,-0.968106001439
85305,13,46.5626835135,-0.764380170382
85307,1,46.3199919131,-1.31487049579
86001,8,46.2646103374,0.789659194144
86004,1,46.6986976,0.896253717569
86007,8,46.877083076,0.530703043552
86010,2,46.4452071575,0.33420632298
86013,4,46.9060273599,0.0912871261314
86014,9,46.7561922634,0.569776256918
86015,8,46.1339246514,0.647417301116
86016,8,46.6636113656,0.304857474533
86017,19,46.6440797341,0.0454968379213
86019,14,46.7432070332,0.436999990753
86024,7,46.5555538326,0.202564421374
86025,4,46.5469550432,0.976587336165
86027,154,46.5859914233,0.297504952601
86028,9,46.6032559543,0.465724619773
86031,13,46.613909053,0.599381155939
86032,18,46.6795805197,0.566087021513
86037,8,46.3870241748,1.09004082103
86041,93,46.6054095506,0.369205479606
86045,7,46.3990380098,0.169884448212
86046,15,46.7589403896,0.529064773205
86048,1,46.7196688259,0.269258187544
86052,3,46.3229827238,0.320405816347
86053,7,46.7235017775,0.154205857563
86061,13,46.1403226222,0.415210425845
86062,166,46.6518600158,0.361722698793
86064,9,46.2596541711,0.440513917071
86065,4,46.4163092918,0.300807728817
86066,759,46.8156700185,0.552598976936
86068,11,46.2051935313,0.158137798049
86069,1,46.8863544923,0.110583366084
86070,120,46.5545564256,0.678622247419
86076,11,46.6502861591,0.241446585284
86077,27,46.4423086476,0.66823243898
86078,100,46.1412232275,0.300987364675
86081,4,46.7799541393,0.437112922808
86082,40,46.2960515844,0.179497066899
86083,4,46.4939416192,0.173468544553
86086,3,46.8131222702,0.725467078625
86088,16,46.5425586218,0.2929490098
86092,28,46.9270829508,0.608217192883
86095,14,46.6962926457,0.443383636833
86096,1,46.8397507343,0.272341235915
86099,17,46.4832773182,0.522738191744
86100,42,46.5312436615,0.246086949225
86103,45,46.3705267835,0.413253072588
86105,4,46.4395803569,0.423353423469
86111,16,46.8739924084,0.59309229474
86112,26,46.2384696934,0.698756501243
86113,26,46.484768544,0.291606821215
86114,4,46.5676854108,0.569115337508
86115,63,46.6935919998,0.356614754201
86116,3,46.4676363109,0.0747596893664
86120,11,46.3208334605,0.944330571873
86121,14,46.6099211196,0.0623433314507
86123,7,46.5433549804,0.0821497150944
86124,4,46.594305535,0.52295072833
86125,1,46.7640626474,0.705788693742
86126,2,46.509990215,0.763267537538
86128,36,46.8046486109,0.303557695444
86129,1,46.8368423097,0.772346287299
86131,1,46.4434246955,0.588807648526
86133,29,46.5205840634,0.298086285921
86135,1,46.6179212567,0.530368469247
86136,1,46.0800915192,0.283290344941
86137,146,47.0098072856,0.0990443124673
86138,4,46.1824696586,0.770449311399
86139,54,46.4377572057,0.114217790925
86140,41,46.4057829015,0.730122613714
86145,1,46.4706088589,0.225624915429
86147,1,46.4257668827,0.216813691346
86148,1,46.3930188501,0.347317602516
86152,9,46.1644495651,0.516322833549
86153,1,46.3999686416,0.663328917773
86157,88,46.5483807431,0.415961339413
86158,99,46.6320253577,0.304897711078
86160,82,46.7891930308,0.198457182701
86161,20,46.8774293684,0.00356289624888
86163,30,46.6285498081,0.434064496857
86165,186,46.4263978846,0.895458347632
86167,17,46.9128254124,0.193721339579
86171,1,46.276159957,0.691938825774
86172,1,46.216506603,0.768458601228
86174,27,46.7725487578,0.494183225778
86177,83,46.6823102624,0.254645073675
86178,50,46.4856610471,0.464374544179
86180,20,46.5052879632,0.418002332762
86183,3,46.9649927352,0.622269662308
86186,1,46.8626653271,0.646321039276
86187,3,46.5865795842,0.78017018726
86189,20,46.2097919073,0.479434214777
86190,5,46.3410990682,0.731125498359
86193,13,46.7414633324,0.759420018765
86194,6121,46.5839207726,0.359947653003
86200,7,46.1182546564,0.567316828463
86202,15,46.6471428238,0.745621548258
86203,1,46.3123958137,0.636100980987
86204,20,46.6055316956,0.218304769968
86207,67,46.7754623113,0.80240732874
86209,16,46.4752381283,0.36777654204
86211,4,46.2580654377,0.303101746455
86213,14,46.4200390624,0.0268226076765
86214,313,46.5486469496,0.352443691442
86220,6,46.1135869026,0.285066310291
86222,32,46.6640015374,0.435326068865
86223,12,46.5761645622,0.900631696992
86224,21,46.8978345049,0.419446005432
86225,12,46.8393708515,0.0880509960566
86226,52,46.5546778015,0.506618351155
86233,14,46.4919287811,0.630612249319
86235,2,46.3880713973,0.448947749507
86236,7,46.6777213024,0.825185186332
86237,1,46.1597471009,0.258206658722
86244,3,46.3558019823,0.0781018772297
86245,11,46.8023769572,0.645222775662
86246,7,46.5832866024,0.840222181095
86252,5,47.0399718378,0.170367422545
86255,18,46.1709124872,0.330245588195
86256,1,46.5289656905,0.477909234429
86258,21,46.8070996218,0.410520780394
86261,24,46.5739320338,0.46197050544
86262,1,46.4209799569,0.786727577235
86263,25,46.5117860933,0.35738527373
86264,14,46.2767515848,0.374035555116
86265,2,46.8680162271,0.37661262737
86272,5,46.8408988705,0.455456315657
86273,10,46.4540599175,1.05894947542
86274,32,47.0614723678,0.0102809057425
86276,35,46.2806798185,0.544510234533
86281,29,46.7257294261,0.312684454169
86285,21,46.4029509232,0.597094727763
86289,2,46.2207295456,0.637791389497
86290,17,46.4559900008,0.390374880157
86293,68,46.412040698,0.257005369348
86294,57,46.62150106,0.163409416409
86297,64,46.5792555716,0.270706459664
86298,23,46.7194600079,0.541343502237
86299,2,46.7134181526,0.0956426803777
87001,95,45.798115839,1.13256119886
87002,92,45.9534226621,1.39930873296
87003,3,46.2639834442,1.37338277352
87011,220,46.1049122554,1.04116467219
87012,1,46.0655121435,1.10952207011
87014,39,46.1088644019,1.3601193629
87018,5,46.0535299547,1.01712916686
87019,40,45.7619114827,1.32848172081
87020,12,45.9470701507,1.29289430243
87021,23,45.7655936715,1.20427660043
87023,1,46.0341686702,1.20438019379
87024,10,45.792339121,1.6311809769
87025,1,45.7402548508,1.16724967571
87027,10,45.6176010167,1.04599414637
87028,9,46.2418910166,0.90395962145
87029,13,45.6748528482,1.07139196993
87030,2,45.8634763342,0.875471020076
87031,1,45.5540861274,1.12489435549
87032,52,45.6572392985,0.964687507808
87033,4,46.0056617581,1.12492081757
87034,5,45.6948820019,0.913114020173
87036,2,45.7039235898,0.962300272807
87037,1,45.6447907702,0.853394327923
87038,16,45.9176663551,1.24668895205
87039,2,45.5905089648,1.35649971998
87040,29,45.6947594412,1.61002083984
87041,40,46.1311583678,1.28041965042
87042,3,45.9046069243,1.50535263166
87043,1,45.831716182,1.63811418482
87044,2,45.7566840064,0.753584510197
87045,8,45.9859461693,1.02906583716
87046,7,45.8367288342,1.00502296001
87047,15,45.9974067585,1.28161840012
87048,42,45.7833260801,1.2400833862
87049,8,45.51678588,1.32396460585
87050,139,45.8830768403,1.22078165066
87051,9,45.6190453687,1.60371585953
87054,22,45.6906747183,0.849177803475
87059,60,46.2050923809,1.06774671416
87060,13,45.629584088,0.918572363305
87063,11,45.7748713426,1.37728404596
87064,42,45.710854305,1.74020017189
87065,67,45.8054368217,1.32945260238
87066,13,45.7128781715,1.0737357287
87070,3,45.7872366834,1.45422781567
87071,4,45.4720566316,1.22851251134
87072,5,45.659742237,1.46090261076
87075,159,45.8035870921,1.19524326117
87079,44,46.0045426024,1.478589047
87081,5,45.7317643416,1.21288397777
87082,18,45.5883075573,1.10742594312
87083,5,46.0760741278,1.50106082876
87085,7181,45.8542549589,1.2487579024
87086,7,45.7038935854,1.5375026125
87087,5,46.341752819,1.17591592466
87088,12,45.6008431539,1.43562609799
87089,24,46.2285207281,1.17281064947
87092,1,45.6348755661,0.7960449348
87093,1,45.7667545003,1.57463204916
87095,6,45.553088918,1.4167411148
87096,8,45.6078683969,1.19432359478
87097,9,46.1111458501,0.914010969665
87099,7,45.8745025564,1.55616505149
87103,32,46.0110925335,1.17367841667
87105,3,45.7370504986,1.63875195833
87106,39,45.6749732411,1.18567878559
87107,22,45.9214559183,1.18018067279
87108,5,46.0620120225,0.915164140935
87109,6,46.2424604535,1.01968874073
87110,24,45.9310728054,1.02303381376
87111,19,45.74094203,0.879569821515
87113,53,45.8734595202,1.32526799595
87114,107,45.8407332178,1.32357791715
87116,1,46.1315030493,1.02033947545
87117,9,45.8082560026,1.7824868831
87118,10,45.9617192828,1.12081829671
87119,27,45.6911141635,1.36024166965
87122,9,46.0371218575,1.34072006273
87125,58,45.9077850023,1.33257526084
87126,62,45.8236032815,0.84280512319
87128,2,46.0716643434,1.19803600698
87129,6,45.8513527828,1.43458779423
87131,13,45.8704899446,0.834066842263
87133,3,46.1842804028,1.35791469518
87138,2,45.7152554102,1.48470710425
87140,15,45.9023304866,0.963574081829
87142,1,45.7797308115,1.53011084949
87143,16,45.9094679833,1.13938363995
87144,1,45.700683139,1.42511195393
87146,25,45.6049909453,1.48606057397
87148,13,45.7218835884,1.3678917188
87150,4,45.6362784516,1.15231983928
87152,1,45.9566184003,1.20981236101
87154,524,45.9024520048,0.887855844778
87156,28,45.8525030992,1.38689307646
87157,7,45.9635910312,1.47506553972
87158,39,45.7680643586,0.973319205658
87160,2,46.2880379698,1.23803752439
87161,146,45.8409102505,1.4960643503
87166,2,45.750523916,1.11900095506
87168,11,45.7060063438,0.771764710017
87169,11,45.6997312165,1.24152185921
87174,16,45.7524342928,1.44281385346
87176,4,45.6262243469,1.300363986
87177,7,45.8204298381,1.08391374375
87178,14,45.8976553193,1.3966265023
87180,5,46.1961790714,1.29766583914
87181,14,46.0553034205,1.4770215698
87182,22,46.315956063,1.39206207611
87183,1,45.9944455486,1.36513414834
87185,11,45.8807233781,1.024946383
87187,356,45.5251111514,1.20386934296
87190,8,45.9066917646,1.58854846904
87191,11,45.7658422041,1.06004975072
87192,10,45.7548854905,1.25753601348
87198,1,46.027608122,1.0838246874
87199,5,45.7731821328,0.823738491047
87201,92,45.8504654455,1.12947772602
87202,11,45.9034537819,1.09001899064
87203,2,45.6495648123,1.39073762507
87205,29,45.7366862945,1.28148315318
87206,1,46.1696846397,1.2141520992
88009,32,48.1847716703,6.94070062942
88011,18,48.1133336245,6.51405793958
88012,4,48.1321521406,6.54858727341
88020,4,48.4900920447,5.85837068371
88029,29,47.9968747353,6.26194585854
88031,1,48.3345074129,5.84687687585
88032,12,48.2280944054,7.08440511978
88037,3,47.9864781279,6.76859733903
88048,4,48.0103753572,6.46413016754
88050,1,48.2215096552,6.76849283806
88054,4,48.2646393514,7.06227289704
88059,1,48.2134810702,6.81492622288
88075,39,48.0185002514,6.92615548288
88078,115,48.2129348466,6.71603066311
88079,26,48.2103923658,5.84105562447
88081,6,47.8913024927,6.87663647751
88082,11,48.4499228234,6.96838114646
88087,30,48.1667597776,6.41955760454
88088,1,48.0282401085,6.32319521959
88090,64,48.3848071988,6.31788990054
88092,4,48.0912574478,6.26183235463
88094,52,48.3198523928,6.40067968782
88095,20,48.309318088,5.82646017052
88098,1,48.1734708065,6.33193477567
88099,3,48.2275024139,6.43045423076
88101,10,48.1372346109,6.59779908953
88108,1,47.9756723942,6.33126246271
88114,47,48.1854408113,5.89357999879
88115,31,48.1672306852,6.88469743225
88116,43,47.9685491752,6.8653046202
88118,15,48.4131072973,5.66796471132
88121,3,48.3846738845,6.41607186665
88122,1,48.2131764478,6.26183705745
88124,31,48.0781497355,6.05418895113
88130,6,48.2735636446,6.6180368502
88132,33,48.1965304597,6.52329047209
88134,7,48.1386457778,6.48137889563
88135,12,48.1419104784,6.62527743986
88136,11,48.2215743919,6.4644885948
88140,1,48.1427266138,5.89822258779
88148,18,47.99107923,6.6482307377
88150,10,48.3415797506,5.91405593469
88151,22,48.2260970826,6.20804680456
88152,1,48.2497287991,6.56736673982
88157,1,48.1074042749,6.43956295343
88158,38,48.0931276197,6.62003407466
88160,1970,48.1631202656,6.47989286928
88163,11,48.3760416841,6.33310938156
88165,29,48.3643386923,6.84394360336
88176,6,47.9788627789,6.20625008119
88177,1,48.0704873516,6.71938444545
88178,17,48.1741009387,6.39516848095
88181,32,48.1863177255,7.0180107121
88188,8,47.8718454361,6.8055791741
88196,195,48.0653057669,6.85912240068
88198,15,48.1306977983,6.9210025294
88201,21,48.1469425491,6.32699648339
88203,3,48.2483163554,6.59863899407
88205,2,47.9501646541,6.56784449876
88206,4,48.3033912981,5.93124486006
88209,165,48.2002428602,6.42545128144
88215,1,48.3669519771,7.06206760711
88216,1,48.23660603,6.6688268877
88218,19,48.127602766,6.81014946226
88225,23,48.0819790243,6.45579415214
88238,1,48.051849427,6.11266975905
88253,19,48.200587727,6.49007507177
88258,24,48.0624124786,5.77771959869
88262,3,48.1852298177,6.75828843679
88266,6,48.1792216625,6.66672756752
88267,1,48.1334408812,6.1445531008
88268,1,48.2821061489,7.08613438713
88270,22,48.3192155275,5.57551328055
88277,1,48.4980673357,7.07712772937
88281,8,48.2260937024,6.24298966238
88285,8,48.221407533,5.88533867624
88289,4,48.1103965406,5.81812933203
88292,53,48.2777683116,6.1280387799
88293,1,48.4490229482,5.71682995945
88304,389,48.2935312144,6.12032421472
88310,23,48.0275487639,5.96711970702
88312,1,48.3211524377,5.91591541641
88317,5,48.4484687555,7.06149660665
88319,29,48.3849583082,6.91756486753
88320,1,48.2978194425,7.00799607343
88321,404,48.3565023559,5.69131913979
88326,2,48.2849702231,7.03413627809
88327,23,48.307019833,6.372196304
88328,1,48.3293457502,6.85556075648
88331,1,48.2654993347,6.63356846673
88346,3,48.4194366522,6.99291726168
88347,1,48.1641794283,6.17433471969
88348,1,48.2640041205,6.660725062
88349,7,48.1425830967,7.03749465114
88351,15,47.9697475958,6.42879961974
88355,13,48.3478769237,6.35610035139
88356,1,48.2035855433,6.78630426171
88358,8,48.0951237995,6.56483709152
88361,14,48.3153511081,7.07950479056
88363,3,48.4769780957,5.81474360261
88366,1,48.3564862933,5.88860670134
88367,70,48.3458722142,6.63121002783
88369,9,47.8957257819,6.74118658301
88372,51,48.4079337645,6.86032429623
88383,619,48.0013090816,6.58128956332
88385,3,48.2238896694,6.05370778613
88386,2,48.2636489839,7.00958545987
88401,1,48.3048594616,5.77652870122
88408,28,47.933079987,6.6637417919
88409,28,48.0241085703,6.65165040514
88413,792,48.2967093514,6.93809367547
88415,26,48.0463713685,6.62527761065
88416,7,48.3455201567,6.51142918366
88423,3,48.2151642613,6.91831630408
88424,36,48.2675581117,6.97340042686
88426,17,47.8462080674,6.85474549269
88428,10,48.3116592875,6.87608459111
88429,67,48.0360750198,6.55639744064
88430,1,48.1737856169,5.77907312316
88442,1,48.0357712575,6.78229543437
88445,18,48.2424754243,6.94912538655
88447,33,47.9512129215,6.77493861259
88448,2,48.1485506254,5.74281944188
88451,72,48.4067567692,6.9636413109
88460,1,48.4139044726,5.73896632817
88462,5,48.0311250324,6.69827202469
88463,2,48.2503150047,6.88300452991
88465,124,48.2495514114,6.40863836497
88468,74,47.8795029889,6.76927057164
88470,25,48.0875038996,6.73898025546
88481,7,48.1038996334,6.40140571468
88483,23,48.1963376541,6.38201358618
88486,39,48.0180970849,6.72440624988
88487,41,47.9421994334,6.50504695363
88492,1,48.0883852137,7.02878596323
88493,1,48.3232458898,6.28031877761
88498,2,47.9697988372,6.66320804363
88502,1,48.2208582004,6.74098838874
88504,17,48.382979978,5.93580495171
88508,12,48.1703233891,6.21202219636
88512,1,48.2167970893,6.63877220998
88513,12,48.3305229808,6.32859572261
88516,166,48.2012893937,5.95449403029
88524,5,48.1702434521,5.70465763455
88530,40,48.0387121214,6.38237551394
88531,4,48.0716092272,6.95374586425
89003,35,47.8710829792,3.32834802576
89005,19,47.7772837074,4.16461279806
89007,1,47.5302279519,3.46612181132
89013,69,47.8663621082,3.51999342457
89014,12,48.0983124946,3.59434299703
89015,1,47.5964840331,3.76078082022
89023,12,47.7699223048,3.62188517818
89024,2142,47.793488225,3.58168281761
89025,263,47.4824789933,3.91585953972
89029,4,47.9228104601,3.50819199068
89031,1,47.9149271297,3.55727569805
89032,1,47.4132193226,4.03577832193
89034,1,47.816668822,3.72338396242
89040,1,47.6194313018,3.72664965671
89046,17,47.7030312917,2.94847810373
89050,2,47.9295214402,3.53452583503
89051,1,48.1095935384,3.38967473325
89054,2,48.2273397765,3.12512459737
89055,70,48.0009924544,3.61784777108
89062,7,47.9227804565,3.84516630553
89063,1,47.9792470887,3.28365784022
89066,14,48.1190156789,3.49841417451
89067,7,47.9958317123,3.31537354037
89068,39,47.8075995199,3.79091424228
89069,2,48.0904019735,3.68619871667
89072,13,47.756125263,2.97843674082
89073,17,47.7800283506,3.07775894136
89074,87,48.3042190014,3.13177066366
89076,1,48.04194277,3.65112821116
89077,21,47.7506618668,3.60173279363
89080,11,48.2918213801,3.29933199653
89083,10,47.8282503939,3.46650072753
89084,1,47.6441683642,3.55593528035
89085,2,47.9415525641,3.49409153134
89086,22,47.8862119429,3.09764224265
89088,2,47.8484306457,3.33067916238
89091,9,47.5231274585,3.63789696158
89093,1,48.3098919789,3.10062087722
89094,2,48.0831019146,3.202617181
89096,2,47.8967076201,3.55752169454
89098,2,47.9131115913,3.96166576209
89099,8,47.944917825,3.53719621335
89100,25,48.2016247737,3.00697319562
89102,17,47.7544217076,3.49168845995
89108,2,47.7680417771,3.70036125317
89118,13,47.6988804074,3.58612171567
89119,19,47.541473076,3.5245175695
89122,2,48.2899389178,3.54620843356
89124,1,48.3449808142,3.17786966598
89125,21,47.6001252342,3.50088380074
89127,26,48.2291773603,3.24850168406
89128,1,47.6024812263,3.94209074467
89136,2,48.2564967217,3.27293872125
89139,7,47.719989631,3.40380600353
89142,2,48.0776099615,3.42365889592
89144,9,48.1175257061,3.05983267835
89147,1,47.7486734408,3.23090426169
89148,2,47.5588734709,3.41791514779
89150,1,47.8092239346,3.37455573912
89151,7,48.1124449966,3.17977417748
89152,1,47.9468458779,3.46998413292
89154,1,47.7177692748,3.47307676969
89158,9,47.5119567987,3.34972153514
89160,1,48.1368850036,3.27571313001
89162,1,48.2685630682,3.25982109377
89163,4,47.8869741845,3.23991180374
89167,9,47.8647388504,3.44469712443
89169,12,47.9610543696,3.88394679625
89179,3,47.6527290115,3.29197116291
89180,2,48.1744609196,3.14702856425
89181,1,48.1486089647,3.64528232884
89183,6,47.7625609673,3.99351919937
89195,12,48.1527042067,3.25754411225
89196,7,47.8968225975,3.42698733417
89197,13,47.5289305152,4.09122331538
89198,11,47.8782473912,3.55956207309
89199,1,47.7133845487,3.53370265252
89201,14,47.8971703868,3.63734153028
89204,30,47.5876821889,4.01838047728
89206,314,48.0088550804,3.40980180815
89208,14,47.6195970225,3.87008209889
89218,2,47.973029644,3.46898272005
89220,7,47.5985003916,2.99655139016
89221,3,47.6861199694,3.37458168586
89223,4,47.8039171738,4.07106558888
89227,26,47.9199212394,3.75312409599
89228,7,47.8006537092,3.4288280044
89229,13,48.2485392063,3.11023826563
89232,1,47.5655695186,3.88870610331
89238,6,47.5825000596,3.59908687076
89239,10,48.1633768115,3.35131160799
89246,17,47.6250901149,3.98513574014
89251,1,47.7877688234,3.31454038152
89254,3,47.6924002085,3.181097405
89255,4,48.3122378031,3.24557426327
89257,123,47.9751844211,3.53087221846
89259,1,47.7385584128,3.93845047834
89261,1,48.2218670687,3.54417297472
89263,114,47.8490198002,3.5878018416
89265,1,47.8623795697,3.68202012303
89270,1,47.6488434572,3.51431901899
89273,3,47.608895157,3.16491505392
89274,1,48.2207451981,3.20592737072
89276,6,48.0446413017,3.78542965706
89277,1,47.6765715644,3.87691630334
89279,7,47.6952215995,3.98085741528
89287,33,48.1852396311,3.23953037436
89295,14,47.8264618403,3.52927414133
89296,1,47.6866686908,4.21866444518
89298,2,48.0571001875,3.14072115221
89304,1,47.8494315541,3.39947947458
89309,46,48.2787429774,3.1934739546
89311,18,47.7657446745,3.41155845183
89312,1,47.5932229481,3.82709155548
89318,9,47.3577712365,4.00357546154
89319,1,47.779604419,3.65137450935
89321,10,47.743102178,4.25236559824
89331,1,47.5126864446,3.25038757238
89332,3,48.3007152806,3.05891454173
89334,4,47.8214473263,3.29048335743
89337,9,47.7397337759,3.65690105499
89338,67,48.2247837392,3.30677970985
89342,35,48.2347117121,3.26672512395
89344,27,47.6424423236,3.08488500512
89345,61,47.996991653,3.70472818773
89346,57,47.8021809257,3.51709241008
89348,21,48.0341276746,3.27521431804
89350,2,48.0113645758,3.14208002154
89352,1,47.6588823611,3.02834068016
89354,18,48.2054577095,3.24082644551
89359,3,48.3293750857,3.49859430256
89368,37,47.6390792978,3.20437842755
89370,26,48.1818943604,3.09959245761
89373,3,48.2154264712,3.35240862773
89378,2,47.5132454769,3.95639274581
89380,5,48.0762765897,3.08345438352
89382,13,47.9021528321,3.59422336095
89383,2,47.6312784173,3.36183428197
89384,1,47.9136523438,3.35802325243
89387,1377,48.1956727015,3.29793332552
89390,1,48.3301048545,3.20867774959
89391,10,48.3455899887,3.2506084741
89395,1,48.1724461499,3.53441319941
89398,1,48.104865517,3.75966718846
89399,7,48.2508138819,3.32683528652
89404,1,48.1652984137,3.19780626537
89407,18,47.844633852,4.08770006589
89411,2,48.163480288,3.43929036088
89412,1,47.58183768,4.05915393328
89414,8,48.2981521482,3.3801934011
89416,1,47.5889340898,3.30089549955
89418,228,47.8411044504,3.97744216729
89419,49,47.7335607719,3.29372849002
89420,2,47.5555889247,3.17487086988
89423,2,47.9253601685,3.94507629451
89425,1,48.0654471891,3.73424677868
89427,1,47.7452558085,3.54140818593
89433,1,47.5025414674,3.84177784703
89438,9,47.8055369258,3.65434489608
89439,1,47.9549518047,3.69703784472
89441,31,47.6729908911,3.7577164851
89443,20,48.126395695,3.33112142097
89446,22,47.4524539513,3.71058845441
89449,3,48.3305033124,3.08563926027
89453,9,47.7882906541,3.48637705982
89456,1,48.2957047033,3.16898800512
89460,25,48.3359583803,3.05649125172
89461,20,48.2355837478,3.56315804862
89464,67,48.0817729554,3.3198884982
89466,1,48.1815398633,3.1810299431
89467,3,48.2677766627,3.07197353642
89468,1,48.0283864485,3.3421152408
89469,1,48.3524100222,3.410424212
89471,1,48.1976433719,3.40283565458
89472,1,47.7820741656,3.22439167522
89478,17,47.6886915621,3.63296032864
89480,8,48.3545827578,3.1386704897
90001,22,47.6031655316,6.86569831996
90003,1,47.7023396715,6.92749570916
90004,3,47.6049743564,6.82328122613
90008,218,47.6199695086,6.83065542168
90009,60,47.4866458822,6.92526796011
90010,1365,47.6471539414,6.84541206237
90012,48,47.6448119375,6.9429284708
90017,12,47.5644650637,6.90576475767
90022,25,47.5590968943,6.83373185003
90023,29,47.7125374753,6.83833170347
90026,11,47.6278946489,6.92965534221
90027,1,47.4989296387,7.07296297288
90029,19,47.6518069558,6.82383810256
90031,1,47.6258233078,6.99387177143
90032,33,47.6179263286,6.86632266419
90033,57,47.5085668053,6.99653850498
90034,1,47.6552442246,6.90807737911
90035,4,47.584744627,6.83724758711
90036,11,47.6793258182,6.9331272882
90039,30,47.6367014962,6.81198236249
90041,11,47.7254670433,6.91517824444
90042,13,47.6726681014,6.79638657468
90045,1,47.5021767416,6.95588031238
90047,6,47.6588814395,6.99769315688
90049,1,47.6377553885,6.99718798904
90050,1,47.6463987999,6.9814493981
90052,103,47.741048439,6.82264329531
90053,49,47.5377831374,6.97050338546
90056,2,47.5329509014,7.01087011883
90057,2,47.7049696546,6.79856033468
90058,1,47.7137681909,7.01591974575
90060,1,47.6840587684,6.97706962401
90065,2,47.7806013604,6.82197185625
90067,17,47.6788573234,6.95039773409
90068,6,47.5925461032,6.90957261498
90069,1,47.5314114127,6.92258227383
90071,19,47.6079194544,6.99446090768
90072,10,47.5429192415,6.93785518461
90075,17,47.6629165729,6.87500834426
90076,3,47.6363380208,6.89414319751
90079,1,47.7236606703,6.89890832072
90080,1,47.6585204866,6.94418106146
90081,6,47.5158861847,7.1166640348
90087,38,47.6791103202,6.91008918124
90088,2,47.7339603674,6.86245086381
90089,52,47.7460113941,6.95212889734
90093,8,47.687801557,6.8309146345
90097,1045,47.5667104538,6.86855180089
90099,53,47.6712389192,6.84860821584
90102,1,47.7533939016,6.85248119382
90103,1,47.6690986224,6.89453808576
90104,3,47.6094018086,6.91908506936
91016,48,48.3095627706,2.00619112268
91017,19,48.5911202876,2.05864904136
91021,606,48.5908921647,2.24349117607
91027,493,48.7092445775,2.38660492325
91035,1,48.4534137641,1.95677183334
91038,4,48.4773721699,2.22600147466
91041,5,48.5576520151,2.24428910412
91044,200,48.6713240802,2.28913874502
91045,91,48.521899752,2.38788025142
91047,6,48.4949687726,2.38140884118
91064,64,48.7567351109,2.20665207098
91069,1,48.3281689535,2.36609167603
91079,1,48.3824146625,2.17005086721
91080,2,48.4702885961,2.28518160664
91085,19,48.5500395894,2.21286982392
91086,48,48.6140476567,2.38002541357
91093,1,48.6753515056,2.04828313772
91095,17,48.5123020136,2.29610342228
91097,68,48.6895309069,2.53381915314
91099,20,48.4361818403,2.3954223757
91100,4,48.4326483441,2.2783856422
91103,361,48.6025113399,2.3021623232
91105,60,48.5718215115,2.16598389799
91106,4,48.5549501512,2.16049670709
91109,1,48.4636769085,2.14290097216
91111,427,48.6271447741,2.1309080467
91114,346,48.6964396294,2.50394753271
91115,24,48.600315457,2.18687041469
91121,1,48.3569089853,2.40696147299
91122,160,48.6929979919,2.15838686116
91129,27,48.4859798517,2.31068283872
91130,8,48.4167324924,2.05158821673
91132,3,48.5167739657,2.21800082924
91135,198,48.5067693664,2.44815529587
91136,14,48.7083599746,2.27815398132
91156,9,48.5465841683,2.27416218366
91159,38,48.5335355797,2.44062628529
91161,225,48.7077663127,2.3111122334
91174,2268,48.6034809251,2.46934079002
91175,11,48.494765705,1.96031071197
91179,56,48.5587791447,2.48742424481
91180,1,48.4385478349,2.48480049204
91186,1,48.5982232022,2.14130817077
91191,164,48.7200869901,2.46331727859
91200,391,48.5359351532,1.99430156785
91201,545,48.6778413772,2.42197801862
91204,2,48.5750589359,2.40080185445
91207,40,48.5778313904,2.22141176606
91215,104,48.6871527113,2.51577225487
91216,171,48.672618112,2.31834586071
91223,1078,48.4211282308,2.13838881712
91225,16,48.6501283496,2.48331098589
91226,96,48.4924832389,2.17928848122
91228,1515,48.6294831659,2.44008244492
91232,43,48.481221954,2.36734978463
91235,135,48.6333048682,2.36825308788
91240,1,48.3602367763,2.16482780211
91243,12,48.6107631779,2.16460955805
91244,13,48.5468386132,2.40068041051
91248,1,48.3840802182,2.23053467052
91249,29,48.619866924,2.08295423107
91272,331,48.6988273634,2.12788365005
91274,4,48.672349947,2.10961593577
91275,20,48.6745834658,2.142891374
91284,3,48.4981066436,2.01059778399
91286,148,48.6568896116,2.38789647858
91292,1,48.5671878264,2.27170202676
91293,5,48.4638589713,2.37103830296
91294,1,48.368305642,2.07601234971
91312,60,48.7362250613,2.22442021749
91315,22,48.5145241389,2.34431579636
91318,22,48.5011134841,2.25385756053
91319,1,48.6461448761,2.15536092787
91326,351,48.6918789321,2.37393682594
91330,50,48.5270354108,2.27017712838
91332,8,48.5707254105,2.32774257442
91333,39,48.614191732,2.26786916606
91338,109,48.6465432324,2.08125663662
91339,24,48.6255061941,2.25135348658
91340,222,48.5966688856,2.42469094606
91345,817,48.6900488045,2.30247056719
91347,64,48.6404556934,2.28647061043
91359,38,48.3958941333,2.37009405843
91363,81,48.6463321888,2.20621393661
91374,1,48.3692255214,2.20423612616
91376,28,48.5649798618,2.29920657171
91377,1174,48.7277896426,2.27513131903
91386,177,48.5586242184,2.43753236038
91390,12,48.3183780776,2.07369929257
91405,105,48.4032948231,2.46495403521
91408,1,48.4371290941,2.43964124963
91411,36,48.671525,2.07284691795
91421,285,48.6951531801,2.46249881778
91425,95,48.6422562554,2.26812085232
91432,97,48.702703885,2.33614296581
91433,50,48.4409475427,2.20748797746
91434,190,48.6562855194,2.35088739655
91441,11,48.5047296879,2.49555231597
91457,40,48.5814225294,2.26569127873
91458,41,48.6606560132,2.23814387316
91461,35,48.6063091787,2.21888103138
91463,5,48.3819349973,2.45686876187
91468,10,48.5732357153,2.45777798707
91469,1,48.4004789028,2.16430044754
91471,1225,48.7004093953,2.18737051177
91477,428,48.7146765876,2.22881488083
91479,84,48.7241848219,2.3598349385
91482,1,48.6482785839,2.03658537249
91494,23,48.6071065715,2.3415354355
91511,25,48.3501390368,1.99758393379
91514,670,48.6703327314,2.52837404941
91521,403,48.6451939168,2.40793631766
91525,12,48.5170698274,2.05333144451
91526,2,48.3446966636,2.23697563097
91533,59,48.3583856207,2.11333214124
91534,71,48.7354339366,2.1663021309
91538,3,48.7149626666,2.1395315453
91540,38,48.5491975829,2.12662820406
91546,1,48.5655061412,2.03782109729
91549,442,48.6412523804,2.33019417891
91552,70,48.5982444605,2.2646136849
91553,50,48.6257066899,2.49140468072
91560,1,48.6657065613,2.17124577371
91568,7,48.5789512305,2.12082584197
91570,194,48.6320496004,2.31170277845
91573,115,48.6058282604,2.51614926696
91577,37,48.5930107359,2.4941919266
91578,1,48.5363608889,2.17969276336
91579,29,48.5373210479,2.32289078443
91581,1,48.5610752043,2.19243577473
91587,45,48.6850264714,2.26634749221
91589,318,48.684228392,2.34873862215
91599,5,48.4786667096,2.48222153936
91600,133,48.6601163856,2.46296011606
91602,3,48.5269161626,2.15432082253
91617,73,48.6444988439,2.51906038006
91619,7,48.5320494268,2.23447204587
91629,1,48.3922279636,2.30328757315
91630,2,48.5678789376,2.08128870384
91631,45,48.6815226941,2.56238031249
91634,11,48.6013342807,2.10541488357
91635,17,48.7307999031,2.19905265979
91639,8,48.431521942,2.34569131487
91645,176,48.75044312,2.25171297214
91648,13,48.583559319,2.36719516135
91649,18,48.552025472,2.36598547883
91654,4,48.4683664138,2.42068572026
91657,172,48.7037445355,2.42793203784
91659,56,48.5857767602,2.45200288236
91661,175,48.6956774396,2.23505155118
91662,2,48.5019182614,2.12813043077
91665,57,48.6610194975,2.26503430984
91666,29,48.6777382383,2.22294283132
91667,57,48.6613107676,2.33108879096
91671,1,48.4671191613,2.25415010197
91679,16,48.7288080861,2.1221470247
91685,168,48.6584199819,2.29950120792
91687,351,48.6696168935,2.37374357641
91689,41,48.7294509959,2.32903292215
91691,441,48.7157210712,2.49273020271
91692,259,48.680321482,2.18518955
92002,1815,48.7503412602,2.2993268102
92004,1092,48.9153530123,2.2880384663
92007,372,48.7983229866,2.30989995212
92009,414,48.9153368426,2.26738552597
92012,3733,48.8365843138,2.23913599058
92014,388,48.7799073627,2.31643010763
92019,422,48.7681690197,2.26282598525
92020,688,48.8034091756,2.28799131883
92022,236,48.8076083562,2.19234061062
92023,3054,48.7964306792,2.25474652922
92024,2264,48.9035359139,2.30575230452
92025,1949,48.9225179147,2.24675160629
92026,1464,48.8984504771,2.25570587289
92032,268,48.7897301312,2.28723493557
92033,1308,48.8450113548,2.18665007789
92035,607,48.9067577111,2.24464604084
92036,633,48.9345190548,2.29384987973
92040,1497,48.82347434,2.26449823277
92044,2021,48.895071672,2.28688268127
92046,371,48.8169695977,2.29693599517
92047,12,48.830271264,2.16647261735
92048,648,48.8037275796,2.22696287829
92049,723,48.8153032159,2.31648921432
92050,1917,48.8960701282,2.20671346353
92051,3144,48.8853719688,2.26642584746
92060,995,48.7804383642,2.26064286011
92062,1146,48.8837094969,2.23834178314
92063,1757,48.8691897371,2.1773406315
92064,1446,48.8428741034,2.20864570316
92071,420,48.776816369,2.29529414514
92072,389,48.821476509,2.21052297438
92073,2574,48.8698479132,2.21965517625
92075,330,48.8215227089,2.28739490768
92076,135,48.8410515899,2.16026455161
92077,144,48.8215895592,2.17761311514
92078,339,48.9364061917,2.32448995943
93001,1118,48.9121722626,2.38445513768
93005,931,48.9458384367,2.49329041687
93006,506,48.8690836308,2.42274096688
93007,599,48.9395475536,2.46112148528
93008,2238,48.907688244,2.43863982727
93010,1355,48.9023234526,2.4837276939
93013,249,48.9361847458,2.42827855593
93014,121,48.9076285106,2.5462022266
93015,44,48.9176519555,2.57631231652
93027,269,48.9322569546,2.39978064801
93029,536,48.9234246259,2.44492688692
93030,49,48.9503408732,2.4238637503
93031,400,48.9550132062,2.31453043231
93032,275,48.8820763119,2.5449484757
93033,64,48.8605817902,2.57543313796
93039,10,48.9395693769,2.32545252764
93045,368,48.8819208939,2.419667821
93046,540,48.9197633213,2.53486592332
93047,1096,48.8982616679,2.56714354796
93048,2039,48.8633175054,2.44816211857
93049,229,48.8643287852,2.51040249898
93050,1133,48.8624578581,2.54000288785
93051,563,48.8361825401,2.56443736814
93053,342,48.891322463,2.45913647372
93055,638,48.8983093876,2.40872147475
93057,219,48.9082060253,2.50297448267
93059,77,48.9609833355,2.36328125445
93061,226,48.8846734877,2.40542232961
93062,288,48.8967447585,2.51973664021
93063,366,48.8852118968,2.43767884231
93064,593,48.8745763768,2.4863404591
93066,3103,48.9295650455,2.3592429975
93070,833,48.909806575,2.33257042205
93071,590,48.9386070153,2.53124057567
93072,611,48.9567775699,2.3854495629
93073,590,48.9784304121,2.55468501543
93074,54,48.9324772605,2.5810025704
93077,267,48.8848370021,2.50893406035
93078,1462,48.9590202538,2.53630634206
93079,68,48.9572976501,2.34506633651
94001,30,48.7238409464,2.42117629348
94002,504,48.7960843864,2.42124593241
94003,239,48.8058803597,2.33351024984
94004,188,48.7470359922,2.52528049019
94011,161,48.7733620104,2.48799310463
94015,966,48.8384095661,2.52319657626
94016,299,48.7916121646,2.33153313164
94017,1190,48.817254364,2.51709815257
94018,550,48.8228084978,2.40760915477
94019,146,48.7976502878,2.54157630073
94021,232,48.766848001,2.35306611234
94022,468,48.764315118,2.41742518222
94028,6800,48.7837401836,2.45463530415
94033,701,48.8511046382,2.47395409774
94034,282,48.7571343016,2.32612839743
94037,385,48.8132044389,2.34420659702
94038,261,48.7763207843,2.33772915609
94041,1226,48.8128063812,2.38778023612
94042,260,48.8193683216,2.47044977809
94043,3038,48.809220102,2.35657965243
94044,443,48.7450357782,2.48936184357
94046,619,48.8063923267,2.43818248906
94047,54,48.7058880174,2.54830741614
94048,36,48.7394780616,2.55491338455
94052,762,48.8366634713,2.48166741533
94053,33,48.774315467,2.55542375351
94054,270,48.7429320073,2.39468296999
94055,116,48.7854562744,2.53924214317
94056,9,48.6968359635,2.56167940426
94058,504,48.8423952383,2.50406848573
94059,167,48.8060154583,2.57619846918
94060,337,48.7775866104,2.58385577608
94065,113,48.7494821504,2.35281832827
94067,988,48.842440243,2.4192191088
94068,1656,48.7990677797,2.49386450452
94069,1098,48.8184921372,2.4374501342
94070,45,48.7356177142,2.57637480242
94071,306,48.7656456593,2.5330560803
94073,462,48.7607841928,2.38537729524
94074,186,48.752872402,2.46129479573
94075,157,48.7208692486,2.53157741439
94076,3681,48.7928547268,2.36006103249
94077,147,48.7320914576,2.41037420069
94078,1232,48.7413809637,2.448998846
94079,286,48.8259586165,2.54520483293
94080,900,48.8473732045,2.43798650741
94081,914,48.7882828307,2.39412680533
95002,1,49.085772994,1.97486524588
95008,66,49.0728443021,1.77403416153
95014,81,49.0084088051,2.30277335813
95018,2315,48.9511344629,2.2410409502
95019,107,48.9858270233,2.41714370822
95023,1,49.1740736985,2.1128755699
95024,3,49.0949860681,1.79726253732
95026,28,49.1407338587,2.3800597257
95028,2,49.0609607975,2.35043699897
95039,35,49.0803858577,2.15488070885
95040,2,49.0888264241,1.87003944746
95042,15,49.0587634445,2.30242390203
95051,65,49.0148746005,2.19223334805
95052,476,49.1400981058,2.30021267239
95055,8,49.0925450079,2.46955814701
95056,19,49.0922395849,2.371761287
95058,12,49.165413332,2.3012763367
95060,46,49.0373082647,2.19851000707
95061,1,49.0543170878,2.25114028557
95063,362,48.9259810125,2.21133387765
95078,39,49.0831174161,2.03269283542
95088,1,48.9651461518,2.43492885419
95091,209,49.04157253,2.29838457991
95101,17,49.1421953145,1.66575656789
95116,17,49.1610125293,2.32878300621
95120,5,49.083906326,2.19184448916
95127,712,49.0401131567,2.05082123731
95134,32,49.1427759123,2.22801680604
95142,17,49.1576020656,1.93153133198
95149,41,49.1289962967,2.43643330005
95154,4,49.0420924353,2.54653894777
95166,2,49.1319286241,1.8481642148
95170,1,49.0375647936,1.93659110857
95176,259,48.9682249677,2.19921349468
95177,1,49.1134329307,2.01977916637
95183,27,49.040676793,1.9994435918
95197,246,48.9712690171,2.32616290144
95199,276,49.0296655684,2.32290103729
95203,1259,48.9909940165,2.27800925488
95205,60,49.0260643173,2.38485695599
95210,355,48.97016048,2.30485955429
95211,94,49.0784386043,2.10941210454
95218,158,49.0204587496,2.10136635847
95219,659,48.98824217,2.25662443737
95229,58,49.038600379,2.36269120289
95241,12,49.0501196631,2.44539371928
95250,67,49.1000437966,2.49906495383
95252,319,48.9884161105,2.2238932062
95256,586,49.0501306912,2.20489899147
95257,28,48.9745244717,2.17786777518
95258,1,49.1574870013,2.14659092833
95268,290,48.9701231267,2.40534038501
95271,3,49.0948354012,2.06072705902
95277,1327,48.9864903049,2.4569899628
95280,232,49.024343017,2.46619848866
95287,3,49.1332346678,2.0484611533
95288,116,48.9849701077,2.35049057811
95298,3,49.1752644516,2.03713061027
95306,341,49.0007002763,2.14967680776
95308,2,49.1048939093,2.12722046859
95313,526,49.1072255924,2.23436241795
95323,129,49.0113625056,2.03408317867
95328,2,49.1338305724,2.13502924194
95348,7,49.0616626709,1.92659421162
95351,98,49.0422977702,2.50358491408
95352,33,49.1151211125,2.44082640954
95353,2,49.083629147,2.312333333
95355,168,49.158617564,1.81039322129
95365,1,49.0700384798,2.41753793907
95369,147,49.0014888466,2.28907008969
95370,90,49.1480448573,1.98376019265
95371,39,49.0815057636,2.5087179751
95388,129,49.0275422182,1.9746848215
95392,38,49.0771587262,2.21325051405
95394,65,49.0548422566,2.17397254184
95395,1,49.0535430501,2.39230869097
95409,187,49.0459598728,2.33744939306
95422,3,49.0908042782,2.00787015509
95424,141,48.9938035561,2.19351793046
95426,49,49.0141682011,2.28900488904
95427,92,48.9699195841,2.3460753179
95428,765,48.9918643363,2.32119797848
95430,20,49.0715830247,2.30381480542
95436,10,49.1303947491,2.26415088892
95445,2,49.0903513665,2.27625010335
95446,17,49.1260403898,2.17176267252
95450,53,49.0173343999,2.06276656128
95452,1,49.1288691946,2.29434375998
95459,7,49.1595393224,1.85643409298
95476,628,49.0676589923,2.06311678451
95480,49,49.1228699088,2.201277887
95487,75,49.1497441715,2.26978393249
95488,51,49.0194444023,2.16105557777
95489,2,49.0165874672,2.34203473029
95491,54,49.0032793478,2.23401999637
95492,5,49.0357861801,2.41591923278
95500,2015,49.0513737853,2.09487928948
95504,17,49.1118569843,2.28674437908
95509,25,49.0668504076,2.48852340935
95510,35,49.0637642089,2.01586749979
95523,48,49.0874855412,1.63442620986
95527,168,49.00660444,2.51417743519
95529,1,49.1677039084,2.21341666638
95535,3,49.0526461167,1.96852121634
95539,130,49.0019033624,2.35030688962
95541,5,49.2131541909,1.70318156018
95543,1,49.059130605,1.74195790474
95554,3,49.1669076657,1.76166350491
95555,209,48.9689724948,2.28518003438
95563,171,49.0202164812,2.24676044206
95566,30,49.1039330244,2.33445740142
95572,353,49.0441683455,2.12861303743
95574,53,49.0208224816,2.27015066493
95580,26,49.0857837241,2.55227615042
95582,236,48.9717773111,2.25299514112
95585,872,48.9902250437,2.38160272749
95592,8,49.0421395607,1.87866991801
95594,1,49.1230209321,2.39479551154
95598,204,48.9884077875,2.30049978342
95604,32,49.1059736219,2.54410742752
95607,463,49.0267316203,2.22116067166
95612,19,49.004277001,2.46927524969
95625,18,49.1048076828,1.95764610139
95628,2,49.0976500716,2.18016319535
95637,138,49.0295073382,2.02446619061
95641,8,49.0628571398,2.56723072677
95651,11,49.0620216513,1.70672153604
95652,44,49.1231107932,2.37799676025
95658,9,49.080165557,1.92992323682
95660,8,49.0753739915,2.35663670214
95675,2,49.060842982,2.5345109745
95678,2,49.0702888248,2.23950871871
95680,232,49.0084494157,2.40385604039
